variable,subsystem,assessment_class,class_code,source_ids,proposed_measure_or_derivation,variable_specific_limit,recommended_unit,priority,inventory_origin,original_role,guide_paragraphs,guide_unit,guide_equation,original_implementation_status,original_evidence_status,assessment_status,primary_source_id,primary_source_url,all_source_urls,source_geographies,source_periods,source_access,existing_material,priority_meaning,assessed_date
Active_Hazards,Hazard,Calculated model quantity,C,S09 S11 S13 S14 S57,Count hazards exceeding defined thresholds within an explicit joint-event time and spatial window.,A simple count does not estimate compounding damage or account for dependent mechanisms.,hazard count,P2,Additional guide/configuration entry,guide extension/configuration,353,,,not in original dictionary,not assessed in original dictionary,Potential source/method identified; no new parameter estimate certified,S09,https://www.hcfcd.org/About/Harris-Countys-Flooding-History/Countywide-Impacts,https://www.hcfcd.org/About/Harris-Countys-Flooding-History/Countywide-Impacts; https://www.twdb.texas.gov/flood/planning/data.asp; https://tidesandcurrents.noaa.gov/sltrends/sltrends_station.shtml?id=8771450; https://wildfirerisk.org/download/; https://www.beg.utexas.edu/research/programs/coastal/texas-bay-shoreline-change,"S09: Watershed, gauge and event footprint | S11: Statewide; extract Harris County/watersheds | S13: Galveston Pier 21 and coastal region | S14: National raster and community summaries | S57: Galveston/Trinity/East/West Bay shorelines, including relevant Harris frontage",S09: Event reports and gauge-specific records | S11: Dataset-specific; 2021 floodplain compilation and planning updates | S13: Observed station series; projected scenario horizons | S14: Release-specific | S57: Historical shoreline intervals; Galveston system update through 2022,"S09: Official report and gauge pages read; targeted raw series remain to acquire. | S11: Official download and floodplain documentation pages read; candidate additional GIS. | S13: Official pages read; scenario files not acquired. NOAA page announces a September 30, 2026 site transition. | S14: Official project methods/download pages read; optional source only. | S57: Official project page and GIS service metadata read; no GIS export acquired.",S09: data/raw/reused/harris_climate.csv.gz; hydro_physical.csv.gz provide related existing inputs. | S11: None newly acquired. | S13: None identified in reviewed package. | S14: None identified in reviewed package. | S57: None identified in reviewed package.,"Calibration, validation or optional extension",2026-09-10
Actual_Hazard_Risk,Hazard,Calculated model quantity,C,S09 S10 S11 S56,"Select a physical or expected-loss risk measure from hazard intensity, exposure and vulnerability.",Define risk separately from exposure and retain uncertainty rather than imply perfect knowledge.,annual probability or expected loss,P1,Additional guide/configuration entry,guide extension/configuration,174,,,not in original dictionary,not assessed in original dictionary,Potential source/method identified; no new parameter estimate certified,S09,https://www.hcfcd.org/About/Harris-Countys-Flooding-History/Countywide-Impacts,https://www.hcfcd.org/About/Harris-Countys-Flooding-History/Countywide-Impacts; https://api.waterdata.usgs.gov/docs/; https://www.twdb.texas.gov/flood/planning/data.asp; https://www.fema.gov/sites/default/files/documents/fema_rsl_hazus-7-fltm_06272025_0.pdf,"S09: Watershed, gauge and event footprint | S10: Stream gauge/site | S11: Statewide; extract Harris County/watersheds | S56: Engineering loss-model methodology","S09: Event reports and gauge-specific records | S10: Historical and current; varies by site | S11: Dataset-specific; 2021 floodplain compilation and planning updates | S56: Hazus 7, 2025 manual",S09: Official report and gauge pages read; targeted raw series remain to acquire. | S10: Official API documentation and 2026 migration notice read; not downloaded for this report. | S11: Official download and floodplain documentation pages read; candidate additional GIS. | S56: Official manual located during research; local structure/depth inputs must be assembled.,S09: data/raw/reused/harris_climate.csv.gz; hydro_physical.csv.gz provide related existing inputs. | S10: Related hydro_physical.csv.gz already local. | S11: None newly acquired. | S56: NSI and physical hazard inputs partly retained.,First acquisition and baseline phase,2026-09-10
Average_Damage_Fraction,Hazard,Calibration or new longitudinal evidence,K,S25 S09 S56 S07,Estimate loss-to-matched-value ratios by depth and building class; check uninsured losses using inspections.,Claims selection and limits bias observed ratios; total destruction is a separate outcome.,damage/value/event,P1,Original 215-entry dictionary,parameter,82; 93,USD_damage/USD_property/event,,input_table,assumed,Potential source/method identified; no new parameter estimate certified,S25,https://www.fema.gov/openfema-data-page/fima-nfip-redacted-claims-v2,https://www.fema.gov/openfema-data-page/fima-nfip-redacted-claims-v2; https://www.hcfcd.org/About/Harris-Countys-Flooding-History/Countywide-Impacts; https://www.fema.gov/sites/default/files/documents/fema_rsl_hazus-7-fltm_06272025_0.pdf; https://www.hec.usace.army.mil/confluence/nsi/technicalreferences/2022/technical-documentation,"S25: Redacted claims/applications; local tract aggregation | S09: Watershed, gauge and event footprint | S56: Engineering loss-model methodology | S07: Structure points","S25: Historical panel coverage varies by source | S09: Event reports and gauge-specific records | S56: Hazus 7, 2025 manual | S07: 2022 documentation; a 2026 release also exists",S25: Local harmonized inputs retained. FEMA landing page returned 403 during this review; original lineage retained in upstream files. | S09: Official report and gauge pages read; targeted raw series remain to acquire. | S56: Official manual located during research; local structure/depth inputs must be assembled. | S07: Official technical documentation read; local SFHA extract retained.,S25: data/raw/reused/hydro_nfip.csv.gz; hydro_ihp.csv.gz | S09: data/raw/reused/harris_climate.csv.gz; hydro_physical.csv.gz provide related existing inputs. | S56: NSI and physical hazard inputs partly retained. | S07: data/raw/reused/nsi_sfha.csv.gz,First acquisition and baseline phase,2026-09-10
Average_Destruction_Rate,Hazard,Calibration or new longitudinal evidence,K,S09 S21 S22 S25 S56 S58,Estimate event-specific total-loss fractions from damage inspections and exposure inventories; pool by building/event severity.,Neither claims frequency nor mean loss fraction measures total destruction; preserve denominator uncertainty.,destroyed/exposed/event,P1,Original 215-entry dictionary,parameter,48; 54,properties/property/event,,input_table,assumed,Potential source/method identified; no new parameter estimate certified,S09,https://www.hcfcd.org/About/Harris-Countys-Flooding-History/Countywide-Impacts,https://www.hcfcd.org/About/Harris-Countys-Flooding-History/Countywide-Impacts; https://hcd.harriscountytx.gov/About-Us/Public-Records-Request; https://www.hcfcd.org/Community/Contact-Us/Public-Information-Requests; https://www.fema.gov/openfema-data-page/fima-nfip-redacted-claims-v2; https://www.fema.gov/sites/default/files/documents/fema_rsl_hazus-7-fltm_06272025_0.pdf; https://oce.harriscountytx.gov/Services/Permits/Floodplain-Management,"S09: Watershed, gauge and event footprint | S21: HCD cases, staff and program finances | S22: HCFCD program, acquisition, land and infrastructure records | S25: Redacted claims/applications; local tract aggregation | S56: Engineering loss-model methodology | S58: County permitting jurisdiction; city jurisdictions require separate coverage","S09: Event reports and gauge-specific records | S21: Request 2010–2024, with later completion dates for censoring | S22: Request historical cohorts and 2024 opening balances | S25: Historical panel coverage varies by source | S56: Hazus 7, 2025 manual | S58: Permit/inspection-specific history","S09: Official report and gauge pages read; targeted raw series remain to acquire. | S21: Official request route verified. No request submitted; responsive fields and release are unconfirmed. | S22: Official public-information request page read; no request submitted. | S25: Local harmonized inputs retained. FEMA landing page returned 403 during this review; original lineage retained in upstream files. | S56: Official manual located during research; local structure/depth inputs must be assembled. | S58: Official program page read; underlying historical bulk records are a request candidate, not verified downloadable data.",S09: data/raw/reused/harris_climate.csv.gz; hydro_physical.csv.gz provide related existing inputs. | S21: No complete case ledger identified. | S22: No complete longitudinal ledger identified. | S25: data/raw/reused/hydro_nfip.csv.gz; hydro_ihp.csv.gz | S56: NSI and physical hazard inputs partly retained. | S58: HCAD/land-change files provide existing complementary evidence.,First acquisition and baseline phase,2026-09-10
Base_Hazard_Frequency,Hazard,Direct measurement candidate,D,S08 S09 S10,Count independent threshold-defined historical floods divided by exposure years; compare gauge exceedances.,Choose a sufficiently long reference period; the 2010–2024 window alone may not stabilize rare-event frequency.,events/year,P1,Original 215-entry dictionary,parameter,47; 53,events/year,,input_table,assumed,Potential source/method identified; no new parameter estimate certified,S08,https://www.ncei.noaa.gov/pub/data/swdi/stormevents/csvfiles/,https://www.ncei.noaa.gov/pub/data/swdi/stormevents/csvfiles/; https://www.hcfcd.org/About/Harris-Countys-Flooding-History/Countywide-Impacts; https://api.waterdata.usgs.gov/docs/,"S08: County/forecast zone and event locations | S09: Watershed, gauge and event footprint | S10: Stream gauge/site",S08: 2010–2024 files retained; longer archive available | S09: Event reports and gauge-specific records | S10: Historical and current; varies by site,S08: Bulk source used in existing package; annual files retained. | S09: Official report and gauge pages read; targeted raw series remain to acquire. | S10: Official API documentation and 2026 migration notice read; not downloaded for this report.,S08: data/raw/public/StormEvents_details*.csv.gz; data/raw/reused/harris_events.csv.gz | S09: data/raw/reused/harris_climate.csv.gz; hydro_physical.csv.gz provide related existing inputs. | S10: Related hydro_physical.csv.gz already local.,First acquisition and baseline phase,2026-09-10
CC_Impact_Increase_Rate,Hazard,Calculated model quantity,C,S12 S13 M01,Derive the annual change in the explicitly chosen climate driver/index from scenario trajectories.,Do not extrapolate a constant index increment across scenarios without physical justification.,index points/year,P2,Original 215-entry dictionary,unresolved_reference,45,unresolved,,resolve_before_model_build,unavailable,Potential source/method identified; no new parameter estimate certified,S12,https://www.usgs.gov/data/cmip6-loca2-spatial-summaries-counties-tiger-2023-1950-2100-contiguous-united-states,https://www.usgs.gov/data/cmip6-loca2-spatial-summaries-counties-tiger-2023-1950-2100-contiguous-united-states; https://tidesandcurrents.noaa.gov/sltrends/sltrends_station.shtml?id=8771450,S12: County summaries; underlying downscaled grids | S13: Galveston Pier 21 and coastal region | M01: Generic model requiring Harris County localization,"S12: 1950–2100; historical and SSP scenarios | S13: Observed station series; projected scenario horizons | M01: DOCX guide; mind map dated October 15, 2024","S12: Official dataset and viewer pages read; candidate download. | S13: Official pages read; scenario files not acquired. NOAA page announces a September 30, 2026 site transition. | M01: Both original files inspected; 215-entry dictionary reconciled against full guide.",S12: No LOCA2 data identified in reviewed package. | S13: None identified in reviewed package. | M01: sources/Managed Retreat System Dynamics Model.docx; sources/Mind Map Oct 15 2024.pdf,"Calibration, validation or optional extension",2026-09-10
CC_Impact_Rate,Hazard,Alias to reconcile,A,S12 S13,"Reconcile to CC_Impact_Increase_Rate; use the same source, definition, baseline and units.","Retain the original spelling in the audit, but do not create a second independently calibrated variable.",,P1,Additional guide/configuration entry,guide extension/configuration,357,,,not in original dictionary,not assessed in original dictionary,Potential source/method identified; no new parameter estimate certified,S12,https://www.usgs.gov/data/cmip6-loca2-spatial-summaries-counties-tiger-2023-1950-2100-contiguous-united-states,https://www.usgs.gov/data/cmip6-loca2-spatial-summaries-counties-tiger-2023-1950-2100-contiguous-united-states; https://tidesandcurrents.noaa.gov/sltrends/sltrends_station.shtml?id=8771450,S12: County summaries; underlying downscaled grids | S13: Galveston Pier 21 and coastal region,S12: 1950–2100; historical and SSP scenarios | S13: Observed station series; projected scenario horizons,"S12: Official dataset and viewer pages read; candidate download. | S13: Official pages read; scenario files not acquired. NOAA page announces a September 30, 2026 site transition.",S12: No LOCA2 data identified in reviewed package. | S13: None identified in reviewed package.,First acquisition and baseline phase,2026-09-10
CC_Sensitivity_Parameter,Hazard,Calibration or new longitudinal evidence,K,S12 S13 S10,Fit the relationship between the chosen climate driver and hazard frequency/intensity using scenario ensembles.,Guide range is a prior; climate index scaling changes the parameter's meaning.,ratio response,P2,Original 215-entry dictionary,parameter,51; 55,dimensionless,,input_table,assumed,Potential source/method identified; no new parameter estimate certified,S12,https://www.usgs.gov/data/cmip6-loca2-spatial-summaries-counties-tiger-2023-1950-2100-contiguous-united-states,https://www.usgs.gov/data/cmip6-loca2-spatial-summaries-counties-tiger-2023-1950-2100-contiguous-united-states; https://tidesandcurrents.noaa.gov/sltrends/sltrends_station.shtml?id=8771450; https://api.waterdata.usgs.gov/docs/,S12: County summaries; underlying downscaled grids | S13: Galveston Pier 21 and coastal region | S10: Stream gauge/site,S12: 1950–2100; historical and SSP scenarios | S13: Observed station series; projected scenario horizons | S10: Historical and current; varies by site,"S12: Official dataset and viewer pages read; candidate download. | S13: Official pages read; scenario files not acquired. NOAA page announces a September 30, 2026 site transition. | S10: Official API documentation and 2026 migration notice read; not downloaded for this report.",S12: No LOCA2 data identified in reviewed package. | S13: None identified in reviewed package. | S10: Related hydro_physical.csv.gz already local.,"Calibration, validation or optional extension",2026-09-10
Climate_Change_Impact_Index,Hazard,Proxy or operational definition,P,S12 S13,Prefer scenario-specific precipitation/extreme-flow/sea-level changes; only construct an index after documenting normalization.,No public dataset measures this guide-specific 0–100 stock; warming is not automatically linear flood risk.,index or physical anomaly,P0,Original 215-entry dictionary,stock,45; 50; 51; 357; 524,dimensionless (0-100),,design_only; no executable mdl supplied,unavailable,Potential source/method identified; no new parameter estimate certified,S12,https://www.usgs.gov/data/cmip6-loca2-spatial-summaries-counties-tiger-2023-1950-2100-contiguous-united-states,https://www.usgs.gov/data/cmip6-loca2-spatial-summaries-counties-tiger-2023-1950-2100-contiguous-united-states; https://tidesandcurrents.noaa.gov/sltrends/sltrends_station.shtml?id=8771450,S12: County summaries; underlying downscaled grids | S13: Galveston Pier 21 and coastal region,S12: 1950–2100; historical and SSP scenarios | S13: Observed station series; projected scenario horizons,"S12: Official dataset and viewer pages read; candidate download. | S13: Official pages read; scenario files not acquired. NOAA page announces a September 30, 2026 site transition.",S12: No LOCA2 data identified in reviewed package. | S13: None identified in reviewed package.,Define/reconcile before parameterization,2026-09-10
Climate_Change_Multiplier,Hazard,Calculated model quantity,C,S10 S12 S13,Estimate future-to-baseline hazard frequency/intensity ratios for each scenario and ensemble member.,Choose the physical endpoint; do not apply a precipitation percentage directly as a damage multiplier.,ratio,P1,Original 215-entry dictionary,aux,47; 51,dimensionless,1 + (Climate_Change_Impact_Index / 100) * CC_Sensitivity_Parameter,design_only; no executable mdl supplied,,Potential source/method identified; no new parameter estimate certified,S10,https://api.waterdata.usgs.gov/docs/,https://api.waterdata.usgs.gov/docs/; https://www.usgs.gov/data/cmip6-loca2-spatial-summaries-counties-tiger-2023-1950-2100-contiguous-united-states; https://tidesandcurrents.noaa.gov/sltrends/sltrends_station.shtml?id=8771450,S10: Stream gauge/site | S12: County summaries; underlying downscaled grids | S13: Galveston Pier 21 and coastal region,S10: Historical and current; varies by site | S12: 1950–2100; historical and SSP scenarios | S13: Observed station series; projected scenario horizons,"S10: Official API documentation and 2026 migration notice read; not downloaded for this report. | S12: Official dataset and viewer pages read; candidate download. | S13: Official pages read; scenario files not acquired. NOAA page announces a September 30, 2026 site transition.",S10: Related hydro_physical.csv.gz already local. | S12: No LOCA2 data identified in reviewed package. | S13: None identified in reviewed package.,First acquisition and baseline phase,2026-09-10
Coastal_Erosion,Hazard,Direct measurement candidate,D,S57 S05,Use bay-shoreline transect change rates and property locations if this optional hazard is retained.,Do not apply open-Gulf beach rates to Harris County bay frontage or all inland properties.,m/year and exposed properties,P2,Additional guide/configuration entry,guide extension/configuration,351,,,not in original dictionary,not assessed in original dictionary,Potential source/method identified; no new parameter estimate certified,S57,https://www.beg.utexas.edu/research/programs/coastal/texas-bay-shoreline-change,https://www.beg.utexas.edu/research/programs/coastal/texas-bay-shoreline-change; https://hcad.org/pdata/pdata-property-downloads.html/,"S57: Galveston/Trinity/East/West Bay shorelines, including relevant Harris frontage | S05: Parcel/account and taxing jurisdiction",S57: Historical shoreline intervals; Galveston system update through 2022 | S05: 2024 retained; inspect annual historical availability,S57: Official project page and GIS service metadata read; no GIS export acquired. | S05: Official pages checked; 2024 raw archives already retained.,S57: None identified in reviewed package. | S05: data/raw/public/hcad_2024_Real_acct_owner.zip; hcad_2024_Real_jur_exempt.zip; hcad_2024_Code_description_real.zip; hcad_parcels_2024_oct.zip,"Calibration, validation or optional extension",2026-09-10
Compounding_Effect_Multiplier,Hazard,Calibration or new longitudinal evidence,K,S09 S10 S13 S14 S57,"Estimate joint-hazard excess losses with event dependence, spatial overlap and conditional vulnerability.",Guide increment 0.3 per added hazard is illustrative and can double count correlated flood mechanisms.,joint/single risk ratio,P2,Additional guide/configuration entry,guide extension/configuration,353,,,not in original dictionary,not assessed in original dictionary,Potential source/method identified; no new parameter estimate certified,S09,https://www.hcfcd.org/About/Harris-Countys-Flooding-History/Countywide-Impacts,https://www.hcfcd.org/About/Harris-Countys-Flooding-History/Countywide-Impacts; https://api.waterdata.usgs.gov/docs/; https://tidesandcurrents.noaa.gov/sltrends/sltrends_station.shtml?id=8771450; https://wildfirerisk.org/download/; https://www.beg.utexas.edu/research/programs/coastal/texas-bay-shoreline-change,"S09: Watershed, gauge and event footprint | S10: Stream gauge/site | S13: Galveston Pier 21 and coastal region | S14: National raster and community summaries | S57: Galveston/Trinity/East/West Bay shorelines, including relevant Harris frontage",S09: Event reports and gauge-specific records | S10: Historical and current; varies by site | S13: Observed station series; projected scenario horizons | S14: Release-specific | S57: Historical shoreline intervals; Galveston system update through 2022,"S09: Official report and gauge pages read; targeted raw series remain to acquire. | S10: Official API documentation and 2026 migration notice read; not downloaded for this report. | S13: Official pages read; scenario files not acquired. NOAA page announces a September 30, 2026 site transition. | S14: Official project methods/download pages read; optional source only. | S57: Official project page and GIS service metadata read; no GIS export acquired.",S09: data/raw/reused/harris_climate.csv.gz; hydro_physical.csv.gz provide related existing inputs. | S10: Related hydro_physical.csv.gz already local. | S13: None identified in reviewed package. | S14: None identified in reviewed package. | S57: None identified in reviewed package.,"Calibration, validation or optional extension",2026-09-10
Cumulative_Hazard_Events,Hazard,Calculated model quantity,C,S08 S09 S10,Accumulate distinct qualifying event clusters from a declared start year; initialize with pre-baseline history if required.,NOAA event rows are not independent storms; cumulative counts depend on the chosen origin.,events,P1,Original 215-entry dictionary,stock,44,events,,design_only; no executable mdl supplied,assumed,Potential source/method identified; no new parameter estimate certified,S08,https://www.ncei.noaa.gov/pub/data/swdi/stormevents/csvfiles/,https://www.ncei.noaa.gov/pub/data/swdi/stormevents/csvfiles/; https://www.hcfcd.org/About/Harris-Countys-Flooding-History/Countywide-Impacts; https://api.waterdata.usgs.gov/docs/,"S08: County/forecast zone and event locations | S09: Watershed, gauge and event footprint | S10: Stream gauge/site",S08: 2010–2024 files retained; longer archive available | S09: Event reports and gauge-specific records | S10: Historical and current; varies by site,S08: Bulk source used in existing package; annual files retained. | S09: Official report and gauge pages read; targeted raw series remain to acquire. | S10: Official API documentation and 2026 migration notice read; not downloaded for this report.,S08: data/raw/public/StormEvents_details*.csv.gz; data/raw/reused/harris_events.csv.gz | S09: data/raw/reused/harris_climate.csv.gz; hydro_physical.csv.gz provide related existing inputs. | S10: Related hydro_physical.csv.gz already local.,First acquisition and baseline phase,2026-09-10
Current_CC_Impact,Hazard,Alias to reconcile,A,S12 S13,"Reconcile to Climate_Change_Impact_Index at the chosen reference date; use the same source, definition, baseline and units.","Retain the original spelling in the audit, but do not create a second independently calibrated variable.",,P1,Original 215-entry dictionary,unresolved_reference,45,unresolved,,resolve_before_model_build,unavailable,Potential source/method identified; no new parameter estimate certified,S12,https://www.usgs.gov/data/cmip6-loca2-spatial-summaries-counties-tiger-2023-1950-2100-contiguous-united-states,https://www.usgs.gov/data/cmip6-loca2-spatial-summaries-counties-tiger-2023-1950-2100-contiguous-united-states; https://tidesandcurrents.noaa.gov/sltrends/sltrends_station.shtml?id=8771450,S12: County summaries; underlying downscaled grids | S13: Galveston Pier 21 and coastal region,S12: 1950–2100; historical and SSP scenarios | S13: Observed station series; projected scenario horizons,"S12: Official dataset and viewer pages read; candidate download. | S13: Official pages read; scenario files not acquired. NOAA page announces a September 30, 2026 site transition.",S12: No LOCA2 data identified in reviewed package. | S13: None identified in reviewed package.,First acquisition and baseline phase,2026-09-10
Hazard_Event_Rate,Hazard,Calibration or new longitudinal evidence,K,S08 S09 S10 S12,Estimate exceedance frequency for defined events; calibrate projected changes using climate-hydrology relationships.,"Separate historical random variability, exposure change and climate trend; avoid duplicate storm counts.",events/year,P1,Original 215-entry dictionary,flow,44; 47; 48; 82,events/year,Base_Hazard_Frequency * Climate_Change_Multiplier * (1 + Random_Variation),design_only; no executable mdl supplied,,Potential source/method identified; no new parameter estimate certified,S08,https://www.ncei.noaa.gov/pub/data/swdi/stormevents/csvfiles/,https://www.ncei.noaa.gov/pub/data/swdi/stormevents/csvfiles/; https://www.hcfcd.org/About/Harris-Countys-Flooding-History/Countywide-Impacts; https://api.waterdata.usgs.gov/docs/; https://www.usgs.gov/data/cmip6-loca2-spatial-summaries-counties-tiger-2023-1950-2100-contiguous-united-states,"S08: County/forecast zone and event locations | S09: Watershed, gauge and event footprint | S10: Stream gauge/site | S12: County summaries; underlying downscaled grids",S08: 2010–2024 files retained; longer archive available | S09: Event reports and gauge-specific records | S10: Historical and current; varies by site | S12: 1950–2100; historical and SSP scenarios,S08: Bulk source used in existing package; annual files retained. | S09: Official report and gauge pages read; targeted raw series remain to acquire. | S10: Official API documentation and 2026 migration notice read; not downloaded for this report. | S12: Official dataset and viewer pages read; candidate download.,S08: data/raw/public/StormEvents_details*.csv.gz; data/raw/reused/harris_events.csv.gz | S09: data/raw/reused/harris_climate.csv.gz; hydro_physical.csv.gz provide related existing inputs. | S10: Related hydro_physical.csv.gz already local. | S12: No LOCA2 data identified in reviewed package.,First acquisition and baseline phase,2026-09-10
Hazard_Exposure,Hazard,Calculated model quantity,C,S05 S06 S09 S11 S14 S57,Compute comparable hazard-specific exposed inventories with dated footprints and common property keys.,Keep hazard-specific intensity and probability separate from the exposed-property count.,exposed properties by hazard,P1,Additional guide/configuration entry,guide extension/configuration,352,,,not in original dictionary,not assessed in original dictionary,Potential source/method identified; no new parameter estimate certified,S05,https://hcad.org/pdata/pdata-property-downloads.html/,https://hcad.org/pdata/pdata-property-downloads.html/; https://www.fema.gov/sites/default/files/documents/fema_flood-map-change-viewer_instructions.pdf; https://www.hcfcd.org/About/Harris-Countys-Flooding-History/Countywide-Impacts; https://www.twdb.texas.gov/flood/planning/data.asp; https://wildfirerisk.org/download/; https://www.beg.utexas.edu/research/programs/coastal/texas-bay-shoreline-change,"S05: Parcel/account and taxing jurisdiction | S06: Flood-zone polygons | S09: Watershed, gauge and event footprint | S11: Statewide; extract Harris County/watersheds | S14: National raster and community summaries | S57: Galveston/Trinity/East/West Bay shorelines, including relevant Harris frontage",S05: 2024 retained; inspect annual historical availability | S06: March 2026 local layer; historic effective dates must be reconstructed | S09: Event reports and gauge-specific records | S11: Dataset-specific; 2021 floodplain compilation and planning updates | S14: Release-specific | S57: Historical shoreline intervals; Galveston system update through 2022,S05: Official pages checked; 2024 raw archives already retained. | S06: Official map-change instructions identified; existing local NFHL layer retained. | S09: Official report and gauge pages read; targeted raw series remain to acquire. | S11: Official download and floodplain documentation pages read; candidate additional GIS. | S14: Official project methods/download pages read; optional source only. | S57: Official project page and GIS service metadata read; no GIS export acquired.,S05: data/raw/public/hcad_2024_Real_acct_owner.zip; hcad_2024_Real_jur_exempt.zip; hcad_2024_Code_description_real.zip; hcad_parcels_2024_oct.zip | S06: data/raw/reused/nfhl_20260303_harris_bbox.geojson | S09: data/raw/reused/harris_climate.csv.gz; hydro_physical.csv.gz provide related existing inputs. | S11: None newly acquired. | S14: None identified in reviewed package. | S57: None identified in reviewed package.,First acquisition and baseline phase,2026-09-10
Hazard_Exposure_Index,Hazard,Calculated model quantity,C,S05 S06 S09 S11 S12,Compute an explicitly scaled exposed-property share and intensity measure from the selected hazard definition.,Guide multiplication by a zero climate index erases baseline risk; revise before calibration.,dimensionless,P0,Original 215-entry dictionary,aux,50; 69; 522; 534,dimensionless,(Properties_at_Risk / Total_Properties) * Hazard_Severity_Factor * Climate_Change_Impact_Index / 100,design_only; no executable mdl supplied,,Potential source/method identified; no new parameter estimate certified,S05,https://hcad.org/pdata/pdata-property-downloads.html/,https://hcad.org/pdata/pdata-property-downloads.html/; https://www.fema.gov/sites/default/files/documents/fema_flood-map-change-viewer_instructions.pdf; https://www.hcfcd.org/About/Harris-Countys-Flooding-History/Countywide-Impacts; https://www.twdb.texas.gov/flood/planning/data.asp; https://www.usgs.gov/data/cmip6-loca2-spatial-summaries-counties-tiger-2023-1950-2100-contiguous-united-states,"S05: Parcel/account and taxing jurisdiction | S06: Flood-zone polygons | S09: Watershed, gauge and event footprint | S11: Statewide; extract Harris County/watersheds | S12: County summaries; underlying downscaled grids",S05: 2024 retained; inspect annual historical availability | S06: March 2026 local layer; historic effective dates must be reconstructed | S09: Event reports and gauge-specific records | S11: Dataset-specific; 2021 floodplain compilation and planning updates | S12: 1950–2100; historical and SSP scenarios,S05: Official pages checked; 2024 raw archives already retained. | S06: Official map-change instructions identified; existing local NFHL layer retained. | S09: Official report and gauge pages read; targeted raw series remain to acquire. | S11: Official download and floodplain documentation pages read; candidate additional GIS. | S12: Official dataset and viewer pages read; candidate download.,S05: data/raw/public/hcad_2024_Real_acct_owner.zip; hcad_2024_Real_jur_exempt.zip; hcad_2024_Code_description_real.zip; hcad_parcels_2024_oct.zip | S06: data/raw/reused/nfhl_20260303_harris_bbox.geojson | S09: data/raw/reused/harris_climate.csv.gz; hydro_physical.csv.gz provide related existing inputs. | S11: None newly acquired. | S12: No LOCA2 data identified in reviewed package.,Define/reconcile before parameterization,2026-09-10
Hazard_Perception_Delay,Hazard,Calibration or new longitudinal evidence,K,S33 S37 S09,Estimate lag between documented hazard exposure/information and repeated perceived-risk reports.,The guide 1–3 years is an illustrative prior; panel timing must identify the lag.,years,P2,Original 215-entry dictionary,parameter,173; 174,year,,input_table,assumed,Potential source/method identified; no new parameter estimate certified,S33,https://www.kinderudp.org/#/datasetCatalog/oxwq5xg0ewkj,https://www.kinderudp.org/#/datasetCatalog/oxwq5xg0ewkj; https://floodregistry.rice.edu/; https://www.hcfcd.org/About/Harris-Countys-Flooding-History/Countywide-Impacts,"S33: Greater Houston adult respondents; Harris subset/weights must be established | S37: Participating Houston-area residents; public aggregated products | S09: Watershed, gauge and event footprint","S33: 2023–2024 public-use waves; release listed January 9, 2026 | S37: Post-Harvey waves; product-specific | S09: Event reports and gauge-specific records",S33: Catalog and 248-page codebook read; codebook downloaded. Public-use data require a request form; no request submitted. Public files omit geocodes. | S37: Institutional page and catalog descriptions read; underlying records/precise access need confirmation. | S09: Official report and gauge pages read; targeted raw series remain to acquire.,S33: reports/2026-09-10_Variable_Source_Assessment/research/GHCP_2023_2024_User_Guide.pdf | S37: None identified in reviewed package. | S09: data/raw/reused/harris_climate.csv.gz; hydro_physical.csv.gz provide related existing inputs.,"Calibration, validation or optional extension",2026-09-10
Hazard_Severity_Factor,Hazard,Proxy or operational definition,P,S09 S10 S56,"Define severity from depth, duration, velocity or expected loss relative to a reference event.",A single countywide severity factor can obscure different mechanisms and exposed structure types.,normalized intensity,P1,Original 215-entry dictionary,parameter,50; 56; 523,dimensionless,,input_table,assumed,Potential source/method identified; no new parameter estimate certified,S09,https://www.hcfcd.org/About/Harris-Countys-Flooding-History/Countywide-Impacts,https://www.hcfcd.org/About/Harris-Countys-Flooding-History/Countywide-Impacts; https://api.waterdata.usgs.gov/docs/; https://www.fema.gov/sites/default/files/documents/fema_rsl_hazus-7-fltm_06272025_0.pdf,"S09: Watershed, gauge and event footprint | S10: Stream gauge/site | S56: Engineering loss-model methodology","S09: Event reports and gauge-specific records | S10: Historical and current; varies by site | S56: Hazus 7, 2025 manual",S09: Official report and gauge pages read; targeted raw series remain to acquire. | S10: Official API documentation and 2026 migration notice read; not downloaded for this report. | S56: Official manual located during research; local structure/depth inputs must be assembled.,S09: data/raw/reused/harris_climate.csv.gz; hydro_physical.csv.gz provide related existing inputs. | S10: Related hydro_physical.csv.gz already local. | S56: NSI and physical hazard inputs partly retained.,First acquisition and baseline phase,2026-09-10
Initial_CC_Impact,Hazard,Alias to reconcile,A,S12 S13,"Reconcile to Climate_Change_Impact_Index at the chosen reference date; use the same source, definition, baseline and units.","Retain the original spelling in the audit, but do not create a second independently calibrated variable.",,P1,Additional guide/configuration entry,guide extension/configuration,357,,,not in original dictionary,not assessed in original dictionary,Potential source/method identified; no new parameter estimate certified,S12,https://www.usgs.gov/data/cmip6-loca2-spatial-summaries-counties-tiger-2023-1950-2100-contiguous-united-states,https://www.usgs.gov/data/cmip6-loca2-spatial-summaries-counties-tiger-2023-1950-2100-contiguous-united-states; https://tidesandcurrents.noaa.gov/sltrends/sltrends_station.shtml?id=8771450,S12: County summaries; underlying downscaled grids | S13: Galveston Pier 21 and coastal region,S12: 1950–2100; historical and SSP scenarios | S13: Observed station series; projected scenario horizons,"S12: Official dataset and viewer pages read; candidate download. | S13: Official pages read; scenario files not acquired. NOAA page announces a September 30, 2026 site transition.",S12: No LOCA2 data identified in reviewed package. | S13: None identified in reviewed package.,First acquisition and baseline phase,2026-09-10
Initial_Properties,Hazard,Alias to reconcile,A,S05 S06 S07,"Reconcile to Properties_at_Risk at baseline; use the same source, definition, baseline and units.","Retain the original spelling in the audit, but do not create a second independently calibrated variable.",,P1,Additional guide/configuration entry,guide extension/configuration,260,,,not in original dictionary,not assessed in original dictionary,Potential source/method identified; no new parameter estimate certified,S05,https://hcad.org/pdata/pdata-property-downloads.html/,https://hcad.org/pdata/pdata-property-downloads.html/; https://www.fema.gov/sites/default/files/documents/fema_flood-map-change-viewer_instructions.pdf; https://www.hec.usace.army.mil/confluence/nsi/technicalreferences/2022/technical-documentation,S05: Parcel/account and taxing jurisdiction | S06: Flood-zone polygons | S07: Structure points,S05: 2024 retained; inspect annual historical availability | S06: March 2026 local layer; historic effective dates must be reconstructed | S07: 2022 documentation; a 2026 release also exists,S05: Official pages checked; 2024 raw archives already retained. | S06: Official map-change instructions identified; existing local NFHL layer retained. | S07: Official technical documentation read; local SFHA extract retained.,S05: data/raw/public/hcad_2024_Real_acct_owner.zip; hcad_2024_Real_jur_exempt.zip; hcad_2024_Code_description_real.zip; hcad_parcels_2024_oct.zip | S06: data/raw/reused/nfhl_20260303_harris_bbox.geojson | S07: data/raw/reused/nsi_sfha.csv.gz,First acquisition and baseline phase,2026-09-10
Initial_Properties_at_Risk,Hazard,Alias to reconcile,A,S05 S06 S07,"Reconcile to Properties_at_Risk at baseline; use the same source, definition, baseline and units.","Retain the original spelling in the audit, but do not create a second independently calibrated variable.",,P1,Additional guide/configuration entry,guide extension/configuration,510,,,not in original dictionary,not assessed in original dictionary,Potential source/method identified; no new parameter estimate certified,S05,https://hcad.org/pdata/pdata-property-downloads.html/,https://hcad.org/pdata/pdata-property-downloads.html/; https://www.fema.gov/sites/default/files/documents/fema_flood-map-change-viewer_instructions.pdf; https://www.hec.usace.army.mil/confluence/nsi/technicalreferences/2022/technical-documentation,S05: Parcel/account and taxing jurisdiction | S06: Flood-zone polygons | S07: Structure points,S05: 2024 retained; inspect annual historical availability | S06: March 2026 local layer; historic effective dates must be reconstructed | S07: 2022 documentation; a 2026 release also exists,S05: Official pages checked; 2024 raw archives already retained. | S06: Official map-change instructions identified; existing local NFHL layer retained. | S07: Official technical documentation read; local SFHA extract retained.,S05: data/raw/public/hcad_2024_Real_acct_owner.zip; hcad_2024_Real_jur_exempt.zip; hcad_2024_Code_description_real.zip; hcad_parcels_2024_oct.zip | S06: data/raw/reused/nfhl_20260303_harris_bbox.geojson | S07: data/raw/reused/nsi_sfha.csv.gz,First acquisition and baseline phase,2026-09-10
Initial_Properties_in_Hazard_Zone,Hazard,Alias to reconcile,A,S05 S06 S07,"Reconcile to Properties_at_Risk at baseline; use the same source, definition, baseline and units.","Retain the original spelling in the audit, but do not create a second independently calibrated variable.",,P1,Original 215-entry dictionary,unresolved_reference,43,unresolved,,resolve_before_model_build,unavailable,Potential source/method identified; no new parameter estimate certified,S05,https://hcad.org/pdata/pdata-property-downloads.html/,https://hcad.org/pdata/pdata-property-downloads.html/; https://www.fema.gov/sites/default/files/documents/fema_flood-map-change-viewer_instructions.pdf; https://www.hec.usace.army.mil/confluence/nsi/technicalreferences/2022/technical-documentation,S05: Parcel/account and taxing jurisdiction | S06: Flood-zone polygons | S07: Structure points,S05: 2024 retained; inspect annual historical availability | S06: March 2026 local layer; historic effective dates must be reconstructed | S07: 2022 documentation; a 2026 release also exists,S05: Official pages checked; 2024 raw archives already retained. | S06: Official map-change instructions identified; existing local NFHL layer retained. | S07: Official technical documentation read; local SFHA extract retained.,S05: data/raw/public/hcad_2024_Real_acct_owner.zip; hcad_2024_Real_jur_exempt.zip; hcad_2024_Code_description_real.zip; hcad_parcels_2024_oct.zip | S06: data/raw/reused/nfhl_20260303_harris_bbox.geojson | S07: data/raw/reused/nsi_sfha.csv.gz,First acquisition and baseline phase,2026-09-10
New_Development,Hazard,Alias to reconcile,A,S05 S15 S58,"Reconcile to New_Development_in_Risk_Zone by land-user group; use the same source, definition, baseline and units.","Retain the original spelling in the audit, but do not create a second independently calibrated variable.",,P1,Additional guide/configuration entry,guide extension/configuration,260,,,not in original dictionary,not assessed in original dictionary,Potential source/method identified; no new parameter estimate certified,S05,https://hcad.org/pdata/pdata-property-downloads.html/,https://hcad.org/pdata/pdata-property-downloads.html/; https://www.h-gac.com/regional-growth-forecast; https://oce.harriscountytx.gov/Services/Permits/Floodplain-Management,"S05: Parcel/account and taxing jurisdiction | S15: Region, tract/forecast zones and parcels | S58: County permitting jurisdiction; city jurisdictions require separate coverage",S05: 2024 retained; inspect annual historical availability | S15: Existing forecast/land-change files; horizon varies by edition | S58: Permit/inspection-specific history,"S05: Official pages checked; 2024 raw archives already retained. | S15: Official pages checked; local forecast and changed-parcel extracts retained; some GIS uses a request form. | S58: Official program page read; underlying historical bulk records are a request candidate, not verified downloadable data.",S05: data/raw/public/hcad_2024_Real_acct_owner.zip; hcad_2024_Real_jur_exempt.zip; hcad_2024_Code_description_real.zip; hcad_parcels_2024_oct.zip | S15: data/raw/reused/hgac_tracts.csv; hgac_changed_parcels.csv | S58: HCAD/land-change files provide existing complementary evidence.,First acquisition and baseline phase,2026-09-10
New_Development_in_Risk_Zone,Hazard,Direct measurement candidate,D,S05 S06 S15 S49 S58,Link dated new structures/accounts and land-use changes to contemporaneous hazard zones.,Current map overlays confound historical development and subsequent mapping changes.,properties/year,P1,Original 215-entry dictionary,unresolved_reference,43; 508,unresolved,,resolve_before_model_build,unavailable,Potential source/method identified; no new parameter estimate certified,S05,https://hcad.org/pdata/pdata-property-downloads.html/,https://hcad.org/pdata/pdata-property-downloads.html/; https://www.fema.gov/sites/default/files/documents/fema_flood-map-change-viewer_instructions.pdf; https://www.h-gac.com/regional-growth-forecast; https://www.usgs.gov/centers/eros/how-can-i-access-and-download-annual-nlcd-data; https://oce.harriscountytx.gov/Services/Permits/Floodplain-Management,"S05: Parcel/account and taxing jurisdiction | S06: Flood-zone polygons | S15: Region, tract/forecast zones and parcels | S49: 30-m raster | S58: County permitting jurisdiction; city jurisdictions require separate coverage",S05: 2024 retained; inspect annual historical availability | S06: March 2026 local layer; historic effective dates must be reconstructed | S15: Existing forecast/land-change files; horizon varies by edition | S49: 1985–2024 in the inspected release | S58: Permit/inspection-specific history,"S05: Official pages checked; 2024 raw archives already retained. | S06: Official map-change instructions identified; existing local NFHL layer retained. | S15: Official pages checked; local forecast and changed-parcel extracts retained; some GIS uses a request form. | S49: Official access pages read; raster not newly downloaded. | S58: Official program page read; underlying historical bulk records are a request candidate, not verified downloadable data.",S05: data/raw/public/hcad_2024_Real_acct_owner.zip; hcad_2024_Real_jur_exempt.zip; hcad_2024_Code_description_real.zip; hcad_parcels_2024_oct.zip | S06: data/raw/reused/nfhl_20260303_harris_bbox.geojson | S15: data/raw/reused/hgac_tracts.csv; hgac_changed_parcels.csv | S49: Existing hydro_static.csv.gz includes related static context. | S58: HCAD/land-change files provide existing complementary evidence.,First acquisition and baseline phase,2026-09-10
Perceived_Hazard_Risk,Hazard,Proxy or operational definition,P,S33 S37 S09,Use repeated flood-specific perception questions and fit the lag relative to hazard evidence.,Smooth actual risk only as an explicit hypothesis; validate perception lag and score scaling.,subjective risk scale,P1,Additional guide/configuration entry,guide extension/configuration,174,,,not in original dictionary,not assessed in original dictionary,Potential source/method identified; no new parameter estimate certified,S33,https://www.kinderudp.org/#/datasetCatalog/oxwq5xg0ewkj,https://www.kinderudp.org/#/datasetCatalog/oxwq5xg0ewkj; https://floodregistry.rice.edu/; https://www.hcfcd.org/About/Harris-Countys-Flooding-History/Countywide-Impacts,"S33: Greater Houston adult respondents; Harris subset/weights must be established | S37: Participating Houston-area residents; public aggregated products | S09: Watershed, gauge and event footprint","S33: 2023–2024 public-use waves; release listed January 9, 2026 | S37: Post-Harvey waves; product-specific | S09: Event reports and gauge-specific records",S33: Catalog and 248-page codebook read; codebook downloaded. Public-use data require a request form; no request submitted. Public files omit geocodes. | S37: Institutional page and catalog descriptions read; underlying records/precise access need confirmation. | S09: Official report and gauge pages read; targeted raw series remain to acquire.,S33: reports/2026-09-10_Variable_Source_Assessment/research/GHCP_2023_2024_User_Guide.pdf | S37: None identified in reviewed package. | S09: data/raw/reused/harris_climate.csv.gz; hydro_physical.csv.gz provide related existing inputs.,First acquisition and baseline phase,2026-09-10
Properties_at_Risk,Hazard,Direct measurement candidate,D,S05 S06 S07 S09 S11,Intersect dated residential accounts/structures with the chosen hazard footprint; count distinct eligible properties at baseline.,Freeze parcel/structure definitions and map vintage; any-overlap and point-in-zone counts differ.,properties,P0,Original 215-entry dictionary,stock,43; 48; 50; 82; 120; 260; 347; 508; 522; 543,properties,,design_only; no executable mdl supplied,derived_proxy,Potential source/method identified; no new parameter estimate certified,S05,https://hcad.org/pdata/pdata-property-downloads.html/,https://hcad.org/pdata/pdata-property-downloads.html/; https://www.fema.gov/sites/default/files/documents/fema_flood-map-change-viewer_instructions.pdf; https://www.hec.usace.army.mil/confluence/nsi/technicalreferences/2022/technical-documentation; https://www.hcfcd.org/About/Harris-Countys-Flooding-History/Countywide-Impacts; https://www.twdb.texas.gov/flood/planning/data.asp,"S05: Parcel/account and taxing jurisdiction | S06: Flood-zone polygons | S07: Structure points | S09: Watershed, gauge and event footprint | S11: Statewide; extract Harris County/watersheds",S05: 2024 retained; inspect annual historical availability | S06: March 2026 local layer; historic effective dates must be reconstructed | S07: 2022 documentation; a 2026 release also exists | S09: Event reports and gauge-specific records | S11: Dataset-specific; 2021 floodplain compilation and planning updates,S05: Official pages checked; 2024 raw archives already retained. | S06: Official map-change instructions identified; existing local NFHL layer retained. | S07: Official technical documentation read; local SFHA extract retained. | S09: Official report and gauge pages read; targeted raw series remain to acquire. | S11: Official download and floodplain documentation pages read; candidate additional GIS.,S05: data/raw/public/hcad_2024_Real_acct_owner.zip; hcad_2024_Real_jur_exempt.zip; hcad_2024_Code_description_real.zip; hcad_parcels_2024_oct.zip | S06: data/raw/reused/nfhl_20260303_harris_bbox.geojson | S07: data/raw/reused/nsi_sfha.csv.gz | S09: data/raw/reused/harris_climate.csv.gz; hydro_physical.csv.gz provide related existing inputs. | S11: None newly acquired.,Define/reconcile before parameterization,2026-09-10
Properties_Destroyed,Hazard,Calibration or new longitudinal evidence,K,S09 S21 S22 S25 S56 S58,Use validated substantial/total-damage assessments and demolition records by event with exposed-property denominators.,Claims are not destruction counts; destruction need not remove a parcel permanently from the risk stock.,properties/year,P1,Original 215-entry dictionary,flow,43; 48; 260; 510,properties/year,Properties_at_Risk * Hazard_Event_Rate * Average_Destruction_Rate,design_only; no executable mdl supplied,,Potential source/method identified; no new parameter estimate certified,S09,https://www.hcfcd.org/About/Harris-Countys-Flooding-History/Countywide-Impacts,https://www.hcfcd.org/About/Harris-Countys-Flooding-History/Countywide-Impacts; https://hcd.harriscountytx.gov/About-Us/Public-Records-Request; https://www.hcfcd.org/Community/Contact-Us/Public-Information-Requests; https://www.fema.gov/openfema-data-page/fima-nfip-redacted-claims-v2; https://www.fema.gov/sites/default/files/documents/fema_rsl_hazus-7-fltm_06272025_0.pdf; https://oce.harriscountytx.gov/Services/Permits/Floodplain-Management,"S09: Watershed, gauge and event footprint | S21: HCD cases, staff and program finances | S22: HCFCD program, acquisition, land and infrastructure records | S25: Redacted claims/applications; local tract aggregation | S56: Engineering loss-model methodology | S58: County permitting jurisdiction; city jurisdictions require separate coverage","S09: Event reports and gauge-specific records | S21: Request 2010–2024, with later completion dates for censoring | S22: Request historical cohorts and 2024 opening balances | S25: Historical panel coverage varies by source | S56: Hazus 7, 2025 manual | S58: Permit/inspection-specific history","S09: Official report and gauge pages read; targeted raw series remain to acquire. | S21: Official request route verified. No request submitted; responsive fields and release are unconfirmed. | S22: Official public-information request page read; no request submitted. | S25: Local harmonized inputs retained. FEMA landing page returned 403 during this review; original lineage retained in upstream files. | S56: Official manual located during research; local structure/depth inputs must be assembled. | S58: Official program page read; underlying historical bulk records are a request candidate, not verified downloadable data.",S09: data/raw/reused/harris_climate.csv.gz; hydro_physical.csv.gz provide related existing inputs. | S21: No complete case ledger identified. | S22: No complete longitudinal ledger identified. | S25: data/raw/reused/hydro_nfip.csv.gz; hydro_ihp.csv.gz | S56: NSI and physical hazard inputs partly retained. | S58: HCAD/land-change files provide existing complementary evidence.,First acquisition and baseline phase,2026-09-10
Random_Variation,Hazard,Calibration or new longitudinal evidence,K,S08 S10 S12,Estimate residual variability after defining event frequency/trend; store random seed and distribution choices.,A normal additive draw may create negative hazard rates; use suitable bounded/count processes.,stochastic residual,P2,Original 215-entry dictionary,unresolved_reference,47,unresolved,,resolve_before_model_build,unavailable,Potential source/method identified; no new parameter estimate certified,S08,https://www.ncei.noaa.gov/pub/data/swdi/stormevents/csvfiles/,https://www.ncei.noaa.gov/pub/data/swdi/stormevents/csvfiles/; https://api.waterdata.usgs.gov/docs/; https://www.usgs.gov/data/cmip6-loca2-spatial-summaries-counties-tiger-2023-1950-2100-contiguous-united-states,S08: County/forecast zone and event locations | S10: Stream gauge/site | S12: County summaries; underlying downscaled grids,S08: 2010–2024 files retained; longer archive available | S10: Historical and current; varies by site | S12: 1950–2100; historical and SSP scenarios,S08: Bulk source used in existing package; annual files retained. | S10: Official API documentation and 2026 migration notice read; not downloaded for this report. | S12: Official dataset and viewer pages read; candidate download.,S08: data/raw/public/StormEvents_details*.csv.gz; data/raw/reused/harris_events.csv.gz | S10: Related hydro_physical.csv.gz already local. | S12: No LOCA2 data identified in reviewed package.,"Calibration, validation or optional extension",2026-09-10
Sea_Level_Rise,Hazard,Direct measurement candidate,D,S13,Use a dated NOAA local relative sea-level scenario as a coastal boundary driver.,Avoid double counting subsidence if already incorporated in the relative scenario.,meters relative to baseline,P2,Additional guide/configuration entry,guide extension/configuration,351; 358,,,not in original dictionary,not assessed in original dictionary,Potential source/method identified; no new parameter estimate certified,S13,https://tidesandcurrents.noaa.gov/sltrends/sltrends_station.shtml?id=8771450,https://tidesandcurrents.noaa.gov/sltrends/sltrends_station.shtml?id=8771450,S13: Galveston Pier 21 and coastal region,S13: Observed station series; projected scenario horizons,"S13: Official pages read; scenario files not acquired. NOAA page announces a September 30, 2026 site transition.",S13: None identified in reviewed package.,"Calibration, validation or optional extension",2026-09-10
SLR_Projection_Table,Hazard,Direct measurement candidate,D,S13,"Extract official local scenario height trajectories with datum, baseline, units and scenario provenance.",Do not relabel NOAA scenarios as RCP/SSP without an explicit justified mapping.,relative sea level by year,P2,Additional guide/configuration entry,guide extension/configuration,358,,,not in original dictionary,not assessed in original dictionary,Potential source/method identified; no new parameter estimate certified,S13,https://tidesandcurrents.noaa.gov/sltrends/sltrends_station.shtml?id=8771450,https://tidesandcurrents.noaa.gov/sltrends/sltrends_station.shtml?id=8771450,S13: Galveston Pier 21 and coastal region,S13: Observed station series; projected scenario horizons,"S13: Official pages read; scenario files not acquired. NOAA page announces a September 30, 2026 site transition.",S13: None identified in reviewed package.,"Calibration, validation or optional extension",2026-09-10
Total_Hazard_Exposure,Hazard,Calculated model quantity,C,S05 S06 S09 S11 S14 S57,Union property exposure across hazards or aggregate expected losses under a joint model.,Summing overlapping exposure indices double counts properties and mixes incompatible units.,unique exposed properties or comparable risk metric,P1,Additional guide/configuration entry,guide extension/configuration,352,,,not in original dictionary,not assessed in original dictionary,Potential source/method identified; no new parameter estimate certified,S05,https://hcad.org/pdata/pdata-property-downloads.html/,https://hcad.org/pdata/pdata-property-downloads.html/; https://www.fema.gov/sites/default/files/documents/fema_flood-map-change-viewer_instructions.pdf; https://www.hcfcd.org/About/Harris-Countys-Flooding-History/Countywide-Impacts; https://www.twdb.texas.gov/flood/planning/data.asp; https://wildfirerisk.org/download/; https://www.beg.utexas.edu/research/programs/coastal/texas-bay-shoreline-change,"S05: Parcel/account and taxing jurisdiction | S06: Flood-zone polygons | S09: Watershed, gauge and event footprint | S11: Statewide; extract Harris County/watersheds | S14: National raster and community summaries | S57: Galveston/Trinity/East/West Bay shorelines, including relevant Harris frontage",S05: 2024 retained; inspect annual historical availability | S06: March 2026 local layer; historic effective dates must be reconstructed | S09: Event reports and gauge-specific records | S11: Dataset-specific; 2021 floodplain compilation and planning updates | S14: Release-specific | S57: Historical shoreline intervals; Galveston system update through 2022,S05: Official pages checked; 2024 raw archives already retained. | S06: Official map-change instructions identified; existing local NFHL layer retained. | S09: Official report and gauge pages read; targeted raw series remain to acquire. | S11: Official download and floodplain documentation pages read; candidate additional GIS. | S14: Official project methods/download pages read; optional source only. | S57: Official project page and GIS service metadata read; no GIS export acquired.,S05: data/raw/public/hcad_2024_Real_acct_owner.zip; hcad_2024_Real_jur_exempt.zip; hcad_2024_Code_description_real.zip; hcad_parcels_2024_oct.zip | S06: data/raw/reused/nfhl_20260303_harris_bbox.geojson | S09: data/raw/reused/harris_climate.csv.gz; hydro_physical.csv.gz provide related existing inputs. | S11: None newly acquired. | S14: None identified in reviewed package. | S57: None identified in reviewed package.,First acquisition and baseline phase,2026-09-10
Total_Hazard_Zone_Area,Hazard,Direct measurement candidate,D,S06 S09 S11,Union the selected dated hazard-zone polygons within the model boundary using an area-preserving projection.,Do not sum overlapping flood mechanisms; distinguish regulatory zone from event footprint.,hectares,P0,Original 215-entry dictionary,unresolved_reference,164,unresolved,,resolve_before_model_build,unavailable,Potential source/method identified; no new parameter estimate certified,S06,https://www.fema.gov/sites/default/files/documents/fema_flood-map-change-viewer_instructions.pdf,https://www.fema.gov/sites/default/files/documents/fema_flood-map-change-viewer_instructions.pdf; https://www.hcfcd.org/About/Harris-Countys-Flooding-History/Countywide-Impacts; https://www.twdb.texas.gov/flood/planning/data.asp,"S06: Flood-zone polygons | S09: Watershed, gauge and event footprint | S11: Statewide; extract Harris County/watersheds",S06: March 2026 local layer; historic effective dates must be reconstructed | S09: Event reports and gauge-specific records | S11: Dataset-specific; 2021 floodplain compilation and planning updates,S06: Official map-change instructions identified; existing local NFHL layer retained. | S09: Official report and gauge pages read; targeted raw series remain to acquire. | S11: Official download and floodplain documentation pages read; candidate additional GIS.,S06: data/raw/reused/nfhl_20260303_harris_bbox.geojson | S09: data/raw/reused/harris_climate.csv.gz; hydro_physical.csv.gz provide related existing inputs. | S11: None newly acquired.,Define/reconcile before parameterization,2026-09-10
Total_Properties,Hazard,Direct measurement candidate,D,S05 S07,Count deduplicated in-scope residential properties using the same account/structure convention as Properties_at_Risk.,Do not mix all-property denominator with residential-only exposure or structures with parcels.,properties,P0,Original 215-entry dictionary,unresolved_reference,50; 522,unresolved,,resolve_before_model_build,unavailable,Potential source/method identified; no new parameter estimate certified,S05,https://hcad.org/pdata/pdata-property-downloads.html/,https://hcad.org/pdata/pdata-property-downloads.html/; https://www.hec.usace.army.mil/confluence/nsi/technicalreferences/2022/technical-documentation,S05: Parcel/account and taxing jurisdiction | S07: Structure points,S05: 2024 retained; inspect annual historical availability | S07: 2022 documentation; a 2026 release also exists,S05: Official pages checked; 2024 raw archives already retained. | S07: Official technical documentation read; local SFHA extract retained.,S05: data/raw/public/hcad_2024_Real_acct_owner.zip; hcad_2024_Real_jur_exempt.zip; hcad_2024_Code_description_real.zip; hcad_parcels_2024_oct.zip | S07: data/raw/reused/nsi_sfha.csv.gz,Define/reconcile before parameterization,2026-09-10
Average_Household_Size,Community,Direct measurement candidate,D,S01 S03 S21,Use B25010 for general baseline; use actual owner/renter household sizes for retreat cohorts.,County average 2.73 in the retained 2024 input is not necessarily the size of households in acquired properties.,people/household,P0,Original 215-entry dictionary,parameter,65; 73,people/household,,input_table,observed,Potential source/method identified; no new parameter estimate certified,S01,https://api.census.gov/data/2024/acs/acs5/groups.html,https://api.census.gov/data/2024/acs/acs5/groups.html; https://www.census.gov/programs-surveys/acs/microdata.html; https://hcd.harriscountytx.gov/About-Us/Public-Records-Request,"S01: County, tract; some block-group tables | S03: PUMA; derive county only where boundaries support it | S21: HCD cases, staff and program finances","S01: Annual 5-year releases; target 2010–2024 | S03: Annual 1-year and 5-year releases | S21: Request 2010–2024, with later completion dates for censoring",S01: Official metadata read. Many 2024 tables and a harmonized historical panel already retained; additional tables require retrieval. | S03: Official access page read; microdata not acquired. | S21: Official request route verified. No request submitted; responsive fields and release are unconfirmed.,S01: data/raw/reused/hydro_acs.csv.gz; local_acs2024_*.csv.gz; data/raw/public/acs2024_*.dat | S03: None identified in reviewed package. | S21: No complete case ledger identified.,Define/reconcile before parameterization,2026-09-10
Base_Outmigration_Rate,Community,Direct measurement candidate,D,S01 S04 S02,Estimate gross annual exits divided by the matching origin population at risk; reconcile ACS/IRS coverage.,Baseline rates already reflect prevailing hazards/attachment; normalize modifiers to avoid suppressing observed flows twice.,1/year,P1,Original 215-entry dictionary,parameter,64; 72; 518,1/year,,input_table,derived_proxy,Potential source/method identified; no new parameter estimate certified,S01,https://api.census.gov/data/2024/acs/acs5/groups.html,https://api.census.gov/data/2024/acs/acs5/groups.html; https://www.irs.gov/statistics/soi-tax-stats-migration-data; https://www2.census.gov/programs-surveys/popest/technical-documentation/file-layouts/2020-2024/CO-EST2024-ALLDATA.pdf,"S01: County, tract; some block-group tables | S04: County origin and destination | S02: Harris County",S01: Annual 5-year releases; target 2010–2024 | S04: Annual tax-year pairs; historical series | S02: Annual; vintage 2024 for 2020–2024; earlier vintages for history,S01: Official metadata read. Many 2024 tables and a harmonized historical panel already retained; additional tables require retrieval. | S04: Official data page read; additional acquisition candidate. | S02: Official documentation read; data not newly acquired.,S01: data/raw/reused/hydro_acs.csv.gz; local_acs2024_*.csv.gz; data/raw/public/acs2024_*.dat | S04: None identified in reviewed package. | S02: None identified in reviewed package.,First acquisition and baseline phase,2026-09-10
Births,Community,Direct measurement candidate,D,S02,Use county population-estimates annual births; obtain subcounty records/approved allocations if the model boundary is smaller.,County totals cannot be assigned proportionally to neighborhoods without uncertainty.,people/year,P1,Original 215-entry dictionary,unresolved_reference,59; 511,unresolved,,resolve_before_model_build,unavailable,Potential source/method identified; no new parameter estimate certified,S02,https://www2.census.gov/programs-surveys/popest/technical-documentation/file-layouts/2020-2024/CO-EST2024-ALLDATA.pdf,https://www2.census.gov/programs-surveys/popest/technical-documentation/file-layouts/2020-2024/CO-EST2024-ALLDATA.pdf,S02: Harris County,S02: Annual; vintage 2024 for 2020–2024; earlier vintages for history,S02: Official documentation read; data not newly acquired.,S02: None identified in reviewed package.,First acquisition and baseline phase,2026-09-10
Community_Attachment_Factor,Community,Calibration or new longitudinal evidence,K,S33 S38,Fit attachment-related retention or application behavior using measured place identity/dependence and residence duration.,Guide weights 0.3/0.4/0.3 are illustrative; test collinearity with social capital and bounds.,0–1 response modifier,P2,Original 215-entry dictionary,aux,64; 68; 520; 525,dimensionless (0-1),0.3 + 0.4 * (Social_Capital / 100) + 0.3 * Place_Attachment_Index,design_only; no executable mdl supplied,,Potential source/method identified; no new parameter estimate certified,S33,https://www.kinderudp.org/#/datasetCatalog/oxwq5xg0ewkj,https://www.kinderudp.org/#/datasetCatalog/oxwq5xg0ewkj; https://research.fs.usda.gov/treesearch/23746,S33: Greater Houston adult respondents; Harris subset/weights must be established | S38: Measurement instrument; no Harris County observations,"S33: 2023–2024 public-use waves; release listed January 9, 2026 | S38: 2003 study",S33: Catalog and 248-page codebook read; codebook downloaded. Public-use data require a request form; no request submitted. Public files omit geocodes. | S38: Primary research repository and PDF identified/read.,S33: reports/2026-09-10_Variable_Source_Assessment/research/GHCP_2023_2024_User_Guide.pdf | S38: No new local survey collected.,"Calibration, validation or optional extension",2026-09-10
Community_Cohesion_Preservation,Community,Proxy or operational definition,P,S33 S38 S35 S36,Measure retention of social ties and neighborhood cohesion among relocated households and their origin networks.,"Co-location of destinations is a proxy, not proof of preserved relationships.",cohesion change/network retention,P2,Additional guide/configuration entry,guide extension/configuration,125,,,not in original dictionary,not assessed in original dictionary,Potential source/method identified; no new parameter estimate certified,S33,https://www.kinderudp.org/#/datasetCatalog/oxwq5xg0ewkj,https://www.kinderudp.org/#/datasetCatalog/oxwq5xg0ewkj; https://research.fs.usda.gov/treesearch/23746; https://idrt.tamu.edu/policy-decision-support/; https://oaktrust.library.tamu.edu/server/api/core/bitstreams/d5d8eede-8885-4ebd-ae00-044e424fbb6f/content,S33: Greater Houston adult respondents; Harris subset/weights must be established | S38: Measurement instrument; no Harris County observations | S35: Historical Harris County buyouts and destination block groups | S36: Mandatory-buyout residents in Harris County,"S33: 2023–2024 public-use waves; release listed January 9, 2026 | S38: 2003 study | S35: Coverage years not verified from underlying data | S36: December 2025 report","S33: Catalog and 248-page codebook read; codebook downloaded. Public-use data require a request form; no request submitted. Public files omit geocodes. | S38: Primary research repository and PDF identified/read. | S35: Institutional project description verified; dashboard exists but underlying exports, completeness and reuse terms are unverified. | S36: 72-page primary report read via web; local PDF download returned 403; underlying interview data access unverified.",S33: reports/2026-09-10_Variable_Source_Assessment/research/GHCP_2023_2024_User_Guide.pdf | S38: No new local survey collected. | S35: No dataset identified in reviewed local files. | S36: No microdata acquired.,"Calibration, validation or optional extension",2026-09-10
Community_Population,Community,Direct measurement candidate,D,S01 S02,Use B01001 total or county population estimates for a fixed boundary; reconcile reference date and group quarters.,A retreat neighborhood and Harris County require different geographic denominators.,people,P0,Original 215-entry dictionary,stock,59; 64; 511; 517; 532,people,,design_only; no executable mdl supplied,observed,Potential source/method identified; no new parameter estimate certified,S01,https://api.census.gov/data/2024/acs/acs5/groups.html,https://api.census.gov/data/2024/acs/acs5/groups.html; https://www2.census.gov/programs-surveys/popest/technical-documentation/file-layouts/2020-2024/CO-EST2024-ALLDATA.pdf,"S01: County, tract; some block-group tables | S02: Harris County",S01: Annual 5-year releases; target 2010–2024 | S02: Annual; vintage 2024 for 2020–2024; earlier vintages for history,S01: Official metadata read. Many 2024 tables and a harmonized historical panel already retained; additional tables require retrieval. | S02: Official documentation read; data not newly acquired.,S01: data/raw/reused/hydro_acs.csv.gz; local_acs2024_*.csv.gz; data/raw/public/acs2024_*.dat | S02: None identified in reviewed package.,Define/reconcile before parameterization,2026-09-10
Community_Social_Capital,Community,Proxy or operational definition,P,S33 S34 S38,"GHCP wave 2304 cohesion items: ppcare, pptrusted, pphelp, closeknit, ppnotalong and italktopp; use Atlas as a separate contextual comparator.","Validate scoring, reverse coding and geographic fit; no observed guide-specific 0–100 stock exists.",documented scale,P1,Original 215-entry dictionary,stock,62; 66; 525,dimensionless (0-100),,design_only; no executable mdl supplied,unavailable,Potential source/method identified; no new parameter estimate certified,S33,https://www.kinderudp.org/#/datasetCatalog/oxwq5xg0ewkj,https://www.kinderudp.org/#/datasetCatalog/oxwq5xg0ewkj; https://www.socialcapital.org/; https://research.fs.usda.gov/treesearch/23746,S33: Greater Houston adult respondents; Harris subset/weights must be established | S34: County and ZIP; some institution measures | S38: Measurement instrument; no Harris County observations,"S33: 2023–2024 public-use waves; release listed January 9, 2026 | S34: 2022 release/cross-sectional network measures | S38: 2003 study",S33: Catalog and 248-page codebook read; codebook downloaded. Public-use data require a request form; no request submitted. Public files omit geocodes. | S34: Project/download pages and tutorial read; data not acquired. | S38: Primary research repository and PDF identified/read.,S33: reports/2026-09-10_Variable_Source_Assessment/research/GHCP_2023_2024_User_Guide.pdf | S34: None identified in reviewed package. | S38: No new local survey collected.,First acquisition and baseline phase,2026-09-10
Deaths,Community,Direct measurement candidate,D,S02,Use annual county deaths in population-estimates components; align boundary and reference year.,Do not interpret all deaths as hazard mortality; keep event deaths as a separate subset if needed.,people/year,P1,Original 215-entry dictionary,unresolved_reference,59; 512,unresolved,,resolve_before_model_build,unavailable,Potential source/method identified; no new parameter estimate certified,S02,https://www2.census.gov/programs-surveys/popest/technical-documentation/file-layouts/2020-2024/CO-EST2024-ALLDATA.pdf,https://www2.census.gov/programs-surveys/popest/technical-documentation/file-layouts/2020-2024/CO-EST2024-ALLDATA.pdf,S02: Harris County,S02: Annual; vintage 2024 for 2020–2024; earlier vintages for history,S02: Official documentation read; data not newly acquired.,S02: None identified in reviewed package.,First acquisition and baseline phase,2026-09-10
Displacement_Stress_Factor,Community,Calibration or new longitudinal evidence,K,S33 S37 S36,Estimate how displacement changes social cohesion after controlling baseline ties and concurrent hazard impacts.,No independent public coefficient identified; guide units and model response require explicit definition.,1/year or response coefficient,P2,Original 215-entry dictionary,unresolved_reference,66,unresolved,,resolve_before_model_build,unavailable,Potential source/method identified; no new parameter estimate certified,S33,https://www.kinderudp.org/#/datasetCatalog/oxwq5xg0ewkj,https://www.kinderudp.org/#/datasetCatalog/oxwq5xg0ewkj; https://floodregistry.rice.edu/; https://oaktrust.library.tamu.edu/server/api/core/bitstreams/d5d8eede-8885-4ebd-ae00-044e424fbb6f/content,S33: Greater Houston adult respondents; Harris subset/weights must be established | S37: Participating Houston-area residents; public aggregated products | S36: Mandatory-buyout residents in Harris County,"S33: 2023–2024 public-use waves; release listed January 9, 2026 | S37: Post-Harvey waves; product-specific | S36: December 2025 report",S33: Catalog and 248-page codebook read; codebook downloaded. Public-use data require a request form; no request submitted. Public files omit geocodes. | S37: Institutional page and catalog descriptions read; underlying records/precise access need confirmation. | S36: 72-page primary report read via web; local PDF download returned 403; underlying interview data access unverified.,S33: reports/2026-09-10_Variable_Source_Assessment/research/GHCP_2023_2024_User_Guide.pdf | S37: None identified in reviewed package. | S36: No microdata acquired.,"Calibration, validation or optional extension",2026-09-10
Hazard_Pressure_Multiplier,Community,Calibration or new longitudinal evidence,K,S33 S37 S09 S04,"Relate measured perceived/actual risk to subsequent moves, controlling baseline migration and economic conditions.",The factor 2 in the guide is not estimated evidence; distinguish risk perception from exposure.,ratio,P2,Original 215-entry dictionary,aux,64; 69; 519,dimensionless,1 + 2 * Hazard_Exposure_Index * (1 - Perceived_Safety),design_only; no executable mdl supplied,,Potential source/method identified; no new parameter estimate certified,S33,https://www.kinderudp.org/#/datasetCatalog/oxwq5xg0ewkj,https://www.kinderudp.org/#/datasetCatalog/oxwq5xg0ewkj; https://floodregistry.rice.edu/; https://www.hcfcd.org/About/Harris-Countys-Flooding-History/Countywide-Impacts; https://www.irs.gov/statistics/soi-tax-stats-migration-data,"S33: Greater Houston adult respondents; Harris subset/weights must be established | S37: Participating Houston-area residents; public aggregated products | S09: Watershed, gauge and event footprint | S04: County origin and destination","S33: 2023–2024 public-use waves; release listed January 9, 2026 | S37: Post-Harvey waves; product-specific | S09: Event reports and gauge-specific records | S04: Annual tax-year pairs; historical series",S33: Catalog and 248-page codebook read; codebook downloaded. Public-use data require a request form; no request submitted. Public files omit geocodes. | S37: Institutional page and catalog descriptions read; underlying records/precise access need confirmation. | S09: Official report and gauge pages read; targeted raw series remain to acquire. | S04: Official data page read; additional acquisition candidate.,S33: reports/2026-09-10_Variable_Source_Assessment/research/GHCP_2023_2024_User_Guide.pdf | S37: None identified in reviewed package. | S09: data/raw/reused/harris_climate.csv.gz; hydro_physical.csv.gz provide related existing inputs. | S04: None identified in reviewed package.,"Calibration, validation or optional extension",2026-09-10
Homeowner_Outmigration,Community,Calibration or new longitudinal evidence,K,S01 S03 S04,Use mobility microdata to benchmark household flows; seek longitudinal prior-tenure evidence to identify homeowner exits.,Public ACS/PUMS current tenure does not identify prior-tenure household transitions; IRS has no tenure field.,owner households/year,P2,Original 215-entry dictionary,unresolved_reference,60,unresolved,,resolve_before_model_build,unavailable,Potential source/method identified; no new parameter estimate certified,S01,https://api.census.gov/data/2024/acs/acs5/groups.html,https://api.census.gov/data/2024/acs/acs5/groups.html; https://www.census.gov/programs-surveys/acs/microdata.html; https://www.irs.gov/statistics/soi-tax-stats-migration-data,"S01: County, tract; some block-group tables | S03: PUMA; derive county only where boundaries support it | S04: County origin and destination",S01: Annual 5-year releases; target 2010–2024 | S03: Annual 1-year and 5-year releases | S04: Annual tax-year pairs; historical series,S01: Official metadata read. Many 2024 tables and a harmonized historical panel already retained; additional tables require retrieval. | S03: Official access page read; microdata not acquired. | S04: Official data page read; additional acquisition candidate.,S01: data/raw/reused/hydro_acs.csv.gz; local_acs2024_*.csv.gz; data/raw/public/acs2024_*.dat | S03: None identified in reviewed package. | S04: None identified in reviewed package.,"Calibration, validation or optional extension",2026-09-10
Homeowner_Retreat,Community,Direct measurement candidate,D,S21 S22,Count actual owner-occupant households moving through completed retreat cases.,An owner can sell without residing at the property; do not infer household exits from purchases.,owner households/year,P1,Original 215-entry dictionary,unresolved_reference,60,unresolved,,resolve_before_model_build,unavailable,Potential source/method identified; no new parameter estimate certified,S21,https://hcd.harriscountytx.gov/About-Us/Public-Records-Request,https://hcd.harriscountytx.gov/About-Us/Public-Records-Request; https://www.hcfcd.org/Community/Contact-Us/Public-Information-Requests,"S21: HCD cases, staff and program finances | S22: HCFCD program, acquisition, land and infrastructure records","S21: Request 2010–2024, with later completion dates for censoring | S22: Request historical cohorts and 2024 opening balances",S21: Official request route verified. No request submitted; responsive fields and release are unconfirmed. | S22: Official public-information request page read; no request submitted.,S21: No complete case ledger identified. | S22: No complete longitudinal ledger identified.,First acquisition and baseline phase,2026-09-10
Homeowners,Community,Direct measurement candidate,D,S01 S03 S21,B25003 owner-occupied households; use occupancy/tenure records to subset the retreat population.,"Property owners, owner-occupied households and HCAD accounts differ; exclude absentee owners from resident counts.",households,P0,Original 215-entry dictionary,stock,60; 259,households,,design_only; no executable mdl supplied,observed,Potential source/method identified; no new parameter estimate certified,S01,https://api.census.gov/data/2024/acs/acs5/groups.html,https://api.census.gov/data/2024/acs/acs5/groups.html; https://www.census.gov/programs-surveys/acs/microdata.html; https://hcd.harriscountytx.gov/About-Us/Public-Records-Request,"S01: County, tract; some block-group tables | S03: PUMA; derive county only where boundaries support it | S21: HCD cases, staff and program finances","S01: Annual 5-year releases; target 2010–2024 | S03: Annual 1-year and 5-year releases | S21: Request 2010–2024, with later completion dates for censoring",S01: Official metadata read. Many 2024 tables and a harmonized historical panel already retained; additional tables require retrieval. | S03: Official access page read; microdata not acquired. | S21: Official request route verified. No request submitted; responsive fields and release are unconfirmed.,S01: data/raw/reused/hydro_acs.csv.gz; local_acs2024_*.csv.gz; data/raw/public/acs2024_*.dat | S03: None identified in reviewed package. | S21: No complete case ledger identified.,Define/reconcile before parameterization,2026-09-10
Immigration,Community,Direct measurement candidate,D,S01 S03 S04 S02,Estimate gross incoming migration across the model boundary using ACS/IRS origin-destination data.,PEP net international/domestic migration does not identify all gross arrivals.,people/year,P1,Original 215-entry dictionary,unresolved_reference,59; 511,unresolved,,resolve_before_model_build,unavailable,Potential source/method identified; no new parameter estimate certified,S01,https://api.census.gov/data/2024/acs/acs5/groups.html,https://api.census.gov/data/2024/acs/acs5/groups.html; https://www.census.gov/programs-surveys/acs/microdata.html; https://www.irs.gov/statistics/soi-tax-stats-migration-data; https://www2.census.gov/programs-surveys/popest/technical-documentation/file-layouts/2020-2024/CO-EST2024-ALLDATA.pdf,"S01: County, tract; some block-group tables | S03: PUMA; derive county only where boundaries support it | S04: County origin and destination | S02: Harris County",S01: Annual 5-year releases; target 2010–2024 | S03: Annual 1-year and 5-year releases | S04: Annual tax-year pairs; historical series | S02: Annual; vintage 2024 for 2020–2024; earlier vintages for history,S01: Official metadata read. Many 2024 tables and a harmonized historical panel already retained; additional tables require retrieval. | S03: Official access page read; microdata not acquired. | S04: Official data page read; additional acquisition candidate. | S02: Official documentation read; data not newly acquired.,S01: data/raw/reused/hydro_acs.csv.gz; local_acs2024_*.csv.gz; data/raw/public/acs2024_*.dat | S03: None identified in reviewed package. | S04: None identified in reviewed package. | S02: None identified in reviewed package.,First acquisition and baseline phase,2026-09-10
Initial_Homeowners,Community,Alias to reconcile,A,S01 S21,"Reconcile to Homeowners at baseline; use the same source, definition, baseline and units.","Retain the original spelling in the audit, but do not create a second independently calibrated variable.",,P1,Original 215-entry dictionary,unresolved_reference,60,unresolved,,resolve_before_model_build,unavailable,Potential source/method identified; no new parameter estimate certified,S01,https://api.census.gov/data/2024/acs/acs5/groups.html,https://api.census.gov/data/2024/acs/acs5/groups.html; https://hcd.harriscountytx.gov/About-Us/Public-Records-Request,"S01: County, tract; some block-group tables | S21: HCD cases, staff and program finances","S01: Annual 5-year releases; target 2010–2024 | S21: Request 2010–2024, with later completion dates for censoring",S01: Official metadata read. Many 2024 tables and a harmonized historical panel already retained; additional tables require retrieval. | S21: Official request route verified. No request submitted; responsive fields and release are unconfirmed.,S01: data/raw/reused/hydro_acs.csv.gz; local_acs2024_*.csv.gz; data/raw/public/acs2024_*.dat | S21: No complete case ledger identified.,First acquisition and baseline phase,2026-09-10
Initial_Population,Community,Alias to reconcile,A,S01 S02,"Reconcile to Community_Population at baseline; use the same source, definition, baseline and units.","Retain the original spelling in the audit, but do not create a second independently calibrated variable.",,P1,Original 215-entry dictionary,unresolved_reference,59; 512,unresolved,,resolve_before_model_build,unavailable,Potential source/method identified; no new parameter estimate certified,S01,https://api.census.gov/data/2024/acs/acs5/groups.html,https://api.census.gov/data/2024/acs/acs5/groups.html; https://www2.census.gov/programs-surveys/popest/technical-documentation/file-layouts/2020-2024/CO-EST2024-ALLDATA.pdf,"S01: County, tract; some block-group tables | S02: Harris County",S01: Annual 5-year releases; target 2010–2024 | S02: Annual; vintage 2024 for 2020–2024; earlier vintages for history,S01: Official metadata read. Many 2024 tables and a harmonized historical panel already retained; additional tables require retrieval. | S02: Official documentation read; data not newly acquired.,S01: data/raw/reused/hydro_acs.csv.gz; local_acs2024_*.csv.gz; data/raw/public/acs2024_*.dat | S02: None identified in reviewed package.,First acquisition and baseline phase,2026-09-10
Initial_Renters,Community,Alias to reconcile,A,S01 S21,"Reconcile to Renters at baseline; use the same source, definition, baseline and units.","Retain the original spelling in the audit, but do not create a second independently calibrated variable.",,P1,Original 215-entry dictionary,unresolved_reference,61,unresolved,,resolve_before_model_build,unavailable,Potential source/method identified; no new parameter estimate certified,S01,https://api.census.gov/data/2024/acs/acs5/groups.html,https://api.census.gov/data/2024/acs/acs5/groups.html; https://hcd.harriscountytx.gov/About-Us/Public-Records-Request,"S01: County, tract; some block-group tables | S21: HCD cases, staff and program finances","S01: Annual 5-year releases; target 2010–2024 | S21: Request 2010–2024, with later completion dates for censoring",S01: Official metadata read. Many 2024 tables and a harmonized historical panel already retained; additional tables require retrieval. | S21: Official request route verified. No request submitted; responsive fields and release are unconfirmed.,S01: data/raw/reused/hydro_acs.csv.gz; local_acs2024_*.csv.gz; data/raw/public/acs2024_*.dat | S21: No complete case ledger identified.,First acquisition and baseline phase,2026-09-10
Managed_Retreat_Relocations,Community,Direct measurement candidate,D,S21 S22 S35,"Count actual people moving in retreat cases, with date and destination relative to the model boundary.",Properties times mean household size is only a fallback; successful resettlement is distinct from moving.,people/year,P1,Original 215-entry dictionary,flow,59; 65; 512,people/year,Properties_Retreated * Average_Household_Size * Relocation_Success_Rate,design_only; no executable mdl supplied,,Potential source/method identified; no new parameter estimate certified,S21,https://hcd.harriscountytx.gov/About-Us/Public-Records-Request,https://hcd.harriscountytx.gov/About-Us/Public-Records-Request; https://www.hcfcd.org/Community/Contact-Us/Public-Information-Requests; https://idrt.tamu.edu/policy-decision-support/,"S21: HCD cases, staff and program finances | S22: HCFCD program, acquisition, land and infrastructure records | S35: Historical Harris County buyouts and destination block groups","S21: Request 2010–2024, with later completion dates for censoring | S22: Request historical cohorts and 2024 opening balances | S35: Coverage years not verified from underlying data","S21: Official request route verified. No request submitted; responsive fields and release are unconfirmed. | S22: Official public-information request page read; no request submitted. | S35: Institutional project description verified; dashboard exists but underlying exports, completeness and reuse terms are unverified.",S21: No complete case ledger identified. | S22: No complete longitudinal ledger identified. | S35: No dataset identified in reviewed local files.,First acquisition and baseline phase,2026-09-10
New_Homeownership,Community,Calibration or new longitudinal evidence,K,S03 S01 S15,Estimate ownership entry and tenure transitions using repeated or longitudinal housing data; benchmark net stock change.,Successive ACS cross-sections do not uniquely identify gross tenure transitions.,households/year,P2,Original 215-entry dictionary,unresolved_reference,60,unresolved,,resolve_before_model_build,unavailable,Potential source/method identified; no new parameter estimate certified,S03,https://www.census.gov/programs-surveys/acs/microdata.html,https://www.census.gov/programs-surveys/acs/microdata.html; https://api.census.gov/data/2024/acs/acs5/groups.html; https://www.h-gac.com/regional-growth-forecast,"S03: PUMA; derive county only where boundaries support it | S01: County, tract; some block-group tables | S15: Region, tract/forecast zones and parcels",S03: Annual 1-year and 5-year releases | S01: Annual 5-year releases; target 2010–2024 | S15: Existing forecast/land-change files; horizon varies by edition,S03: Official access page read; microdata not acquired. | S01: Official metadata read. Many 2024 tables and a harmonized historical panel already retained; additional tables require retrieval. | S15: Official pages checked; local forecast and changed-parcel extracts retained; some GIS uses a request form.,S03: None identified in reviewed package. | S01: data/raw/reused/hydro_acs.csv.gz; local_acs2024_*.csv.gz; data/raw/public/acs2024_*.dat | S15: data/raw/reused/hgac_tracts.csv; hgac_changed_parcels.csv,"Calibration, validation or optional extension",2026-09-10
New_Renters,Community,Calibration or new longitudinal evidence,K,S03 S01 S15,Estimate new renter-household entries and tenure transitions using appropriate household-flow evidence.,"Net renter-stock change cannot distinguish new household formation, migration and tenure switching.",households/year,P2,Original 215-entry dictionary,unresolved_reference,61,unresolved,,resolve_before_model_build,unavailable,Potential source/method identified; no new parameter estimate certified,S03,https://www.census.gov/programs-surveys/acs/microdata.html,https://www.census.gov/programs-surveys/acs/microdata.html; https://api.census.gov/data/2024/acs/acs5/groups.html; https://www.h-gac.com/regional-growth-forecast,"S03: PUMA; derive county only where boundaries support it | S01: County, tract; some block-group tables | S15: Region, tract/forecast zones and parcels",S03: Annual 1-year and 5-year releases | S01: Annual 5-year releases; target 2010–2024 | S15: Existing forecast/land-change files; horizon varies by edition,S03: Official access page read; microdata not acquired. | S01: Official metadata read. Many 2024 tables and a harmonized historical panel already retained; additional tables require retrieval. | S15: Official pages checked; local forecast and changed-parcel extracts retained; some GIS uses a request form.,S03: None identified in reviewed package. | S01: data/raw/reused/hydro_acs.csv.gz; local_acs2024_*.csv.gz; data/raw/public/acs2024_*.dat | S15: data/raw/reused/hgac_tracts.csv; hgac_changed_parcels.csv,"Calibration, validation or optional extension",2026-09-10
Outmigration,Community,Direct measurement candidate,D,S01 S04 S02,Use origin-based ACS migration and IRS county outflows; separate moves crossing the model boundary from within-boundary moves.,"PEP provides net migration, not gross exits; identify retreat moves to avoid counting them twice.",people/year,P1,Original 215-entry dictionary,flow,24; 59; 64; 512; 517; 533,people/year,Community_Population * Base_Outmigration_Rate * Hazard_Pressure_Multiplier * (1 - Community_Attachment_Factor),design_only; no executable mdl supplied,,Potential source/method identified; no new parameter estimate certified,S01,https://api.census.gov/data/2024/acs/acs5/groups.html,https://api.census.gov/data/2024/acs/acs5/groups.html; https://www.irs.gov/statistics/soi-tax-stats-migration-data; https://www2.census.gov/programs-surveys/popest/technical-documentation/file-layouts/2020-2024/CO-EST2024-ALLDATA.pdf,"S01: County, tract; some block-group tables | S04: County origin and destination | S02: Harris County",S01: Annual 5-year releases; target 2010–2024 | S04: Annual tax-year pairs; historical series | S02: Annual; vintage 2024 for 2020–2024; earlier vintages for history,S01: Official metadata read. Many 2024 tables and a harmonized historical panel already retained; additional tables require retrieval. | S04: Official data page read; additional acquisition candidate. | S02: Official documentation read; data not newly acquired.,S01: data/raw/reused/hydro_acs.csv.gz; local_acs2024_*.csv.gz; data/raw/public/acs2024_*.dat | S04: None identified in reviewed package. | S02: None identified in reviewed package.,First acquisition and baseline phase,2026-09-10
Perceived_Safety,Community,Proxy or operational definition,P,S33 S37 S09,Collect flood-specific perceived safety at origin and destination; compare with mapped/observed risk.,GHCP general housing/neighborhood safety may concern crime; use exact wording before treating it as flood safety.,survey probability/scale,P1,Original 215-entry dictionary,unresolved_reference,69,unresolved,,resolve_before_model_build,unavailable,Potential source/method identified; no new parameter estimate certified,S33,https://www.kinderudp.org/#/datasetCatalog/oxwq5xg0ewkj,https://www.kinderudp.org/#/datasetCatalog/oxwq5xg0ewkj; https://floodregistry.rice.edu/; https://www.hcfcd.org/About/Harris-Countys-Flooding-History/Countywide-Impacts,"S33: Greater Houston adult respondents; Harris subset/weights must be established | S37: Participating Houston-area residents; public aggregated products | S09: Watershed, gauge and event footprint","S33: 2023–2024 public-use waves; release listed January 9, 2026 | S37: Post-Harvey waves; product-specific | S09: Event reports and gauge-specific records",S33: Catalog and 248-page codebook read; codebook downloaded. Public-use data require a request form; no request submitted. Public files omit geocodes. | S37: Institutional page and catalog descriptions read; underlying records/precise access need confirmation. | S09: Official report and gauge pages read; targeted raw series remain to acquire.,S33: reports/2026-09-10_Variable_Source_Assessment/research/GHCP_2023_2024_User_Guide.pdf | S37: None identified in reviewed package. | S09: data/raw/reused/harris_climate.csv.gz; hydro_physical.csv.gz provide related existing inputs.,First acquisition and baseline phase,2026-09-10
Place_Attachment_Index,Community,Proxy or operational definition,P,S33 S38 S46,Use GHCP g2403_hmneigh as a limited proxy; preferably collect adapted place-identity/dependence items.,Years of residence and Indigenous identity cannot justify automatic attachment coefficients.,0–1 or validated scale,P1,Original 215-entry dictionary,aux,68; 70; 127; 526,dimensionless (0-1),"IF THEN ELSE(First_Nations_Community = 1, 0.8 + 0.2 * Ancestral_Land_Significance,
0.4 + 0.3 * Years_of_Residence / 50)",design_only; no executable mdl supplied,,Potential source/method identified; no new parameter estimate certified,S33,https://www.kinderudp.org/#/datasetCatalog/oxwq5xg0ewkj,https://www.kinderudp.org/#/datasetCatalog/oxwq5xg0ewkj; https://research.fs.usda.gov/treesearch/23746; https://egis.hud.gov/TDAT/,S33: Greater Houston adult respondents; Harris subset/weights must be established | S38: Measurement instrument; no Harris County observations | S46: County-linked tribal interests and contacts,"S33: 2023–2024 public-use waves; release listed January 9, 2026 | S38: 2003 study | S46: Current tool; historical interest not a numeric time series",S33: Catalog and 248-page codebook read; codebook downloaded. Public-use data require a request form; no request submitted. Public files omit geocodes. | S38: Primary research repository and PDF identified/read. | S46: Official tool and manual read; no consultation initiated.,S33: reports/2026-09-10_Variable_Source_Assessment/research/GHCP_2023_2024_User_Guide.pdf | S38: No new local survey collected. | S46: None identified in reviewed package.,First acquisition and baseline phase,2026-09-10
Population_Decline_Rate,Community,Calculated model quantity,C,S01 S02,"Calculate negative population change relative to a consistent baseline, separating migration and natural change.",Overlapping ACS estimates smooth changes; an algebraic decline measure is not itself a causal driver.,1/year,P1,Original 215-entry dictionary,unresolved_reference,66,unresolved,,resolve_before_model_build,unavailable,Potential source/method identified; no new parameter estimate certified,S01,https://api.census.gov/data/2024/acs/acs5/groups.html,https://api.census.gov/data/2024/acs/acs5/groups.html; https://www2.census.gov/programs-surveys/popest/technical-documentation/file-layouts/2020-2024/CO-EST2024-ALLDATA.pdf,"S01: County, tract; some block-group tables | S02: Harris County",S01: Annual 5-year releases; target 2010–2024 | S02: Annual; vintage 2024 for 2020–2024; earlier vintages for history,S01: Official metadata read. Many 2024 tables and a harmonized historical panel already retained; additional tables require retrieval. | S02: Official documentation read; data not newly acquired.,S01: data/raw/reused/hydro_acs.csv.gz; local_acs2024_*.csv.gz; data/raw/public/acs2024_*.dat | S02: None identified in reviewed package.,First acquisition and baseline phase,2026-09-10
Renter_Displacement,Community,Direct measurement candidate,D,S21 S22 S37,"Record tenant departures, cause, timing and destination after acquisition or hazard damage.",Tenant moves may precede closing and be absent from owner-only acquisition data.,renter households/year,P1,Original 215-entry dictionary,unresolved_reference,61,unresolved,,resolve_before_model_build,unavailable,Potential source/method identified; no new parameter estimate certified,S21,https://hcd.harriscountytx.gov/About-Us/Public-Records-Request,https://hcd.harriscountytx.gov/About-Us/Public-Records-Request; https://www.hcfcd.org/Community/Contact-Us/Public-Information-Requests; https://floodregistry.rice.edu/,"S21: HCD cases, staff and program finances | S22: HCFCD program, acquisition, land and infrastructure records | S37: Participating Houston-area residents; public aggregated products","S21: Request 2010–2024, with later completion dates for censoring | S22: Request historical cohorts and 2024 opening balances | S37: Post-Harvey waves; product-specific",S21: Official request route verified. No request submitted; responsive fields and release are unconfirmed. | S22: Official public-information request page read; no request submitted. | S37: Institutional page and catalog descriptions read; underlying records/precise access need confirmation.,S21: No complete case ledger identified. | S22: No complete longitudinal ledger identified. | S37: None identified in reviewed package.,First acquisition and baseline phase,2026-09-10
Renter_Retreat,Community,Direct measurement candidate,D,S21 S22,"Count renter households actually relocating through retreat assistance, linked to property and move dates.","Separate voluntary moves, eviction/displacement and program-supported relocation.",renter households/year,P1,Original 215-entry dictionary,unresolved_reference,61,unresolved,,resolve_before_model_build,unavailable,Potential source/method identified; no new parameter estimate certified,S21,https://hcd.harriscountytx.gov/About-Us/Public-Records-Request,https://hcd.harriscountytx.gov/About-Us/Public-Records-Request; https://www.hcfcd.org/Community/Contact-Us/Public-Information-Requests,"S21: HCD cases, staff and program finances | S22: HCFCD program, acquisition, land and infrastructure records","S21: Request 2010–2024, with later completion dates for censoring | S22: Request historical cohorts and 2024 opening balances",S21: Official request route verified. No request submitted; responsive fields and release are unconfirmed. | S22: Official public-information request page read; no request submitted.,S21: No complete case ledger identified. | S22: No complete longitudinal ledger identified.,First acquisition and baseline phase,2026-09-10
Renters,Community,Direct measurement candidate,D,S01 S03 S21,B25003 renter-occupied households; verify tenants per acquired structure using program records.,An acquired multifamily property can house multiple renter households.,households,P0,Original 215-entry dictionary,stock,61; 259,households,,design_only; no executable mdl supplied,observed,Potential source/method identified; no new parameter estimate certified,S01,https://api.census.gov/data/2024/acs/acs5/groups.html,https://api.census.gov/data/2024/acs/acs5/groups.html; https://www.census.gov/programs-surveys/acs/microdata.html; https://hcd.harriscountytx.gov/About-Us/Public-Records-Request,"S01: County, tract; some block-group tables | S03: PUMA; derive county only where boundaries support it | S21: HCD cases, staff and program finances","S01: Annual 5-year releases; target 2010–2024 | S03: Annual 1-year and 5-year releases | S21: Request 2010–2024, with later completion dates for censoring",S01: Official metadata read. Many 2024 tables and a harmonized historical panel already retained; additional tables require retrieval. | S03: Official access page read; microdata not acquired. | S21: Official request route verified. No request submitted; responsive fields and release are unconfirmed.,S01: data/raw/reused/hydro_acs.csv.gz; local_acs2024_*.csv.gz; data/raw/public/acs2024_*.dat | S03: None identified in reviewed package. | S21: No complete case ledger identified.,Define/reconcile before parameterization,2026-09-10
Social_Capital,Community,Alias to reconcile,A,S33 S34,"Reconcile to Community_Social_Capital; use the same source, definition, baseline and units.","Retain the original spelling in the audit, but do not create a second independently calibrated variable.",,P1,Original 215-entry dictionary,unresolved_reference,68,unresolved,,resolve_before_model_build,unavailable,Potential source/method identified; no new parameter estimate certified,S33,https://www.kinderudp.org/#/datasetCatalog/oxwq5xg0ewkj,https://www.kinderudp.org/#/datasetCatalog/oxwq5xg0ewkj; https://www.socialcapital.org/,S33: Greater Houston adult respondents; Harris subset/weights must be established | S34: County and ZIP; some institution measures,"S33: 2023–2024 public-use waves; release listed January 9, 2026 | S34: 2022 release/cross-sectional network measures",S33: Catalog and 248-page codebook read; codebook downloaded. Public-use data require a request form; no request submitted. Public files omit geocodes. | S34: Project/download pages and tutorial read; data not acquired.,S33: reports/2026-09-10_Variable_Source_Assessment/research/GHCP_2023_2024_User_Guide.pdf | S34: None identified in reviewed package.,First acquisition and baseline phase,2026-09-10
Social_Capital_Building,Community,Calibration or new longitudinal evidence,K,S33 S34 S21,Estimate longitudinal cohesion/network gains following local organization and support activity.,Do not infer annual growth from one cross-sectional Atlas score or meeting count.,scale points/year,P2,Original 215-entry dictionary,unresolved_reference,62,unresolved,,resolve_before_model_build,unavailable,Potential source/method identified; no new parameter estimate certified,S33,https://www.kinderudp.org/#/datasetCatalog/oxwq5xg0ewkj,https://www.kinderudp.org/#/datasetCatalog/oxwq5xg0ewkj; https://www.socialcapital.org/; https://hcd.harriscountytx.gov/About-Us/Public-Records-Request,"S33: Greater Houston adult respondents; Harris subset/weights must be established | S34: County and ZIP; some institution measures | S21: HCD cases, staff and program finances","S33: 2023–2024 public-use waves; release listed January 9, 2026 | S34: 2022 release/cross-sectional network measures | S21: Request 2010–2024, with later completion dates for censoring",S33: Catalog and 248-page codebook read; codebook downloaded. Public-use data require a request form; no request submitted. Public files omit geocodes. | S34: Project/download pages and tutorial read; data not acquired. | S21: Official request route verified. No request submitted; responsive fields and release are unconfirmed.,S33: reports/2026-09-10_Variable_Source_Assessment/research/GHCP_2023_2024_User_Guide.pdf | S34: None identified in reviewed package. | S21: No complete case ledger identified.,"Calibration, validation or optional extension",2026-09-10
Social_Capital_Erosion,Community,Calibration or new longitudinal evidence,K,S33 S36 S37,Estimate within-person/community change in cohesion after displacement using repeated observations and comparison populations.,Cross-sectional scores and qualitative interviews do not identify an annual erosion coefficient.,scale points/year,P2,Original 215-entry dictionary,flow,62; 66,units/year,Community_Social_Capital * (Population_Decline_Rate + Displacement_Stress_Factor) * 0.1,design_only; no executable mdl supplied,,Potential source/method identified; no new parameter estimate certified,S33,https://www.kinderudp.org/#/datasetCatalog/oxwq5xg0ewkj,https://www.kinderudp.org/#/datasetCatalog/oxwq5xg0ewkj; https://oaktrust.library.tamu.edu/server/api/core/bitstreams/d5d8eede-8885-4ebd-ae00-044e424fbb6f/content; https://floodregistry.rice.edu/,S33: Greater Houston adult respondents; Harris subset/weights must be established | S36: Mandatory-buyout residents in Harris County | S37: Participating Houston-area residents; public aggregated products,"S33: 2023–2024 public-use waves; release listed January 9, 2026 | S36: December 2025 report | S37: Post-Harvey waves; product-specific",S33: Catalog and 248-page codebook read; codebook downloaded. Public-use data require a request form; no request submitted. Public files omit geocodes. | S36: 72-page primary report read via web; local PDF download returned 403; underlying interview data access unverified. | S37: Institutional page and catalog descriptions read; underlying records/precise access need confirmation.,S33: reports/2026-09-10_Variable_Source_Assessment/research/GHCP_2023_2024_User_Guide.pdf | S36: No microdata acquired. | S37: None identified in reviewed package.,"Calibration, validation or optional extension",2026-09-10
Total_Households,Community,Direct measurement candidate,D,S01 S03,Use B25003 total occupied housing units/households for the reference geography; reconcile eligible program household denominator.,Housing units include vacancies; total persons divided by a rounded household size is only an approximation.,households,P0,Original 215-entry dictionary,unresolved_reference,145,unresolved,,resolve_before_model_build,unavailable,Potential source/method identified; no new parameter estimate certified,S01,https://api.census.gov/data/2024/acs/acs5/groups.html,https://api.census.gov/data/2024/acs/acs5/groups.html; https://www.census.gov/programs-surveys/acs/microdata.html,"S01: County, tract; some block-group tables | S03: PUMA; derive county only where boundaries support it",S01: Annual 5-year releases; target 2010–2024 | S03: Annual 1-year and 5-year releases,S01: Official metadata read. Many 2024 tables and a harmonized historical panel already retained; additional tables require retrieval. | S03: Official access page read; microdata not acquired.,S01: data/raw/reused/hydro_acs.csv.gz; local_acs2024_*.csv.gz; data/raw/public/acs2024_*.dat | S03: None identified in reviewed package.,Define/reconcile before parameterization,2026-09-10
Years_of_Residence,Community,Direct measurement candidate,D,S33 S01 S03,"Use GHCP g2304_yrsneigh, ACS B25038 move-in bands or direct household residence histories.",Neighborhood tenure and years in the current dwelling differ; interval-coded durations are not exact years.,years or duration band,P1,Original 215-entry dictionary,unresolved_reference,70,unresolved,,resolve_before_model_build,unavailable,Potential source/method identified; no new parameter estimate certified,S33,https://www.kinderudp.org/#/datasetCatalog/oxwq5xg0ewkj,https://www.kinderudp.org/#/datasetCatalog/oxwq5xg0ewkj; https://api.census.gov/data/2024/acs/acs5/groups.html; https://www.census.gov/programs-surveys/acs/microdata.html,"S33: Greater Houston adult respondents; Harris subset/weights must be established | S01: County, tract; some block-group tables | S03: PUMA; derive county only where boundaries support it","S33: 2023–2024 public-use waves; release listed January 9, 2026 | S01: Annual 5-year releases; target 2010–2024 | S03: Annual 1-year and 5-year releases",S33: Catalog and 248-page codebook read; codebook downloaded. Public-use data require a request form; no request submitted. Public files omit geocodes. | S01: Official metadata read. Many 2024 tables and a harmonized historical panel already retained; additional tables require retrieval. | S03: Official access page read; microdata not acquired.,S33: reports/2026-09-10_Variable_Source_Assessment/research/GHCP_2023_2024_User_Guide.pdf | S01: data/raw/reused/hydro_acs.csv.gz; local_acs2024_*.csv.gz; data/raw/public/acs2024_*.dat | S03: None identified in reviewed package.,First acquisition and baseline phase,2026-09-10
Annual_Disaster_Damage_Costs,Fiscal,Calibration or new longitudinal evidence,K,S09 S25 S56 S07 S31,"Estimate event losses from depth/structure curves, checked against observed claims and assessments, then annualize.",Insured/applicant losses are incomplete; calibrate selection and structure-value basis.,USD_2024/year,P1,Original 215-entry dictionary,flow,79; 82,dollars/year,Hazard_Event_Rate * Properties_at_Risk * Average_Property_Value * Average_Damage_Fraction,design_only; no executable mdl supplied,,Potential source/method identified; no new parameter estimate certified,S09,https://www.hcfcd.org/About/Harris-Countys-Flooding-History/Countywide-Impacts,https://www.hcfcd.org/About/Harris-Countys-Flooding-History/Countywide-Impacts; https://www.fema.gov/openfema-data-page/fima-nfip-redacted-claims-v2; https://www.fema.gov/sites/default/files/documents/fema_rsl_hazus-7-fltm_06272025_0.pdf; https://www.hec.usace.army.mil/confluence/nsi/technicalreferences/2022/technical-documentation; https://www.bls.gov/cpi/data.htm,"S09: Watershed, gauge and event footprint | S25: Redacted claims/applications; local tract aggregation | S56: Engineering loss-model methodology | S07: Structure points | S31: Houston metropolitan area or national benchmark","S09: Event reports and gauge-specific records | S25: Historical panel coverage varies by source | S56: Hazus 7, 2025 manual | S07: 2022 documentation; a 2026 release also exists | S31: Monthly/bimonthly or annual series depending geography",S09: Official report and gauge pages read; targeted raw series remain to acquire. | S25: Local harmonized inputs retained. FEMA landing page returned 403 during this review; original lineage retained in upstream files. | S56: Official manual located during research; local structure/depth inputs must be assembled. | S07: Official technical documentation read; local SFHA extract retained. | S31: Official data and Houston release pages read; deflator not yet applied.,S09: data/raw/reused/harris_climate.csv.gz; hydro_physical.csv.gz provide related existing inputs. | S25: data/raw/reused/hydro_nfip.csv.gz; hydro_ihp.csv.gz | S56: NSI and physical hazard inputs partly retained. | S07: data/raw/reused/nsi_sfha.csv.gz | S31: Existing monetary series remain nominal unless explicitly labeled otherwise.,First acquisition and baseline phase,2026-09-10
Average_Property_Value,Fiscal,Direct measurement candidate,D,S05 S21 S16 S31,"Calculate mean cohort-specific appraisal/purchase-basis value, reporting median and distribution; deflate consistently.","Do not mix assessed taxable, market, replacement and post-disaster values.",USD_2024/property,P0,Original 215-entry dictionary,parameter,81; 82; 92; 121; 516; 535,USD_2024/property,,input_table,derived_proxy,Potential source/method identified; no new parameter estimate certified,S05,https://hcad.org/pdata/pdata-property-downloads.html/,https://hcad.org/pdata/pdata-property-downloads.html/; https://hcd.harriscountytx.gov/About-Us/Public-Records-Request; https://www.fhfa.gov/data/hpi/datasets; https://www.bls.gov/cpi/data.htm,"S05: Parcel/account and taxing jurisdiction | S21: HCD cases, staff and program finances | S16: County/metro/ZIP depending series | S31: Houston metropolitan area or national benchmark","S05: 2024 retained; inspect annual historical availability | S21: Request 2010–2024, with later completion dates for censoring | S16: Historical annual or quarterly series | S31: Monthly/bimonthly or annual series depending geography",S05: Official pages checked; 2024 raw archives already retained. | S21: Official request route verified. No request submitted; responsive fields and release are unconfirmed. | S16: Official dataset page read; candidate acquisition. | S31: Official data and Houston release pages read; deflator not yet applied.,S05: data/raw/public/hcad_2024_Real_acct_owner.zip; hcad_2024_Real_jur_exempt.zip; hcad_2024_Code_description_real.zip; hcad_parcels_2024_oct.zip | S21: No complete case ledger identified. | S16: None identified in reviewed package. | S31: Existing monetary series remain nominal unless explicitly labeled otherwise.,Define/reconcile before parameterization,2026-09-10
Base_Compensation_Rate,Fiscal,Scenario or policy choice,S,S19 S20 S21,Define the base appraisal-linked offer ratio before explicitly justified assistance supplements.,Verify historical policy version and valuation basis; future ratios are scenario decisions.,payment/value ratio,P0,Additional guide/configuration entry,guide extension/configuration,261,,,not in original dictionary,not assessed in original dictionary,Potential source/method identified; no new parameter estimate certified,S19,https://hcd.harriscountytx.gov/Disaster-Recovery/Buyout-Relocation-Programs,https://hcd.harriscountytx.gov/Disaster-Recovery/Buyout-Relocation-Programs; https://www.hcfcd.org/Activity/Additional-Programs/Home-Buyout-Program; https://hcd.harriscountytx.gov/About-Us/Public-Records-Request,"S19: HCD programs and project areas | S20: HCFCD eligible areas and participating properties | S21: HCD cases, staff and program finances","S19: Program-specific; 2024 Q3 and 2025 Q2 reports retained | S20: Program history/current guidance | S21: Request 2010–2024, with later completion dates for censoring",S19: Official program pages and linked June 2025 guidelines read; earlier quarterly reports retained. | S20: Official pages read. Detailed longitudinal property records still require a request. | S21: Official request route verified. No request submitted; responsive fields and release are unconfirmed.,"S19: data/raw/public/hcd_buyout_2024q3.pdf; hcd_buyout_2025q2.pdf | S20: Existing FEMA and HCD records are related, not substitutes for this program ledger. | S21: No complete case ledger identified.",Define/reconcile before parameterization,2026-09-10
Budget_Constraint,Fiscal,Scenario or policy choice,S,S26 S27 S23 M01,Specify the available budget envelope and release schedule for each scenario and funding source.,Match stock versus annual flow and prevent commitments from being treated as available cash.,USD_2024 or USD_2024/year,P0,Additional guide/configuration entry,guide extension/configuration,365,,,not in original dictionary,not assessed in original dictionary,Potential source/method identified; no new parameter estimate certified,S26,https://budget.harriscountytx.gov/budget.aspx,https://budget.harriscountytx.gov/budget.aspx; https://auditor.harriscountytx.gov/Reports/Annual-Comprehensive-Financial-Report-Harris-County; https://glo.texas.gov/disaster-recovery/grant-administration/grant-administration-reporting/hud-drgr-qpr-reports,"S26: County departments, funds and programs | S27: County and reporting entities/funds | S23: Grant, activity, project and grantee | M01: Generic model requiring Harris County localization","S26: Annual; FY2025/FY2026 local documents | S27: Annual audited fiscal years | S23: Quarterly grant histories; local Harris buyout extracts retained | M01: DOCX guide; mind map dated October 15, 2024",S26: Official budget portal read; two budget PDFs already retained. | S27: Official catalog and FY2024 report read; candidate acquisition. | S23: Official reporting pages read; local financial/accomplishment/narrative files retained. | M01: Both original files inspected; 215-entry dictionary reconciled against full guide.,"S26: data/raw/public/county_budget_fy2025.pdf; county_budget_fy2026.pdf | S27: Budget PDFs provide related inputs, not audited equivalents. | S23: data/raw/reused/glo_financial.csv.gz; glo_accomplishments.csv.gz; glo_beneficiaries.csv.gz; glo_narratives.csv.gz; glo_f31_1.xlsx; glo_f31_2.xlsx | M01: sources/Managed Retreat System Dynamics Model.docx; sources/Mind Map Oct 15 2024.pdf",Define/reconcile before parameterization,2026-09-10
Budget_Gap,Fiscal,Calculated model quantity,C,S26 S27,Compute matched annual operating obligations minus recurring revenues for the chosen jurisdiction/fund.,Do not include the same service costs again in the fiscal-stress numerator.,USD_2024/year,P1,Original 215-entry dictionary,unresolved_reference,90,unresolved,,resolve_before_model_build,unavailable,Potential source/method identified; no new parameter estimate certified,S26,https://budget.harriscountytx.gov/budget.aspx,https://budget.harriscountytx.gov/budget.aspx; https://auditor.harriscountytx.gov/Reports/Annual-Comprehensive-Financial-Report-Harris-County,"S26: County departments, funds and programs | S27: County and reporting entities/funds",S26: Annual; FY2025/FY2026 local documents | S27: Annual audited fiscal years,S26: Official budget portal read; two budget PDFs already retained. | S27: Official catalog and FY2024 report read; candidate acquisition.,"S26: data/raw/public/county_budget_fy2025.pdf; county_budget_fy2026.pdf | S27: Budget PDFs provide related inputs, not audited equivalents.",First acquisition and baseline phase,2026-09-10
Buyout_Payments,Fiscal,Direct measurement candidate,D,S21 S22 S23 S29 S31,"Sum paid acquisition compensation by payment date, separating purchase, relocation and supplemental components.",Award amount is not payment; retain household/property and grant links for deduplication.,USD_2024/year,P1,Original 215-entry dictionary,flow,78; 81,dollars/year,Properties_Retreated * Average_Property_Value * Compensation_Rate,design_only; no executable mdl supplied,,Potential source/method identified; no new parameter estimate certified,S21,https://hcd.harriscountytx.gov/About-Us/Public-Records-Request,https://hcd.harriscountytx.gov/About-Us/Public-Records-Request; https://www.hcfcd.org/Community/Contact-Us/Public-Information-Requests; https://glo.texas.gov/disaster-recovery/grant-administration/grant-administration-reporting/hud-drgr-qpr-reports; https://purchasing.harriscountytx.gov/; https://www.bls.gov/cpi/data.htm,"S21: HCD cases, staff and program finances | S22: HCFCD program, acquisition, land and infrastructure records | S23: Grant, activity, project and grantee | S29: Contract/project and vendor | S31: Houston metropolitan area or national benchmark","S21: Request 2010–2024, with later completion dates for censoring | S22: Request historical cohorts and 2024 opening balances | S23: Quarterly grant histories; local Harris buyout extracts retained | S29: Award- and invoice-specific | S31: Monthly/bimonthly or annual series depending geography",S21: Official request route verified. No request submitted; responsive fields and release are unconfirmed. | S22: Official public-information request page read; no request submitted. | S23: Official reporting pages read; local financial/accomplishment/narrative files retained. | S29: Official portal and linked Bonfire/GovQA routes verified; detailed invoice/effort exports not acquired. | S31: Official data and Houston release pages read; deflator not yet applied.,S21: No complete case ledger identified. | S22: No complete longitudinal ledger identified. | S23: data/raw/reused/glo_financial.csv.gz; glo_accomplishments.csv.gz; glo_beneficiaries.csv.gz; glo_narratives.csv.gz; glo_f31_1.xlsx; glo_f31_2.xlsx | S29: None newly acquired. | S31: Existing monetary series remain nominal unless explicitly labeled otherwise.,First acquisition and baseline phase,2026-09-10
Compensation_Rate,Fiscal,Scenario or policy choice,S,S19 S20 S21 S22,Estimate historical purchase payment relative to the specified appraisal basis; define alternative policy schedules separately.,A category selector cannot be multiplied as if it were a numeric compensation rate.,payment/value ratio,P0,Original 215-entry dictionary,aux,81; 85; 121; 177; 261; 516; 529,dimensionless,Compensation_Type_Selector * Equity_Adjustment_Factor,design_only; no executable mdl supplied,,Potential source/method identified; no new parameter estimate certified,S19,https://hcd.harriscountytx.gov/Disaster-Recovery/Buyout-Relocation-Programs,https://hcd.harriscountytx.gov/Disaster-Recovery/Buyout-Relocation-Programs; https://www.hcfcd.org/Activity/Additional-Programs/Home-Buyout-Program; https://hcd.harriscountytx.gov/About-Us/Public-Records-Request; https://www.hcfcd.org/Community/Contact-Us/Public-Information-Requests,"S19: HCD programs and project areas | S20: HCFCD eligible areas and participating properties | S21: HCD cases, staff and program finances | S22: HCFCD program, acquisition, land and infrastructure records","S19: Program-specific; 2024 Q3 and 2025 Q2 reports retained | S20: Program history/current guidance | S21: Request 2010–2024, with later completion dates for censoring | S22: Request historical cohorts and 2024 opening balances",S19: Official program pages and linked June 2025 guidelines read; earlier quarterly reports retained. | S20: Official pages read. Detailed longitudinal property records still require a request. | S21: Official request route verified. No request submitted; responsive fields and release are unconfirmed. | S22: Official public-information request page read; no request submitted.,"S19: data/raw/public/hcd_buyout_2024q3.pdf; hcd_buyout_2025q2.pdf | S20: Existing FEMA and HCD records are related, not substitutes for this program ledger. | S21: No complete case ledger identified. | S22: No complete longitudinal ledger identified.",Define/reconcile before parameterization,2026-09-10
Compensation_Type_Selector,Fiscal,Alias to reconcile,A,S19 S20 M01,"Reconcile to Compensation_Rate policy schedule; use the same source, definition, baseline and units.",Map each category to a documented appraisal basis/rate; do not multiply an arbitrary category number.,,P1,Original 215-entry dictionary,unresolved_reference,85,unresolved,,resolve_before_model_build,unavailable,Potential source/method identified; no new parameter estimate certified,S19,https://hcd.harriscountytx.gov/Disaster-Recovery/Buyout-Relocation-Programs,https://hcd.harriscountytx.gov/Disaster-Recovery/Buyout-Relocation-Programs; https://www.hcfcd.org/Activity/Additional-Programs/Home-Buyout-Program,S19: HCD programs and project areas | S20: HCFCD eligible areas and participating properties | M01: Generic model requiring Harris County localization,"S19: Program-specific; 2024 Q3 and 2025 Q2 reports retained | S20: Program history/current guidance | M01: DOCX guide; mind map dated October 15, 2024",S19: Official program pages and linked June 2025 guidelines read; earlier quarterly reports retained. | S20: Official pages read. Detailed longitudinal property records still require a request. | M01: Both original files inspected; 215-entry dictionary reconciled against full guide.,"S19: data/raw/public/hcd_buyout_2024q3.pdf; hcd_buyout_2025q2.pdf | S20: Existing FEMA and HCD records are related, not substitutes for this program ledger. | M01: sources/Managed Retreat System Dynamics Model.docx; sources/Mind Map Oct 15 2024.pdf",First acquisition and baseline phase,2026-09-10
Cost_Benefit_Ratio,Fiscal,Calculated model quantity,C,S32 S56 S21 S23 S52,Compute discounted incremental avoided losses and eligible benefits divided by incremental retreat costs relative to a counterfactual.,Past sunk disaster costs are not future benefits of a new buyout; prevent administrative-cost double counting.,ratio,P0,Original 215-entry dictionary,aux,89; 179; 527,dimensionless,(Cumulative_Disaster_Costs + Future_Disaster_Costs_NPV) / (Total_Retreat_Costs + Retreat_Program_Admin_Costs),design_only; no executable mdl supplied,,Potential source/method identified; no new parameter estimate certified,S32,https://www.fema.gov/sites/default/files/documents/fema_policy-206-23-001-bca-discount-rate-and-streamlined-approaches_april-24-2024.pdf,https://www.fema.gov/sites/default/files/documents/fema_policy-206-23-001-bca-discount-rate-and-streamlined-approaches_april-24-2024.pdf; https://www.fema.gov/sites/default/files/documents/fema_rsl_hazus-7-fltm_06272025_0.pdf; https://hcd.harriscountytx.gov/About-Us/Public-Records-Request; https://glo.texas.gov/disaster-recovery/grant-administration/grant-administration-reporting/hud-drgr-qpr-reports; https://data.naturalcapitalproject.stanford.edu/,"S32: Method/policy, not local observations | S56: Engineering loss-model methodology | S21: HCD cases, staff and program finances | S23: Grant, activity, project and grantee | S52: Model/project specific","S32: Version and award-rule dependent | S56: Hazus 7, 2025 manual | S21: Request 2010–2024, with later completion dates for censoring | S23: Quarterly grant histories; local Harris buyout extracts retained | S52: Input-vintage and scenario specific","S32: Official policy located; PDF fetch was unsuccessful. Applicability/current rule must be checked against the award before use. | S56: Official manual located during research; local structure/depth inputs must be assembled. | S21: Official request route verified. No request submitted; responsive fields and release are unconfirmed. | S23: Official reporting pages read; local financial/accomplishment/narrative files retained. | S52: Official data/method pages read; method source, not an acquired Harris valuation table.",S32: Guide supplies illustrative values only. | S56: NSI and physical hazard inputs partly retained. | S21: No complete case ledger identified. | S23: data/raw/reused/glo_financial.csv.gz; glo_accomplishments.csv.gz; glo_beneficiaries.csv.gz; glo_narratives.csv.gz; glo_f31_1.xlsx; glo_f31_2.xlsx | S52: No local InVEST model identified.,Define/reconcile before parameterization,2026-09-10
Cumulative_Disaster_Costs,Fiscal,Calculated model quantity,C,S08 S09 S25 S56 S31,Accumulate reconciled event losses in constant dollars from a stated starting year.,"Do not add insurance, aid and reported property damage as independent costs; all may describe the same loss.",USD_2024,P1,Original 215-entry dictionary,stock,79; 89; 527,dollars,,design_only; no executable mdl supplied,assumed,Potential source/method identified; no new parameter estimate certified,S08,https://www.ncei.noaa.gov/pub/data/swdi/stormevents/csvfiles/,https://www.ncei.noaa.gov/pub/data/swdi/stormevents/csvfiles/; https://www.hcfcd.org/About/Harris-Countys-Flooding-History/Countywide-Impacts; https://www.fema.gov/openfema-data-page/fima-nfip-redacted-claims-v2; https://www.fema.gov/sites/default/files/documents/fema_rsl_hazus-7-fltm_06272025_0.pdf; https://www.bls.gov/cpi/data.htm,"S08: County/forecast zone and event locations | S09: Watershed, gauge and event footprint | S25: Redacted claims/applications; local tract aggregation | S56: Engineering loss-model methodology | S31: Houston metropolitan area or national benchmark","S08: 2010–2024 files retained; longer archive available | S09: Event reports and gauge-specific records | S25: Historical panel coverage varies by source | S56: Hazus 7, 2025 manual | S31: Monthly/bimonthly or annual series depending geography",S08: Bulk source used in existing package; annual files retained. | S09: Official report and gauge pages read; targeted raw series remain to acquire. | S25: Local harmonized inputs retained. FEMA landing page returned 403 during this review; original lineage retained in upstream files. | S56: Official manual located during research; local structure/depth inputs must be assembled. | S31: Official data and Houston release pages read; deflator not yet applied.,S08: data/raw/public/StormEvents_details*.csv.gz; data/raw/reused/harris_events.csv.gz | S09: data/raw/reused/harris_climate.csv.gz; hydro_physical.csv.gz provide related existing inputs. | S25: data/raw/reused/hydro_nfip.csv.gz; hydro_ihp.csv.gz | S56: NSI and physical hazard inputs partly retained. | S31: Existing monetary series remain nominal unless explicitly labeled otherwise.,First acquisition and baseline phase,2026-09-10
Disaster_Costs,Fiscal,Alias to reconcile,A,S09 S25 S56,"Reconcile to the declared annual or cumulative disaster-cost quantity; use the same source, definition, baseline and units.",Specify annual versus present-value/cumulative units before adding to the objective.,,P1,Additional guide/configuration entry,guide extension/configuration,361,,,not in original dictionary,not assessed in original dictionary,Potential source/method identified; no new parameter estimate certified,S09,https://www.hcfcd.org/About/Harris-Countys-Flooding-History/Countywide-Impacts,https://www.hcfcd.org/About/Harris-Countys-Flooding-History/Countywide-Impacts; https://www.fema.gov/openfema-data-page/fima-nfip-redacted-claims-v2; https://www.fema.gov/sites/default/files/documents/fema_rsl_hazus-7-fltm_06272025_0.pdf,"S09: Watershed, gauge and event footprint | S25: Redacted claims/applications; local tract aggregation | S56: Engineering loss-model methodology","S09: Event reports and gauge-specific records | S25: Historical panel coverage varies by source | S56: Hazus 7, 2025 manual",S09: Official report and gauge pages read; targeted raw series remain to acquire. | S25: Local harmonized inputs retained. FEMA landing page returned 403 during this review; original lineage retained in upstream files. | S56: Official manual located during research; local structure/depth inputs must be assembled.,S09: data/raw/reused/harris_climate.csv.gz; hydro_physical.csv.gz provide related existing inputs. | S25: data/raw/reused/hydro_nfip.csv.gz; hydro_ihp.csv.gz | S56: NSI and physical hazard inputs partly retained.,First acquisition and baseline phase,2026-09-10
Discount_Rate,Fiscal,Scenario or policy choice,S,S32 M01,Choose the documented rate applicable to the analysis/award and report sensitivity across justified alternatives.,Verify rule/version at use; keep real discount rates with real dollars and nominal rates with nominal dollars.,1/year,P0,Original 215-entry dictionary,parameter,95,1/year,,input_table,assumed,Potential source/method identified; no new parameter estimate certified,S32,https://www.fema.gov/sites/default/files/documents/fema_policy-206-23-001-bca-discount-rate-and-streamlined-approaches_april-24-2024.pdf,https://www.fema.gov/sites/default/files/documents/fema_policy-206-23-001-bca-discount-rate-and-streamlined-approaches_april-24-2024.pdf,"S32: Method/policy, not local observations | M01: Generic model requiring Harris County localization","S32: Version and award-rule dependent | M01: DOCX guide; mind map dated October 15, 2024",S32: Official policy located; PDF fetch was unsuccessful. Applicability/current rule must be checked against the award before use. | M01: Both original files inspected; 215-entry dictionary reconciled against full guide.,S32: Guide supplies illustrative values only. | M01: sources/Managed Retreat System Dynamics Model.docx; sources/Mind Map Oct 15 2024.pdf,Define/reconcile before parameterization,2026-09-10
Enhanced_Compensation_Option,Fiscal,Notation or category; no separate data,N,M01 S19 S20,"Compensation schedule categories; specify eligible components, appraisal date and rate.","Category label, not a numeric observation or an extra downloadable dataset.",categorical,P0,Additional guide/configuration entry,guide extension/configuration,88,,,not in original dictionary,not assessed in original dictionary,Potential source/method identified; no new parameter estimate certified,M01,,https://hcd.harriscountytx.gov/Disaster-Recovery/Buyout-Relocation-Programs; https://www.hcfcd.org/Activity/Additional-Programs/Home-Buyout-Program,M01: Generic model requiring Harris County localization | S19: HCD programs and project areas | S20: HCFCD eligible areas and participating properties,"M01: DOCX guide; mind map dated October 15, 2024 | S19: Program-specific; 2024 Q3 and 2025 Q2 reports retained | S20: Program history/current guidance",M01: Both original files inspected; 215-entry dictionary reconciled against full guide. | S19: Official program pages and linked June 2025 guidelines read; earlier quarterly reports retained. | S20: Official pages read. Detailed longitudinal property records still require a request.,"M01: sources/Managed Retreat System Dynamics Model.docx; sources/Mind Map Oct 15 2024.pdf | S19: data/raw/public/hcd_buyout_2024q3.pdf; hcd_buyout_2025q2.pdf | S20: Existing FEMA and HCD records are related, not substitutes for this program ledger.",Define/reconcile before parameterization,2026-09-10
Equity_Adjustment,Fiscal,Alias to reconcile,A,S19 S21,"Reconcile to Equity_Adjustment_Factor; use the same source, definition, baseline and units.","Retain the original spelling in the audit, but do not create a second independently calibrated variable.",,P1,Additional guide/configuration entry,guide extension/configuration,261,,,not in original dictionary,not assessed in original dictionary,Potential source/method identified; no new parameter estimate certified,S19,https://hcd.harriscountytx.gov/Disaster-Recovery/Buyout-Relocation-Programs,https://hcd.harriscountytx.gov/Disaster-Recovery/Buyout-Relocation-Programs; https://hcd.harriscountytx.gov/About-Us/Public-Records-Request,"S19: HCD programs and project areas | S21: HCD cases, staff and program finances","S19: Program-specific; 2024 Q3 and 2025 Q2 reports retained | S21: Request 2010–2024, with later completion dates for censoring",S19: Official program pages and linked June 2025 guidelines read; earlier quarterly reports retained. | S21: Official request route verified. No request submitted; responsive fields and release are unconfirmed.,S19: data/raw/public/hcd_buyout_2024q3.pdf; hcd_buyout_2025q2.pdf | S21: No complete case ledger identified.,First acquisition and baseline phase,2026-09-10
Equity_Adjustment_Factor,Fiscal,Scenario or policy choice,S,S19 S21 S17,Define policy assistance supplements based on documented needs/eligibility and test alternatives.,Normative policy choice; do not fit identity-based compensation penalties as natural laws.,payment multiplier,P0,Original 215-entry dictionary,unresolved_reference,85,unresolved,,resolve_before_model_build,unavailable,Potential source/method identified; no new parameter estimate certified,S19,https://hcd.harriscountytx.gov/Disaster-Recovery/Buyout-Relocation-Programs,https://hcd.harriscountytx.gov/Disaster-Recovery/Buyout-Relocation-Programs; https://hcd.harriscountytx.gov/About-Us/Public-Records-Request; https://www.huduser.gov/portal/datasets/cp.html,"S19: HCD programs and project areas | S21: HCD cases, staff and program finances | S17: County, place, tract and other published areas","S19: Program-specific; 2024 Q3 and 2025 Q2 reports retained | S21: Request 2010–2024, with later completion dates for censoring | S17: ACS-based multi-year releases",S19: Official program pages and linked June 2025 guidelines read; earlier quarterly reports retained. | S21: Official request route verified. No request submitted; responsive fields and release are unconfirmed. | S17: Official download/documentation read; bulk files available; API requires a token.,S19: data/raw/public/hcd_buyout_2024q3.pdf; hcd_buyout_2025q2.pdf | S21: No complete case ledger identified. | S17: None identified in reviewed package.,Define/reconcile before parameterization,2026-09-10
Federal_Funding,Fiscal,Direct measurement candidate,D,S23 S24 S30 S21,Trace federal receipts/disbursements by award and year from grant ledgers with transaction checks.,USAspending obligations and local receipts must not be pooled without reconciliation.,USD_2024/year,P1,Original 215-entry dictionary,flow,78; 83,dollars/year,Federal_Funding_Availability * Retreat_Program_Eligibility * Political_Priority_Factor,design_only; no executable mdl supplied,,Potential source/method identified; no new parameter estimate certified,S23,https://glo.texas.gov/disaster-recovery/grant-administration/grant-administration-reporting/hud-drgr-qpr-reports,https://glo.texas.gov/disaster-recovery/grant-administration/grant-administration-reporting/hud-drgr-qpr-reports; https://www.fema.gov/api/open/v1/HmaSubapplicationsProjectSiteInventories; https://api.usaspending.gov/docs/endpoints; https://hcd.harriscountytx.gov/About-Us/Public-Records-Request,"S23: Grant, activity, project and grantee | S24: Mitigation project/site; filter Harris County | S30: Recipient/place of performance and award | S21: HCD cases, staff and program finances","S23: Quarterly grant histories; local Harris buyout extracts retained | S24: API version-specific; retained v1 and older v4 extract | S30: Transaction histories by award | S21: Request 2010–2024, with later completion dates for censoring",S23: Official reporting pages read; local financial/accomplishment/narrative files retained. | S24: Local API extracts and metadata verified in prior build; landing page returned 403 during source search. | S30: Official API documentation read; candidate supplementary download. | S21: Official request route verified. No request submitted; responsive fields and release are unconfirmed.,S23: data/raw/reused/glo_financial.csv.gz; glo_accomplishments.csv.gz; glo_beneficiaries.csv.gz; glo_narratives.csv.gz; glo_f31_1.xlsx; glo_f31_2.xlsx | S24: data/raw/public/fema_hma_harris_v1.json; fema_hma_harris_v4.json and metadata | S30: No new data acquired. | S21: No complete case ledger identified.,First acquisition and baseline phase,2026-09-10
Federal_Funding_Availability,Fiscal,Scenario or policy choice,S,S23 S24 S30 S26,Use award-specific historical annual receipts as baseline and explicit future funding scenarios.,"Future federal appropriations are uncertain policy inputs, not values recoverable from a past average alone.",USD_2024/year,P1,Original 215-entry dictionary,parameter,83; 94,USD_2024/year,,input_table,assumed,Potential source/method identified; no new parameter estimate certified,S23,https://glo.texas.gov/disaster-recovery/grant-administration/grant-administration-reporting/hud-drgr-qpr-reports,https://glo.texas.gov/disaster-recovery/grant-administration/grant-administration-reporting/hud-drgr-qpr-reports; https://www.fema.gov/api/open/v1/HmaSubapplicationsProjectSiteInventories; https://api.usaspending.gov/docs/endpoints; https://budget.harriscountytx.gov/budget.aspx,"S23: Grant, activity, project and grantee | S24: Mitigation project/site; filter Harris County | S30: Recipient/place of performance and award | S26: County departments, funds and programs",S23: Quarterly grant histories; local Harris buyout extracts retained | S24: API version-specific; retained v1 and older v4 extract | S30: Transaction histories by award | S26: Annual; FY2025/FY2026 local documents,S23: Official reporting pages read; local financial/accomplishment/narrative files retained. | S24: Local API extracts and metadata verified in prior build; landing page returned 403 during source search. | S30: Official API documentation read; candidate supplementary download. | S26: Official budget portal read; two budget PDFs already retained.,S23: data/raw/reused/glo_financial.csv.gz; glo_accomplishments.csv.gz; glo_beneficiaries.csv.gz; glo_narratives.csv.gz; glo_f31_1.xlsx; glo_f31_2.xlsx | S24: data/raw/public/fema_hma_harris_v1.json; fema_hma_harris_v4.json and metadata | S30: No new data acquired. | S26: data/raw/public/county_budget_fy2025.pdf; county_budget_fy2026.pdf,First acquisition and baseline phase,2026-09-10
Funding,Fiscal,Alias to reconcile,A,S26 S23 M01,"Resolve whether the optimization constraint means spending, required funding or available balance.",Do not silently equate Funding with Funding_Available; select and document the quantity.,USD_2024 or USD_2024/year,P0,Additional guide/configuration entry,guide extension/configuration,30; 34; 35; 288; 365,,,not in original dictionary,not assessed in original dictionary,Potential source/method identified; no new parameter estimate certified,S26,https://budget.harriscountytx.gov/budget.aspx,https://budget.harriscountytx.gov/budget.aspx; https://glo.texas.gov/disaster-recovery/grant-administration/grant-administration-reporting/hud-drgr-qpr-reports,"S26: County departments, funds and programs | S23: Grant, activity, project and grantee | M01: Generic model requiring Harris County localization","S26: Annual; FY2025/FY2026 local documents | S23: Quarterly grant histories; local Harris buyout extracts retained | M01: DOCX guide; mind map dated October 15, 2024",S26: Official budget portal read; two budget PDFs already retained. | S23: Official reporting pages read; local financial/accomplishment/narrative files retained. | M01: Both original files inspected; 215-entry dictionary reconciled against full guide.,S26: data/raw/public/county_budget_fy2025.pdf; county_budget_fy2026.pdf | S23: data/raw/reused/glo_financial.csv.gz; glo_accomplishments.csv.gz; glo_beneficiaries.csv.gz; glo_narratives.csv.gz; glo_f31_1.xlsx; glo_f31_2.xlsx | M01: sources/Managed Retreat System Dynamics Model.docx; sources/Mind Map Oct 15 2024.pdf,Define/reconcile before parameterization,2026-09-10
Funding_Available,Fiscal,Alias to reconcile,A,S21 S23 S26,"Reconcile to Retreat_Funding_Available; use the same source, definition, baseline and units.","Retain the original spelling in the audit, but do not create a second independently calibrated variable.",,P1,Additional guide/configuration entry,guide extension/configuration,184,,,not in original dictionary,not assessed in original dictionary,Potential source/method identified; no new parameter estimate certified,S21,https://hcd.harriscountytx.gov/About-Us/Public-Records-Request,https://hcd.harriscountytx.gov/About-Us/Public-Records-Request; https://glo.texas.gov/disaster-recovery/grant-administration/grant-administration-reporting/hud-drgr-qpr-reports; https://budget.harriscountytx.gov/budget.aspx,"S21: HCD cases, staff and program finances | S23: Grant, activity, project and grantee | S26: County departments, funds and programs","S21: Request 2010–2024, with later completion dates for censoring | S23: Quarterly grant histories; local Harris buyout extracts retained | S26: Annual; FY2025/FY2026 local documents",S21: Official request route verified. No request submitted; responsive fields and release are unconfirmed. | S23: Official reporting pages read; local financial/accomplishment/narrative files retained. | S26: Official budget portal read; two budget PDFs already retained.,S21: No complete case ledger identified. | S23: data/raw/reused/glo_financial.csv.gz; glo_accomplishments.csv.gz; glo_beneficiaries.csv.gz; glo_narratives.csv.gz; glo_f31_1.xlsx; glo_f31_2.xlsx | S26: data/raw/public/county_budget_fy2025.pdf; county_budget_fy2026.pdf,First acquisition and baseline phase,2026-09-10
Future_Disaster_Costs_NPV,Fiscal,Calculated model quantity,C,S12 S56 S05 S32,Discount scenario-specific future annual losses over the declared horizon with exposure growth and uncertainty.,Model no-retreat and retreat counterfactuals separately; do not treat a gross loss forecast as avoided loss.,USD_2024 present value,P1,Original 215-entry dictionary,unresolved_reference,89; 527,unresolved,,resolve_before_model_build,unavailable,Potential source/method identified; no new parameter estimate certified,S12,https://www.usgs.gov/data/cmip6-loca2-spatial-summaries-counties-tiger-2023-1950-2100-contiguous-united-states,https://www.usgs.gov/data/cmip6-loca2-spatial-summaries-counties-tiger-2023-1950-2100-contiguous-united-states; https://www.fema.gov/sites/default/files/documents/fema_rsl_hazus-7-fltm_06272025_0.pdf; https://hcad.org/pdata/pdata-property-downloads.html/; https://www.fema.gov/sites/default/files/documents/fema_policy-206-23-001-bca-discount-rate-and-streamlined-approaches_april-24-2024.pdf,"S12: County summaries; underlying downscaled grids | S56: Engineering loss-model methodology | S05: Parcel/account and taxing jurisdiction | S32: Method/policy, not local observations","S12: 1950–2100; historical and SSP scenarios | S56: Hazus 7, 2025 manual | S05: 2024 retained; inspect annual historical availability | S32: Version and award-rule dependent",S12: Official dataset and viewer pages read; candidate download. | S56: Official manual located during research; local structure/depth inputs must be assembled. | S05: Official pages checked; 2024 raw archives already retained. | S32: Official policy located; PDF fetch was unsuccessful. Applicability/current rule must be checked against the award before use.,S12: No LOCA2 data identified in reviewed package. | S56: NSI and physical hazard inputs partly retained. | S05: data/raw/public/hcad_2024_Real_acct_owner.zip; hcad_2024_Real_jur_exempt.zip; hcad_2024_Code_description_real.zip; hcad_parcels_2024_oct.zip | S32: Guide supplies illustrative values only.,First acquisition and baseline phase,2026-09-10
Homeowner_Compensation_Avg,Fiscal,Direct measurement candidate,D,S21 S22 S19,Compute paid purchase and supplemental assistance separately for owner-occupants and absentee owners.,Compare asset compensation and rehousing adequacy on appropriate denominators.,USD_2024/owner household,P1,Original 215-entry dictionary,unresolved_reference,144,unresolved,,resolve_before_model_build,unavailable,Potential source/method identified; no new parameter estimate certified,S21,https://hcd.harriscountytx.gov/About-Us/Public-Records-Request,https://hcd.harriscountytx.gov/About-Us/Public-Records-Request; https://www.hcfcd.org/Community/Contact-Us/Public-Information-Requests; https://hcd.harriscountytx.gov/Disaster-Recovery/Buyout-Relocation-Programs,"S21: HCD cases, staff and program finances | S22: HCFCD program, acquisition, land and infrastructure records | S19: HCD programs and project areas","S21: Request 2010–2024, with later completion dates for censoring | S22: Request historical cohorts and 2024 opening balances | S19: Program-specific; 2024 Q3 and 2025 Q2 reports retained",S21: Official request route verified. No request submitted; responsive fields and release are unconfirmed. | S22: Official public-information request page read; no request submitted. | S19: Official program pages and linked June 2025 guidelines read; earlier quarterly reports retained.,S21: No complete case ledger identified. | S22: No complete longitudinal ledger identified. | S19: data/raw/public/hcd_buyout_2024q3.pdf; hcd_buyout_2025q2.pdf,First acquisition and baseline phase,2026-09-10
Initial_Assessment_Value,Fiscal,Alias to reconcile,A,S05 S27,"Reconcile to Municipal_Tax_Base at baseline; use the same source, definition, baseline and units.","Retain the original spelling in the audit, but do not create a second independently calibrated variable.",,P1,Original 215-entry dictionary,unresolved_reference,77; 514,unresolved,,resolve_before_model_build,unavailable,Potential source/method identified; no new parameter estimate certified,S05,https://hcad.org/pdata/pdata-property-downloads.html/,https://hcad.org/pdata/pdata-property-downloads.html/; https://auditor.harriscountytx.gov/Reports/Annual-Comprehensive-Financial-Report-Harris-County,S05: Parcel/account and taxing jurisdiction | S27: County and reporting entities/funds,S05: 2024 retained; inspect annual historical availability | S27: Annual audited fiscal years,S05: Official pages checked; 2024 raw archives already retained. | S27: Official catalog and FY2024 report read; candidate acquisition.,"S05: data/raw/public/hcad_2024_Real_acct_owner.zip; hcad_2024_Real_jur_exempt.zip; hcad_2024_Code_description_real.zip; hcad_parcels_2024_oct.zip | S27: Budget PDFs provide related inputs, not audited equivalents.",First acquisition and baseline phase,2026-09-10
Insurance_Payouts,Fiscal,Direct measurement candidate,D,S25 S21,Use claims payments and case-level duplication-of-benefits accounting to allocate insurance flows to recipients.,Insurance paid to households does not automatically replenish retreat-program funds.,USD_2024/year,P1,Original 215-entry dictionary,unresolved_reference,78,unresolved,,resolve_before_model_build,unavailable,Potential source/method identified; no new parameter estimate certified,S25,https://www.fema.gov/openfema-data-page/fima-nfip-redacted-claims-v2,https://www.fema.gov/openfema-data-page/fima-nfip-redacted-claims-v2; https://hcd.harriscountytx.gov/About-Us/Public-Records-Request,"S25: Redacted claims/applications; local tract aggregation | S21: HCD cases, staff and program finances","S25: Historical panel coverage varies by source | S21: Request 2010–2024, with later completion dates for censoring",S25: Local harmonized inputs retained. FEMA landing page returned 403 during this review; original lineage retained in upstream files. | S21: Official request route verified. No request submitted; responsive fields and release are unconfirmed.,S25: data/raw/reused/hydro_nfip.csv.gz; hydro_ihp.csv.gz | S21: No complete case ledger identified.,First acquisition and baseline phase,2026-09-10
Land_Restoration_Costs,Fiscal,Direct measurement candidate,D,S22 S29 S31,Sum restoration design/construction/maintenance payments by parcel/project and date with distinct cost categories.,Do not count land acquisition or demolition twice in total retreat costs.,USD_2024/year,P1,Original 215-entry dictionary,unresolved_reference,78,unresolved,,resolve_before_model_build,unavailable,Potential source/method identified; no new parameter estimate certified,S22,https://www.hcfcd.org/Community/Contact-Us/Public-Information-Requests,https://www.hcfcd.org/Community/Contact-Us/Public-Information-Requests; https://purchasing.harriscountytx.gov/; https://www.bls.gov/cpi/data.htm,"S22: HCFCD program, acquisition, land and infrastructure records | S29: Contract/project and vendor | S31: Houston metropolitan area or national benchmark",S22: Request historical cohorts and 2024 opening balances | S29: Award- and invoice-specific | S31: Monthly/bimonthly or annual series depending geography,S22: Official public-information request page read; no request submitted. | S29: Official portal and linked Bonfire/GovQA routes verified; detailed invoice/effort exports not acquired. | S31: Official data and Houston release pages read; deflator not yet applied.,S22: No complete longitudinal ledger identified. | S29: None newly acquired. | S31: Existing monetary series remain nominal unless explicitly labeled otherwise.,First acquisition and baseline phase,2026-09-10
Market_Value_Option,Fiscal,Notation or category; no separate data,N,M01 S19 S20,"Compensation schedule categories; specify eligible components, appraisal date and rate.","Category label, not a numeric observation or an extra downloadable dataset.",categorical,P0,Additional guide/configuration entry,guide extension/configuration,86,,,not in original dictionary,not assessed in original dictionary,Potential source/method identified; no new parameter estimate certified,M01,,https://hcd.harriscountytx.gov/Disaster-Recovery/Buyout-Relocation-Programs; https://www.hcfcd.org/Activity/Additional-Programs/Home-Buyout-Program,M01: Generic model requiring Harris County localization | S19: HCD programs and project areas | S20: HCFCD eligible areas and participating properties,"M01: DOCX guide; mind map dated October 15, 2024 | S19: Program-specific; 2024 Q3 and 2025 Q2 reports retained | S20: Program history/current guidance",M01: Both original files inspected; 215-entry dictionary reconciled against full guide. | S19: Official program pages and linked June 2025 guidelines read; earlier quarterly reports retained. | S20: Official pages read. Detailed longitudinal property records still require a request.,"M01: sources/Managed Retreat System Dynamics Model.docx; sources/Mind Map Oct 15 2024.pdf | S19: data/raw/public/hcd_buyout_2024q3.pdf; hcd_buyout_2025q2.pdf | S20: Existing FEMA and HCD records are related, not substitutes for this program ledger.",Define/reconcile before parameterization,2026-09-10
Municipal_Contribution,Fiscal,Direct measurement candidate,D,S26 S27 S21,Trace actual local match and transfers allocated to the retreat program by funding year.,County versus city contribution must be explicit; commitments and cash transfers differ.,USD_2024/year,P1,Original 215-entry dictionary,unresolved_reference,78,unresolved,,resolve_before_model_build,unavailable,Potential source/method identified; no new parameter estimate certified,S26,https://budget.harriscountytx.gov/budget.aspx,https://budget.harriscountytx.gov/budget.aspx; https://auditor.harriscountytx.gov/Reports/Annual-Comprehensive-Financial-Report-Harris-County; https://hcd.harriscountytx.gov/About-Us/Public-Records-Request,"S26: County departments, funds and programs | S27: County and reporting entities/funds | S21: HCD cases, staff and program finances","S26: Annual; FY2025/FY2026 local documents | S27: Annual audited fiscal years | S21: Request 2010–2024, with later completion dates for censoring",S26: Official budget portal read; two budget PDFs already retained. | S27: Official catalog and FY2024 report read; candidate acquisition. | S21: Official request route verified. No request submitted; responsive fields and release are unconfirmed.,"S26: data/raw/public/county_budget_fy2025.pdf; county_budget_fy2026.pdf | S27: Budget PDFs provide related inputs, not audited equivalents. | S21: No complete case ledger identified.",First acquisition and baseline phase,2026-09-10
Municipal_Fiscal_Stress,Fiscal,Calculated model quantity,C,S26 S27,"Compare recurring revenue, transfers and service obligations under a transparent fund-specific deficit measure.",Guide Budget_Gap plus Service_Costs can double count expenses; align annual flow units.,ratio or documented scale,P0,Original 215-entry dictionary,aux,90,dimensionless (0-1),"MAX(0, MIN(1, (Budget_Gap + Service_Costs) / (Tax_Revenue + Transfer_Payments)))",design_only; no executable mdl supplied,,Potential source/method identified; no new parameter estimate certified,S26,https://budget.harriscountytx.gov/budget.aspx,https://budget.harriscountytx.gov/budget.aspx; https://auditor.harriscountytx.gov/Reports/Annual-Comprehensive-Financial-Report-Harris-County,"S26: County departments, funds and programs | S27: County and reporting entities/funds",S26: Annual; FY2025/FY2026 local documents | S27: Annual audited fiscal years,S26: Official budget portal read; two budget PDFs already retained. | S27: Official catalog and FY2024 report read; candidate acquisition.,"S26: data/raw/public/county_budget_fy2025.pdf; county_budget_fy2026.pdf | S27: Budget PDFs provide related inputs, not audited equivalents.",Define/reconcile before parameterization,2026-09-10
Municipal_Tax_Base,Fiscal,Direct measurement candidate,D,S05 S27,Aggregate jurisdiction-specific taxable value after exemptions at the baseline date; reconcile with the audited tax roll.,Specify county versus city/FCD. Market value is not taxable value; retain nominal accounting equivalents.,USD_2024 taxable value,P0,Original 215-entry dictionary,stock,77; 513,dollars,,design_only; no executable mdl supplied,observed_rounded,Potential source/method identified; no new parameter estimate certified,S05,https://hcad.org/pdata/pdata-property-downloads.html/,https://hcad.org/pdata/pdata-property-downloads.html/; https://auditor.harriscountytx.gov/Reports/Annual-Comprehensive-Financial-Report-Harris-County,S05: Parcel/account and taxing jurisdiction | S27: County and reporting entities/funds,S05: 2024 retained; inspect annual historical availability | S27: Annual audited fiscal years,S05: Official pages checked; 2024 raw archives already retained. | S27: Official catalog and FY2024 report read; candidate acquisition.,"S05: data/raw/public/hcad_2024_Real_acct_owner.zip; hcad_2024_Real_jur_exempt.zip; hcad_2024_Code_description_real.zip; hcad_parcels_2024_oct.zip | S27: Budget PDFs provide related inputs, not audited equivalents.",Define/reconcile before parameterization,2026-09-10
New_Development_Value,Fiscal,Direct measurement candidate,D,S05 S15 S27 S58,Use new taxable improvements and newly developed parcels from consecutive rolls; verify jurisdiction membership.,Separate additions from reappraisal of existing assets and from nominal inflation.,USD_2024/year,P1,Original 215-entry dictionary,unresolved_reference,77; 513,unresolved,,resolve_before_model_build,unavailable,Potential source/method identified; no new parameter estimate certified,S05,https://hcad.org/pdata/pdata-property-downloads.html/,https://hcad.org/pdata/pdata-property-downloads.html/; https://www.h-gac.com/regional-growth-forecast; https://auditor.harriscountytx.gov/Reports/Annual-Comprehensive-Financial-Report-Harris-County; https://oce.harriscountytx.gov/Services/Permits/Floodplain-Management,"S05: Parcel/account and taxing jurisdiction | S15: Region, tract/forecast zones and parcels | S27: County and reporting entities/funds | S58: County permitting jurisdiction; city jurisdictions require separate coverage",S05: 2024 retained; inspect annual historical availability | S15: Existing forecast/land-change files; horizon varies by edition | S27: Annual audited fiscal years | S58: Permit/inspection-specific history,"S05: Official pages checked; 2024 raw archives already retained. | S15: Official pages checked; local forecast and changed-parcel extracts retained; some GIS uses a request form. | S27: Official catalog and FY2024 report read; candidate acquisition. | S58: Official program page read; underlying historical bulk records are a request candidate, not verified downloadable data.","S05: data/raw/public/hcad_2024_Real_acct_owner.zip; hcad_2024_Real_jur_exempt.zip; hcad_2024_Code_description_real.zip; hcad_parcels_2024_oct.zip | S15: data/raw/reused/hgac_tracts.csv; hgac_changed_parcels.csv | S27: Budget PDFs provide related inputs, not audited equivalents. | S58: HCAD/land-change files provide existing complementary evidence.",First acquisition and baseline phase,2026-09-10
Political_Priority_Factor,Fiscal,Proxy or operational definition,P,S28 S26 S23,Code retreat's share of eligible funding and documented priority decisions over time.,Funding is partly constrained by eligibility and awards; do not infer political preference from dollars alone.,allocation share/score,P2,Original 215-entry dictionary,unresolved_reference,83,unresolved,,resolve_before_model_build,unavailable,Potential source/method identified; no new parameter estimate certified,S28,https://harriscountytx.legistar.com/Calendar.aspx,https://harriscountytx.legistar.com/Calendar.aspx; https://budget.harriscountytx.gov/budget.aspx; https://glo.texas.gov/disaster-recovery/grant-administration/grant-administration-reporting/hud-drgr-qpr-reports,"S28: County policy decisions | S26: County departments, funds and programs | S23: Grant, activity, project and grantee",S28: Dated meetings; current and archived systems | S26: Annual; FY2025/FY2026 local documents | S23: Quarterly grant histories; local Harris buyout extracts retained,S28: Official calendar/archive pages read; additional document coding candidate. | S26: Official budget portal read; two budget PDFs already retained. | S23: Official reporting pages read; local financial/accomplishment/narrative files retained.,S28: documentation/Governance_Program_Timeline.csv contains partial existing chronology. | S26: data/raw/public/county_budget_fy2025.pdf; county_budget_fy2026.pdf | S23: data/raw/reused/glo_financial.csv.gz; glo_accomplishments.csv.gz; glo_beneficiaries.csv.gz; glo_narratives.csv.gz; glo_f31_1.xlsx; glo_f31_2.xlsx,"Calibration, validation or optional extension",2026-09-10
Pre_Disaster_Value_Option,Fiscal,Notation or category; no separate data,N,M01 S19 S20,"Compensation schedule categories; specify eligible components, appraisal date and rate.","Category label, not a numeric observation or an extra downloadable dataset.",categorical,P0,Additional guide/configuration entry,guide extension/configuration,87,,,not in original dictionary,not assessed in original dictionary,Potential source/method identified; no new parameter estimate certified,M01,,https://hcd.harriscountytx.gov/Disaster-Recovery/Buyout-Relocation-Programs; https://www.hcfcd.org/Activity/Additional-Programs/Home-Buyout-Program,M01: Generic model requiring Harris County localization | S19: HCD programs and project areas | S20: HCFCD eligible areas and participating properties,"M01: DOCX guide; mind map dated October 15, 2024 | S19: Program-specific; 2024 Q3 and 2025 Q2 reports retained | S20: Program history/current guidance",M01: Both original files inspected; 215-entry dictionary reconciled against full guide. | S19: Official program pages and linked June 2025 guidelines read; earlier quarterly reports retained. | S20: Official pages read. Detailed longitudinal property records still require a request.,"M01: sources/Managed Retreat System Dynamics Model.docx; sources/Mind Map Oct 15 2024.pdf | S19: data/raw/public/hcd_buyout_2024q3.pdf; hcd_buyout_2025q2.pdf | S20: Existing FEMA and HCD records are related, not substitutes for this program ledger.",Define/reconcile before parameterization,2026-09-10
Property_Value_Appreciation,Fiscal,Direct measurement candidate,D,S05 S16 S31,"Measure changes in continuing-property values after removing additions, removals and inflation; compare FHFA index.","Appraisal rule changes, exemptions and sales composition can mimic market appreciation.",USD_2024/year,P1,Original 215-entry dictionary,unresolved_reference,77; 513,unresolved,,resolve_before_model_build,unavailable,Potential source/method identified; no new parameter estimate certified,S05,https://hcad.org/pdata/pdata-property-downloads.html/,https://hcad.org/pdata/pdata-property-downloads.html/; https://www.fhfa.gov/data/hpi/datasets; https://www.bls.gov/cpi/data.htm,S05: Parcel/account and taxing jurisdiction | S16: County/metro/ZIP depending series | S31: Houston metropolitan area or national benchmark,S05: 2024 retained; inspect annual historical availability | S16: Historical annual or quarterly series | S31: Monthly/bimonthly or annual series depending geography,S05: Official pages checked; 2024 raw archives already retained. | S16: Official dataset page read; candidate acquisition. | S31: Official data and Houston release pages read; deflator not yet applied.,S05: data/raw/public/hcad_2024_Real_acct_owner.zip; hcad_2024_Real_jur_exempt.zip; hcad_2024_Code_description_real.zip; hcad_parcels_2024_oct.zip | S16: None identified in reviewed package. | S31: Existing monetary series remain nominal unless explicitly labeled otherwise.,First acquisition and baseline phase,2026-09-10
Property_Value_Depreciation,Fiscal,Calibration or new longitudinal evidence,K,S05 S16 S25 S09,Separate hazard-related or structural value loss from general market movements using repeat-property comparisons.,A lower roll value is not automatically a disaster effect; avoid subtracting depreciation already included elsewhere.,USD_2024/year,P2,Original 215-entry dictionary,unresolved_reference,77; 514,unresolved,,resolve_before_model_build,unavailable,Potential source/method identified; no new parameter estimate certified,S05,https://hcad.org/pdata/pdata-property-downloads.html/,https://hcad.org/pdata/pdata-property-downloads.html/; https://www.fhfa.gov/data/hpi/datasets; https://www.fema.gov/openfema-data-page/fima-nfip-redacted-claims-v2; https://www.hcfcd.org/About/Harris-Countys-Flooding-History/Countywide-Impacts,"S05: Parcel/account and taxing jurisdiction | S16: County/metro/ZIP depending series | S25: Redacted claims/applications; local tract aggregation | S09: Watershed, gauge and event footprint",S05: 2024 retained; inspect annual historical availability | S16: Historical annual or quarterly series | S25: Historical panel coverage varies by source | S09: Event reports and gauge-specific records,S05: Official pages checked; 2024 raw archives already retained. | S16: Official dataset page read; candidate acquisition. | S25: Local harmonized inputs retained. FEMA landing page returned 403 during this review; original lineage retained in upstream files. | S09: Official report and gauge pages read; targeted raw series remain to acquire.,S05: data/raw/public/hcad_2024_Real_acct_owner.zip; hcad_2024_Real_jur_exempt.zip; hcad_2024_Code_description_real.zip; hcad_parcels_2024_oct.zip | S16: None identified in reviewed package. | S25: data/raw/reused/hydro_nfip.csv.gz; hydro_ihp.csv.gz | S09: data/raw/reused/harris_climate.csv.gz; hydro_physical.csv.gz provide related existing inputs.,"Calibration, validation or optional extension",2026-09-10
Provincial_Funding,Fiscal,Direct measurement candidate,D,S23 S26 S27,Localize to State_Funding; identify state-origin contributions separately from federal funds passed through Texas GLO.,GLO administration does not make federal CDBG-DR money state-origin funding.,USD_2024/year,P0,Original 215-entry dictionary,unresolved_reference,78,unresolved,,resolve_before_model_build,unavailable,Potential source/method identified; no new parameter estimate certified,S23,https://glo.texas.gov/disaster-recovery/grant-administration/grant-administration-reporting/hud-drgr-qpr-reports,https://glo.texas.gov/disaster-recovery/grant-administration/grant-administration-reporting/hud-drgr-qpr-reports; https://budget.harriscountytx.gov/budget.aspx; https://auditor.harriscountytx.gov/Reports/Annual-Comprehensive-Financial-Report-Harris-County,"S23: Grant, activity, project and grantee | S26: County departments, funds and programs | S27: County and reporting entities/funds",S23: Quarterly grant histories; local Harris buyout extracts retained | S26: Annual; FY2025/FY2026 local documents | S27: Annual audited fiscal years,S23: Official reporting pages read; local financial/accomplishment/narrative files retained. | S26: Official budget portal read; two budget PDFs already retained. | S27: Official catalog and FY2024 report read; candidate acquisition.,"S23: data/raw/reused/glo_financial.csv.gz; glo_accomplishments.csv.gz; glo_beneficiaries.csv.gz; glo_narratives.csv.gz; glo_f31_1.xlsx; glo_f31_2.xlsx | S26: data/raw/public/county_budget_fy2025.pdf; county_budget_fy2026.pdf | S27: Budget PDFs provide related inputs, not audited equivalents.",Define/reconcile before parameterization,2026-09-10
Renter_Compensation_Avg,Fiscal,Direct measurement candidate,D,S21 S22 S19,"Compute rental assistance, moving costs and supplemental payments by tenant household and eligibility class.",Do not compare the total directly to a homeowner's asset purchase price as a fairness test.,USD_2024/renter household,P1,Original 215-entry dictionary,unresolved_reference,144,unresolved,,resolve_before_model_build,unavailable,Potential source/method identified; no new parameter estimate certified,S21,https://hcd.harriscountytx.gov/About-Us/Public-Records-Request,https://hcd.harriscountytx.gov/About-Us/Public-Records-Request; https://www.hcfcd.org/Community/Contact-Us/Public-Information-Requests; https://hcd.harriscountytx.gov/Disaster-Recovery/Buyout-Relocation-Programs,"S21: HCD cases, staff and program finances | S22: HCFCD program, acquisition, land and infrastructure records | S19: HCD programs and project areas","S21: Request 2010–2024, with later completion dates for censoring | S22: Request historical cohorts and 2024 opening balances | S19: Program-specific; 2024 Q3 and 2025 Q2 reports retained",S21: Official request route verified. No request submitted; responsive fields and release are unconfirmed. | S22: Official public-information request page read; no request submitted. | S19: Official program pages and linked June 2025 guidelines read; earlier quarterly reports retained.,S21: No complete case ledger identified. | S22: No complete longitudinal ledger identified. | S19: data/raw/public/hcd_buyout_2024q3.pdf; hcd_buyout_2025q2.pdf,First acquisition and baseline phase,2026-09-10
Retreat_Funding_Available,Fiscal,Direct measurement candidate,D,S21 S22 S23 S26 S27,"Reconstruct spendable opening balance from receipts, restricted balances, commitments, disbursements and carryover by fund.","Grant allocation, obligation, appropriation and available cash are different quantities.",USD_2024,P0,Original 215-entry dictionary,stock,78; 121; 516,dollars,,design_only; no executable mdl supplied,unavailable,Potential source/method identified; no new parameter estimate certified,S21,https://hcd.harriscountytx.gov/About-Us/Public-Records-Request,https://hcd.harriscountytx.gov/About-Us/Public-Records-Request; https://www.hcfcd.org/Community/Contact-Us/Public-Information-Requests; https://glo.texas.gov/disaster-recovery/grant-administration/grant-administration-reporting/hud-drgr-qpr-reports; https://budget.harriscountytx.gov/budget.aspx; https://auditor.harriscountytx.gov/Reports/Annual-Comprehensive-Financial-Report-Harris-County,"S21: HCD cases, staff and program finances | S22: HCFCD program, acquisition, land and infrastructure records | S23: Grant, activity, project and grantee | S26: County departments, funds and programs | S27: County and reporting entities/funds","S21: Request 2010–2024, with later completion dates for censoring | S22: Request historical cohorts and 2024 opening balances | S23: Quarterly grant histories; local Harris buyout extracts retained | S26: Annual; FY2025/FY2026 local documents | S27: Annual audited fiscal years",S21: Official request route verified. No request submitted; responsive fields and release are unconfirmed. | S22: Official public-information request page read; no request submitted. | S23: Official reporting pages read; local financial/accomplishment/narrative files retained. | S26: Official budget portal read; two budget PDFs already retained. | S27: Official catalog and FY2024 report read; candidate acquisition.,"S21: No complete case ledger identified. | S22: No complete longitudinal ledger identified. | S23: data/raw/reused/glo_financial.csv.gz; glo_accomplishments.csv.gz; glo_beneficiaries.csv.gz; glo_narratives.csv.gz; glo_f31_1.xlsx; glo_f31_2.xlsx | S26: data/raw/public/county_budget_fy2025.pdf; county_budget_fy2026.pdf | S27: Budget PDFs provide related inputs, not audited equivalents.",Define/reconcile before parameterization,2026-09-10
Retreat_Program_Admin_Costs,Fiscal,Direct measurement candidate,D,S21 S22 S29 S23,"Allocate actual staff, legal, appraisal and overhead spending to retreat activities using transparent cost categories.",Do not add administration again if Total_Retreat_Costs already includes it.,USD_2024/year,P1,Original 215-entry dictionary,unresolved_reference,89; 527,unresolved,,resolve_before_model_build,unavailable,Potential source/method identified; no new parameter estimate certified,S21,https://hcd.harriscountytx.gov/About-Us/Public-Records-Request,https://hcd.harriscountytx.gov/About-Us/Public-Records-Request; https://www.hcfcd.org/Community/Contact-Us/Public-Information-Requests; https://purchasing.harriscountytx.gov/; https://glo.texas.gov/disaster-recovery/grant-administration/grant-administration-reporting/hud-drgr-qpr-reports,"S21: HCD cases, staff and program finances | S22: HCFCD program, acquisition, land and infrastructure records | S29: Contract/project and vendor | S23: Grant, activity, project and grantee","S21: Request 2010–2024, with later completion dates for censoring | S22: Request historical cohorts and 2024 opening balances | S29: Award- and invoice-specific | S23: Quarterly grant histories; local Harris buyout extracts retained",S21: Official request route verified. No request submitted; responsive fields and release are unconfirmed. | S22: Official public-information request page read; no request submitted. | S29: Official portal and linked Bonfire/GovQA routes verified; detailed invoice/effort exports not acquired. | S23: Official reporting pages read; local financial/accomplishment/narrative files retained.,S21: No complete case ledger identified. | S22: No complete longitudinal ledger identified. | S29: None newly acquired. | S23: data/raw/reused/glo_financial.csv.gz; glo_accomplishments.csv.gz; glo_beneficiaries.csv.gz; glo_narratives.csv.gz; glo_f31_1.xlsx; glo_f31_2.xlsx,First acquisition and baseline phase,2026-09-10
Retreat_Program_Costs,Fiscal,Alias to reconcile,A,S21 S23 S29,"Reconcile to Total_Retreat_Costs with explicit scope and time basis; use the same source, definition, baseline and units.","Retain the original spelling in the audit, but do not create a second independently calibrated variable.",,P1,Additional guide/configuration entry,guide extension/configuration,361,,,not in original dictionary,not assessed in original dictionary,Potential source/method identified; no new parameter estimate certified,S21,https://hcd.harriscountytx.gov/About-Us/Public-Records-Request,https://hcd.harriscountytx.gov/About-Us/Public-Records-Request; https://glo.texas.gov/disaster-recovery/grant-administration/grant-administration-reporting/hud-drgr-qpr-reports; https://purchasing.harriscountytx.gov/,"S21: HCD cases, staff and program finances | S23: Grant, activity, project and grantee | S29: Contract/project and vendor","S21: Request 2010–2024, with later completion dates for censoring | S23: Quarterly grant histories; local Harris buyout extracts retained | S29: Award- and invoice-specific",S21: Official request route verified. No request submitted; responsive fields and release are unconfirmed. | S23: Official reporting pages read; local financial/accomplishment/narrative files retained. | S29: Official portal and linked Bonfire/GovQA routes verified; detailed invoice/effort exports not acquired.,S21: No complete case ledger identified. | S23: data/raw/reused/glo_financial.csv.gz; glo_accomplishments.csv.gz; glo_beneficiaries.csv.gz; glo_narratives.csv.gz; glo_f31_1.xlsx; glo_f31_2.xlsx | S29: None newly acquired.,First acquisition and baseline phase,2026-09-10
Retreat_Property_Removal,Fiscal,Direct measurement candidate,D,S05 S21 S22 S27,"Measure taxable value leaving the selected jurisdiction's roll after acquisition, with exemption and timing checks.",Property-count removal must be converted to taxable-value flow; avoid double counting in depreciation.,USD_2024/year,P1,Original 215-entry dictionary,unresolved_reference,77; 514,unresolved,,resolve_before_model_build,unavailable,Potential source/method identified; no new parameter estimate certified,S05,https://hcad.org/pdata/pdata-property-downloads.html/,https://hcad.org/pdata/pdata-property-downloads.html/; https://hcd.harriscountytx.gov/About-Us/Public-Records-Request; https://www.hcfcd.org/Community/Contact-Us/Public-Information-Requests; https://auditor.harriscountytx.gov/Reports/Annual-Comprehensive-Financial-Report-Harris-County,"S05: Parcel/account and taxing jurisdiction | S21: HCD cases, staff and program finances | S22: HCFCD program, acquisition, land and infrastructure records | S27: County and reporting entities/funds","S05: 2024 retained; inspect annual historical availability | S21: Request 2010–2024, with later completion dates for censoring | S22: Request historical cohorts and 2024 opening balances | S27: Annual audited fiscal years",S05: Official pages checked; 2024 raw archives already retained. | S21: Official request route verified. No request submitted; responsive fields and release are unconfirmed. | S22: Official public-information request page read; no request submitted. | S27: Official catalog and FY2024 report read; candidate acquisition.,"S05: data/raw/public/hcad_2024_Real_acct_owner.zip; hcad_2024_Real_jur_exempt.zip; hcad_2024_Code_description_real.zip; hcad_parcels_2024_oct.zip | S21: No complete case ledger identified. | S22: No complete longitudinal ledger identified. | S27: Budget PDFs provide related inputs, not audited equivalents.",First acquisition and baseline phase,2026-09-10
Service_Costs,Fiscal,Direct measurement candidate,D,S26 S27 S29,Use actual operating/service costs for the chosen jurisdiction and estimate marginal changes after retreat.,Average county spending per resident need not equal marginal cost savings from dispersed acquisitions.,USD_2024/year,P1,Original 215-entry dictionary,unresolved_reference,90,unresolved,,resolve_before_model_build,unavailable,Potential source/method identified; no new parameter estimate certified,S26,https://budget.harriscountytx.gov/budget.aspx,https://budget.harriscountytx.gov/budget.aspx; https://auditor.harriscountytx.gov/Reports/Annual-Comprehensive-Financial-Report-Harris-County; https://purchasing.harriscountytx.gov/,"S26: County departments, funds and programs | S27: County and reporting entities/funds | S29: Contract/project and vendor",S26: Annual; FY2025/FY2026 local documents | S27: Annual audited fiscal years | S29: Award- and invoice-specific,S26: Official budget portal read; two budget PDFs already retained. | S27: Official catalog and FY2024 report read; candidate acquisition. | S29: Official portal and linked Bonfire/GovQA routes verified; detailed invoice/effort exports not acquired.,"S26: data/raw/public/county_budget_fy2025.pdf; county_budget_fy2026.pdf | S27: Budget PDFs provide related inputs, not audited equivalents. | S29: None newly acquired.",First acquisition and baseline phase,2026-09-10
Support_Service_Costs,Fiscal,Direct measurement candidate,D,S21 S22 S29 S31,"Sum paid case-management, psychosocial, transport, childcare and relocation-support costs by service category.",Keep these distinct from purchase payments and administrative overhead to avoid duplicate cost allocation.,USD_2024/year,P1,Original 215-entry dictionary,unresolved_reference,78,unresolved,,resolve_before_model_build,unavailable,Potential source/method identified; no new parameter estimate certified,S21,https://hcd.harriscountytx.gov/About-Us/Public-Records-Request,https://hcd.harriscountytx.gov/About-Us/Public-Records-Request; https://www.hcfcd.org/Community/Contact-Us/Public-Information-Requests; https://purchasing.harriscountytx.gov/; https://www.bls.gov/cpi/data.htm,"S21: HCD cases, staff and program finances | S22: HCFCD program, acquisition, land and infrastructure records | S29: Contract/project and vendor | S31: Houston metropolitan area or national benchmark","S21: Request 2010–2024, with later completion dates for censoring | S22: Request historical cohorts and 2024 opening balances | S29: Award- and invoice-specific | S31: Monthly/bimonthly or annual series depending geography",S21: Official request route verified. No request submitted; responsive fields and release are unconfirmed. | S22: Official public-information request page read; no request submitted. | S29: Official portal and linked Bonfire/GovQA routes verified; detailed invoice/effort exports not acquired. | S31: Official data and Houston release pages read; deflator not yet applied.,S21: No complete case ledger identified. | S22: No complete longitudinal ledger identified. | S29: None newly acquired. | S31: Existing monetary series remain nominal unless explicitly labeled otherwise.,First acquisition and baseline phase,2026-09-10
Tax_Revenue,Fiscal,Direct measurement candidate,D,S27 S26,Use actual tax collections for the chosen taxing jurisdiction and fiscal year; relate to taxable roll and tax rates.,Tax base dollars and revenue dollars/year are different; collection lag and overlapping jurisdictions matter.,USD_2024/year,P1,Original 215-entry dictionary,unresolved_reference,90,unresolved,,resolve_before_model_build,unavailable,Potential source/method identified; no new parameter estimate certified,S27,https://auditor.harriscountytx.gov/Reports/Annual-Comprehensive-Financial-Report-Harris-County,https://auditor.harriscountytx.gov/Reports/Annual-Comprehensive-Financial-Report-Harris-County; https://budget.harriscountytx.gov/budget.aspx,"S27: County and reporting entities/funds | S26: County departments, funds and programs",S27: Annual audited fiscal years | S26: Annual; FY2025/FY2026 local documents,S27: Official catalog and FY2024 report read; candidate acquisition. | S26: Official budget portal read; two budget PDFs already retained.,"S27: Budget PDFs provide related inputs, not audited equivalents. | S26: data/raw/public/county_budget_fy2025.pdf; county_budget_fy2026.pdf",First acquisition and baseline phase,2026-09-10
Total_Retreat_Costs,Fiscal,Calculated model quantity,C,S21 S22 S23 S29 S31,"Aggregate nonoverlapping acquisition, relocation, administration, demolition, restoration and maintenance costs; separate annual/cumulative forms.",Define scope before calculating CBA; distinguish transfers from social resource costs.,USD_2024 or USD_2024/year,P1,Original 215-entry dictionary,unresolved_reference,89; 527,unresolved,,resolve_before_model_build,unavailable,Potential source/method identified; no new parameter estimate certified,S21,https://hcd.harriscountytx.gov/About-Us/Public-Records-Request,https://hcd.harriscountytx.gov/About-Us/Public-Records-Request; https://www.hcfcd.org/Community/Contact-Us/Public-Information-Requests; https://glo.texas.gov/disaster-recovery/grant-administration/grant-administration-reporting/hud-drgr-qpr-reports; https://purchasing.harriscountytx.gov/; https://www.bls.gov/cpi/data.htm,"S21: HCD cases, staff and program finances | S22: HCFCD program, acquisition, land and infrastructure records | S23: Grant, activity, project and grantee | S29: Contract/project and vendor | S31: Houston metropolitan area or national benchmark","S21: Request 2010–2024, with later completion dates for censoring | S22: Request historical cohorts and 2024 opening balances | S23: Quarterly grant histories; local Harris buyout extracts retained | S29: Award- and invoice-specific | S31: Monthly/bimonthly or annual series depending geography",S21: Official request route verified. No request submitted; responsive fields and release are unconfirmed. | S22: Official public-information request page read; no request submitted. | S23: Official reporting pages read; local financial/accomplishment/narrative files retained. | S29: Official portal and linked Bonfire/GovQA routes verified; detailed invoice/effort exports not acquired. | S31: Official data and Houston release pages read; deflator not yet applied.,S21: No complete case ledger identified. | S22: No complete longitudinal ledger identified. | S23: data/raw/reused/glo_financial.csv.gz; glo_accomplishments.csv.gz; glo_beneficiaries.csv.gz; glo_narratives.csv.gz; glo_f31_1.xlsx; glo_f31_2.xlsx | S29: None newly acquired. | S31: Existing monetary series remain nominal unless explicitly labeled otherwise.,First acquisition and baseline phase,2026-09-10
Total_Social_Cost,Fiscal,Calculated model quantity,C,S32 S21 S56 S52 M01,"Combine consistent incremental resource costs, losses and nonoverlapping benefits; present nonmonetary outcomes alongside.","Transfers, assets, annual flows and present values cannot be added without an explicit accounting convention.",USD_2024 present value,P1,Additional guide/configuration entry,guide extension/configuration,361,,,not in original dictionary,not assessed in original dictionary,Potential source/method identified; no new parameter estimate certified,S32,https://www.fema.gov/sites/default/files/documents/fema_policy-206-23-001-bca-discount-rate-and-streamlined-approaches_april-24-2024.pdf,https://www.fema.gov/sites/default/files/documents/fema_policy-206-23-001-bca-discount-rate-and-streamlined-approaches_april-24-2024.pdf; https://hcd.harriscountytx.gov/About-Us/Public-Records-Request; https://www.fema.gov/sites/default/files/documents/fema_rsl_hazus-7-fltm_06272025_0.pdf; https://data.naturalcapitalproject.stanford.edu/,"S32: Method/policy, not local observations | S21: HCD cases, staff and program finances | S56: Engineering loss-model methodology | S52: Model/project specific | M01: Generic model requiring Harris County localization","S32: Version and award-rule dependent | S21: Request 2010–2024, with later completion dates for censoring | S56: Hazus 7, 2025 manual | S52: Input-vintage and scenario specific | M01: DOCX guide; mind map dated October 15, 2024","S32: Official policy located; PDF fetch was unsuccessful. Applicability/current rule must be checked against the award before use. | S21: Official request route verified. No request submitted; responsive fields and release are unconfirmed. | S56: Official manual located during research; local structure/depth inputs must be assembled. | S52: Official data/method pages read; method source, not an acquired Harris valuation table. | M01: Both original files inspected; 215-entry dictionary reconciled against full guide.",S32: Guide supplies illustrative values only. | S21: No complete case ledger identified. | S56: NSI and physical hazard inputs partly retained. | S52: No local InVEST model identified. | M01: sources/Managed Retreat System Dynamics Model.docx; sources/Mind Map Oct 15 2024.pdf,First acquisition and baseline phase,2026-09-10
Transfer_Payments,Fiscal,Direct measurement candidate,D,S27 S23 S26,Trace intergovernmental transfers into the chosen fund and year with source-of-funds identifiers.,Federal pass-throughs and local interfund transfers can otherwise be counted more than once.,USD_2024/year,P1,Original 215-entry dictionary,unresolved_reference,90,unresolved,,resolve_before_model_build,unavailable,Potential source/method identified; no new parameter estimate certified,S27,https://auditor.harriscountytx.gov/Reports/Annual-Comprehensive-Financial-Report-Harris-County,https://auditor.harriscountytx.gov/Reports/Annual-Comprehensive-Financial-Report-Harris-County; https://glo.texas.gov/disaster-recovery/grant-administration/grant-administration-reporting/hud-drgr-qpr-reports; https://budget.harriscountytx.gov/budget.aspx,"S27: County and reporting entities/funds | S23: Grant, activity, project and grantee | S26: County departments, funds and programs",S27: Annual audited fiscal years | S23: Quarterly grant histories; local Harris buyout extracts retained | S26: Annual; FY2025/FY2026 local documents,S27: Official catalog and FY2024 report read; candidate acquisition. | S23: Official reporting pages read; local financial/accomplishment/narrative files retained. | S26: Official budget portal read; two budget PDFs already retained.,"S27: Budget PDFs provide related inputs, not audited equivalents. | S23: data/raw/reused/glo_financial.csv.gz; glo_accomplishments.csv.gz; glo_beneficiaries.csv.gz; glo_narratives.csv.gz; glo_f31_1.xlsx; glo_f31_2.xlsx | S26: data/raw/public/county_budget_fy2025.pdf; county_budget_fy2026.pdf",First acquisition and baseline phase,2026-09-10
User_Group_Factor,Fiscal,Scenario or policy choice,S,S19 S21 S17 S46 M01,Define group-specific assistance rules based on legally eligible costs and locally agreed needs.,Do not assign arbitrary numeric effects solely from social identity; tenure compensation components differ.,documented assistance modifier,P0,Additional guide/configuration entry,guide extension/configuration,261,,,not in original dictionary,not assessed in original dictionary,Potential source/method identified; no new parameter estimate certified,S19,https://hcd.harriscountytx.gov/Disaster-Recovery/Buyout-Relocation-Programs,https://hcd.harriscountytx.gov/Disaster-Recovery/Buyout-Relocation-Programs; https://hcd.harriscountytx.gov/About-Us/Public-Records-Request; https://www.huduser.gov/portal/datasets/cp.html; https://egis.hud.gov/TDAT/,"S19: HCD programs and project areas | S21: HCD cases, staff and program finances | S17: County, place, tract and other published areas | S46: County-linked tribal interests and contacts | M01: Generic model requiring Harris County localization","S19: Program-specific; 2024 Q3 and 2025 Q2 reports retained | S21: Request 2010–2024, with later completion dates for censoring | S17: ACS-based multi-year releases | S46: Current tool; historical interest not a numeric time series | M01: DOCX guide; mind map dated October 15, 2024",S19: Official program pages and linked June 2025 guidelines read; earlier quarterly reports retained. | S21: Official request route verified. No request submitted; responsive fields and release are unconfirmed. | S17: Official download/documentation read; bulk files available; API requires a token. | S46: Official tool and manual read; no consultation initiated. | M01: Both original files inspected; 215-entry dictionary reconciled against full guide.,S19: data/raw/public/hcd_buyout_2024q3.pdf; hcd_buyout_2025q2.pdf | S21: No complete case ledger identified. | S17: None identified in reviewed package. | S46: None identified in reviewed package. | M01: sources/Managed Retreat System Dynamics Model.docx; sources/Mind Map Oct 15 2024.pdf,Define/reconcile before parameterization,2026-09-10
Communication_Failures,Governance,Proxy or operational definition,P,S21 S22 S36,"Code missed notices, contradictory guidance, response delays and resident-reported confusion with denominators.",Complaint records undercount silent nonparticipants; ensure score units match trust-erosion formulation.,rate or documented score,P1,Original 215-entry dictionary,unresolved_reference,103,unresolved,,resolve_before_model_build,unavailable,Potential source/method identified; no new parameter estimate certified,S21,https://hcd.harriscountytx.gov/About-Us/Public-Records-Request,https://hcd.harriscountytx.gov/About-Us/Public-Records-Request; https://www.hcfcd.org/Community/Contact-Us/Public-Information-Requests; https://oaktrust.library.tamu.edu/server/api/core/bitstreams/d5d8eede-8885-4ebd-ae00-044e424fbb6f/content,"S21: HCD cases, staff and program finances | S22: HCFCD program, acquisition, land and infrastructure records | S36: Mandatory-buyout residents in Harris County","S21: Request 2010–2024, with later completion dates for censoring | S22: Request historical cohorts and 2024 opening balances | S36: December 2025 report",S21: Official request route verified. No request submitted; responsive fields and release are unconfirmed. | S22: Official public-information request page read; no request submitted. | S36: 72-page primary report read via web; local PDF download returned 403; underlying interview data access unverified.,S21: No complete case ledger identified. | S22: No complete longitudinal ledger identified. | S36: No microdata acquired.,First acquisition and baseline phase,2026-09-10
Community_Engagement_Quality,Governance,Proxy or operational definition,P,S21 S22 S36 S39,"Combine perceived voice, responsiveness, accessibility and influence with documented outreach practices.",Participants may differ from nonparticipants; preserve subgroup and nonresponse information.,rubric/survey score,P1,Original 215-entry dictionary,parameter,102; 111,dimensionless,,input_table,assumed,Potential source/method identified; no new parameter estimate certified,S21,https://hcd.harriscountytx.gov/About-Us/Public-Records-Request,https://hcd.harriscountytx.gov/About-Us/Public-Records-Request; https://www.hcfcd.org/Community/Contact-Us/Public-Information-Requests; https://oaktrust.library.tamu.edu/server/api/core/bitstreams/d5d8eede-8885-4ebd-ae00-044e424fbb6f/content; https://www.oecd.org/en/publications/oecd-guidelines-on-measuring-trust_9789264278219-en.html,"S21: HCD cases, staff and program finances | S22: HCFCD program, acquisition, land and infrastructure records | S36: Mandatory-buyout residents in Harris County | S39: Survey instrument/method","S21: Request 2010–2024, with later completion dates for censoring | S22: Request historical cohorts and 2024 opening balances | S36: December 2025 report | S39: 2017 guidelines",S21: Official request route verified. No request submitted; responsive fields and release are unconfirmed. | S22: Official public-information request page read; no request submitted. | S36: 72-page primary report read via web; local PDF download returned 403; underlying interview data access unverified. | S39: Official publication page read; method source.,S21: No complete case ledger identified. | S22: No complete longitudinal ledger identified. | S36: No microdata acquired. | S39: No program-trust observations acquired.,First acquisition and baseline phase,2026-09-10
Community_Opposition,Governance,Calibration or new longitudinal evidence,K,S21 S22 S28 S36,"Measure opposition among eligible/affected residents using surveys, refusals and coded public testimony; fit relation to perceived inequity.",Public speakers and petitioners are selected; the guide lookup is not an estimated population response.,proportion or intensity,P2,Additional guide/configuration entry,guide extension/configuration,178,,,not in original dictionary,not assessed in original dictionary,Potential source/method identified; no new parameter estimate certified,S21,https://hcd.harriscountytx.gov/About-Us/Public-Records-Request,https://hcd.harriscountytx.gov/About-Us/Public-Records-Request; https://www.hcfcd.org/Community/Contact-Us/Public-Information-Requests; https://harriscountytx.legistar.com/Calendar.aspx; https://oaktrust.library.tamu.edu/server/api/core/bitstreams/d5d8eede-8885-4ebd-ae00-044e424fbb6f/content,"S21: HCD cases, staff and program finances | S22: HCFCD program, acquisition, land and infrastructure records | S28: County policy decisions | S36: Mandatory-buyout residents in Harris County","S21: Request 2010–2024, with later completion dates for censoring | S22: Request historical cohorts and 2024 opening balances | S28: Dated meetings; current and archived systems | S36: December 2025 report",S21: Official request route verified. No request submitted; responsive fields and release are unconfirmed. | S22: Official public-information request page read; no request submitted. | S28: Official calendar/archive pages read; additional document coding candidate. | S36: 72-page primary report read via web; local PDF download returned 403; underlying interview data access unverified.,S21: No complete case ledger identified. | S22: No complete longitudinal ledger identified. | S28: documentation/Governance_Program_Timeline.csv contains partial existing chronology. | S36: No microdata acquired.,"Calibration, validation or optional extension",2026-09-10
Community_Petition_Threshold_Met,Governance,Scenario or policy choice,S,S28 S21 M01,Evaluate a documented petition count/coverage against an explicitly chosen threshold.,Confirm that such a trigger exists in the actual program; otherwise it is a hypothetical scenario rule.,binary,P0,Additional guide/configuration entry,guide extension/configuration,184,,,not in original dictionary,not assessed in original dictionary,Potential source/method identified; no new parameter estimate certified,S28,https://harriscountytx.legistar.com/Calendar.aspx,https://harriscountytx.legistar.com/Calendar.aspx; https://hcd.harriscountytx.gov/About-Us/Public-Records-Request,"S28: County policy decisions | S21: HCD cases, staff and program finances | M01: Generic model requiring Harris County localization","S28: Dated meetings; current and archived systems | S21: Request 2010–2024, with later completion dates for censoring | M01: DOCX guide; mind map dated October 15, 2024",S28: Official calendar/archive pages read; additional document coding candidate. | S21: Official request route verified. No request submitted; responsive fields and release are unconfirmed. | M01: Both original files inspected; 215-entry dictionary reconciled against full guide.,S28: documentation/Governance_Program_Timeline.csv contains partial existing chronology. | S21: No complete case ledger identified. | M01: sources/Managed Retreat System Dynamics Model.docx; sources/Mind Map Oct 15 2024.pdf,Define/reconcile before parameterization,2026-09-10
Community_Trust,Governance,Alias to reconcile,A,S39 S21,"Reconcile to Community_Trust_in_Process; use the same source, definition, baseline and units.","Retain the original spelling in the audit, but do not create a second independently calibrated variable.",,P1,Original 215-entry dictionary,unresolved_reference,103; 364,unresolved,,resolve_before_model_build,unavailable,Potential source/method identified; no new parameter estimate certified,S39,https://www.oecd.org/en/publications/oecd-guidelines-on-measuring-trust_9789264278219-en.html,https://www.oecd.org/en/publications/oecd-guidelines-on-measuring-trust_9789264278219-en.html; https://hcd.harriscountytx.gov/About-Us/Public-Records-Request,"S39: Survey instrument/method | S21: HCD cases, staff and program finances","S39: 2017 guidelines | S21: Request 2010–2024, with later completion dates for censoring",S39: Official publication page read; method source. | S21: Official request route verified. No request submitted; responsive fields and release are unconfirmed.,S39: No program-trust observations acquired. | S21: No complete case ledger identified.,First acquisition and baseline phase,2026-09-10
Community_Trust_Building_Time,Governance,Calibration or new longitudinal evidence,K,S39 S21 S36,Fit recovery of repeated process-trust scores following defined improvements or resolved disputes.,No single public Harris County time constant was found; elicit uncertain priors if longitudinal data remain unavailable.,years,P2,Original 215-entry dictionary,parameter,173,year,,input_table,assumed,Potential source/method identified; no new parameter estimate certified,S39,https://www.oecd.org/en/publications/oecd-guidelines-on-measuring-trust_9789264278219-en.html,https://www.oecd.org/en/publications/oecd-guidelines-on-measuring-trust_9789264278219-en.html; https://hcd.harriscountytx.gov/About-Us/Public-Records-Request; https://oaktrust.library.tamu.edu/server/api/core/bitstreams/d5d8eede-8885-4ebd-ae00-044e424fbb6f/content,"S39: Survey instrument/method | S21: HCD cases, staff and program finances | S36: Mandatory-buyout residents in Harris County","S39: 2017 guidelines | S21: Request 2010–2024, with later completion dates for censoring | S36: December 2025 report",S39: Official publication page read; method source. | S21: Official request route verified. No request submitted; responsive fields and release are unconfirmed. | S36: 72-page primary report read via web; local PDF download returned 403; underlying interview data access unverified.,S39: No program-trust observations acquired. | S21: No complete case ledger identified. | S36: No microdata acquired.,"Calibration, validation or optional extension",2026-09-10
Community_Trust_in_Process,Governance,Proxy or operational definition,P,S39 S36 S21,Collect repeated trust questions naming the buyout agency/process; use complaints and survey narratives for triangulation.,GHCP media/school trust is not buyout-process trust; general trust is contextual only.,validated trust score,P1,Original 215-entry dictionary,stock,98,dimensionless (0-100),,design_only; no executable mdl supplied,unavailable,Potential source/method identified; no new parameter estimate certified,S39,https://www.oecd.org/en/publications/oecd-guidelines-on-measuring-trust_9789264278219-en.html,https://www.oecd.org/en/publications/oecd-guidelines-on-measuring-trust_9789264278219-en.html; https://oaktrust.library.tamu.edu/server/api/core/bitstreams/d5d8eede-8885-4ebd-ae00-044e424fbb6f/content; https://hcd.harriscountytx.gov/About-Us/Public-Records-Request,"S39: Survey instrument/method | S36: Mandatory-buyout residents in Harris County | S21: HCD cases, staff and program finances","S39: 2017 guidelines | S36: December 2025 report | S21: Request 2010–2024, with later completion dates for censoring",S39: Official publication page read; method source. | S36: 72-page primary report read via web; local PDF download returned 403; underlying interview data access unverified. | S21: Official request route verified. No request submitted; responsive fields and release are unconfirmed.,S39: No program-trust observations acquired. | S36: No microdata acquired. | S21: No complete case ledger identified.,First acquisition and baseline phase,2026-09-10
Coordination_Quality,Governance,Proxy or operational definition,P,S21 S22 S28 S36,"Measure interagency handoff delays, unresolved referrals and agreed responsibilities plus participant/staff accounts.",Meeting frequency alone cannot measure coordination quality.,handoff performance/score,P2,Original 215-entry dictionary,unresolved_reference,107,unresolved,,resolve_before_model_build,unavailable,Potential source/method identified; no new parameter estimate certified,S21,https://hcd.harriscountytx.gov/About-Us/Public-Records-Request,https://hcd.harriscountytx.gov/About-Us/Public-Records-Request; https://www.hcfcd.org/Community/Contact-Us/Public-Information-Requests; https://harriscountytx.legistar.com/Calendar.aspx; https://oaktrust.library.tamu.edu/server/api/core/bitstreams/d5d8eede-8885-4ebd-ae00-044e424fbb6f/content,"S21: HCD cases, staff and program finances | S22: HCFCD program, acquisition, land and infrastructure records | S28: County policy decisions | S36: Mandatory-buyout residents in Harris County","S21: Request 2010–2024, with later completion dates for censoring | S22: Request historical cohorts and 2024 opening balances | S28: Dated meetings; current and archived systems | S36: December 2025 report",S21: Official request route verified. No request submitted; responsive fields and release are unconfirmed. | S22: Official public-information request page read; no request submitted. | S28: Official calendar/archive pages read; additional document coding candidate. | S36: 72-page primary report read via web; local PDF download returned 403; underlying interview data access unverified.,S21: No complete case ledger identified. | S22: No complete longitudinal ledger identified. | S28: documentation/Governance_Program_Timeline.csv contains partial existing chronology. | S36: No microdata acquired.,"Calibration, validation or optional extension",2026-09-10
Cultural_Appropriate_Process,Governance,Proxy or operational definition,P,S46 S36 S21,"Assess language access, recognized protocols, consent practices and culturally relevant support with affected communities.",Local consultation is required to define appropriateness; outside coding is only a preliminary audit.,co-designed rubric,P2,Original 215-entry dictionary,unresolved_reference,108,unresolved,,resolve_before_model_build,unavailable,Potential source/method identified; no new parameter estimate certified,S46,https://egis.hud.gov/TDAT/,https://egis.hud.gov/TDAT/; https://oaktrust.library.tamu.edu/server/api/core/bitstreams/d5d8eede-8885-4ebd-ae00-044e424fbb6f/content; https://hcd.harriscountytx.gov/About-Us/Public-Records-Request,"S46: County-linked tribal interests and contacts | S36: Mandatory-buyout residents in Harris County | S21: HCD cases, staff and program finances","S46: Current tool; historical interest not a numeric time series | S36: December 2025 report | S21: Request 2010–2024, with later completion dates for censoring",S46: Official tool and manual read; no consultation initiated. | S36: 72-page primary report read via web; local PDF download returned 403; underlying interview data access unverified. | S21: Official request route verified. No request submitted; responsive fields and release are unconfirmed.,S46: None identified in reviewed package. | S36: No microdata acquired. | S21: No complete case ledger identified.,"Calibration, validation or optional extension",2026-09-10
Cultural_Protocol_Adherence,Governance,Proxy or operational definition,P,S46 S21 S36,Document community-agreed protocol steps and actual adherence in engagement/acquisition decisions.,No generic public county score exists; appropriate communities must define the criteria.,co-designed process indicators,P2,Additional guide/configuration entry,guide extension/configuration,185,,,not in original dictionary,not assessed in original dictionary,Potential source/method identified; no new parameter estimate certified,S46,https://egis.hud.gov/TDAT/,https://egis.hud.gov/TDAT/; https://hcd.harriscountytx.gov/About-Us/Public-Records-Request; https://oaktrust.library.tamu.edu/server/api/core/bitstreams/d5d8eede-8885-4ebd-ae00-044e424fbb6f/content,"S46: County-linked tribal interests and contacts | S21: HCD cases, staff and program finances | S36: Mandatory-buyout residents in Harris County","S46: Current tool; historical interest not a numeric time series | S21: Request 2010–2024, with later completion dates for censoring | S36: December 2025 report",S46: Official tool and manual read; no consultation initiated. | S21: Official request route verified. No request submitted; responsive fields and release are unconfirmed. | S36: 72-page primary report read via web; local PDF download returned 403; underlying interview data access unverified.,S46: None identified in reviewed package. | S21: No complete case ledger identified. | S36: No microdata acquired.,"Calibration, validation or optional extension",2026-09-10
Decision_Authority_Clarity,Governance,Proxy or operational definition,P,S19 S20 S28 S36,"Code formal delegation, appeal authority and consistent staff/resident understanding of who decides.",Written authority and perceived clarity can differ; retain both indicators.,rubric score,P2,Original 215-entry dictionary,unresolved_reference,107,unresolved,,resolve_before_model_build,unavailable,Potential source/method identified; no new parameter estimate certified,S19,https://hcd.harriscountytx.gov/Disaster-Recovery/Buyout-Relocation-Programs,https://hcd.harriscountytx.gov/Disaster-Recovery/Buyout-Relocation-Programs; https://www.hcfcd.org/Activity/Additional-Programs/Home-Buyout-Program; https://harriscountytx.legistar.com/Calendar.aspx; https://oaktrust.library.tamu.edu/server/api/core/bitstreams/d5d8eede-8885-4ebd-ae00-044e424fbb6f/content,S19: HCD programs and project areas | S20: HCFCD eligible areas and participating properties | S28: County policy decisions | S36: Mandatory-buyout residents in Harris County,S19: Program-specific; 2024 Q3 and 2025 Q2 reports retained | S20: Program history/current guidance | S28: Dated meetings; current and archived systems | S36: December 2025 report,S19: Official program pages and linked June 2025 guidelines read; earlier quarterly reports retained. | S20: Official pages read. Detailed longitudinal property records still require a request. | S28: Official calendar/archive pages read; additional document coding candidate. | S36: 72-page primary report read via web; local PDF download returned 403; underlying interview data access unverified.,"S19: data/raw/public/hcd_buyout_2024q3.pdf; hcd_buyout_2025q2.pdf | S20: Existing FEMA and HCD records are related, not substitutes for this program ledger. | S28: documentation/Governance_Program_Timeline.csv contains partial existing chronology. | S36: No microdata acquired.","Calibration, validation or optional extension",2026-09-10
Decision_Making_Approach,Governance,Scenario or policy choice,S,S19 S20 S28 M01,Code the legally and operationally documented decision process; construct clearly labeled scenario alternatives.,Separate participation in planning from consent to acquisition; category codes carry no numeric magnitude.,categorical,P0,Original 215-entry dictionary,aux,106,categorical,Policy_Choice_Selector,design_only; no executable mdl supplied,,Potential source/method identified; no new parameter estimate certified,S19,https://hcd.harriscountytx.gov/Disaster-Recovery/Buyout-Relocation-Programs,https://hcd.harriscountytx.gov/Disaster-Recovery/Buyout-Relocation-Programs; https://www.hcfcd.org/Activity/Additional-Programs/Home-Buyout-Program; https://harriscountytx.legistar.com/Calendar.aspx,S19: HCD programs and project areas | S20: HCFCD eligible areas and participating properties | S28: County policy decisions | M01: Generic model requiring Harris County localization,"S19: Program-specific; 2024 Q3 and 2025 Q2 reports retained | S20: Program history/current guidance | S28: Dated meetings; current and archived systems | M01: DOCX guide; mind map dated October 15, 2024",S19: Official program pages and linked June 2025 guidelines read; earlier quarterly reports retained. | S20: Official pages read. Detailed longitudinal property records still require a request. | S28: Official calendar/archive pages read; additional document coding candidate. | M01: Both original files inspected; 215-entry dictionary reconciled against full guide.,"S19: data/raw/public/hcd_buyout_2024q3.pdf; hcd_buyout_2025q2.pdf | S20: Existing FEMA and HCD records are related, not substitutes for this program ledger. | S28: documentation/Governance_Program_Timeline.csv contains partial existing chronology. | M01: sources/Managed Retreat System Dynamics Model.docx; sources/Mind Map Oct 15 2024.pdf",Define/reconcile before parameterization,2026-09-10
Engagement_Activities,Governance,Direct measurement candidate,D,S21 S22 S28,"Record event dates, format, purpose, target groups and unique attendance; code meaningful involvement separately.",Simple event counts cannot enter a 0–100 engagement stock without a conversion rule.,activities or score/year,P1,Original 215-entry dictionary,unresolved_reference,100,unresolved,,resolve_before_model_build,unavailable,Potential source/method identified; no new parameter estimate certified,S21,https://hcd.harriscountytx.gov/About-Us/Public-Records-Request,https://hcd.harriscountytx.gov/About-Us/Public-Records-Request; https://www.hcfcd.org/Community/Contact-Us/Public-Information-Requests; https://harriscountytx.legistar.com/Calendar.aspx,"S21: HCD cases, staff and program finances | S22: HCFCD program, acquisition, land and infrastructure records | S28: County policy decisions","S21: Request 2010–2024, with later completion dates for censoring | S22: Request historical cohorts and 2024 opening balances | S28: Dated meetings; current and archived systems",S21: Official request route verified. No request submitted; responsive fields and release are unconfirmed. | S22: Official public-information request page read; no request submitted. | S28: Official calendar/archive pages read; additional document coding candidate.,S21: No complete case ledger identified. | S22: No complete longitudinal ledger identified. | S28: documentation/Governance_Program_Timeline.csv contains partial existing chronology.,First acquisition and baseline phase,2026-09-10
Engagement_Fatigue,Governance,Calibration or new longitudinal evidence,K,S21 S22 S36,"Use repeat-participant dropout, stated burden and declining response in longitudinal outreach records.",Time constraints and satisfaction may explain nonattendance; fatigue should not be assumed from absence alone.,engagement points/year,P2,Original 215-entry dictionary,unresolved_reference,100,unresolved,,resolve_before_model_build,unavailable,Potential source/method identified; no new parameter estimate certified,S21,https://hcd.harriscountytx.gov/About-Us/Public-Records-Request,https://hcd.harriscountytx.gov/About-Us/Public-Records-Request; https://www.hcfcd.org/Community/Contact-Us/Public-Information-Requests; https://oaktrust.library.tamu.edu/server/api/core/bitstreams/d5d8eede-8885-4ebd-ae00-044e424fbb6f/content,"S21: HCD cases, staff and program finances | S22: HCFCD program, acquisition, land and infrastructure records | S36: Mandatory-buyout residents in Harris County","S21: Request 2010–2024, with later completion dates for censoring | S22: Request historical cohorts and 2024 opening balances | S36: December 2025 report",S21: Official request route verified. No request submitted; responsive fields and release are unconfirmed. | S22: Official public-information request page read; no request submitted. | S36: 72-page primary report read via web; local PDF download returned 403; underlying interview data access unverified.,S21: No complete case ledger identified. | S22: No complete longitudinal ledger identified. | S36: No microdata acquired.,"Calibration, validation or optional extension",2026-09-10
First_Nations_Engagement_Quality,Governance,Proxy or operational definition,P,S46 S45 S36,"Identify relevant tribal interests and co-design indicators of process, leadership, recognition and rights with those communities.","Localize Canadian terminology; do not infer engagement quality from race, ancestry or county population shares.",co-designed indicators,P1,Original 215-entry dictionary,aux,108,dimensionless (0-1),Cultural_Appropriate_Process * Indigenous_Leadership_Level * Non_Market_Value_Recognition * Land_Rights_Respect,design_only; no executable mdl supplied,,Potential source/method identified; no new parameter estimate certified,S46,https://egis.hud.gov/TDAT/,https://egis.hud.gov/TDAT/; https://atlas.thc.texas.gov/Data/DataDownload; https://oaktrust.library.tamu.edu/server/api/core/bitstreams/d5d8eede-8885-4ebd-ae00-044e424fbb6f/content,S46: County-linked tribal interests and contacts | S45: Historic sites/markers and geographic features | S36: Mandatory-buyout residents in Harris County,S46: Current tool; historical interest not a numeric time series | S45: Current inventory with designation dates | S36: December 2025 report,S46: Official tool and manual read; no consultation initiated. | S45: Official data download and access explanations read; GIS not acquired. | S36: 72-page primary report read via web; local PDF download returned 403; underlying interview data access unverified.,S46: None identified in reviewed package. | S45: None identified in reviewed package. | S36: No microdata acquired.,First acquisition and baseline phase,2026-09-10
Fully_Mandatory,Governance,Notation or category; no separate data,N,S19 S20 S54 M01,"Retreat-process alternative: define legal authority, participation and acquisition-consent rules for the actual program.","Category label, not a numeric observation or an extra downloadable dataset.",categorical,P0,Original 215-entry dictionary,unresolved_reference,106,unresolved,,resolve_before_model_build,unavailable,Potential source/method identified; no new parameter estimate certified,S19,https://hcd.harriscountytx.gov/Disaster-Recovery/Buyout-Relocation-Programs,https://hcd.harriscountytx.gov/Disaster-Recovery/Buyout-Relocation-Programs; https://www.hcfcd.org/Activity/Additional-Programs/Home-Buyout-Program; https://www.govinfo.gov/content/pkg/CFR-2025-title44-vol1/pdf/CFR-2025-title44-vol1-part80.pdf,S19: HCD programs and project areas | S20: HCFCD eligible areas and participating properties | S54: Applicable FEMA-funded acquisitions | M01: Generic model requiring Harris County localization,"S19: Program-specific; 2024 Q3 and 2025 Q2 reports retained | S20: Program history/current guidance | S54: 2025 codification; confirm award-specific applicability | M01: DOCX guide; mind map dated October 15, 2024",S19: Official program pages and linked June 2025 guidelines read; earlier quarterly reports retained. | S20: Official pages read. Detailed longitudinal property records still require a request. | S54: Official nine-page legal text read; use as a scenario-eligibility reference. | M01: Both original files inspected; 215-entry dictionary reconciled against full guide.,"S19: data/raw/public/hcd_buyout_2024q3.pdf; hcd_buyout_2025q2.pdf | S20: Existing FEMA and HCD records are related, not substitutes for this program ledger. | S54: No model constraint file yet. | M01: sources/Managed Retreat System Dynamics Model.docx; sources/Mind Map Oct 15 2024.pdf",Define/reconcile before parameterization,2026-09-10
Governance_Capacity,Governance,Proxy or operational definition,P,S21 S22 S26 S29,"Use filled staff, relevant experience, contract resources and interagency processing performance.",Do not substitute authorized staff or budget for actual implementation capability without checking utilization.,FTE/resources or score,P1,Original 215-entry dictionary,parameter,104; 112,dimensionless,,input_table,assumed,Potential source/method identified; no new parameter estimate certified,S21,https://hcd.harriscountytx.gov/About-Us/Public-Records-Request,https://hcd.harriscountytx.gov/About-Us/Public-Records-Request; https://www.hcfcd.org/Community/Contact-Us/Public-Information-Requests; https://budget.harriscountytx.gov/budget.aspx; https://purchasing.harriscountytx.gov/,"S21: HCD cases, staff and program finances | S22: HCFCD program, acquisition, land and infrastructure records | S26: County departments, funds and programs | S29: Contract/project and vendor","S21: Request 2010–2024, with later completion dates for censoring | S22: Request historical cohorts and 2024 opening balances | S26: Annual; FY2025/FY2026 local documents | S29: Award- and invoice-specific",S21: Official request route verified. No request submitted; responsive fields and release are unconfirmed. | S22: Official public-information request page read; no request submitted. | S26: Official budget portal read; two budget PDFs already retained. | S29: Official portal and linked Bonfire/GovQA routes verified; detailed invoice/effort exports not acquired.,S21: No complete case ledger identified. | S22: No complete longitudinal ledger identified. | S26: data/raw/public/county_budget_fy2025.pdf; county_budget_fy2026.pdf | S29: None newly acquired.,First acquisition and baseline phase,2026-09-10
Governance_Structure_Effectiveness,Governance,Proxy or operational definition,P,S21 S22 S28 S36,"Use actor coverage, interagency handoff times, resolved tasks and authority clarity with a published coding rubric.",More actors need not improve effectiveness; avoid a mechanically multiplicative index without validation.,documented score,P2,Original 215-entry dictionary,aux,107,dimensionless (0-1),(Number_of_Actors_Engaged / Potential_Actors) * Coordination_Quality * Decision_Authority_Clarity,design_only; no executable mdl supplied,,Potential source/method identified; no new parameter estimate certified,S21,https://hcd.harriscountytx.gov/About-Us/Public-Records-Request,https://hcd.harriscountytx.gov/About-Us/Public-Records-Request; https://www.hcfcd.org/Community/Contact-Us/Public-Information-Requests; https://harriscountytx.legistar.com/Calendar.aspx; https://oaktrust.library.tamu.edu/server/api/core/bitstreams/d5d8eede-8885-4ebd-ae00-044e424fbb6f/content,"S21: HCD cases, staff and program finances | S22: HCFCD program, acquisition, land and infrastructure records | S28: County policy decisions | S36: Mandatory-buyout residents in Harris County","S21: Request 2010–2024, with later completion dates for censoring | S22: Request historical cohorts and 2024 opening balances | S28: Dated meetings; current and archived systems | S36: December 2025 report",S21: Official request route verified. No request submitted; responsive fields and release are unconfirmed. | S22: Official public-information request page read; no request submitted. | S28: Official calendar/archive pages read; additional document coding candidate. | S36: 72-page primary report read via web; local PDF download returned 403; underlying interview data access unverified.,S21: No complete case ledger identified. | S22: No complete longitudinal ledger identified. | S28: documentation/Governance_Program_Timeline.csv contains partial existing chronology. | S36: No microdata acquired.,"Calibration, validation or optional extension",2026-09-10
Indigenous_Leadership_Level,Governance,Proxy or operational definition,P,S46 S28,"Document recognized leadership roles, decision authority and community-defined influence in the project.",Leadership quality cannot be inferred from outsider demographics or a universal numeric scale.,co-defined process indicator,P2,Original 215-entry dictionary,unresolved_reference,108,unresolved,,resolve_before_model_build,unavailable,Potential source/method identified; no new parameter estimate certified,S46,https://egis.hud.gov/TDAT/,https://egis.hud.gov/TDAT/; https://harriscountytx.legistar.com/Calendar.aspx,S46: County-linked tribal interests and contacts | S28: County policy decisions,S46: Current tool; historical interest not a numeric time series | S28: Dated meetings; current and archived systems,S46: Official tool and manual read; no consultation initiated. | S28: Official calendar/archive pages read; additional document coding candidate.,S46: None identified in reviewed package. | S28: documentation/Governance_Program_Timeline.csv contains partial existing chronology.,"Calibration, validation or optional extension",2026-09-10
Land_Rights_Respect,Governance,Proxy or operational definition,P,S46 S54 S55 S36,"Review title, tenure, consultation, consent and documented rights outcomes with relevant authorities/communities.",A property database alone cannot establish respect for rights or resolve contested interests.,co-designed/legal process indicators,P2,Original 215-entry dictionary,unresolved_reference,108,unresolved,,resolve_before_model_build,unavailable,Potential source/method identified; no new parameter estimate certified,S46,https://egis.hud.gov/TDAT/,https://egis.hud.gov/TDAT/; https://www.govinfo.gov/content/pkg/CFR-2025-title44-vol1/pdf/CFR-2025-title44-vol1-part80.pdf; https://www.cclerk.hctx.net/RealProperty.aspx; https://oaktrust.library.tamu.edu/server/api/core/bitstreams/d5d8eede-8885-4ebd-ae00-044e424fbb6f/content,S46: County-linked tribal interests and contacts | S54: Applicable FEMA-funded acquisitions | S55: Recorded instrument/property | S36: Mandatory-buyout residents in Harris County,S46: Current tool; historical interest not a numeric time series | S54: 2025 codification; confirm award-specific applicability | S55: Historical recording dates | S36: December 2025 report,S46: Official tool and manual read; no consultation initiated. | S54: Official nine-page legal text read; use as a scenario-eligibility reference. | S55: Official search pages read; no bulk instrument acquisition performed. | S36: 72-page primary report read via web; local PDF download returned 403; underlying interview data access unverified.,S46: None identified in reviewed package. | S54: No model constraint file yet. | S55: HCAD account links provide related parcel identifiers. | S36: No microdata acquired.,"Calibration, validation or optional extension",2026-09-10
Mandatory_with_Optout,Governance,Notation or category; no separate data,N,S19 S20 S54 M01,"Retreat-process alternative: define legal authority, participation and acquisition-consent rules for the actual program.","Category label, not a numeric observation or an extra downloadable dataset.",categorical,P0,Original 215-entry dictionary,unresolved_reference,106,unresolved,,resolve_before_model_build,unavailable,Potential source/method identified; no new parameter estimate certified,S19,https://hcd.harriscountytx.gov/Disaster-Recovery/Buyout-Relocation-Programs,https://hcd.harriscountytx.gov/Disaster-Recovery/Buyout-Relocation-Programs; https://www.hcfcd.org/Activity/Additional-Programs/Home-Buyout-Program; https://www.govinfo.gov/content/pkg/CFR-2025-title44-vol1/pdf/CFR-2025-title44-vol1-part80.pdf,S19: HCD programs and project areas | S20: HCFCD eligible areas and participating properties | S54: Applicable FEMA-funded acquisitions | M01: Generic model requiring Harris County localization,"S19: Program-specific; 2024 Q3 and 2025 Q2 reports retained | S20: Program history/current guidance | S54: 2025 codification; confirm award-specific applicability | M01: DOCX guide; mind map dated October 15, 2024",S19: Official program pages and linked June 2025 guidelines read; earlier quarterly reports retained. | S20: Official pages read. Detailed longitudinal property records still require a request. | S54: Official nine-page legal text read; use as a scenario-eligibility reference. | M01: Both original files inspected; 215-entry dictionary reconciled against full guide.,"S19: data/raw/public/hcd_buyout_2024q3.pdf; hcd_buyout_2025q2.pdf | S20: Existing FEMA and HCD records are related, not substitutes for this program ledger. | S54: No model constraint file yet. | M01: sources/Managed Retreat System Dynamics Model.docx; sources/Mind Map Oct 15 2024.pdf",Define/reconcile before parameterization,2026-09-10
Multi_Stakeholder_Participation,Governance,Proxy or operational definition,P,S21 S22 S28,Measure participation across eligible stakeholder classes and documented influence at decisions.,Do not equate the fraction attending with equal influence or consensus.,representation/influence score,P2,Original 215-entry dictionary,unresolved_reference,104,unresolved,,resolve_before_model_build,unavailable,Potential source/method identified; no new parameter estimate certified,S21,https://hcd.harriscountytx.gov/About-Us/Public-Records-Request,https://hcd.harriscountytx.gov/About-Us/Public-Records-Request; https://www.hcfcd.org/Community/Contact-Us/Public-Information-Requests; https://harriscountytx.legistar.com/Calendar.aspx,"S21: HCD cases, staff and program finances | S22: HCFCD program, acquisition, land and infrastructure records | S28: County policy decisions","S21: Request 2010–2024, with later completion dates for censoring | S22: Request historical cohorts and 2024 opening balances | S28: Dated meetings; current and archived systems",S21: Official request route verified. No request submitted; responsive fields and release are unconfirmed. | S22: Official public-information request page read; no request submitted. | S28: Official calendar/archive pages read; additional document coding candidate.,S21: No complete case ledger identified. | S22: No complete longitudinal ledger identified. | S28: documentation/Governance_Program_Timeline.csv contains partial existing chronology.,"Calibration, validation or optional extension",2026-09-10
Non_Market_Value_Recognition,Governance,Proxy or operational definition,P,S46 S36 S38 S19,"Code whether valued social, cultural and place ties are elicited and reflected in assistance or design decisions.",Recognition is not equivalent to assigning a dollar value to every cultural interest.,co-designed rubric,P2,Original 215-entry dictionary,unresolved_reference,108,unresolved,,resolve_before_model_build,unavailable,Potential source/method identified; no new parameter estimate certified,S46,https://egis.hud.gov/TDAT/,https://egis.hud.gov/TDAT/; https://oaktrust.library.tamu.edu/server/api/core/bitstreams/d5d8eede-8885-4ebd-ae00-044e424fbb6f/content; https://research.fs.usda.gov/treesearch/23746; https://hcd.harriscountytx.gov/Disaster-Recovery/Buyout-Relocation-Programs,S46: County-linked tribal interests and contacts | S36: Mandatory-buyout residents in Harris County | S38: Measurement instrument; no Harris County observations | S19: HCD programs and project areas,S46: Current tool; historical interest not a numeric time series | S36: December 2025 report | S38: 2003 study | S19: Program-specific; 2024 Q3 and 2025 Q2 reports retained,S46: Official tool and manual read; no consultation initiated. | S36: 72-page primary report read via web; local PDF download returned 403; underlying interview data access unverified. | S38: Primary research repository and PDF identified/read. | S19: Official program pages and linked June 2025 guidelines read; earlier quarterly reports retained.,S46: None identified in reviewed package. | S36: No microdata acquired. | S38: No new local survey collected. | S19: data/raw/public/hcd_buyout_2024q3.pdf; hcd_buyout_2025q2.pdf,"Calibration, validation or optional extension",2026-09-10
Number_of_Actors_Engaged,Governance,Direct measurement candidate,D,S21 S22 S28,Maintain a dated stakeholder register with roles and actual participation status.,Count organizations and individual households separately; duplicate representatives can inflate coverage.,distinct actors,P1,Original 215-entry dictionary,unresolved_reference,107,unresolved,,resolve_before_model_build,unavailable,Potential source/method identified; no new parameter estimate certified,S21,https://hcd.harriscountytx.gov/About-Us/Public-Records-Request,https://hcd.harriscountytx.gov/About-Us/Public-Records-Request; https://www.hcfcd.org/Community/Contact-Us/Public-Information-Requests; https://harriscountytx.legistar.com/Calendar.aspx,"S21: HCD cases, staff and program finances | S22: HCFCD program, acquisition, land and infrastructure records | S28: County policy decisions","S21: Request 2010–2024, with later completion dates for censoring | S22: Request historical cohorts and 2024 opening balances | S28: Dated meetings; current and archived systems",S21: Official request route verified. No request submitted; responsive fields and release are unconfirmed. | S22: Official public-information request page read; no request submitted. | S28: Official calendar/archive pages read; additional document coding candidate.,S21: No complete case ledger identified. | S22: No complete longitudinal ledger identified. | S28: documentation/Governance_Program_Timeline.csv contains partial existing chronology.,First acquisition and baseline phase,2026-09-10
Persuasive,Governance,Notation or category; no separate data,N,M01 S19 S20 S54,Decision-process category; distinguish participation in planning from acquisition consent and authority.,"Category label, not a numeric observation or an extra downloadable dataset.",categorical,P0,Additional guide/configuration entry,guide extension/configuration,106,,,not in original dictionary,not assessed in original dictionary,Potential source/method identified; no new parameter estimate certified,M01,,https://hcd.harriscountytx.gov/Disaster-Recovery/Buyout-Relocation-Programs; https://www.hcfcd.org/Activity/Additional-Programs/Home-Buyout-Program; https://www.govinfo.gov/content/pkg/CFR-2025-title44-vol1/pdf/CFR-2025-title44-vol1-part80.pdf,M01: Generic model requiring Harris County localization | S19: HCD programs and project areas | S20: HCFCD eligible areas and participating properties | S54: Applicable FEMA-funded acquisitions,"M01: DOCX guide; mind map dated October 15, 2024 | S19: Program-specific; 2024 Q3 and 2025 Q2 reports retained | S20: Program history/current guidance | S54: 2025 codification; confirm award-specific applicability",M01: Both original files inspected; 215-entry dictionary reconciled against full guide. | S19: Official program pages and linked June 2025 guidelines read; earlier quarterly reports retained. | S20: Official pages read. Detailed longitudinal property records still require a request. | S54: Official nine-page legal text read; use as a scenario-eligibility reference.,"M01: sources/Managed Retreat System Dynamics Model.docx; sources/Mind Map Oct 15 2024.pdf | S19: data/raw/public/hcd_buyout_2024q3.pdf; hcd_buyout_2025q2.pdf | S20: Existing FEMA and HCD records are related, not substitutes for this program ledger. | S54: No model constraint file yet.",Define/reconcile before parameterization,2026-09-10
Policy_Adopted,Governance,Direct measurement candidate,D,S28 S19 S20,"Code formal adoption dates and distinguish ordinance, resolution, funding award and internal operating guidance.",Adoption does not imply the program is operating or fully funded.,dated indicator/milestone,P1,Additional guide/configuration entry,guide extension/configuration,174,,,not in original dictionary,not assessed in original dictionary,Potential source/method identified; no new parameter estimate certified,S28,https://harriscountytx.legistar.com/Calendar.aspx,https://harriscountytx.legistar.com/Calendar.aspx; https://hcd.harriscountytx.gov/Disaster-Recovery/Buyout-Relocation-Programs; https://www.hcfcd.org/Activity/Additional-Programs/Home-Buyout-Program,S28: County policy decisions | S19: HCD programs and project areas | S20: HCFCD eligible areas and participating properties,S28: Dated meetings; current and archived systems | S19: Program-specific; 2024 Q3 and 2025 Q2 reports retained | S20: Program history/current guidance,S28: Official calendar/archive pages read; additional document coding candidate. | S19: Official program pages and linked June 2025 guidelines read; earlier quarterly reports retained. | S20: Official pages read. Detailed longitudinal property records still require a request.,"S28: documentation/Governance_Program_Timeline.csv contains partial existing chronology. | S19: data/raw/public/hcd_buyout_2024q3.pdf; hcd_buyout_2025q2.pdf | S20: Existing FEMA and HCD records are related, not substitutes for this program ledger.",First acquisition and baseline phase,2026-09-10
Policy_Choice_Selector,Governance,Alias to reconcile,A,S19 S20 M01,"Reconcile to Decision_Making_Approach; use the same source, definition, baseline and units.","Retain the original spelling in the audit, but do not create a second independently calibrated variable.",,P1,Original 215-entry dictionary,unresolved_reference,106,unresolved,,resolve_before_model_build,unavailable,Potential source/method identified; no new parameter estimate certified,S19,https://hcd.harriscountytx.gov/Disaster-Recovery/Buyout-Relocation-Programs,https://hcd.harriscountytx.gov/Disaster-Recovery/Buyout-Relocation-Programs; https://www.hcfcd.org/Activity/Additional-Programs/Home-Buyout-Program,S19: HCD programs and project areas | S20: HCFCD eligible areas and participating properties | M01: Generic model requiring Harris County localization,"S19: Program-specific; 2024 Q3 and 2025 Q2 reports retained | S20: Program history/current guidance | M01: DOCX guide; mind map dated October 15, 2024",S19: Official program pages and linked June 2025 guidelines read; earlier quarterly reports retained. | S20: Official pages read. Detailed longitudinal property records still require a request. | M01: Both original files inspected; 215-entry dictionary reconciled against full guide.,"S19: data/raw/public/hcd_buyout_2024q3.pdf; hcd_buyout_2025q2.pdf | S20: Existing FEMA and HCD records are related, not substitutes for this program ledger. | M01: sources/Managed Retreat System Dynamics Model.docx; sources/Mind Map Oct 15 2024.pdf",First acquisition and baseline phase,2026-09-10
Policy_Development_Rate,Governance,Calculated model quantity,C,S28 S19 S20,Derive elapsed-time changes in the defined policy-progress scale and calibrate capacity relationships.,"The guide factor 10 and multiplicative functional form are hypotheses, not measured rates.",milestone points/year,P2,Original 215-entry dictionary,flow,99; 104,percent/year,Governance_Capacity * Multi_Stakeholder_Participation * (Political_Will / 100) * 10 * (1 - Retreat_Policy_Development_Progress / 100),design_only; no executable mdl supplied,,Potential source/method identified; no new parameter estimate certified,S28,https://harriscountytx.legistar.com/Calendar.aspx,https://harriscountytx.legistar.com/Calendar.aspx; https://hcd.harriscountytx.gov/Disaster-Recovery/Buyout-Relocation-Programs; https://www.hcfcd.org/Activity/Additional-Programs/Home-Buyout-Program,S28: County policy decisions | S19: HCD programs and project areas | S20: HCFCD eligible areas and participating properties,S28: Dated meetings; current and archived systems | S19: Program-specific; 2024 Q3 and 2025 Q2 reports retained | S20: Program history/current guidance,S28: Official calendar/archive pages read; additional document coding candidate. | S19: Official program pages and linked June 2025 guidelines read; earlier quarterly reports retained. | S20: Official pages read. Detailed longitudinal property records still require a request.,"S28: documentation/Governance_Program_Timeline.csv contains partial existing chronology. | S19: data/raw/public/hcd_buyout_2024q3.pdf; hcd_buyout_2025q2.pdf | S20: Existing FEMA and HCD records are related, not substitutes for this program ledger.","Calibration, validation or optional extension",2026-09-10
Policy_Implementation_Delay,Governance,Direct measurement candidate,D,S28 S19 S20 S21,Measure adoption/award-to-operational milestones by program cohort.,Several different delays exist; choose the transition represented by the model flow.,years,P1,Original 215-entry dictionary,parameter,173; 174,year,,input_table,assumed,Potential source/method identified; no new parameter estimate certified,S28,https://harriscountytx.legistar.com/Calendar.aspx,https://harriscountytx.legistar.com/Calendar.aspx; https://hcd.harriscountytx.gov/Disaster-Recovery/Buyout-Relocation-Programs; https://www.hcfcd.org/Activity/Additional-Programs/Home-Buyout-Program; https://hcd.harriscountytx.gov/About-Us/Public-Records-Request,"S28: County policy decisions | S19: HCD programs and project areas | S20: HCFCD eligible areas and participating properties | S21: HCD cases, staff and program finances","S28: Dated meetings; current and archived systems | S19: Program-specific; 2024 Q3 and 2025 Q2 reports retained | S20: Program history/current guidance | S21: Request 2010–2024, with later completion dates for censoring",S28: Official calendar/archive pages read; additional document coding candidate. | S19: Official program pages and linked June 2025 guidelines read; earlier quarterly reports retained. | S20: Official pages read. Detailed longitudinal property records still require a request. | S21: Official request route verified. No request submitted; responsive fields and release are unconfirmed.,"S28: documentation/Governance_Program_Timeline.csv contains partial existing chronology. | S19: data/raw/public/hcd_buyout_2024q3.pdf; hcd_buyout_2025q2.pdf | S20: Existing FEMA and HCD records are related, not substitutes for this program ledger. | S21: No complete case ledger identified.",First acquisition and baseline phase,2026-09-10
Policy_Implemented,Governance,Direct measurement candidate,D,S21 S22 S19 S20,"Code application opening, staffing, first offers and achieved policy coverage after adoption.",Choose a specific implementation endpoint before estimating its delay.,operational milestone/coverage,P1,Additional guide/configuration entry,guide extension/configuration,174,,,not in original dictionary,not assessed in original dictionary,Potential source/method identified; no new parameter estimate certified,S21,https://hcd.harriscountytx.gov/About-Us/Public-Records-Request,https://hcd.harriscountytx.gov/About-Us/Public-Records-Request; https://www.hcfcd.org/Community/Contact-Us/Public-Information-Requests; https://hcd.harriscountytx.gov/Disaster-Recovery/Buyout-Relocation-Programs; https://www.hcfcd.org/Activity/Additional-Programs/Home-Buyout-Program,"S21: HCD cases, staff and program finances | S22: HCFCD program, acquisition, land and infrastructure records | S19: HCD programs and project areas | S20: HCFCD eligible areas and participating properties","S21: Request 2010–2024, with later completion dates for censoring | S22: Request historical cohorts and 2024 opening balances | S19: Program-specific; 2024 Q3 and 2025 Q2 reports retained | S20: Program history/current guidance",S21: Official request route verified. No request submitted; responsive fields and release are unconfirmed. | S22: Official public-information request page read; no request submitted. | S19: Official program pages and linked June 2025 guidelines read; earlier quarterly reports retained. | S20: Official pages read. Detailed longitudinal property records still require a request.,"S21: No complete case ledger identified. | S22: No complete longitudinal ledger identified. | S19: data/raw/public/hcd_buyout_2024q3.pdf; hcd_buyout_2025q2.pdf | S20: Existing FEMA and HCD records are related, not substitutes for this program ledger.",First acquisition and baseline phase,2026-09-10
Policy_Stimulus_Present,Governance,Proxy or operational definition,P,S28 S23 S19,"Code a qualifying new mandate, funding opportunity or adopted incentive with a dated rule.",No universal stimulus measure exists; the trigger definition is a scenario/design choice.,binary/rubric,P1,Additional guide/configuration entry,guide extension/configuration,184,,,not in original dictionary,not assessed in original dictionary,Potential source/method identified; no new parameter estimate certified,S28,https://harriscountytx.legistar.com/Calendar.aspx,https://harriscountytx.legistar.com/Calendar.aspx; https://glo.texas.gov/disaster-recovery/grant-administration/grant-administration-reporting/hud-drgr-qpr-reports; https://hcd.harriscountytx.gov/Disaster-Recovery/Buyout-Relocation-Programs,"S28: County policy decisions | S23: Grant, activity, project and grantee | S19: HCD programs and project areas",S28: Dated meetings; current and archived systems | S23: Quarterly grant histories; local Harris buyout extracts retained | S19: Program-specific; 2024 Q3 and 2025 Q2 reports retained,S28: Official calendar/archive pages read; additional document coding candidate. | S23: Official reporting pages read; local financial/accomplishment/narrative files retained. | S19: Official program pages and linked June 2025 guidelines read; earlier quarterly reports retained.,S28: documentation/Governance_Program_Timeline.csv contains partial existing chronology. | S23: data/raw/reused/glo_financial.csv.gz; glo_accomplishments.csv.gz; glo_beneficiaries.csv.gz; glo_narratives.csv.gz; glo_f31_1.xlsx; glo_f31_2.xlsx | S19: data/raw/public/hcd_buyout_2024q3.pdf; hcd_buyout_2025q2.pdf,First acquisition and baseline phase,2026-09-10
Political_Will,Governance,Proxy or operational definition,P,S28 S26 S19,"Code votes, appropriations, policy sponsorship and persistence using an explicit dated rubric.",Event proximity and rhetoric are proxies; no public 0–100 political-will series was found.,coded score,P2,Original 215-entry dictionary,parameter,104; 113; 179,index_points,,input_table,assumed,Potential source/method identified; no new parameter estimate certified,S28,https://harriscountytx.legistar.com/Calendar.aspx,https://harriscountytx.legistar.com/Calendar.aspx; https://budget.harriscountytx.gov/budget.aspx; https://hcd.harriscountytx.gov/Disaster-Recovery/Buyout-Relocation-Programs,"S28: County policy decisions | S26: County departments, funds and programs | S19: HCD programs and project areas",S28: Dated meetings; current and archived systems | S26: Annual; FY2025/FY2026 local documents | S19: Program-specific; 2024 Q3 and 2025 Q2 reports retained,S28: Official calendar/archive pages read; additional document coding candidate. | S26: Official budget portal read; two budget PDFs already retained. | S19: Official program pages and linked June 2025 guidelines read; earlier quarterly reports retained.,S28: documentation/Governance_Program_Timeline.csv contains partial existing chronology. | S26: data/raw/public/county_budget_fy2025.pdf; county_budget_fy2026.pdf | S19: data/raw/public/hcd_buyout_2024q3.pdf; hcd_buyout_2025q2.pdf,"Calibration, validation or optional extension",2026-09-10
Potential_Actors,Governance,Proxy or operational definition,P,S21 S22 S28 S46,"Define the universe of affected residents, recipients, agencies, receiving communities and relevant tribal interests.",There is no ready official denominator; agree the actor categories and boundary before measuring coverage.,distinct eligible actors,P0,Original 215-entry dictionary,unresolved_reference,107,unresolved,,resolve_before_model_build,unavailable,Potential source/method identified; no new parameter estimate certified,S21,https://hcd.harriscountytx.gov/About-Us/Public-Records-Request,https://hcd.harriscountytx.gov/About-Us/Public-Records-Request; https://www.hcfcd.org/Community/Contact-Us/Public-Information-Requests; https://harriscountytx.legistar.com/Calendar.aspx; https://egis.hud.gov/TDAT/,"S21: HCD cases, staff and program finances | S22: HCFCD program, acquisition, land and infrastructure records | S28: County policy decisions | S46: County-linked tribal interests and contacts","S21: Request 2010–2024, with later completion dates for censoring | S22: Request historical cohorts and 2024 opening balances | S28: Dated meetings; current and archived systems | S46: Current tool; historical interest not a numeric time series",S21: Official request route verified. No request submitted; responsive fields and release are unconfirmed. | S22: Official public-information request page read; no request submitted. | S28: Official calendar/archive pages read; additional document coding candidate. | S46: Official tool and manual read; no consultation initiated.,S21: No complete case ledger identified. | S22: No complete longitudinal ledger identified. | S28: documentation/Governance_Program_Timeline.csv contains partial existing chronology. | S46: None identified in reviewed package.,Define/reconcile before parameterization,2026-09-10
Process_Delays,Governance,Direct measurement candidate,D,S21 S22,"Measure stage-specific elapsed time beyond a declared service benchmark, with pending-case censoring.",Do not combine raw years with 0–1 inequity scores without an explicit scale conversion.,years or standardized delay,P1,Original 215-entry dictionary,unresolved_reference,103,unresolved,,resolve_before_model_build,unavailable,Potential source/method identified; no new parameter estimate certified,S21,https://hcd.harriscountytx.gov/About-Us/Public-Records-Request,https://hcd.harriscountytx.gov/About-Us/Public-Records-Request; https://www.hcfcd.org/Community/Contact-Us/Public-Information-Requests,"S21: HCD cases, staff and program finances | S22: HCFCD program, acquisition, land and infrastructure records","S21: Request 2010–2024, with later completion dates for censoring | S22: Request historical cohorts and 2024 opening balances",S21: Official request route verified. No request submitted; responsive fields and release are unconfirmed. | S22: Official public-information request page read; no request submitted.,S21: No complete case ledger identified. | S22: No complete longitudinal ledger identified.,First acquisition and baseline phase,2026-09-10
Recent_Disaster_Events,Governance,Calculated model quantity,C,S08 S09,Count defined qualifying event clusters during an explicit recent-time window.,Choose window and threshold before linking to political will; events can share a disaster declaration.,events per rolling window,P1,Additional guide/configuration entry,guide extension/configuration,179,,,not in original dictionary,not assessed in original dictionary,Potential source/method identified; no new parameter estimate certified,S08,https://www.ncei.noaa.gov/pub/data/swdi/stormevents/csvfiles/,https://www.ncei.noaa.gov/pub/data/swdi/stormevents/csvfiles/; https://www.hcfcd.org/About/Harris-Countys-Flooding-History/Countywide-Impacts,"S08: County/forecast zone and event locations | S09: Watershed, gauge and event footprint",S08: 2010–2024 files retained; longer archive available | S09: Event reports and gauge-specific records,S08: Bulk source used in existing package; annual files retained. | S09: Official report and gauge pages read; targeted raw series remain to acquire.,S08: data/raw/public/StormEvents_details*.csv.gz; data/raw/reused/harris_events.csv.gz | S09: data/raw/reused/harris_climate.csv.gz; hydro_physical.csv.gz provide related existing inputs.,First acquisition and baseline phase,2026-09-10
Recent_Major_Disaster,Governance,Calculated model quantity,C,S08 S09,Apply documented severity/declaration criteria and a recency window to the event record.,Do not use an arbitrary row count to trigger program activation.,binary or event count,P1,Additional guide/configuration entry,guide extension/configuration,184,,,not in original dictionary,not assessed in original dictionary,Potential source/method identified; no new parameter estimate certified,S08,https://www.ncei.noaa.gov/pub/data/swdi/stormevents/csvfiles/,https://www.ncei.noaa.gov/pub/data/swdi/stormevents/csvfiles/; https://www.hcfcd.org/About/Harris-Countys-Flooding-History/Countywide-Impacts,"S08: County/forecast zone and event locations | S09: Watershed, gauge and event footprint",S08: 2010–2024 files retained; longer archive available | S09: Event reports and gauge-specific records,S08: Bulk source used in existing package; annual files retained. | S09: Official report and gauge pages read; targeted raw series remain to acquire.,S08: data/raw/public/StormEvents_details*.csv.gz; data/raw/reused/harris_events.csv.gz | S09: data/raw/reused/harris_climate.csv.gz; hydro_physical.csv.gz provide related existing inputs.,First acquisition and baseline phase,2026-09-10
Retreat_Policy_Development_Progress,Governance,Proxy or operational definition,P,S28 S19 S20,"Code dated milestones from problem recognition through approved policy, funding and operating procedures; predefine weights.","Percent complete is an analyst rubric, not a directly published continuous stock.",milestone score,P1,Original 215-entry dictionary,stock,99; 104,dimensionless (0-100),,design_only; no executable mdl supplied,unavailable,Potential source/method identified; no new parameter estimate certified,S28,https://harriscountytx.legistar.com/Calendar.aspx,https://harriscountytx.legistar.com/Calendar.aspx; https://hcd.harriscountytx.gov/Disaster-Recovery/Buyout-Relocation-Programs; https://www.hcfcd.org/Activity/Additional-Programs/Home-Buyout-Program,S28: County policy decisions | S19: HCD programs and project areas | S20: HCFCD eligible areas and participating properties,S28: Dated meetings; current and archived systems | S19: Program-specific; 2024 Q3 and 2025 Q2 reports retained | S20: Program history/current guidance,S28: Official calendar/archive pages read; additional document coding candidate. | S19: Official program pages and linked June 2025 guidelines read; earlier quarterly reports retained. | S20: Official pages read. Detailed longitudinal property records still require a request.,"S28: documentation/Governance_Program_Timeline.csv contains partial existing chronology. | S19: data/raw/public/hcd_buyout_2024q3.pdf; hcd_buyout_2025q2.pdf | S20: Existing FEMA and HCD records are related, not substitutes for this program ledger.",First acquisition and baseline phase,2026-09-10
Stakeholder_Engagement_Level,Governance,Proxy or operational definition,P,S21 S22 S28 S36,"Track represented groups, unique eligible participants, repeat involvement and accessibility relative to an eligible denominator.",Meeting counts or attendees alone do not measure representative influence or engagement quality.,participation rate/score,P1,Original 215-entry dictionary,stock,100,dimensionless (0-100),,design_only; no executable mdl supplied,unavailable,Potential source/method identified; no new parameter estimate certified,S21,https://hcd.harriscountytx.gov/About-Us/Public-Records-Request,https://hcd.harriscountytx.gov/About-Us/Public-Records-Request; https://www.hcfcd.org/Community/Contact-Us/Public-Information-Requests; https://harriscountytx.legistar.com/Calendar.aspx; https://oaktrust.library.tamu.edu/server/api/core/bitstreams/d5d8eede-8885-4ebd-ae00-044e424fbb6f/content,"S21: HCD cases, staff and program finances | S22: HCFCD program, acquisition, land and infrastructure records | S28: County policy decisions | S36: Mandatory-buyout residents in Harris County","S21: Request 2010–2024, with later completion dates for censoring | S22: Request historical cohorts and 2024 opening balances | S28: Dated meetings; current and archived systems | S36: December 2025 report",S21: Official request route verified. No request submitted; responsive fields and release are unconfirmed. | S22: Official public-information request page read; no request submitted. | S28: Official calendar/archive pages read; additional document coding candidate. | S36: 72-page primary report read via web; local PDF download returned 403; underlying interview data access unverified.,S21: No complete case ledger identified. | S22: No complete longitudinal ledger identified. | S28: documentation/Governance_Program_Timeline.csv contains partial existing chronology. | S36: No microdata acquired.,First acquisition and baseline phase,2026-09-10
Successful_Retreat_Demonstrations,Governance,Direct measurement candidate,D,S21 S22 S35 S36,Identify cases meeting defined outcome criteria and measure which residents actually know those examples.,Program publicity or completed acquisitions alone do not establish successful outcomes or trust effects.,verified examples or exposure rate,P2,Original 215-entry dictionary,unresolved_reference,102,unresolved,,resolve_before_model_build,unavailable,Potential source/method identified; no new parameter estimate certified,S21,https://hcd.harriscountytx.gov/About-Us/Public-Records-Request,https://hcd.harriscountytx.gov/About-Us/Public-Records-Request; https://www.hcfcd.org/Community/Contact-Us/Public-Information-Requests; https://idrt.tamu.edu/policy-decision-support/; https://oaktrust.library.tamu.edu/server/api/core/bitstreams/d5d8eede-8885-4ebd-ae00-044e424fbb6f/content,"S21: HCD cases, staff and program finances | S22: HCFCD program, acquisition, land and infrastructure records | S35: Historical Harris County buyouts and destination block groups | S36: Mandatory-buyout residents in Harris County","S21: Request 2010–2024, with later completion dates for censoring | S22: Request historical cohorts and 2024 opening balances | S35: Coverage years not verified from underlying data | S36: December 2025 report","S21: Official request route verified. No request submitted; responsive fields and release are unconfirmed. | S22: Official public-information request page read; no request submitted. | S35: Institutional project description verified; dashboard exists but underlying exports, completeness and reuse terms are unverified. | S36: 72-page primary report read via web; local PDF download returned 403; underlying interview data access unverified.",S21: No complete case ledger identified. | S22: No complete longitudinal ledger identified. | S35: No dataset identified in reviewed local files. | S36: No microdata acquired.,"Calibration, validation or optional extension",2026-09-10
Transparency_Level,Governance,Proxy or operational definition,P,S19 S20 S21 S28 S36,"Code public availability, timeliness, understandable explanations, appeals and disclosure completeness; validate with resident reports.",Document count alone is not transparency; a reproducible rubric is required.,rubric score,P1,Original 215-entry dictionary,parameter,102; 110,dimensionless,,input_table,assumed,Potential source/method identified; no new parameter estimate certified,S19,https://hcd.harriscountytx.gov/Disaster-Recovery/Buyout-Relocation-Programs,https://hcd.harriscountytx.gov/Disaster-Recovery/Buyout-Relocation-Programs; https://www.hcfcd.org/Activity/Additional-Programs/Home-Buyout-Program; https://hcd.harriscountytx.gov/About-Us/Public-Records-Request; https://harriscountytx.legistar.com/Calendar.aspx; https://oaktrust.library.tamu.edu/server/api/core/bitstreams/d5d8eede-8885-4ebd-ae00-044e424fbb6f/content,"S19: HCD programs and project areas | S20: HCFCD eligible areas and participating properties | S21: HCD cases, staff and program finances | S28: County policy decisions | S36: Mandatory-buyout residents in Harris County","S19: Program-specific; 2024 Q3 and 2025 Q2 reports retained | S20: Program history/current guidance | S21: Request 2010–2024, with later completion dates for censoring | S28: Dated meetings; current and archived systems | S36: December 2025 report",S19: Official program pages and linked June 2025 guidelines read; earlier quarterly reports retained. | S20: Official pages read. Detailed longitudinal property records still require a request. | S21: Official request route verified. No request submitted; responsive fields and release are unconfirmed. | S28: Official calendar/archive pages read; additional document coding candidate. | S36: 72-page primary report read via web; local PDF download returned 403; underlying interview data access unverified.,"S19: data/raw/public/hcd_buyout_2024q3.pdf; hcd_buyout_2025q2.pdf | S20: Existing FEMA and HCD records are related, not substitutes for this program ledger. | S21: No complete case ledger identified. | S28: documentation/Governance_Program_Timeline.csv contains partial existing chronology. | S36: No microdata acquired.",First acquisition and baseline phase,2026-09-10
Trust_Building_Actions,Governance,Calibration or new longitudinal evidence,K,S21 S22 S39 S36,"Relate logged engagement, explanation and resolved-case actions to repeated process-trust measures.",The guide multiplier 5 is uncalibrated; action counts require an estimated conversion into trust change.,trust points/year,P2,Original 215-entry dictionary,flow,98; 102,units/year,Transparency_Level * Community_Engagement_Quality * Successful_Retreat_Demonstrations * 5,design_only; no executable mdl supplied,,Potential source/method identified; no new parameter estimate certified,S21,https://hcd.harriscountytx.gov/About-Us/Public-Records-Request,https://hcd.harriscountytx.gov/About-Us/Public-Records-Request; https://www.hcfcd.org/Community/Contact-Us/Public-Information-Requests; https://www.oecd.org/en/publications/oecd-guidelines-on-measuring-trust_9789264278219-en.html; https://oaktrust.library.tamu.edu/server/api/core/bitstreams/d5d8eede-8885-4ebd-ae00-044e424fbb6f/content,"S21: HCD cases, staff and program finances | S22: HCFCD program, acquisition, land and infrastructure records | S39: Survey instrument/method | S36: Mandatory-buyout residents in Harris County","S21: Request 2010–2024, with later completion dates for censoring | S22: Request historical cohorts and 2024 opening balances | S39: 2017 guidelines | S36: December 2025 report",S21: Official request route verified. No request submitted; responsive fields and release are unconfirmed. | S22: Official public-information request page read; no request submitted. | S39: Official publication page read; method source. | S36: 72-page primary report read via web; local PDF download returned 403; underlying interview data access unverified.,S21: No complete case ledger identified. | S22: No complete longitudinal ledger identified. | S39: No program-trust observations acquired. | S36: No microdata acquired.,"Calibration, validation or optional extension",2026-09-10
Trust_Erosion,Governance,Calibration or new longitudinal evidence,K,S21 S22 S39 S36,"Link measured delay, perceived unfairness and communication failures to within-person trust changes.",Standardize predictors before combining; complaints are selected observations.,trust points/year,P2,Original 215-entry dictionary,flow,98; 103,units/year,Community_Trust * (Perceived_Inequity + Process_Delays + Communication_Failures) * 0.1,design_only; no executable mdl supplied,,Potential source/method identified; no new parameter estimate certified,S21,https://hcd.harriscountytx.gov/About-Us/Public-Records-Request,https://hcd.harriscountytx.gov/About-Us/Public-Records-Request; https://www.hcfcd.org/Community/Contact-Us/Public-Information-Requests; https://www.oecd.org/en/publications/oecd-guidelines-on-measuring-trust_9789264278219-en.html; https://oaktrust.library.tamu.edu/server/api/core/bitstreams/d5d8eede-8885-4ebd-ae00-044e424fbb6f/content,"S21: HCD cases, staff and program finances | S22: HCFCD program, acquisition, land and infrastructure records | S39: Survey instrument/method | S36: Mandatory-buyout residents in Harris County","S21: Request 2010–2024, with later completion dates for censoring | S22: Request historical cohorts and 2024 opening balances | S39: 2017 guidelines | S36: December 2025 report",S21: Official request route verified. No request submitted; responsive fields and release are unconfirmed. | S22: Official public-information request page read; no request submitted. | S39: Official publication page read; method source. | S36: 72-page primary report read via web; local PDF download returned 403; underlying interview data access unverified.,S21: No complete case ledger identified. | S22: No complete longitudinal ledger identified. | S39: No program-trust observations acquired. | S36: No microdata acquired.,"Calibration, validation or optional extension",2026-09-10
Voluntary,Governance,Notation or category; no separate data,N,M01 S19 S20 S54,Decision-process category; distinguish participation in planning from acquisition consent and authority.,"Category label, not a numeric observation or an extra downloadable dataset.",categorical,P0,Additional guide/configuration entry,guide extension/configuration,106; 482; 520,,,not in original dictionary,not assessed in original dictionary,Potential source/method identified; no new parameter estimate certified,M01,,https://hcd.harriscountytx.gov/Disaster-Recovery/Buyout-Relocation-Programs; https://www.hcfcd.org/Activity/Additional-Programs/Home-Buyout-Program; https://www.govinfo.gov/content/pkg/CFR-2025-title44-vol1/pdf/CFR-2025-title44-vol1-part80.pdf,M01: Generic model requiring Harris County localization | S19: HCD programs and project areas | S20: HCFCD eligible areas and participating properties | S54: Applicable FEMA-funded acquisitions,"M01: DOCX guide; mind map dated October 15, 2024 | S19: Program-specific; 2024 Q3 and 2025 Q2 reports retained | S20: Program history/current guidance | S54: 2025 codification; confirm award-specific applicability",M01: Both original files inspected; 215-entry dictionary reconciled against full guide. | S19: Official program pages and linked June 2025 guidelines read; earlier quarterly reports retained. | S20: Official pages read. Detailed longitudinal property records still require a request. | S54: Official nine-page legal text read; use as a scenario-eligibility reference.,"M01: sources/Managed Retreat System Dynamics Model.docx; sources/Mind Map Oct 15 2024.pdf | S19: data/raw/public/hcd_buyout_2024q3.pdf; hcd_buyout_2025q2.pdf | S20: Existing FEMA and HCD records are related, not substitutes for this program ledger. | S54: No model constraint file yet.",Define/reconcile before parameterization,2026-09-10
Voluntary_with_Incentives,Governance,Notation or category; no separate data,N,S19 S20 S54 M01,"Retreat-process alternative: define legal authority, participation and acquisition-consent rules for the actual program.","Category label, not a numeric observation or an extra downloadable dataset.",categorical,P0,Original 215-entry dictionary,unresolved_reference,106,unresolved,,resolve_before_model_build,unavailable,Potential source/method identified; no new parameter estimate certified,S19,https://hcd.harriscountytx.gov/Disaster-Recovery/Buyout-Relocation-Programs,https://hcd.harriscountytx.gov/Disaster-Recovery/Buyout-Relocation-Programs; https://www.hcfcd.org/Activity/Additional-Programs/Home-Buyout-Program; https://www.govinfo.gov/content/pkg/CFR-2025-title44-vol1/pdf/CFR-2025-title44-vol1-part80.pdf,S19: HCD programs and project areas | S20: HCFCD eligible areas and participating properties | S54: Applicable FEMA-funded acquisitions | M01: Generic model requiring Harris County localization,"S19: Program-specific; 2024 Q3 and 2025 Q2 reports retained | S20: Program history/current guidance | S54: 2025 codification; confirm award-specific applicability | M01: DOCX guide; mind map dated October 15, 2024",S19: Official program pages and linked June 2025 guidelines read; earlier quarterly reports retained. | S20: Official pages read. Detailed longitudinal property records still require a request. | S54: Official nine-page legal text read; use as a scenario-eligibility reference. | M01: Both original files inspected; 215-entry dictionary reconciled against full guide.,"S19: data/raw/public/hcd_buyout_2024q3.pdf; hcd_buyout_2025q2.pdf | S20: Existing FEMA and HCD records are related, not substitutes for this program ledger. | S54: No model constraint file yet. | M01: sources/Managed Retreat System Dynamics Model.docx; sources/Mind Map Oct 15 2024.pdf",Define/reconcile before parameterization,2026-09-10
Administrative_Efficiency,Implementation,Proxy or operational definition,P,S21 S22 S29,"Use processing duration, rework and output per FTE for comparable case stages.",Avoid defining efficiency from the same duration it is then used to predict without independent information.,case-mix-adjusted ratio,P2,Original 215-entry dictionary,unresolved_reference,128,unresolved,,resolve_before_model_build,unavailable,Potential source/method identified; no new parameter estimate certified,S21,https://hcd.harriscountytx.gov/About-Us/Public-Records-Request,https://hcd.harriscountytx.gov/About-Us/Public-Records-Request; https://www.hcfcd.org/Community/Contact-Us/Public-Information-Requests; https://purchasing.harriscountytx.gov/,"S21: HCD cases, staff and program finances | S22: HCFCD program, acquisition, land and infrastructure records | S29: Contract/project and vendor","S21: Request 2010–2024, with later completion dates for censoring | S22: Request historical cohorts and 2024 opening balances | S29: Award- and invoice-specific",S21: Official request route verified. No request submitted; responsive fields and release are unconfirmed. | S22: Official public-information request page read; no request submitted. | S29: Official portal and linked Bonfire/GovQA routes verified; detailed invoice/effort exports not acquired.,S21: No complete case ledger identified. | S22: No complete longitudinal ledger identified. | S29: None newly acquired.,"Calibration, validation or optional extension",2026-09-10
Application_Ease_Factor,Implementation,Calibration or new longitudinal evidence,K,S21 S22 S36,"Use incomplete/resubmitted application rates, documentation burden, accessibility and applicant feedback.",Estimate its effect on application completion; do not assume process ratings are causal coefficients.,bounded modifier,P2,Original 215-entry dictionary,unresolved_reference,120,unresolved,,resolve_before_model_build,unavailable,Potential source/method identified; no new parameter estimate certified,S21,https://hcd.harriscountytx.gov/About-Us/Public-Records-Request,https://hcd.harriscountytx.gov/About-Us/Public-Records-Request; https://www.hcfcd.org/Community/Contact-Us/Public-Information-Requests; https://oaktrust.library.tamu.edu/server/api/core/bitstreams/d5d8eede-8885-4ebd-ae00-044e424fbb6f/content,"S21: HCD cases, staff and program finances | S22: HCFCD program, acquisition, land and infrastructure records | S36: Mandatory-buyout residents in Harris County","S21: Request 2010–2024, with later completion dates for censoring | S22: Request historical cohorts and 2024 opening balances | S36: December 2025 report",S21: Official request route verified. No request submitted; responsive fields and release are unconfirmed. | S22: Official public-information request page read; no request submitted. | S36: 72-page primary report read via web; local PDF download returned 403; underlying interview data access unverified.,S21: No complete case ledger identified. | S22: No complete longitudinal ledger identified. | S36: No microdata acquired.,"Calibration, validation or optional extension",2026-09-10
Awareness_Half_Time,Implementation,Calibration or new longitudinal evidence,K,S21 S22 S33,"Fit repeated eligible-population awareness observations to an outreach/diffusion model, allowing saturation below 100%.",A launch date and website traffic alone do not identify this time constant.,years,P2,Original 215-entry dictionary,parameter,129; 133,year,,input_table,assumed,Potential source/method identified; no new parameter estimate certified,S21,https://hcd.harriscountytx.gov/About-Us/Public-Records-Request,https://hcd.harriscountytx.gov/About-Us/Public-Records-Request; https://www.hcfcd.org/Community/Contact-Us/Public-Information-Requests; https://www.kinderudp.org/#/datasetCatalog/oxwq5xg0ewkj,"S21: HCD cases, staff and program finances | S22: HCFCD program, acquisition, land and infrastructure records | S33: Greater Houston adult respondents; Harris subset/weights must be established","S21: Request 2010–2024, with later completion dates for censoring | S22: Request historical cohorts and 2024 opening balances | S33: 2023–2024 public-use waves; release listed January 9, 2026",S21: Official request route verified. No request submitted; responsive fields and release are unconfirmed. | S22: Official public-information request page read; no request submitted. | S33: Catalog and 248-page codebook read; codebook downloaded. Public-use data require a request form; no request submitted. Public files omit geocodes.,S21: No complete case ledger identified. | S22: No complete longitudinal ledger identified. | S33: reports/2026-09-10_Variable_Source_Assessment/research/GHCP_2023_2024_User_Guide.pdf,"Calibration, validation or optional extension",2026-09-10
Base_Processing_Time,Implementation,Direct measurement candidate,D,S21 S22 S55,Estimate baseline complete-application-to-close duration and stage-specific distributions for comparable cohorts.,"Include unfinished cases; separate legal, funding and administrative delays before applying multipliers.",years,P1,Original 215-entry dictionary,parameter,128; 131,year,,input_table,assumed,Potential source/method identified; no new parameter estimate certified,S21,https://hcd.harriscountytx.gov/About-Us/Public-Records-Request,https://hcd.harriscountytx.gov/About-Us/Public-Records-Request; https://www.hcfcd.org/Community/Contact-Us/Public-Information-Requests; https://www.cclerk.hctx.net/RealProperty.aspx,"S21: HCD cases, staff and program finances | S22: HCFCD program, acquisition, land and infrastructure records | S55: Recorded instrument/property","S21: Request 2010–2024, with later completion dates for censoring | S22: Request historical cohorts and 2024 opening balances | S55: Historical recording dates",S21: Official request route verified. No request submitted; responsive fields and release are unconfirmed. | S22: Official public-information request page read; no request submitted. | S55: Official search pages read; no bulk instrument acquisition performed.,S21: No complete case ledger identified. | S22: No complete longitudinal ledger identified. | S55: HCAD account links provide related parcel identifiers.,First acquisition and baseline phase,2026-09-10
Capacity_Attrition,Implementation,Direct measurement candidate,D,S21 S22 S29,Count departures and reductions in assigned caseworker hours over time.,"Contract expirations, vacancies and transfers need separate coding; headcount differs from FTE.",FTE/year,P1,Original 215-entry dictionary,unresolved_reference,118,unresolved,,resolve_before_model_build,unavailable,Potential source/method identified; no new parameter estimate certified,S21,https://hcd.harriscountytx.gov/About-Us/Public-Records-Request,https://hcd.harriscountytx.gov/About-Us/Public-Records-Request; https://www.hcfcd.org/Community/Contact-Us/Public-Information-Requests; https://purchasing.harriscountytx.gov/,"S21: HCD cases, staff and program finances | S22: HCFCD program, acquisition, land and infrastructure records | S29: Contract/project and vendor","S21: Request 2010–2024, with later completion dates for censoring | S22: Request historical cohorts and 2024 opening balances | S29: Award- and invoice-specific",S21: Official request route verified. No request submitted; responsive fields and release are unconfirmed. | S22: Official public-information request page read; no request submitted. | S29: Official portal and linked Bonfire/GovQA routes verified; detailed invoice/effort exports not acquired.,S21: No complete case ledger identified. | S22: No complete longitudinal ledger identified. | S29: None newly acquired.,First acquisition and baseline phase,2026-09-10
Capacity_Building,Implementation,Direct measurement candidate,D,S21 S22 S29,"Track hires, allocated contract effort and training-related capacity increments by month.",Training expenditure is not an observed increase in effective throughput.,FTE/year,P1,Original 215-entry dictionary,unresolved_reference,118,unresolved,,resolve_before_model_build,unavailable,Potential source/method identified; no new parameter estimate certified,S21,https://hcd.harriscountytx.gov/About-Us/Public-Records-Request,https://hcd.harriscountytx.gov/About-Us/Public-Records-Request; https://www.hcfcd.org/Community/Contact-Us/Public-Information-Requests; https://purchasing.harriscountytx.gov/,"S21: HCD cases, staff and program finances | S22: HCFCD program, acquisition, land and infrastructure records | S29: Contract/project and vendor","S21: Request 2010–2024, with later completion dates for censoring | S22: Request historical cohorts and 2024 opening balances | S29: Award- and invoice-specific",S21: Official request route verified. No request submitted; responsive fields and release are unconfirmed. | S22: Official public-information request page read; no request submitted. | S29: Official portal and linked Bonfire/GovQA routes verified; detailed invoice/effort exports not acquired.,S21: No complete case ledger identified. | S22: No complete longitudinal ledger identified. | S29: None newly acquired.,First acquisition and baseline phase,2026-09-10
Caseworker_Throughput,Implementation,Direct measurement candidate,D,S21 S22 S29,"Divide completed workload by actual allocated FTE-time, recording case complexity and stage.",Avoid using total county staff or mixing new applications with completed cases.,properties/FTE/year,P1,Original 215-entry dictionary,parameter,121; 132; 516,properties/year/caseworker,,input_table,assumed,Potential source/method identified; no new parameter estimate certified,S21,https://hcd.harriscountytx.gov/About-Us/Public-Records-Request,https://hcd.harriscountytx.gov/About-Us/Public-Records-Request; https://www.hcfcd.org/Community/Contact-Us/Public-Information-Requests; https://purchasing.harriscountytx.gov/,"S21: HCD cases, staff and program finances | S22: HCFCD program, acquisition, land and infrastructure records | S29: Contract/project and vendor","S21: Request 2010–2024, with later completion dates for censoring | S22: Request historical cohorts and 2024 opening balances | S29: Award- and invoice-specific",S21: Official request route verified. No request submitted; responsive fields and release are unconfirmed. | S22: Official public-information request page read; no request submitted. | S29: Official portal and linked Bonfire/GovQA routes verified; detailed invoice/effort exports not acquired.,S21: No complete case ledger identified. | S22: No complete longitudinal ledger identified. | S29: None newly acquired.,First acquisition and baseline phase,2026-09-10
caseworkers_equivalent,Implementation,Notation or category; no separate data,N,M01,"Unit label for Support_Services_Capacity, not a separate model variable.",Remove from the empirical-variable count while retaining this audit entry.,FTE,P0,Original 215-entry dictionary,unresolved_reference,118,unresolved,,resolve_before_model_build,unavailable,Potential source/method identified; no new parameter estimate certified,M01,,,M01: Generic model requiring Harris County localization,"M01: DOCX guide; mind map dated October 15, 2024",M01: Both original files inspected; 215-entry dictionary reconciled against full guide.,M01: sources/Managed Retreat System Dynamics Model.docx; sources/Mind Map Oct 15 2024.pdf,Define/reconcile before parameterization,2026-09-10
Communication_Effectiveness,Implementation,Proxy or operational definition,P,S21 S22 S36,"Measure message receipt, comprehension and accessibility among eligible residents using outreach logs and survey checks.",Sent notices and social-media impressions do not establish understanding.,understanding/reach proportion,P1,Original 215-entry dictionary,unresolved_reference,129,unresolved,,resolve_before_model_build,unavailable,Potential source/method identified; no new parameter estimate certified,S21,https://hcd.harriscountytx.gov/About-Us/Public-Records-Request,https://hcd.harriscountytx.gov/About-Us/Public-Records-Request; https://www.hcfcd.org/Community/Contact-Us/Public-Information-Requests; https://oaktrust.library.tamu.edu/server/api/core/bitstreams/d5d8eede-8885-4ebd-ae00-044e424fbb6f/content,"S21: HCD cases, staff and program finances | S22: HCFCD program, acquisition, land and infrastructure records | S36: Mandatory-buyout residents in Harris County","S21: Request 2010–2024, with later completion dates for censoring | S22: Request historical cohorts and 2024 opening balances | S36: December 2025 report",S21: Official request route verified. No request submitted; responsive fields and release are unconfirmed. | S22: Official public-information request page read; no request submitted. | S36: 72-page primary report read via web; local PDF download returned 403; underlying interview data access unverified.,S21: No complete case ledger identified. | S22: No complete longitudinal ledger identified. | S36: No microdata acquired.,First acquisition and baseline phase,2026-09-10
Community_Retreat_Demand,Implementation,Direct measurement candidate,D,S21 S22 S20,"Aggregate formal interest, eligible applications and stated demand separately by fixed community boundaries.",Observed applications are constrained by awareness and eligibility and do not equal latent demand.,households/properties by community,P1,Additional guide/configuration entry,guide extension/configuration,348,,,not in original dictionary,not assessed in original dictionary,Potential source/method identified; no new parameter estimate certified,S21,https://hcd.harriscountytx.gov/About-Us/Public-Records-Request,https://hcd.harriscountytx.gov/About-Us/Public-Records-Request; https://www.hcfcd.org/Community/Contact-Us/Public-Information-Requests; https://www.hcfcd.org/Activity/Additional-Programs/Home-Buyout-Program,"S21: HCD cases, staff and program finances | S22: HCFCD program, acquisition, land and infrastructure records | S20: HCFCD eligible areas and participating properties","S21: Request 2010–2024, with later completion dates for censoring | S22: Request historical cohorts and 2024 opening balances | S20: Program history/current guidance",S21: Official request route verified. No request submitted; responsive fields and release are unconfirmed. | S22: Official public-information request page read; no request submitted. | S20: Official pages read. Detailed longitudinal property records still require a request.,"S21: No complete case ledger identified. | S22: No complete longitudinal ledger identified. | S20: Existing FEMA and HCD records are related, not substitutes for this program ledger.",First acquisition and baseline phase,2026-09-10
Compensation_Attractiveness,Implementation,Calibration or new longitudinal evidence,K,S21 S22 S19 S36 S62,"Fit offer/value and assistance-adequacy responses using acceptances, refusals and stated-choice evidence.","Guide lookup points are assumptions; adjust for selection, timing and receiving-housing constraints.",acceptance probability modifier,P2,Original 215-entry dictionary,unresolved_reference,127; 177; 529,unresolved,,resolve_before_model_build,unavailable,Potential source/method identified; no new parameter estimate certified,S21,https://hcd.harriscountytx.gov/About-Us/Public-Records-Request,https://hcd.harriscountytx.gov/About-Us/Public-Records-Request; https://www.hcfcd.org/Community/Contact-Us/Public-Information-Requests; https://hcd.harriscountytx.gov/Disaster-Recovery/Buyout-Relocation-Programs; https://oaktrust.library.tamu.edu/server/api/core/bitstreams/d5d8eede-8885-4ebd-ae00-044e424fbb6f/content; https://doi.org/10.1016/j.jebo.2024.07.008,"S21: HCD cases, staff and program finances | S22: HCFCD program, acquisition, land and infrastructure records | S19: HCD programs and project areas | S36: Mandatory-buyout residents in Harris County | S62: Experimental study; external to this Harris County application","S21: Request 2010–2024, with later completion dates for censoring | S22: Request historical cohorts and 2024 opening balances | S19: Program-specific; 2024 Q3 and 2025 Q2 reports retained | S36: December 2025 report | S62: 2024 Journal of Economic Behavior & Organization article",S21: Official request route verified. No request submitted; responsive fields and release are unconfirmed. | S22: Official public-information request page read; no request submitted. | S19: Official program pages and linked June 2025 guidelines read; earlier quarterly reports retained. | S36: 72-page primary report read via web; local PDF download returned 403; underlying interview data access unverified. | S62: Publisher title/abstract metadata located; full page returned 403. No numerical effect extracted; data availability unverified.,S21: No complete case ledger identified. | S22: No complete longitudinal ledger identified. | S19: data/raw/public/hcd_buyout_2024q3.pdf; hcd_buyout_2025q2.pdf | S36: No microdata acquired. | S62: None identified in reviewed package.,"Calibration, validation or optional extension",2026-09-10
Compensation_Attractiveness_Lookup,Implementation,Calibration or new longitudinal evidence,K,S21 S22 S19 S36 S62,Estimate a bounded offer-adequacy response curve and uncertainty from acceptance/refusal or stated-choice data.,Guide control points remain assumptions until fitted; cannot infer the curve using only completed buyouts.,input-output table,P2,Additional guide/configuration entry,guide extension/configuration,256; 529; 530,,,not in original dictionary,not assessed in original dictionary,Potential source/method identified; no new parameter estimate certified,S21,https://hcd.harriscountytx.gov/About-Us/Public-Records-Request,https://hcd.harriscountytx.gov/About-Us/Public-Records-Request; https://www.hcfcd.org/Community/Contact-Us/Public-Information-Requests; https://hcd.harriscountytx.gov/Disaster-Recovery/Buyout-Relocation-Programs; https://oaktrust.library.tamu.edu/server/api/core/bitstreams/d5d8eede-8885-4ebd-ae00-044e424fbb6f/content; https://doi.org/10.1016/j.jebo.2024.07.008,"S21: HCD cases, staff and program finances | S22: HCFCD program, acquisition, land and infrastructure records | S19: HCD programs and project areas | S36: Mandatory-buyout residents in Harris County | S62: Experimental study; external to this Harris County application","S21: Request 2010–2024, with later completion dates for censoring | S22: Request historical cohorts and 2024 opening balances | S19: Program-specific; 2024 Q3 and 2025 Q2 reports retained | S36: December 2025 report | S62: 2024 Journal of Economic Behavior & Organization article",S21: Official request route verified. No request submitted; responsive fields and release are unconfirmed. | S22: Official public-information request page read; no request submitted. | S19: Official program pages and linked June 2025 guidelines read; earlier quarterly reports retained. | S36: 72-page primary report read via web; local PDF download returned 403; underlying interview data access unverified. | S62: Publisher title/abstract metadata located; full page returned 403. No numerical effect extracted; data availability unverified.,S21: No complete case ledger identified. | S22: No complete longitudinal ledger identified. | S19: data/raw/public/hcd_buyout_2024q3.pdf; hcd_buyout_2025q2.pdf | S36: No microdata acquired. | S62: None identified in reviewed package.,"Calibration, validation or optional extension",2026-09-10
Hazard_Perception,Implementation,Proxy or operational definition,P,S33 S37 S09,Measure respondents' perceived future flooding likelihood/severity and compare with experienced/mapped risk.,Flood experience alone is not perceived probability; do not substitute crime-safety questions.,subjective probability/scale,P1,Original 215-entry dictionary,unresolved_reference,127,unresolved,,resolve_before_model_build,unavailable,Potential source/method identified; no new parameter estimate certified,S33,https://www.kinderudp.org/#/datasetCatalog/oxwq5xg0ewkj,https://www.kinderudp.org/#/datasetCatalog/oxwq5xg0ewkj; https://floodregistry.rice.edu/; https://www.hcfcd.org/About/Harris-Countys-Flooding-History/Countywide-Impacts,"S33: Greater Houston adult respondents; Harris subset/weights must be established | S37: Participating Houston-area residents; public aggregated products | S09: Watershed, gauge and event footprint","S33: 2023–2024 public-use waves; release listed January 9, 2026 | S37: Post-Harvey waves; product-specific | S09: Event reports and gauge-specific records",S33: Catalog and 248-page codebook read; codebook downloaded. Public-use data require a request form; no request submitted. Public files omit geocodes. | S37: Institutional page and catalog descriptions read; underlying records/precise access need confirmation. | S09: Official report and gauge pages read; targeted raw series remain to acquire.,S33: reports/2026-09-10_Variable_Source_Assessment/research/GHCP_2023_2024_User_Guide.pdf | S37: None identified in reviewed package. | S09: data/raw/reused/harris_climate.csv.gz; hydro_physical.csv.gz provide related existing inputs.,First acquisition and baseline phase,2026-09-10
Initial_Capacity,Implementation,Alias to reconcile,A,S21 S22 S29,"Reconcile to Support_Services_Capacity at baseline; use the same source, definition, baseline and units.","Retain the original spelling in the audit, but do not create a second independently calibrated variable.",,P1,Original 215-entry dictionary,unresolved_reference,118,unresolved,,resolve_before_model_build,unavailable,Potential source/method identified; no new parameter estimate certified,S21,https://hcd.harriscountytx.gov/About-Us/Public-Records-Request,https://hcd.harriscountytx.gov/About-Us/Public-Records-Request; https://www.hcfcd.org/Community/Contact-Us/Public-Information-Requests; https://purchasing.harriscountytx.gov/,"S21: HCD cases, staff and program finances | S22: HCFCD program, acquisition, land and infrastructure records | S29: Contract/project and vendor","S21: Request 2010–2024, with later completion dates for censoring | S22: Request historical cohorts and 2024 opening balances | S29: Award- and invoice-specific",S21: Official request route verified. No request submitted; responsive fields and release are unconfirmed. | S22: Official public-information request page read; no request submitted. | S29: Official portal and linked Bonfire/GovQA routes verified; detailed invoice/effort exports not acquired.,S21: No complete case ledger identified. | S22: No complete longitudinal ledger identified. | S29: None newly acquired.,First acquisition and baseline phase,2026-09-10
Legal_Complexity_Factor,Implementation,Calibration or new longitudinal evidence,K,S21 S22 S55 S19,"Estimate added stage duration associated with title, probate, liens, tenant status and appeals by case type.",Use case-mix adjustment and censoring; do not apply an arbitrary multiplier to all cases.,duration ratio,P2,Original 215-entry dictionary,unresolved_reference,128,unresolved,,resolve_before_model_build,unavailable,Potential source/method identified; no new parameter estimate certified,S21,https://hcd.harriscountytx.gov/About-Us/Public-Records-Request,https://hcd.harriscountytx.gov/About-Us/Public-Records-Request; https://www.hcfcd.org/Community/Contact-Us/Public-Information-Requests; https://www.cclerk.hctx.net/RealProperty.aspx; https://hcd.harriscountytx.gov/Disaster-Recovery/Buyout-Relocation-Programs,"S21: HCD cases, staff and program finances | S22: HCFCD program, acquisition, land and infrastructure records | S55: Recorded instrument/property | S19: HCD programs and project areas","S21: Request 2010–2024, with later completion dates for censoring | S22: Request historical cohorts and 2024 opening balances | S55: Historical recording dates | S19: Program-specific; 2024 Q3 and 2025 Q2 reports retained",S21: Official request route verified. No request submitted; responsive fields and release are unconfirmed. | S22: Official public-information request page read; no request submitted. | S55: Official search pages read; no bulk instrument acquisition performed. | S19: Official program pages and linked June 2025 guidelines read; earlier quarterly reports retained.,S21: No complete case ledger identified. | S22: No complete longitudinal ledger identified. | S55: HCAD account links provide related parcel identifiers. | S19: data/raw/public/hcd_buyout_2024q3.pdf; hcd_buyout_2025q2.pdf,"Calibration, validation or optional extension",2026-09-10
Legal_Obstacles,Implementation,Proxy or operational definition,P,S21 S22 S55 S19,"Code unresolved title, eligibility, authority and appeal obstacles and whether they prevent participation.",A count of lawsuits is an incomplete measure and cannot be subtracted from a probability without scaling.,case proportion/severity,P1,Original 215-entry dictionary,unresolved_reference,127,unresolved,,resolve_before_model_build,unavailable,Potential source/method identified; no new parameter estimate certified,S21,https://hcd.harriscountytx.gov/About-Us/Public-Records-Request,https://hcd.harriscountytx.gov/About-Us/Public-Records-Request; https://www.hcfcd.org/Community/Contact-Us/Public-Information-Requests; https://www.cclerk.hctx.net/RealProperty.aspx; https://hcd.harriscountytx.gov/Disaster-Recovery/Buyout-Relocation-Programs,"S21: HCD cases, staff and program finances | S22: HCFCD program, acquisition, land and infrastructure records | S55: Recorded instrument/property | S19: HCD programs and project areas","S21: Request 2010–2024, with later completion dates for censoring | S22: Request historical cohorts and 2024 opening balances | S55: Historical recording dates | S19: Program-specific; 2024 Q3 and 2025 Q2 reports retained",S21: Official request route verified. No request submitted; responsive fields and release are unconfirmed. | S22: Official public-information request page read; no request submitted. | S55: Official search pages read; no bulk instrument acquisition performed. | S19: Official program pages and linked June 2025 guidelines read; earlier quarterly reports retained.,S21: No complete case ledger identified. | S22: No complete longitudinal ledger identified. | S55: HCAD account links provide related parcel identifiers. | S19: data/raw/public/hcd_buyout_2024q3.pdf; hcd_buyout_2025q2.pdf,First acquisition and baseline phase,2026-09-10
Proactive_Retreat_Identification,Implementation,Direct measurement candidate,D,S20 S22 S09 S11 S61,Track distinct properties newly screened for proactive retreat under documented criteria.,Target-area centroids and expressions of interest are not individually identified eligible properties.,properties/year,P1,Original 215-entry dictionary,unresolved_reference,116,unresolved,,resolve_before_model_build,unavailable,Potential source/method identified; no new parameter estimate certified,S20,https://www.hcfcd.org/Activity/Additional-Programs/Home-Buyout-Program,https://www.hcfcd.org/Activity/Additional-Programs/Home-Buyout-Program; https://www.hcfcd.org/Community/Contact-Us/Public-Information-Requests; https://www.hcfcd.org/About/Harris-Countys-Flooding-History/Countywide-Impacts; https://www.twdb.texas.gov/flood/planning/data.asp; https://pmc.ncbi.nlm.nih.gov/articles/PMC6785245/,"S20: HCFCD eligible areas and participating properties | S22: HCFCD program, acquisition, land and infrastructure records | S09: Watershed, gauge and event footprint | S11: Statewide; extract Harris County/watersheds | S61: National FEMA-funded voluntary buyouts",S20: Program history/current guidance | S22: Request historical cohorts and 2024 opening balances | S09: Event reports and gauge-specific records | S11: Dataset-specific; 2021 floodplain compilation and planning updates | S61: 2019 research; historical study period,S20: Official pages read. Detailed longitudinal property records still require a request. | S22: Official public-information request page read; no request submitted. | S09: Official report and gauge pages read; targeted raw series remain to acquire. | S11: Official download and floodplain documentation pages read; candidate additional GIS. | S61: Primary article indexed and abstract/method excerpt located; full-page access returned a browser check. Supplement/data access not verified.,"S20: Existing FEMA and HCD records are related, not substitutes for this program ledger. | S22: No complete longitudinal ledger identified. | S09: data/raw/reused/harris_climate.csv.gz; hydro_physical.csv.gz provide related existing inputs. | S11: None newly acquired. | S61: Existing OpenFEMA data provide a related independent source.",First acquisition and baseline phase,2026-09-10
Processing_Time,Implementation,Direct measurement candidate,D,S21 S22 S55,"Estimate stage-specific time distributions from complete-application to offer, close and move; include pending cases using survival methods.",Completed-case averages are biased when slow cases remain open; report voluntary/involuntary cohorts separately.,years,P1,Original 215-entry dictionary,aux,121; 128; 248; 516,years,Base_Processing_Time * Legal_Complexity_Factor / Administrative_Efficiency,design_only; no executable mdl supplied,,Potential source/method identified; no new parameter estimate certified,S21,https://hcd.harriscountytx.gov/About-Us/Public-Records-Request,https://hcd.harriscountytx.gov/About-Us/Public-Records-Request; https://www.hcfcd.org/Community/Contact-Us/Public-Information-Requests; https://www.cclerk.hctx.net/RealProperty.aspx,"S21: HCD cases, staff and program finances | S22: HCFCD program, acquisition, land and infrastructure records | S55: Recorded instrument/property","S21: Request 2010–2024, with later completion dates for censoring | S22: Request historical cohorts and 2024 opening balances | S55: Historical recording dates",S21: Official request route verified. No request submitted; responsive fields and release are unconfirmed. | S22: Official public-information request page read; no request submitted. | S55: Official search pages read; no bulk instrument acquisition performed.,S21: No complete case ledger identified. | S22: No complete longitudinal ledger identified. | S55: HCAD account links provide related parcel identifiers.,First acquisition and baseline phase,2026-09-10
Program_Awareness,Implementation,Proxy or operational definition,P,S21 S22 S33,Measure unaided/aided awareness in an eligible-population survey; link outreach dates and reach as supporting records.,"Page views, mailed notices and applications do not directly measure population awareness.",eligible-population proportion,P1,Original 215-entry dictionary,aux,120; 129,dimensionless (0-1),Communication_Effectiveness * Time_Since_Program_Launch / (Time_Since_Program_Launch + Awareness_Half_Time),design_only; no executable mdl supplied,,Potential source/method identified; no new parameter estimate certified,S21,https://hcd.harriscountytx.gov/About-Us/Public-Records-Request,https://hcd.harriscountytx.gov/About-Us/Public-Records-Request; https://www.hcfcd.org/Community/Contact-Us/Public-Information-Requests; https://www.kinderudp.org/#/datasetCatalog/oxwq5xg0ewkj,"S21: HCD cases, staff and program finances | S22: HCFCD program, acquisition, land and infrastructure records | S33: Greater Houston adult respondents; Harris subset/weights must be established","S21: Request 2010–2024, with later completion dates for censoring | S22: Request historical cohorts and 2024 opening balances | S33: 2023–2024 public-use waves; release listed January 9, 2026",S21: Official request route verified. No request submitted; responsive fields and release are unconfirmed. | S22: Official public-information request page read; no request submitted. | S33: Catalog and 248-page codebook read; codebook downloaded. Public-use data require a request form; no request submitted. Public files omit geocodes.,S21: No complete case ledger identified. | S22: No complete longitudinal ledger identified. | S33: reports/2026-09-10_Variable_Source_Assessment/research/GHCP_2023_2024_User_Guide.pdf,First acquisition and baseline phase,2026-09-10
Properties_in_Pipeline,Implementation,Alias to reconcile,A,S21 S22,"Reconcile to Properties_in_Retreat_Pipeline; use the same source, definition, baseline and units.","Retain the original spelling in the audit, but do not create a second independently calibrated variable.",,P1,Original 215-entry dictionary,unresolved_reference,121; 248; 516,unresolved,,resolve_before_model_build,unavailable,Potential source/method identified; no new parameter estimate certified,S21,https://hcd.harriscountytx.gov/About-Us/Public-Records-Request,https://hcd.harriscountytx.gov/About-Us/Public-Records-Request; https://www.hcfcd.org/Community/Contact-Us/Public-Information-Requests,"S21: HCD cases, staff and program finances | S22: HCFCD program, acquisition, land and infrastructure records","S21: Request 2010–2024, with later completion dates for censoring | S22: Request historical cohorts and 2024 opening balances",S21: Official request route verified. No request submitted; responsive fields and release are unconfirmed. | S22: Official public-information request page read; no request submitted.,S21: No complete case ledger identified. | S22: No complete longitudinal ledger identified.,First acquisition and baseline phase,2026-09-10
Properties_in_Retreat_Pipeline,Implementation,Direct measurement candidate,D,S21 S22 S19,"Reconstruct active eligible cases at each date: entries minus closures, denials and withdrawals, using stable case/property IDs.",State the entry stage; expressions of interest and formal applications must remain separate.,properties,P0,Original 215-entry dictionary,stock,116,properties,,design_only; no executable mdl supplied,unavailable,Potential source/method identified; no new parameter estimate certified,S21,https://hcd.harriscountytx.gov/About-Us/Public-Records-Request,https://hcd.harriscountytx.gov/About-Us/Public-Records-Request; https://www.hcfcd.org/Community/Contact-Us/Public-Information-Requests; https://hcd.harriscountytx.gov/Disaster-Recovery/Buyout-Relocation-Programs,"S21: HCD cases, staff and program finances | S22: HCFCD program, acquisition, land and infrastructure records | S19: HCD programs and project areas","S21: Request 2010–2024, with later completion dates for censoring | S22: Request historical cohorts and 2024 opening balances | S19: Program-specific; 2024 Q3 and 2025 Q2 reports retained",S21: Official request route verified. No request submitted; responsive fields and release are unconfirmed. | S22: Official public-information request page read; no request submitted. | S19: Official program pages and linked June 2025 guidelines read; earlier quarterly reports retained.,S21: No complete case ledger identified. | S22: No complete longitudinal ledger identified. | S19: data/raw/public/hcd_buyout_2024q3.pdf; hcd_buyout_2025q2.pdf,Define/reconcile before parameterization,2026-09-10
Properties_Retreated,Implementation,Direct measurement candidate,D,S21 S22 S24 S55,Count distinct properties closed/acquired by date and reconcile program/site/deed records.,"Acquisition, demolition, move and ecological restoration are different events; budget constraint requires a time interval.",properties/year,P1,Original 215-entry dictionary,flow,43; 65; 81; 116; 121; 122; 158; 248; 260; 509; 516,properties/year,"MIN(Properties_in_Pipeline / Processing_Time,
Retreat_Funding_Available / (Average_Property_Value * Compensation_Rate),
Support_Services_Capacity * Caseworker_Throughput)",design_only; no executable mdl supplied,,Potential source/method identified; no new parameter estimate certified,S21,https://hcd.harriscountytx.gov/About-Us/Public-Records-Request,https://hcd.harriscountytx.gov/About-Us/Public-Records-Request; https://www.hcfcd.org/Community/Contact-Us/Public-Information-Requests; https://www.fema.gov/api/open/v1/HmaSubapplicationsProjectSiteInventories; https://www.cclerk.hctx.net/RealProperty.aspx,"S21: HCD cases, staff and program finances | S22: HCFCD program, acquisition, land and infrastructure records | S24: Mitigation project/site; filter Harris County | S55: Recorded instrument/property","S21: Request 2010–2024, with later completion dates for censoring | S22: Request historical cohorts and 2024 opening balances | S24: API version-specific; retained v1 and older v4 extract | S55: Historical recording dates",S21: Official request route verified. No request submitted; responsive fields and release are unconfirmed. | S22: Official public-information request page read; no request submitted. | S24: Local API extracts and metadata verified in prior build; landing page returned 403 during source search. | S55: Official search pages read; no bulk instrument acquisition performed.,S21: No complete case ledger identified. | S22: No complete longitudinal ledger identified. | S24: data/raw/public/fema_hma_harris_v1.json; fema_hma_harris_v4.json and metadata | S55: HCAD account links provide related parcel identifiers.,First acquisition and baseline phase,2026-09-10
Receiving_Area_Housing_Availability,Implementation,Proxy or operational definition,P,S01 S17 S18 S35 S21,"Combine available/affordable housing, accessibility, hazard safety and household needs in potential destination areas.","Vacancy, affordability and current availability differ; USPS access is restricted and CHAS is not an active listing inventory.",suitable units or choice ratio,P1,Additional guide/configuration entry,guide extension/configuration,123,,,not in original dictionary,not assessed in original dictionary,Potential source/method identified; no new parameter estimate certified,S01,https://api.census.gov/data/2024/acs/acs5/groups.html,https://api.census.gov/data/2024/acs/acs5/groups.html; https://www.huduser.gov/portal/datasets/cp.html; https://www.huduser.gov/portal/datasets/usps.html; https://idrt.tamu.edu/policy-decision-support/; https://hcd.harriscountytx.gov/About-Us/Public-Records-Request,"S01: County, tract; some block-group tables | S17: County, place, tract and other published areas | S18: Census tract | S35: Historical Harris County buyouts and destination block groups | S21: HCD cases, staff and program finances","S01: Annual 5-year releases; target 2010–2024 | S17: ACS-based multi-year releases | S18: Quarterly, subject to authorized access | S35: Coverage years not verified from underlying data | S21: Request 2010–2024, with later completion dates for censoring","S01: Official metadata read. Many 2024 tables and a harmonized historical panel already retained; additional tables require retrieval. | S17: Official download/documentation read; bulk files available; API requires a token. | S18: Official page read. Access restricted to eligible users; not an unrestricted public download. | S35: Institutional project description verified; dashboard exists but underlying exports, completeness and reuse terms are unverified. | S21: Official request route verified. No request submitted; responsive fields and release are unconfirmed.",S01: data/raw/reused/hydro_acs.csv.gz; local_acs2024_*.csv.gz; data/raw/public/acs2024_*.dat | S17: None identified in reviewed package. | S18: None identified in reviewed package. | S35: No dataset identified in reviewed local files. | S21: No complete case ledger identified.,First acquisition and baseline phase,2026-09-10
Regional_Retreat_Pressure,Implementation,Calculated model quantity,C,S21 S22 S15 M01,"Aggregate nonoverlapping community demand, optionally normalized by available program/housing capacity.",Nested community totals and multiple applications can otherwise duplicate households/properties.,households/properties,P2,Additional guide/configuration entry,guide extension/configuration,348,,,not in original dictionary,not assessed in original dictionary,Potential source/method identified; no new parameter estimate certified,S21,https://hcd.harriscountytx.gov/About-Us/Public-Records-Request,https://hcd.harriscountytx.gov/About-Us/Public-Records-Request; https://www.hcfcd.org/Community/Contact-Us/Public-Information-Requests; https://www.h-gac.com/regional-growth-forecast,"S21: HCD cases, staff and program finances | S22: HCFCD program, acquisition, land and infrastructure records | S15: Region, tract/forecast zones and parcels | M01: Generic model requiring Harris County localization","S21: Request 2010–2024, with later completion dates for censoring | S22: Request historical cohorts and 2024 opening balances | S15: Existing forecast/land-change files; horizon varies by edition | M01: DOCX guide; mind map dated October 15, 2024",S21: Official request route verified. No request submitted; responsive fields and release are unconfirmed. | S22: Official public-information request page read; no request submitted. | S15: Official pages checked; local forecast and changed-parcel extracts retained; some GIS uses a request form. | M01: Both original files inspected; 215-entry dictionary reconciled against full guide.,S21: No complete case ledger identified. | S22: No complete longitudinal ledger identified. | S15: data/raw/reused/hgac_tracts.csv; hgac_changed_parcels.csv | M01: sources/Managed Retreat System Dynamics Model.docx; sources/Mind Map Oct 15 2024.pdf,"Calibration, validation or optional extension",2026-09-10
Relocated_Households,Implementation,Direct measurement candidate,D,S21 S22 S35,"Count unique households with documented moves, including renters, and reconcile cumulative opening balance.",A completed purchase may displace several households or no resident household; household count differs from properties.,households,P0,Original 215-entry dictionary,stock,117,households,,design_only; no executable mdl supplied,assumed,Potential source/method identified; no new parameter estimate certified,S21,https://hcd.harriscountytx.gov/About-Us/Public-Records-Request,https://hcd.harriscountytx.gov/About-Us/Public-Records-Request; https://www.hcfcd.org/Community/Contact-Us/Public-Information-Requests; https://idrt.tamu.edu/policy-decision-support/,"S21: HCD cases, staff and program finances | S22: HCFCD program, acquisition, land and infrastructure records | S35: Historical Harris County buyouts and destination block groups","S21: Request 2010–2024, with later completion dates for censoring | S22: Request historical cohorts and 2024 opening balances | S35: Coverage years not verified from underlying data","S21: Official request route verified. No request submitted; responsive fields and release are unconfirmed. | S22: Official public-information request page read; no request submitted. | S35: Institutional project description verified; dashboard exists but underlying exports, completeness and reuse terms are unverified.",S21: No complete case ledger identified. | S22: No complete longitudinal ledger identified. | S35: No dataset identified in reviewed local files.,Define/reconcile before parameterization,2026-09-10
Relocation_Success_Rate,Implementation,Calibration or new longitudinal evidence,K,S21 S22 S35 S33,"Estimate the share of eligible moved households meeting prespecified 6/12/24-month outcomes, with censoring and attrition checks.","Administrative completion does not establish safe, affordable and stable relocation.",proportion,P1,Original 215-entry dictionary,parameter,65; 74; 122,dimensionless,,input_table,assumed,Potential source/method identified; no new parameter estimate certified,S21,https://hcd.harriscountytx.gov/About-Us/Public-Records-Request,https://hcd.harriscountytx.gov/About-Us/Public-Records-Request; https://www.hcfcd.org/Community/Contact-Us/Public-Information-Requests; https://idrt.tamu.edu/policy-decision-support/; https://www.kinderudp.org/#/datasetCatalog/oxwq5xg0ewkj,"S21: HCD cases, staff and program finances | S22: HCFCD program, acquisition, land and infrastructure records | S35: Historical Harris County buyouts and destination block groups | S33: Greater Houston adult respondents; Harris subset/weights must be established","S21: Request 2010–2024, with later completion dates for censoring | S22: Request historical cohorts and 2024 opening balances | S35: Coverage years not verified from underlying data | S33: 2023–2024 public-use waves; release listed January 9, 2026","S21: Official request route verified. No request submitted; responsive fields and release are unconfirmed. | S22: Official public-information request page read; no request submitted. | S35: Institutional project description verified; dashboard exists but underlying exports, completeness and reuse terms are unverified. | S33: Catalog and 248-page codebook read; codebook downloaded. Public-use data require a request form; no request submitted. Public files omit geocodes.",S21: No complete case ledger identified. | S22: No complete longitudinal ledger identified. | S35: No dataset identified in reviewed local files. | S33: reports/2026-09-10_Variable_Source_Assessment/research/GHCP_2023_2024_User_Guide.pdf,First acquisition and baseline phase,2026-09-10
Relocation_Support_Services,Implementation,Direct measurement candidate,D,S21 S22 S29 S43,"Record case management, housing search, moving, transport, childcare and psychosocial service delivery by household and time.","Offered, referred, received and adequate support are separate measures.",service units/coverage,P1,Additional guide/configuration entry,guide extension/configuration,124,,,not in original dictionary,not assessed in original dictionary,Potential source/method identified; no new parameter estimate certified,S21,https://hcd.harriscountytx.gov/About-Us/Public-Records-Request,https://hcd.harriscountytx.gov/About-Us/Public-Records-Request; https://www.hcfcd.org/Community/Contact-Us/Public-Information-Requests; https://purchasing.harriscountytx.gov/; https://www.samhsa.gov/data/data-we-collect/n-sumhss-national-substance-use-and-mental-health-services-survey/datafiles?data_collection=1178,"S21: HCD cases, staff and program finances | S22: HCFCD program, acquisition, land and infrastructure records | S29: Contract/project and vendor | S43: Treatment facilities and available published geographies","S21: Request 2010–2024, with later completion dates for censoring | S22: Request historical cohorts and 2024 opening balances | S29: Award- and invoice-specific | S43: Annual; 2024 files listed",S21: Official request route verified. No request submitted; responsive fields and release are unconfirmed. | S22: Official public-information request page read; no request submitted. | S29: Official portal and linked Bonfire/GovQA routes verified; detailed invoice/effort exports not acquired. | S43: Official datafiles page read; extract not acquired.,S21: No complete case ledger identified. | S22: No complete longitudinal ledger identified. | S29: None newly acquired. | S43: None identified in reviewed package.,First acquisition and baseline phase,2026-09-10
Retreat_Applications,Implementation,Direct measurement candidate,D,S21 S22 S20,"Count first complete formal applications by entry date; track interest, eligibility and resubmissions separately.",The guide expression needs an application-attempt rate per year to produce a flow.,properties/year,P1,Original 215-entry dictionary,flow,116; 120,properties/year,Properties_at_Risk * Retreat_Willingness * Program_Awareness * Application_Ease_Factor,design_only; no executable mdl supplied,,Potential source/method identified; no new parameter estimate certified,S21,https://hcd.harriscountytx.gov/About-Us/Public-Records-Request,https://hcd.harriscountytx.gov/About-Us/Public-Records-Request; https://www.hcfcd.org/Community/Contact-Us/Public-Information-Requests; https://www.hcfcd.org/Activity/Additional-Programs/Home-Buyout-Program,"S21: HCD cases, staff and program finances | S22: HCFCD program, acquisition, land and infrastructure records | S20: HCFCD eligible areas and participating properties","S21: Request 2010–2024, with later completion dates for censoring | S22: Request historical cohorts and 2024 opening balances | S20: Program history/current guidance",S21: Official request route verified. No request submitted; responsive fields and release are unconfirmed. | S22: Official public-information request page read; no request submitted. | S20: Official pages read. Detailed longitudinal property records still require a request.,"S21: No complete case ledger identified. | S22: No complete longitudinal ledger identified. | S20: Existing FEMA and HCD records are related, not substitutes for this program ledger.",First acquisition and baseline phase,2026-09-10
Retreat_Dropouts,Implementation,Direct measurement candidate,D,S21 S22,"Count withdrawals and failed cases by date, stage and reason; distinguish denials, refusals and reapplications.",Do not omit rejected or withdrawn cases when estimating willingness or duration.,properties/year,P1,Original 215-entry dictionary,unresolved_reference,116,unresolved,,resolve_before_model_build,unavailable,Potential source/method identified; no new parameter estimate certified,S21,https://hcd.harriscountytx.gov/About-Us/Public-Records-Request,https://hcd.harriscountytx.gov/About-Us/Public-Records-Request; https://www.hcfcd.org/Community/Contact-Us/Public-Information-Requests,"S21: HCD cases, staff and program finances | S22: HCFCD program, acquisition, land and infrastructure records","S21: Request 2010–2024, with later completion dates for censoring | S22: Request historical cohorts and 2024 opening balances",S21: Official request route verified. No request submitted; responsive fields and release are unconfirmed. | S22: Official public-information request page read; no request submitted.,S21: No complete case ledger identified. | S22: No complete longitudinal ledger identified.,First acquisition and baseline phase,2026-09-10
Retreat_Program_Active,Implementation,Direct measurement candidate,D,S19 S20 S21 S28,Use dated operational status and eligibility area; implement hypothetical triggers only in scenario files.,A formal policy or available grant does not establish active applications and delivery.,binary or coverage,P0,Additional guide/configuration entry,guide extension/configuration,184,,,not in original dictionary,not assessed in original dictionary,Potential source/method identified; no new parameter estimate certified,S19,https://hcd.harriscountytx.gov/Disaster-Recovery/Buyout-Relocation-Programs,https://hcd.harriscountytx.gov/Disaster-Recovery/Buyout-Relocation-Programs; https://www.hcfcd.org/Activity/Additional-Programs/Home-Buyout-Program; https://hcd.harriscountytx.gov/About-Us/Public-Records-Request; https://harriscountytx.legistar.com/Calendar.aspx,"S19: HCD programs and project areas | S20: HCFCD eligible areas and participating properties | S21: HCD cases, staff and program finances | S28: County policy decisions","S19: Program-specific; 2024 Q3 and 2025 Q2 reports retained | S20: Program history/current guidance | S21: Request 2010–2024, with later completion dates for censoring | S28: Dated meetings; current and archived systems",S19: Official program pages and linked June 2025 guidelines read; earlier quarterly reports retained. | S20: Official pages read. Detailed longitudinal property records still require a request. | S21: Official request route verified. No request submitted; responsive fields and release are unconfirmed. | S28: Official calendar/archive pages read; additional document coding candidate.,"S19: data/raw/public/hcd_buyout_2024q3.pdf; hcd_buyout_2025q2.pdf | S20: Existing FEMA and HCD records are related, not substitutes for this program ledger. | S21: No complete case ledger identified. | S28: documentation/Governance_Program_Timeline.csv contains partial existing chronology.",Define/reconcile before parameterization,2026-09-10
Retreat_Program_Eligibility,Implementation,Direct measurement candidate,D,S19 S20 S21 S24,"Apply year- and program-specific geographic, hazard, income, ownership and other documented criteria to the denominator.","Eligibility differs across HCD, HCFCD and funding sources; population vulnerability alone does not determine it.",eligible share or indicator,P0,Original 215-entry dictionary,unresolved_reference,83,unresolved,,resolve_before_model_build,unavailable,Potential source/method identified; no new parameter estimate certified,S19,https://hcd.harriscountytx.gov/Disaster-Recovery/Buyout-Relocation-Programs,https://hcd.harriscountytx.gov/Disaster-Recovery/Buyout-Relocation-Programs; https://www.hcfcd.org/Activity/Additional-Programs/Home-Buyout-Program; https://hcd.harriscountytx.gov/About-Us/Public-Records-Request; https://www.fema.gov/api/open/v1/HmaSubapplicationsProjectSiteInventories,"S19: HCD programs and project areas | S20: HCFCD eligible areas and participating properties | S21: HCD cases, staff and program finances | S24: Mitigation project/site; filter Harris County","S19: Program-specific; 2024 Q3 and 2025 Q2 reports retained | S20: Program history/current guidance | S21: Request 2010–2024, with later completion dates for censoring | S24: API version-specific; retained v1 and older v4 extract",S19: Official program pages and linked June 2025 guidelines read; earlier quarterly reports retained. | S20: Official pages read. Detailed longitudinal property records still require a request. | S21: Official request route verified. No request submitted; responsive fields and release are unconfirmed. | S24: Local API extracts and metadata verified in prior build; landing page returned 403 during source search.,"S19: data/raw/public/hcd_buyout_2024q3.pdf; hcd_buyout_2025q2.pdf | S20: Existing FEMA and HCD records are related, not substitutes for this program ledger. | S21: No complete case ledger identified. | S24: data/raw/public/fema_hma_harris_v1.json; fema_hma_harris_v4.json and metadata",Define/reconcile before parameterization,2026-09-10
Retreat_Willingness,Implementation,Calibration or new longitudinal evidence,K,S21 S22 S36 S33 S62,"Estimate offer acceptance or stated willingness among all eligible households, including refusals/nonapplicants, by offer and context.",Participation among completers is not willingness; the guide expression can be negative and requires bounded calibration.,probability,P1,Original 215-entry dictionary,aux,120; 127,dimensionless (0-1),Hazard_Perception * Compensation_Attractiveness * (1 - Place_Attachment_Index) * Trust_Factor - Legal_Obstacles,design_only; no executable mdl supplied,,Potential source/method identified; no new parameter estimate certified,S21,https://hcd.harriscountytx.gov/About-Us/Public-Records-Request,https://hcd.harriscountytx.gov/About-Us/Public-Records-Request; https://www.hcfcd.org/Community/Contact-Us/Public-Information-Requests; https://oaktrust.library.tamu.edu/server/api/core/bitstreams/d5d8eede-8885-4ebd-ae00-044e424fbb6f/content; https://www.kinderudp.org/#/datasetCatalog/oxwq5xg0ewkj; https://doi.org/10.1016/j.jebo.2024.07.008,"S21: HCD cases, staff and program finances | S22: HCFCD program, acquisition, land and infrastructure records | S36: Mandatory-buyout residents in Harris County | S33: Greater Houston adult respondents; Harris subset/weights must be established | S62: Experimental study; external to this Harris County application","S21: Request 2010–2024, with later completion dates for censoring | S22: Request historical cohorts and 2024 opening balances | S36: December 2025 report | S33: 2023–2024 public-use waves; release listed January 9, 2026 | S62: 2024 Journal of Economic Behavior & Organization article",S21: Official request route verified. No request submitted; responsive fields and release are unconfirmed. | S22: Official public-information request page read; no request submitted. | S36: 72-page primary report read via web; local PDF download returned 403; underlying interview data access unverified. | S33: Catalog and 248-page codebook read; codebook downloaded. Public-use data require a request form; no request submitted. Public files omit geocodes. | S62: Publisher title/abstract metadata located; full page returned 403. No numerical effect extracted; data availability unverified.,S21: No complete case ledger identified. | S22: No complete longitudinal ledger identified. | S36: No microdata acquired. | S33: reports/2026-09-10_Variable_Source_Assessment/research/GHCP_2023_2024_User_Guide.pdf | S62: None identified in reviewed package.,First acquisition and baseline phase,2026-09-10
Successful_Relocations,Implementation,Direct measurement candidate,D,S21 S22 S35 S33,"Define success in advance: stable housing, affordability, safety and desired support at specified follow-up; count qualifying cohorts.","Current administrative relocation totals do not measure durable success; pending follow-up is censored, not failure.",households/year,P1,Original 215-entry dictionary,flow,117; 122,households/year,"Properties_Retreated * Relocation_Success_Rate
WHERE Relocation_Success_Rate depends on:",design_only; no executable mdl supplied,,Potential source/method identified; no new parameter estimate certified,S21,https://hcd.harriscountytx.gov/About-Us/Public-Records-Request,https://hcd.harriscountytx.gov/About-Us/Public-Records-Request; https://www.hcfcd.org/Community/Contact-Us/Public-Information-Requests; https://idrt.tamu.edu/policy-decision-support/; https://www.kinderudp.org/#/datasetCatalog/oxwq5xg0ewkj,"S21: HCD cases, staff and program finances | S22: HCFCD program, acquisition, land and infrastructure records | S35: Historical Harris County buyouts and destination block groups | S33: Greater Houston adult respondents; Harris subset/weights must be established","S21: Request 2010–2024, with later completion dates for censoring | S22: Request historical cohorts and 2024 opening balances | S35: Coverage years not verified from underlying data | S33: 2023–2024 public-use waves; release listed January 9, 2026","S21: Official request route verified. No request submitted; responsive fields and release are unconfirmed. | S22: Official public-information request page read; no request submitted. | S35: Institutional project description verified; dashboard exists but underlying exports, completeness and reuse terms are unverified. | S33: Catalog and 248-page codebook read; codebook downloaded. Public-use data require a request form; no request submitted. Public files omit geocodes.",S21: No complete case ledger identified. | S22: No complete longitudinal ledger identified. | S35: No dataset identified in reviewed local files. | S33: reports/2026-09-10_Variable_Source_Assessment/research/GHCP_2023_2024_User_Guide.pdf,First acquisition and baseline phase,2026-09-10
Support_Services_Capacity,Implementation,Direct measurement candidate,D,S21 S22 S26 S29,"Use assigned, filled caseworker FTE by month and actual hours allocated to retreat cases.",Countywide authorized posts and facility counts are not available retreat-program capacity.,filled FTE,P0,Original 215-entry dictionary,stock,118; 121; 516,caseworkers_equivalent,,design_only; no executable mdl supplied,unavailable,Potential source/method identified; no new parameter estimate certified,S21,https://hcd.harriscountytx.gov/About-Us/Public-Records-Request,https://hcd.harriscountytx.gov/About-Us/Public-Records-Request; https://www.hcfcd.org/Community/Contact-Us/Public-Information-Requests; https://budget.harriscountytx.gov/budget.aspx; https://purchasing.harriscountytx.gov/,"S21: HCD cases, staff and program finances | S22: HCFCD program, acquisition, land and infrastructure records | S26: County departments, funds and programs | S29: Contract/project and vendor","S21: Request 2010–2024, with later completion dates for censoring | S22: Request historical cohorts and 2024 opening balances | S26: Annual; FY2025/FY2026 local documents | S29: Award- and invoice-specific",S21: Official request route verified. No request submitted; responsive fields and release are unconfirmed. | S22: Official public-information request page read; no request submitted. | S26: Official budget portal read; two budget PDFs already retained. | S29: Official portal and linked Bonfire/GovQA routes verified; detailed invoice/effort exports not acquired.,S21: No complete case ledger identified. | S22: No complete longitudinal ledger identified. | S26: data/raw/public/county_budget_fy2025.pdf; county_budget_fy2026.pdf | S29: None newly acquired.,Define/reconcile before parameterization,2026-09-10
Time_Since_Program_Launch,Implementation,Direct measurement candidate,D,S19 S20 S28,Calculate elapsed time from a clearly specified operational launch or outreach start.,"Policy approval, grant award, application opening and first closing are different launch candidates.",years,P0,Original 215-entry dictionary,unresolved_reference,129,unresolved,,resolve_before_model_build,unavailable,Potential source/method identified; no new parameter estimate certified,S19,https://hcd.harriscountytx.gov/Disaster-Recovery/Buyout-Relocation-Programs,https://hcd.harriscountytx.gov/Disaster-Recovery/Buyout-Relocation-Programs; https://www.hcfcd.org/Activity/Additional-Programs/Home-Buyout-Program; https://harriscountytx.legistar.com/Calendar.aspx,S19: HCD programs and project areas | S20: HCFCD eligible areas and participating properties | S28: County policy decisions,S19: Program-specific; 2024 Q3 and 2025 Q2 reports retained | S20: Program history/current guidance | S28: Dated meetings; current and archived systems,S19: Official program pages and linked June 2025 guidelines read; earlier quarterly reports retained. | S20: Official pages read. Detailed longitudinal property records still require a request. | S28: Official calendar/archive pages read; additional document coding candidate.,"S19: data/raw/public/hcd_buyout_2024q3.pdf; hcd_buyout_2025q2.pdf | S20: Existing FEMA and HCD records are related, not substitutes for this program ledger. | S28: documentation/Governance_Program_Timeline.csv contains partial existing chronology.",Define/reconcile before parameterization,2026-09-10
Trust_Factor,Implementation,Alias to reconcile,A,S39 S21,"Reconcile to a defined 0–1 transform of Community_Trust_in_Process; use the same source, definition, baseline and units.","Retain the original spelling in the audit, but do not create a second independently calibrated variable.",,P1,Original 215-entry dictionary,unresolved_reference,127,unresolved,,resolve_before_model_build,unavailable,Potential source/method identified; no new parameter estimate certified,S39,https://www.oecd.org/en/publications/oecd-guidelines-on-measuring-trust_9789264278219-en.html,https://www.oecd.org/en/publications/oecd-guidelines-on-measuring-trust_9789264278219-en.html; https://hcd.harriscountytx.gov/About-Us/Public-Records-Request,"S39: Survey instrument/method | S21: HCD cases, staff and program finances","S39: 2017 guidelines | S21: Request 2010–2024, with later completion dates for censoring",S39: Official publication page read; method source. | S21: Official request route verified. No request submitted; responsive fields and release are unconfirmed.,S39: No program-trust observations acquired. | S21: No complete case ledger identified.,First acquisition and baseline phase,2026-09-10
Ancestral_Land_Significance,Equity,Proxy or operational definition,P,S46 S45 S38,Develop consented community-specific place and cultural significance indicators through consultation.,Public ancestry counts or heritage markers do not measure ancestral significance.,community-defined scale,P2,Original 215-entry dictionary,unresolved_reference,70; 185,unresolved,,resolve_before_model_build,unavailable,Potential source/method identified; no new parameter estimate certified,S46,https://egis.hud.gov/TDAT/,https://egis.hud.gov/TDAT/; https://atlas.thc.texas.gov/Data/DataDownload; https://research.fs.usda.gov/treesearch/23746,S46: County-linked tribal interests and contacts | S45: Historic sites/markers and geographic features | S38: Measurement instrument; no Harris County observations,S46: Current tool; historical interest not a numeric time series | S45: Current inventory with designation dates | S38: 2003 study,S46: Official tool and manual read; no consultation initiated. | S45: Official data download and access explanations read; GIS not acquired. | S38: Primary research repository and PDF identified/read.,S46: None identified in reviewed package. | S45: None identified in reviewed package. | S38: No new local survey collected.,"Calibration, validation or optional extension",2026-09-10
Community_Psychosocial_Stress,Equity,Proxy or operational definition,P,S33 S41 S37,"GHCP 2404 nervous, hopeless, restless, depressed, effort and worthless items support a K6 distress measure.","K6 is 0–24; a 0–100 rescaling is an operational choice, not the guide's calibrated state variable.",K6 score or prevalence,P1,Original 215-entry dictionary,stock,138; 142,dimensionless (0-100),,design_only; no executable mdl supplied,unavailable,Potential source/method identified; no new parameter estimate certified,S33,https://www.kinderudp.org/#/datasetCatalog/oxwq5xg0ewkj,https://www.kinderudp.org/#/datasetCatalog/oxwq5xg0ewkj; https://www.cdc.gov/places/tools/data-portal.html; https://floodregistry.rice.edu/,"S33: Greater Houston adult respondents; Harris subset/weights must be established | S41: County, place and tract estimates | S37: Participating Houston-area residents; public aggregated products","S33: 2023–2024 public-use waves; release listed January 9, 2026 | S41: Annual releases; underlying survey years differ | S37: Post-Harvey waves; product-specific",S33: Catalog and 248-page codebook read; codebook downloaded. Public-use data require a request form; no request submitted. Public files omit geocodes. | S41: Official portal and measure definitions read; data not acquired. | S37: Institutional page and catalog descriptions read; underlying records/precise access need confirmation.,S33: reports/2026-09-10_Variable_Source_Assessment/research/GHCP_2023_2024_User_Guide.pdf | S41: None identified in reviewed package. | S37: None identified in reviewed package.,First acquisition and baseline phase,2026-09-10
Cultural_Heritage_Impact,Equity,Proxy or operational definition,P,S45 S46 S47 S36,Overlay heritage resources with retreat areas and combine with community-defined significance and protection outcomes.,Site counts cannot measure living heritage or place meaning; keep sensitive location data controlled.,co-designed impact indicators,P2,Original 215-entry dictionary,aux,147,dimensionless (0-1),Heritage_Sites_Affected * Cultural_Significance * (1 - Heritage_Protection_Measures),design_only; no executable mdl supplied,,Potential source/method identified; no new parameter estimate certified,S45,https://atlas.thc.texas.gov/Data/DataDownload,https://atlas.thc.texas.gov/Data/DataDownload; https://egis.hud.gov/TDAT/; https://www.hcfcd.org/Activity/Additional-Programs/Watershed-Environmental-Baseline-WEB-Program; https://oaktrust.library.tamu.edu/server/api/core/bitstreams/d5d8eede-8885-4ebd-ae00-044e424fbb6f/content,S45: Historic sites/markers and geographic features | S46: County-linked tribal interests and contacts | S47: Harris County watersheds | S36: Mandatory-buyout residents in Harris County,S45: Current inventory with designation dates | S46: Current tool; historical interest not a numeric time series | S47: Survey/inventory-specific | S36: December 2025 report,S45: Official data download and access explanations read; GIS not acquired. | S46: Official tool and manual read; no consultation initiated. | S47: Official program description read; underlying GIS/monitoring availability needs confirmation/request. | S36: 72-page primary report read via web; local PDF download returned 403; underlying interview data access unverified.,S45: None identified in reviewed package. | S46: None identified in reviewed package. | S47: No complete WEB export identified. | S36: No microdata acquired.,"Calibration, validation or optional extension",2026-09-10
Cultural_Heritage_Loss,Equity,Proxy or operational definition,P,S45 S46 S36 S38,"Track loss of access, practices, places and social ties as reported by affected groups, alongside site changes.",A demolished-building count does not capture cultural loss; distinguish material and living heritage.,documented loss indicators,P2,Original 215-entry dictionary,unresolved_reference,141,unresolved,,resolve_before_model_build,unavailable,Potential source/method identified; no new parameter estimate certified,S45,https://atlas.thc.texas.gov/Data/DataDownload,https://atlas.thc.texas.gov/Data/DataDownload; https://egis.hud.gov/TDAT/; https://oaktrust.library.tamu.edu/server/api/core/bitstreams/d5d8eede-8885-4ebd-ae00-044e424fbb6f/content; https://research.fs.usda.gov/treesearch/23746,S45: Historic sites/markers and geographic features | S46: County-linked tribal interests and contacts | S36: Mandatory-buyout residents in Harris County | S38: Measurement instrument; no Harris County observations,S45: Current inventory with designation dates | S46: Current tool; historical interest not a numeric time series | S36: December 2025 report | S38: 2003 study,S45: Official data download and access explanations read; GIS not acquired. | S46: Official tool and manual read; no consultation initiated. | S36: 72-page primary report read via web; local PDF download returned 403; underlying interview data access unverified. | S38: Primary research repository and PDF identified/read.,S45: None identified in reviewed package. | S46: None identified in reviewed package. | S36: No microdata acquired. | S38: No new local survey collected.,"Calibration, validation or optional extension",2026-09-10
Cultural_Significance,Equity,Proxy or operational definition,P,S45 S46 S38,"Use community-defined significance, historic research and site assessments.",Registry designation and market price are incomplete proxies for significance.,co-designed significance scale,P2,Original 215-entry dictionary,unresolved_reference,147,unresolved,,resolve_before_model_build,unavailable,Potential source/method identified; no new parameter estimate certified,S45,https://atlas.thc.texas.gov/Data/DataDownload,https://atlas.thc.texas.gov/Data/DataDownload; https://egis.hud.gov/TDAT/; https://research.fs.usda.gov/treesearch/23746,S45: Historic sites/markers and geographic features | S46: County-linked tribal interests and contacts | S38: Measurement instrument; no Harris County observations,S45: Current inventory with designation dates | S46: Current tool; historical interest not a numeric time series | S38: 2003 study,S45: Official data download and access explanations read; GIS not acquired. | S46: Official tool and manual read; no consultation initiated. | S38: Primary research repository and PDF identified/read.,S45: None identified in reviewed package. | S46: None identified in reviewed package. | S38: No new local survey collected.,"Calibration, validation or optional extension",2026-09-10
Disabled_Households,Equity,Direct measurement candidate,D,S01 S03,ACS B22010_003E plus B22010_006E counts households with at least one disabled person; use PUMS for overlaps.,"B18101 counts people, not households; disability type and accessibility needs remain heterogeneous.",households,P1,Original 215-entry dictionary,unresolved_reference,145,unresolved,,resolve_before_model_build,unavailable,Potential source/method identified; no new parameter estimate certified,S01,https://api.census.gov/data/2024/acs/acs5/groups.html,https://api.census.gov/data/2024/acs/acs5/groups.html; https://www.census.gov/programs-surveys/acs/microdata.html,"S01: County, tract; some block-group tables | S03: PUMA; derive county only where boundaries support it",S01: Annual 5-year releases; target 2010–2024 | S03: Annual 1-year and 5-year releases,S01: Official metadata read. Many 2024 tables and a harmonized historical panel already retained; additional tables require retrieval. | S03: Official access page read; microdata not acquired.,S01: data/raw/reused/hydro_acs.csv.gz; local_acs2024_*.csv.gz; data/raw/public/acs2024_*.dat | S03: None identified in reviewed package.,First acquisition and baseline phase,2026-09-10
Displacement_Impact,Equity,Calibration or new longitudinal evidence,K,S33 S37 S36 S40,Estimate change per displaced person/household for an explicitly chosen scale and follow-up period.,Guide wellbeing-points/household coefficient depends on whether the stock is total points or mean wellbeing.,wellbeing change per exposure,P2,Original 215-entry dictionary,parameter,141; 151,wellbeing_points/household,,input_table,assumed,Potential source/method identified; no new parameter estimate certified,S33,https://www.kinderudp.org/#/datasetCatalog/oxwq5xg0ewkj,https://www.kinderudp.org/#/datasetCatalog/oxwq5xg0ewkj; https://floodregistry.rice.edu/; https://oaktrust.library.tamu.edu/server/api/core/bitstreams/d5d8eede-8885-4ebd-ae00-044e424fbb6f/content; https://www.who.int/publications/m/item/WHO-UCN-MSD-MHE-2024.01,S33: Greater Houston adult respondents; Harris subset/weights must be established | S37: Participating Houston-area residents; public aggregated products | S36: Mandatory-buyout residents in Harris County | S40: Individual survey instrument,"S33: 2023–2024 public-use waves; release listed January 9, 2026 | S37: Post-Harvey waves; product-specific | S36: December 2025 report | S40: 2024 publication; two-week recall",S33: Catalog and 248-page codebook read; codebook downloaded. Public-use data require a request form; no request submitted. Public files omit geocodes. | S37: Institutional page and catalog descriptions read; underlying records/precise access need confirmation. | S36: 72-page primary report read via web; local PDF download returned 403; underlying interview data access unverified. | S40: Official instrument page read; no local survey administered.,S33: reports/2026-09-10_Variable_Source_Assessment/research/GHCP_2023_2024_User_Guide.pdf | S37: None identified in reviewed package. | S36: No microdata acquired. | S40: GHCP supplies alternative existing wellbeing measures.,"Calibration, validation or optional extension",2026-09-10
Displacement_Rate,Equity,Direct measurement candidate,D,S21 S22 S37,"Count displaced households by cause, start, duration and tenure; distinguish temporary evacuation from permanent retreat.",The wellbeing equation must use the same person/household exposure basis as its effect parameter.,households/year,P1,Original 215-entry dictionary,unresolved_reference,141,unresolved,,resolve_before_model_build,unavailable,Potential source/method identified; no new parameter estimate certified,S21,https://hcd.harriscountytx.gov/About-Us/Public-Records-Request,https://hcd.harriscountytx.gov/About-Us/Public-Records-Request; https://www.hcfcd.org/Community/Contact-Us/Public-Information-Requests; https://floodregistry.rice.edu/,"S21: HCD cases, staff and program finances | S22: HCFCD program, acquisition, land and infrastructure records | S37: Participating Houston-area residents; public aggregated products","S21: Request 2010–2024, with later completion dates for censoring | S22: Request historical cohorts and 2024 opening balances | S37: Post-Harvey waves; product-specific",S21: Official request route verified. No request submitted; responsive fields and release are unconfirmed. | S22: Official public-information request page read; no request submitted. | S37: Institutional page and catalog descriptions read; underlying records/precise access need confirmation.,S21: No complete case ledger identified. | S22: No complete longitudinal ledger identified. | S37: None identified in reviewed package.,First acquisition and baseline phase,2026-09-10
Elderly_Households,Equity,Direct measurement candidate,D,S01 S03,"Use B11007_002E, households containing one or more people aged 65+, or a justified alternative age threshold.",Older-person counts are not older-household counts; do not add to other vulnerability groups without overlap handling.,households,P1,Original 215-entry dictionary,unresolved_reference,145,unresolved,,resolve_before_model_build,unavailable,Potential source/method identified; no new parameter estimate certified,S01,https://api.census.gov/data/2024/acs/acs5/groups.html,https://api.census.gov/data/2024/acs/acs5/groups.html; https://www.census.gov/programs-surveys/acs/microdata.html,"S01: County, tract; some block-group tables | S03: PUMA; derive county only where boundaries support it",S01: Annual 5-year releases; target 2010–2024 | S03: Annual 1-year and 5-year releases,S01: Official metadata read. Many 2024 tables and a harmonized historical panel already retained; additional tables require retrieval. | S03: Official access page read; microdata not acquired.,S01: data/raw/reused/hydro_acs.csv.gz; local_acs2024_*.csv.gz; data/raw/public/acs2024_*.dat | S03: None identified in reviewed package.,First acquisition and baseline phase,2026-09-10
Equity_Degradation,Equity,Calibration or new longitudinal evidence,K,S21 S22 S36,"Estimate worsening access, waiting-time, adequacy or outcome gaps under the chosen equity definition.",Must use the same indicators/scaling as Equity_Index and avoid duplicate subtraction of wellbeing loss.,equity points/year,P2,Original 215-entry dictionary,unresolved_reference,136,unresolved,,resolve_before_model_build,unavailable,Potential source/method identified; no new parameter estimate certified,S21,https://hcd.harriscountytx.gov/About-Us/Public-Records-Request,https://hcd.harriscountytx.gov/About-Us/Public-Records-Request; https://www.hcfcd.org/Community/Contact-Us/Public-Information-Requests; https://oaktrust.library.tamu.edu/server/api/core/bitstreams/d5d8eede-8885-4ebd-ae00-044e424fbb6f/content,"S21: HCD cases, staff and program finances | S22: HCFCD program, acquisition, land and infrastructure records | S36: Mandatory-buyout residents in Harris County","S21: Request 2010–2024, with later completion dates for censoring | S22: Request historical cohorts and 2024 opening balances | S36: December 2025 report",S21: Official request route verified. No request submitted; responsive fields and release are unconfirmed. | S22: Official public-information request page read; no request submitted. | S36: 72-page primary report read via web; local PDF download returned 403; underlying interview data access unverified.,S21: No complete case ledger identified. | S22: No complete longitudinal ledger identified. | S36: No microdata acquired.,"Calibration, validation or optional extension",2026-09-10
Equity_Improvements,Equity,Calibration or new longitudinal evidence,K,S21 S22 S36,Measure changes in the selected equity indicators following documented eligibility/support/compensation reforms.,Listed as auxiliary in dictionary but used as a stock flow; revise role and validate the rate relationship.,equity points/year,P2,Original 215-entry dictionary,aux,136; 140,units/year,Equity_Policies_Implemented * Vulnerable_Population_Support * (100 - Equity_Index) * 0.1,design_only; no executable mdl supplied,,Potential source/method identified; no new parameter estimate certified,S21,https://hcd.harriscountytx.gov/About-Us/Public-Records-Request,https://hcd.harriscountytx.gov/About-Us/Public-Records-Request; https://www.hcfcd.org/Community/Contact-Us/Public-Information-Requests; https://oaktrust.library.tamu.edu/server/api/core/bitstreams/d5d8eede-8885-4ebd-ae00-044e424fbb6f/content,"S21: HCD cases, staff and program finances | S22: HCFCD program, acquisition, land and infrastructure records | S36: Mandatory-buyout residents in Harris County","S21: Request 2010–2024, with later completion dates for censoring | S22: Request historical cohorts and 2024 opening balances | S36: December 2025 report",S21: Official request route verified. No request submitted; responsive fields and release are unconfirmed. | S22: Official public-information request page read; no request submitted. | S36: 72-page primary report read via web; local PDF download returned 403; underlying interview data access unverified.,S21: No complete case ledger identified. | S22: No complete longitudinal ledger identified. | S36: No microdata acquired.,"Calibration, validation or optional extension",2026-09-10
Equity_in_Compensation,Equity,Proxy or operational definition,P,S21 S22 S19,"Compare assistance adequacy relative to eligible losses and rehousing needs, disaggregating owners and renters.",Equal dollar payments do not imply equity: asset purchase and tenant relocation aid compensate different things.,need-adjusted gap/ratio,P0,Original 215-entry dictionary,aux,144,dimensionless (0-1),1 - ABS(Homeowner_Compensation_Avg - Renter_Compensation_Avg) / (Homeowner_Compensation_Avg + Renter_Compensation_Avg),design_only; no executable mdl supplied,,Potential source/method identified; no new parameter estimate certified,S21,https://hcd.harriscountytx.gov/About-Us/Public-Records-Request,https://hcd.harriscountytx.gov/About-Us/Public-Records-Request; https://www.hcfcd.org/Community/Contact-Us/Public-Information-Requests; https://hcd.harriscountytx.gov/Disaster-Recovery/Buyout-Relocation-Programs,"S21: HCD cases, staff and program finances | S22: HCFCD program, acquisition, land and infrastructure records | S19: HCD programs and project areas","S21: Request 2010–2024, with later completion dates for censoring | S22: Request historical cohorts and 2024 opening balances | S19: Program-specific; 2024 Q3 and 2025 Q2 reports retained",S21: Official request route verified. No request submitted; responsive fields and release are unconfirmed. | S22: Official public-information request page read; no request submitted. | S19: Official program pages and linked June 2025 guidelines read; earlier quarterly reports retained.,S21: No complete case ledger identified. | S22: No complete longitudinal ledger identified. | S19: data/raw/public/hcd_buyout_2024q3.pdf; hcd_buyout_2025q2.pdf,Define/reconcile before parameterization,2026-09-10
Equity_Index,Equity,Proxy or operational definition,P,S21 S22 S17 S42 S36,"Define separate access, compensation adequacy, waiting-time and outcome gaps by tenure, income and other relevant groups.","SVI is vulnerability, not achieved equity. Composite weights and normative targets require explicit choices.",documented dashboard/score,P0,Original 215-entry dictionary,stock,136; 140; 363,dimensionless (0-100),,design_only; no executable mdl supplied,unavailable,Potential source/method identified; no new parameter estimate certified,S21,https://hcd.harriscountytx.gov/About-Us/Public-Records-Request,https://hcd.harriscountytx.gov/About-Us/Public-Records-Request; https://www.hcfcd.org/Community/Contact-Us/Public-Information-Requests; https://www.huduser.gov/portal/datasets/cp.html; https://www.atsdr.cdc.gov/place-health/php/svi/svi-data-documentation-download.html; https://oaktrust.library.tamu.edu/server/api/core/bitstreams/d5d8eede-8885-4ebd-ae00-044e424fbb6f/content,"S21: HCD cases, staff and program finances | S22: HCFCD program, acquisition, land and infrastructure records | S17: County, place, tract and other published areas | S42: Census tract/county | S36: Mandatory-buyout residents in Harris County","S21: Request 2010–2024, with later completion dates for censoring | S22: Request historical cohorts and 2024 opening balances | S17: ACS-based multi-year releases | S42: 2022 edition and historical editions | S36: December 2025 report",S21: Official request route verified. No request submitted; responsive fields and release are unconfirmed. | S22: Official public-information request page read; no request submitted. | S17: Official download/documentation read; bulk files available; API requires a token. | S42: Official data/documentation read; optional comparator not newly acquired. | S36: 72-page primary report read via web; local PDF download returned 403; underlying interview data access unverified.,S21: No complete case ledger identified. | S22: No complete longitudinal ledger identified. | S17: None identified in reviewed package. | S42: Underlying ACS inputs already partly retained. | S36: No microdata acquired.,Define/reconcile before parameterization,2026-09-10
Equity_Policies_Implemented,Equity,Direct measurement candidate,D,S19 S20 S28 S21,"Code dated adoption and actual application of accessible assistance, tenant protections and need-based support.",Policy text presence does not prove implementation or its effect size.,coded milestones/coverage,P1,Original 215-entry dictionary,unresolved_reference,140,unresolved,,resolve_before_model_build,unavailable,Potential source/method identified; no new parameter estimate certified,S19,https://hcd.harriscountytx.gov/Disaster-Recovery/Buyout-Relocation-Programs,https://hcd.harriscountytx.gov/Disaster-Recovery/Buyout-Relocation-Programs; https://www.hcfcd.org/Activity/Additional-Programs/Home-Buyout-Program; https://harriscountytx.legistar.com/Calendar.aspx; https://hcd.harriscountytx.gov/About-Us/Public-Records-Request,"S19: HCD programs and project areas | S20: HCFCD eligible areas and participating properties | S28: County policy decisions | S21: HCD cases, staff and program finances","S19: Program-specific; 2024 Q3 and 2025 Q2 reports retained | S20: Program history/current guidance | S28: Dated meetings; current and archived systems | S21: Request 2010–2024, with later completion dates for censoring",S19: Official program pages and linked June 2025 guidelines read; earlier quarterly reports retained. | S20: Official pages read. Detailed longitudinal property records still require a request. | S28: Official calendar/archive pages read; additional document coding candidate. | S21: Official request route verified. No request submitted; responsive fields and release are unconfirmed.,"S19: data/raw/public/hcd_buyout_2024q3.pdf; hcd_buyout_2025q2.pdf | S20: Existing FEMA and HCD records are related, not substitutes for this program ledger. | S28: documentation/Governance_Program_Timeline.csv contains partial existing chronology. | S21: No complete case ledger identified.",First acquisition and baseline phase,2026-09-10
First_Nations_Adjustment_Factor,Equity,Scenario or policy choice,S,S46 S38 S36 M01,Replace the generic identity-conditioned formula with community-agreed policy protections or transparent scenario choices.,The guide's trauma/ancestry coefficients lack local empirical support; do not treat identity as a deterministic behavior multiplier.,explicit policy adjustment,P0,Additional guide/configuration entry,guide extension/configuration,185,,,not in original dictionary,not assessed in original dictionary,Potential source/method identified; no new parameter estimate certified,S46,https://egis.hud.gov/TDAT/,https://egis.hud.gov/TDAT/; https://research.fs.usda.gov/treesearch/23746; https://oaktrust.library.tamu.edu/server/api/core/bitstreams/d5d8eede-8885-4ebd-ae00-044e424fbb6f/content,S46: County-linked tribal interests and contacts | S38: Measurement instrument; no Harris County observations | S36: Mandatory-buyout residents in Harris County | M01: Generic model requiring Harris County localization,"S46: Current tool; historical interest not a numeric time series | S38: 2003 study | S36: December 2025 report | M01: DOCX guide; mind map dated October 15, 2024",S46: Official tool and manual read; no consultation initiated. | S38: Primary research repository and PDF identified/read. | S36: 72-page primary report read via web; local PDF download returned 403; underlying interview data access unverified. | M01: Both original files inspected; 215-entry dictionary reconciled against full guide.,S46: None identified in reviewed package. | S38: No new local survey collected. | S36: No microdata acquired. | M01: sources/Managed Retreat System Dynamics Model.docx; sources/Mind Map Oct 15 2024.pdf,Define/reconcile before parameterization,2026-09-10
First_Nations_Community,Equity,Scenario or policy choice,S,S46 M01,Determine whether and how specific tribal/Indigenous communities belong in the model through appropriate consultation.,Do not use ACS race counts as a substitute for tribal nation status or governance; localize terminology.,locally defined group flag,P0,Original 215-entry dictionary,unresolved_reference,70; 146; 185,unresolved,,resolve_before_model_build,unavailable,Potential source/method identified; no new parameter estimate certified,S46,https://egis.hud.gov/TDAT/,https://egis.hud.gov/TDAT/,S46: County-linked tribal interests and contacts | M01: Generic model requiring Harris County localization,"S46: Current tool; historical interest not a numeric time series | M01: DOCX guide; mind map dated October 15, 2024",S46: Official tool and manual read; no consultation initiated. | M01: Both original files inspected; 215-entry dictionary reconciled against full guide.,S46: None identified in reviewed package. | M01: sources/Managed Retreat System Dynamics Model.docx; sources/Mind Map Oct 15 2024.pdf,Define/reconcile before parameterization,2026-09-10
Heritage_Protection_Measures,Equity,Direct measurement candidate,D,S45 S46 S21 S22,"Code actual preservation, access agreements, documentation and community-approved commemoration actions.",A planned measure is not an implemented or effective protection.,documented coverage/score,P2,Original 215-entry dictionary,unresolved_reference,147,unresolved,,resolve_before_model_build,unavailable,Potential source/method identified; no new parameter estimate certified,S45,https://atlas.thc.texas.gov/Data/DataDownload,https://atlas.thc.texas.gov/Data/DataDownload; https://egis.hud.gov/TDAT/; https://hcd.harriscountytx.gov/About-Us/Public-Records-Request; https://www.hcfcd.org/Community/Contact-Us/Public-Information-Requests,"S45: Historic sites/markers and geographic features | S46: County-linked tribal interests and contacts | S21: HCD cases, staff and program finances | S22: HCFCD program, acquisition, land and infrastructure records","S45: Current inventory with designation dates | S46: Current tool; historical interest not a numeric time series | S21: Request 2010–2024, with later completion dates for censoring | S22: Request historical cohorts and 2024 opening balances",S45: Official data download and access explanations read; GIS not acquired. | S46: Official tool and manual read; no consultation initiated. | S21: Official request route verified. No request submitted; responsive fields and release are unconfirmed. | S22: Official public-information request page read; no request submitted.,S45: None identified in reviewed package. | S46: None identified in reviewed package. | S21: No complete case ledger identified. | S22: No complete longitudinal ledger identified.,"Calibration, validation or optional extension",2026-09-10
Heritage_Sites_Affected,Equity,Direct measurement candidate,D,S45 S47 S05 S22,Overlay documented heritage resources with acquisition/demolition footprints and verify affected status.,Sensitive archaeological sites require appropriate access; absence from public inventories does not imply no heritage.,sites or affected share,P1,Original 215-entry dictionary,unresolved_reference,147,unresolved,,resolve_before_model_build,unavailable,Potential source/method identified; no new parameter estimate certified,S45,https://atlas.thc.texas.gov/Data/DataDownload,https://atlas.thc.texas.gov/Data/DataDownload; https://www.hcfcd.org/Activity/Additional-Programs/Watershed-Environmental-Baseline-WEB-Program; https://hcad.org/pdata/pdata-property-downloads.html/; https://www.hcfcd.org/Community/Contact-Us/Public-Information-Requests,"S45: Historic sites/markers and geographic features | S47: Harris County watersheds | S05: Parcel/account and taxing jurisdiction | S22: HCFCD program, acquisition, land and infrastructure records",S45: Current inventory with designation dates | S47: Survey/inventory-specific | S05: 2024 retained; inspect annual historical availability | S22: Request historical cohorts and 2024 opening balances,S45: Official data download and access explanations read; GIS not acquired. | S47: Official program description read; underlying GIS/monitoring availability needs confirmation/request. | S05: Official pages checked; 2024 raw archives already retained. | S22: Official public-information request page read; no request submitted.,S45: None identified in reviewed package. | S47: No complete WEB export identified. | S05: data/raw/public/hcad_2024_Real_acct_owner.zip; hcad_2024_Real_jur_exempt.zip; hcad_2024_Code_description_real.zip; hcad_parcels_2024_oct.zip | S22: No complete longitudinal ledger identified.,First acquisition and baseline phase,2026-09-10
Historical_Discrimination_Index,Equity,Proxy or operational definition,P,S36 S28 S42 S46 S60,"Combine documented historical treatment, unequal access and place-specific histories; keep components visible.",Current SVI or race composition does not directly measure historical discrimination.,transparent evidence rubric,P2,Original 215-entry dictionary,unresolved_reference,146,unresolved,,resolve_before_model_build,unavailable,Potential source/method identified; no new parameter estimate certified,S36,https://oaktrust.library.tamu.edu/server/api/core/bitstreams/d5d8eede-8885-4ebd-ae00-044e424fbb6f/content,https://oaktrust.library.tamu.edu/server/api/core/bitstreams/d5d8eede-8885-4ebd-ae00-044e424fbb6f/content; https://harriscountytx.legistar.com/Calendar.aspx; https://www.atsdr.cdc.gov/place-health/php/svi/svi-data-documentation-download.html; https://egis.hud.gov/TDAT/; https://dsl.richmond.edu/panorama/redlining/map/TX/Houston/areas,"S36: Mandatory-buyout residents in Harris County | S28: County policy decisions | S42: Census tract/county | S46: County-linked tribal interests and contacts | S60: Historically graded Houston areas, not all Harris County",S36: December 2025 report | S28: Dated meetings; current and archived systems | S42: 2022 edition and historical editions | S46: Current tool; historical interest not a numeric time series | S60: Historical HOLC-era maps and area descriptions,S36: 72-page primary report read via web; local PDF download returned 403; underlying interview data access unverified. | S28: Official calendar/archive pages read; additional document coding candidate. | S42: Official data/documentation read; optional comparator not newly acquired. | S46: Official tool and manual read; no consultation initiated. | S60: Houston catalog and download metadata identified in primary-site search; interactive page did not return readable content. Exports not acquired.,S36: No microdata acquired. | S28: documentation/Governance_Program_Timeline.csv contains partial existing chronology. | S42: Underlying ACS inputs already partly retained. | S46: None identified in reviewed package. | S60: None identified in reviewed package.,"Calibration, validation or optional extension",2026-09-10
Historical_Forced_Relocation_Trauma,Equity,Proxy or operational definition,P,S46 S36 S38,Use community-authorized histories and appropriately designed self-report evidence if relevant to the local scope.,Do not infer trauma from identity or transform histories into automatic numeric penalties.,community-defined qualitative/scale evidence,P2,Additional guide/configuration entry,guide extension/configuration,185,,,not in original dictionary,not assessed in original dictionary,Potential source/method identified; no new parameter estimate certified,S46,https://egis.hud.gov/TDAT/,https://egis.hud.gov/TDAT/; https://oaktrust.library.tamu.edu/server/api/core/bitstreams/d5d8eede-8885-4ebd-ae00-044e424fbb6f/content; https://research.fs.usda.gov/treesearch/23746,S46: County-linked tribal interests and contacts | S36: Mandatory-buyout residents in Harris County | S38: Measurement instrument; no Harris County observations,S46: Current tool; historical interest not a numeric time series | S36: December 2025 report | S38: 2003 study,S46: Official tool and manual read; no consultation initiated. | S36: 72-page primary report read via web; local PDF download returned 403; underlying interview data access unverified. | S38: Primary research repository and PDF identified/read.,S46: None identified in reviewed package. | S36: No microdata acquired. | S38: No new local survey collected.,"Calibration, validation or optional extension",2026-09-10
Historical_Inequity_Factor,Equity,Proxy or operational definition,P,S36 S28 S45 S46 S60,"Use evidence of unequal exposure, investment, access and treatment over time; develop a transparent locally reviewed rubric.",Do not assign a fixed penalty or multiplier solely from racial/Indigenous identity.,documented indicators,P0,Original 215-entry dictionary,aux,146,dimensionless (1-3),"IF THEN ELSE(Racialized_Community = 1 OR First_Nations_Community = 1, 1.5 + Historical_Discrimination_Index, 1.0)",design_only; no executable mdl supplied,,Potential source/method identified; no new parameter estimate certified,S36,https://oaktrust.library.tamu.edu/server/api/core/bitstreams/d5d8eede-8885-4ebd-ae00-044e424fbb6f/content,https://oaktrust.library.tamu.edu/server/api/core/bitstreams/d5d8eede-8885-4ebd-ae00-044e424fbb6f/content; https://harriscountytx.legistar.com/Calendar.aspx; https://atlas.thc.texas.gov/Data/DataDownload; https://egis.hud.gov/TDAT/; https://dsl.richmond.edu/panorama/redlining/map/TX/Houston/areas,"S36: Mandatory-buyout residents in Harris County | S28: County policy decisions | S45: Historic sites/markers and geographic features | S46: County-linked tribal interests and contacts | S60: Historically graded Houston areas, not all Harris County",S36: December 2025 report | S28: Dated meetings; current and archived systems | S45: Current inventory with designation dates | S46: Current tool; historical interest not a numeric time series | S60: Historical HOLC-era maps and area descriptions,S36: 72-page primary report read via web; local PDF download returned 403; underlying interview data access unverified. | S28: Official calendar/archive pages read; additional document coding candidate. | S45: Official data download and access explanations read; GIS not acquired. | S46: Official tool and manual read; no consultation initiated. | S60: Houston catalog and download metadata identified in primary-site search; interactive page did not return readable content. Exports not acquired.,S36: No microdata acquired. | S28: documentation/Governance_Program_Timeline.csv contains partial existing chronology. | S45: None identified in reviewed package. | S46: None identified in reviewed package. | S60: None identified in reviewed package.,Define/reconcile before parameterization,2026-09-10
Initial_Wellbeing,Equity,Alias to reconcile,A,S33 S40,"Reconcile to Vulnerable_Population_Wellbeing at baseline; use the same source, definition, baseline and units.","Retain the original spelling in the audit, but do not create a second independently calibrated variable.",,P1,Original 215-entry dictionary,unresolved_reference,137,unresolved,,resolve_before_model_build,unavailable,Potential source/method identified; no new parameter estimate certified,S33,https://www.kinderudp.org/#/datasetCatalog/oxwq5xg0ewkj,https://www.kinderudp.org/#/datasetCatalog/oxwq5xg0ewkj; https://www.who.int/publications/m/item/WHO-UCN-MSD-MHE-2024.01,S33: Greater Houston adult respondents; Harris subset/weights must be established | S40: Individual survey instrument,"S33: 2023–2024 public-use waves; release listed January 9, 2026 | S40: 2024 publication; two-week recall",S33: Catalog and 248-page codebook read; codebook downloaded. Public-use data require a request form; no request submitted. Public files omit geocodes. | S40: Official instrument page read; no local survey administered.,S33: reports/2026-09-10_Variable_Source_Assessment/research/GHCP_2023_2024_User_Guide.pdf | S40: GHCP supplies alternative existing wellbeing measures.,First acquisition and baseline phase,2026-09-10
Low_Income_Households,Equity,Direct measurement candidate,D,S17 S03 S01,Use CHAS area-median-income categories or household microdata with explicit size-adjusted thresholds.,B17001 poverty counts people; a fixed B19001 income cutoff differs from HUD income eligibility.,households,P1,Original 215-entry dictionary,unresolved_reference,145,unresolved,,resolve_before_model_build,unavailable,Potential source/method identified; no new parameter estimate certified,S17,https://www.huduser.gov/portal/datasets/cp.html,https://www.huduser.gov/portal/datasets/cp.html; https://www.census.gov/programs-surveys/acs/microdata.html; https://api.census.gov/data/2024/acs/acs5/groups.html,"S17: County, place, tract and other published areas | S03: PUMA; derive county only where boundaries support it | S01: County, tract; some block-group tables",S17: ACS-based multi-year releases | S03: Annual 1-year and 5-year releases | S01: Annual 5-year releases; target 2010–2024,S17: Official download/documentation read; bulk files available; API requires a token. | S03: Official access page read; microdata not acquired. | S01: Official metadata read. Many 2024 tables and a harmonized historical panel already retained; additional tables require retrieval.,S17: None identified in reviewed package. | S03: None identified in reviewed package. | S01: data/raw/reused/hydro_acs.csv.gz; local_acs2024_*.csv.gz; data/raw/public/acs2024_*.dat,First acquisition and baseline phase,2026-09-10
Non_Market_Values_Weight,Equity,Scenario or policy choice,S,S46 S38 S52 M01,Elicit transparent stakeholder weights for nonmarket outcomes or report them separately in multi-criteria analysis.,A normative preference weight is not a Census variable; report sensitivity and disagreement.,preference weight,P0,Additional guide/configuration entry,guide extension/configuration,185,,,not in original dictionary,not assessed in original dictionary,Potential source/method identified; no new parameter estimate certified,S46,https://egis.hud.gov/TDAT/,https://egis.hud.gov/TDAT/; https://research.fs.usda.gov/treesearch/23746; https://data.naturalcapitalproject.stanford.edu/,S46: County-linked tribal interests and contacts | S38: Measurement instrument; no Harris County observations | S52: Model/project specific | M01: Generic model requiring Harris County localization,"S46: Current tool; historical interest not a numeric time series | S38: 2003 study | S52: Input-vintage and scenario specific | M01: DOCX guide; mind map dated October 15, 2024","S46: Official tool and manual read; no consultation initiated. | S38: Primary research repository and PDF identified/read. | S52: Official data/method pages read; method source, not an acquired Harris valuation table. | M01: Both original files inspected; 215-entry dictionary reconciled against full guide.",S46: None identified in reviewed package. | S38: No new local survey collected. | S52: No local InVEST model identified. | M01: sources/Managed Retreat System Dynamics Model.docx; sources/Mind Map Oct 15 2024.pdf,Define/reconcile before parameterization,2026-09-10
Perceived_Inequity,Equity,Proxy or operational definition,P,S36 S21 S39,"Ask residents about fairness of access, process, compensation and outcomes; retain dimension-specific measures.",Administrative disparity and perceived unfairness are related but different constructs.,survey scale,P1,Original 215-entry dictionary,unresolved_reference,103; 178,unresolved,,resolve_before_model_build,unavailable,Potential source/method identified; no new parameter estimate certified,S36,https://oaktrust.library.tamu.edu/server/api/core/bitstreams/d5d8eede-8885-4ebd-ae00-044e424fbb6f/content,https://oaktrust.library.tamu.edu/server/api/core/bitstreams/d5d8eede-8885-4ebd-ae00-044e424fbb6f/content; https://hcd.harriscountytx.gov/About-Us/Public-Records-Request; https://www.oecd.org/en/publications/oecd-guidelines-on-measuring-trust_9789264278219-en.html,"S36: Mandatory-buyout residents in Harris County | S21: HCD cases, staff and program finances | S39: Survey instrument/method","S36: December 2025 report | S21: Request 2010–2024, with later completion dates for censoring | S39: 2017 guidelines",S36: 72-page primary report read via web; local PDF download returned 403; underlying interview data access unverified. | S21: Official request route verified. No request submitted; responsive fields and release are unconfirmed. | S39: Official publication page read; method source.,S36: No microdata acquired. | S21: No complete case ledger identified. | S39: No program-trust observations acquired.,First acquisition and baseline phase,2026-09-10
Psychosocial_Support_Capacity,Equity,Direct measurement candidate,D,S21 S22 S29 S43,"Use contracted/filled counselor effort, eligible appointments and utilization; use facility data only for service context.",Guide index-point units need replacement or a defined conversion from service capacity to stress change.,available visits/year or FTE,P1,Original 215-entry dictionary,parameter,142; 149,index_points,,input_table,assumed,Potential source/method identified; no new parameter estimate certified,S21,https://hcd.harriscountytx.gov/About-Us/Public-Records-Request,https://hcd.harriscountytx.gov/About-Us/Public-Records-Request; https://www.hcfcd.org/Community/Contact-Us/Public-Information-Requests; https://purchasing.harriscountytx.gov/; https://www.samhsa.gov/data/data-we-collect/n-sumhss-national-substance-use-and-mental-health-services-survey/datafiles?data_collection=1178,"S21: HCD cases, staff and program finances | S22: HCFCD program, acquisition, land and infrastructure records | S29: Contract/project and vendor | S43: Treatment facilities and available published geographies","S21: Request 2010–2024, with later completion dates for censoring | S22: Request historical cohorts and 2024 opening balances | S29: Award- and invoice-specific | S43: Annual; 2024 files listed",S21: Official request route verified. No request submitted; responsive fields and release are unconfirmed. | S22: Official public-information request page read; no request submitted. | S29: Official portal and linked Bonfire/GovQA routes verified; detailed invoice/effort exports not acquired. | S43: Official datafiles page read; extract not acquired.,S21: No complete case ledger identified. | S22: No complete longitudinal ledger identified. | S29: None newly acquired. | S43: None identified in reviewed package.,First acquisition and baseline phase,2026-09-10
Racialized_Community,Equity,Scenario or policy choice,S,S01 S03 S36,"Use transparent, community-appropriate race/ethnicity group definitions for disparity analysis.",Do not automatically assign behavioral or inequity coefficients from a binary group flag.,explicit grouping definition,P0,Original 215-entry dictionary,unresolved_reference,146,unresolved,,resolve_before_model_build,unavailable,Potential source/method identified; no new parameter estimate certified,S01,https://api.census.gov/data/2024/acs/acs5/groups.html,https://api.census.gov/data/2024/acs/acs5/groups.html; https://www.census.gov/programs-surveys/acs/microdata.html; https://oaktrust.library.tamu.edu/server/api/core/bitstreams/d5d8eede-8885-4ebd-ae00-044e424fbb6f/content,"S01: County, tract; some block-group tables | S03: PUMA; derive county only where boundaries support it | S36: Mandatory-buyout residents in Harris County",S01: Annual 5-year releases; target 2010–2024 | S03: Annual 1-year and 5-year releases | S36: December 2025 report,S01: Official metadata read. Many 2024 tables and a harmonized historical panel already retained; additional tables require retrieval. | S03: Official access page read; microdata not acquired. | S36: 72-page primary report read via web; local PDF download returned 403; underlying interview data access unverified.,S01: data/raw/reused/hydro_acs.csv.gz; local_acs2024_*.csv.gz; data/raw/public/acs2024_*.dat | S03: None identified in reviewed package. | S36: No microdata acquired.,Define/reconcile before parameterization,2026-09-10
Racialized_Households,Equity,Direct measurement candidate,D,S03 S01,Specify race/ethnicity and whether classification follows householder or any household member; use weighted household microdata.,B03002 counts persons; overlapping ethnicity/race and multiracial categories need explicit treatment.,households,P1,Original 215-entry dictionary,unresolved_reference,145,unresolved,,resolve_before_model_build,unavailable,Potential source/method identified; no new parameter estimate certified,S03,https://www.census.gov/programs-surveys/acs/microdata.html,https://www.census.gov/programs-surveys/acs/microdata.html; https://api.census.gov/data/2024/acs/acs5/groups.html,"S03: PUMA; derive county only where boundaries support it | S01: County, tract; some block-group tables",S03: Annual 1-year and 5-year releases | S01: Annual 5-year releases; target 2010–2024,S03: Official access page read; microdata not acquired. | S01: Official metadata read. Many 2024 tables and a harmonized historical panel already retained; additional tables require retrieval.,S03: None identified in reviewed package. | S01: data/raw/reused/hydro_acs.csv.gz; local_acs2024_*.csv.gz; data/raw/public/acs2024_*.dat,First acquisition and baseline phase,2026-09-10
Service_Access_Loss,Equity,Proxy or operational definition,P,S21 S33 S43 S44 S35 S59,"Compare pre/post travel time, eligibility, continuity and affordability of essential services using destination geography and household reports.",Provider proximity is not usable access; public destination data may be aggregated or unavailable.,travel/access change,P2,Original 215-entry dictionary,unresolved_reference,141,unresolved,,resolve_before_model_build,unavailable,Potential source/method identified; no new parameter estimate certified,S21,https://hcd.harriscountytx.gov/About-Us/Public-Records-Request,https://hcd.harriscountytx.gov/About-Us/Public-Records-Request; https://www.kinderudp.org/#/datasetCatalog/oxwq5xg0ewkj; https://www.samhsa.gov/data/data-we-collect/n-sumhss-national-substance-use-and-mental-health-services-survey/datafiles?data_collection=1178; https://publichealth.harriscountytx.gov/Media/Reports-and-Dashboards; https://idrt.tamu.edu/policy-decision-support/; https://lehd.ces.census.gov/data/,"S21: HCD cases, staff and program finances | S33: Greater Houston adult respondents; Harris subset/weights must be established | S43: Treatment facilities and available published geographies | S44: Report-specific county/city/subcounty coverage | S35: Historical Harris County buyouts and destination block groups | S59: Census block home/workplace and origin-destination pairs","S21: Request 2010–2024, with later completion dates for censoring | S33: 2023–2024 public-use waves; release listed January 9, 2026 | S43: Annual; 2024 files listed | S44: Assessment/report-specific | S35: Coverage years not verified from underlying data | S59: Annual; coverage varies by state/year; LODES 8 uses 2020 blocks","S21: Official request route verified. No request submitted; responsive fields and release are unconfirmed. | S33: Catalog and 248-page codebook read; codebook downloaded. Public-use data require a request form; no request submitted. Public files omit geocodes. | S43: Official datafiles page read; extract not acquired. | S44: Official reports page read; candidate reports identified. | S35: Institutional project description verified; dashboard exists but underlying exports, completeness and reuse terms are unverified. | S59: Official data page and technical-document metadata read; no new download.",S21: No complete case ledger identified. | S33: reports/2026-09-10_Variable_Source_Assessment/research/GHCP_2023_2024_User_Guide.pdf | S43: None identified in reviewed package. | S44: None newly acquired. | S35: No dataset identified in reviewed local files. | S59: H-GAC employment forecasts provide related local material.,"Calibration, validation or optional extension",2026-09-10
Social_Disruption_Costs,Equity,Calibration or new longitudinal evidence,K,S36 S33 S21 S52,"Estimate incremental moving burden, lost time, disrupted access and social losses with transparent valuation; retain unmonetized outcomes.","Do not force distress or heritage into dollars without defensible valuation, or duplicate relocation payments and lost home value.",USD_2024 or separate nonmonetary outcomes,P2,Additional guide/configuration entry,guide extension/configuration,361,,,not in original dictionary,not assessed in original dictionary,Potential source/method identified; no new parameter estimate certified,S36,https://oaktrust.library.tamu.edu/server/api/core/bitstreams/d5d8eede-8885-4ebd-ae00-044e424fbb6f/content,https://oaktrust.library.tamu.edu/server/api/core/bitstreams/d5d8eede-8885-4ebd-ae00-044e424fbb6f/content; https://www.kinderudp.org/#/datasetCatalog/oxwq5xg0ewkj; https://hcd.harriscountytx.gov/About-Us/Public-Records-Request; https://data.naturalcapitalproject.stanford.edu/,"S36: Mandatory-buyout residents in Harris County | S33: Greater Houston adult respondents; Harris subset/weights must be established | S21: HCD cases, staff and program finances | S52: Model/project specific","S36: December 2025 report | S33: 2023–2024 public-use waves; release listed January 9, 2026 | S21: Request 2010–2024, with later completion dates for censoring | S52: Input-vintage and scenario specific","S36: 72-page primary report read via web; local PDF download returned 403; underlying interview data access unverified. | S33: Catalog and 248-page codebook read; codebook downloaded. Public-use data require a request form; no request submitted. Public files omit geocodes. | S21: Official request route verified. No request submitted; responsive fields and release are unconfirmed. | S52: Official data/method pages read; method source, not an acquired Harris valuation table.",S36: No microdata acquired. | S33: reports/2026-09-10_Variable_Source_Assessment/research/GHCP_2023_2024_User_Guide.pdf | S21: No complete case ledger identified. | S52: No local InVEST model identified.,"Calibration, validation or optional extension",2026-09-10
Stress_Accumulation,Equity,Calibration or new longitudinal evidence,K,S33 S37 S36,"Model repeated distress changes after hazard exposure, waiting and displacement using an explicit scale.",Separate stock means from totals and model recovery as well as accumulation.,stress points/year,P2,Original 215-entry dictionary,unresolved_reference,138,unresolved,,resolve_before_model_build,unavailable,Potential source/method identified; no new parameter estimate certified,S33,https://www.kinderudp.org/#/datasetCatalog/oxwq5xg0ewkj,https://www.kinderudp.org/#/datasetCatalog/oxwq5xg0ewkj; https://floodregistry.rice.edu/; https://oaktrust.library.tamu.edu/server/api/core/bitstreams/d5d8eede-8885-4ebd-ae00-044e424fbb6f/content,S33: Greater Houston adult respondents; Harris subset/weights must be established | S37: Participating Houston-area residents; public aggregated products | S36: Mandatory-buyout residents in Harris County,"S33: 2023–2024 public-use waves; release listed January 9, 2026 | S37: Post-Harvey waves; product-specific | S36: December 2025 report",S33: Catalog and 248-page codebook read; codebook downloaded. Public-use data require a request form; no request submitted. Public files omit geocodes. | S37: Institutional page and catalog descriptions read; underlying records/precise access need confirmation. | S36: 72-page primary report read via web; local PDF download returned 403; underlying interview data access unverified.,S33: reports/2026-09-10_Variable_Source_Assessment/research/GHCP_2023_2024_User_Guide.pdf | S37: None identified in reviewed package. | S36: No microdata acquired.,"Calibration, validation or optional extension",2026-09-10
Stress_Relief,Equity,Calibration or new longitudinal evidence,K,S33 S40 S21 S43,"Link service exposure and repeated distress scores, controlling baseline need and access; test alternative response delays.",The guide 0.15 coefficient is illustrative; counseling receipt is selected by need.,stress points/year,P2,Original 215-entry dictionary,flow,138; 142,units/year,Psychosocial_Support_Capacity * Support_Effectiveness * Community_Psychosocial_Stress * 0.15,design_only; no executable mdl supplied,,Potential source/method identified; no new parameter estimate certified,S33,https://www.kinderudp.org/#/datasetCatalog/oxwq5xg0ewkj,https://www.kinderudp.org/#/datasetCatalog/oxwq5xg0ewkj; https://www.who.int/publications/m/item/WHO-UCN-MSD-MHE-2024.01; https://hcd.harriscountytx.gov/About-Us/Public-Records-Request; https://www.samhsa.gov/data/data-we-collect/n-sumhss-national-substance-use-and-mental-health-services-survey/datafiles?data_collection=1178,"S33: Greater Houston adult respondents; Harris subset/weights must be established | S40: Individual survey instrument | S21: HCD cases, staff and program finances | S43: Treatment facilities and available published geographies","S33: 2023–2024 public-use waves; release listed January 9, 2026 | S40: 2024 publication; two-week recall | S21: Request 2010–2024, with later completion dates for censoring | S43: Annual; 2024 files listed",S33: Catalog and 248-page codebook read; codebook downloaded. Public-use data require a request form; no request submitted. Public files omit geocodes. | S40: Official instrument page read; no local survey administered. | S21: Official request route verified. No request submitted; responsive fields and release are unconfirmed. | S43: Official datafiles page read; extract not acquired.,S33: reports/2026-09-10_Variable_Source_Assessment/research/GHCP_2023_2024_User_Guide.pdf | S40: GHCP supplies alternative existing wellbeing measures. | S21: No complete case ledger identified. | S43: None identified in reviewed package.,"Calibration, validation or optional extension",2026-09-10
Support_Effectiveness,Equity,Calibration or new longitudinal evidence,K,S33 S40 S21 S36,"Estimate longitudinal wellbeing/distress changes against an appropriate comparison, with service type and dose.",Do not interpret cross-sectional service-user differences as treatment effects.,effect per service dose,P2,Original 215-entry dictionary,parameter,142; 150,dimensionless,,input_table,assumed,Potential source/method identified; no new parameter estimate certified,S33,https://www.kinderudp.org/#/datasetCatalog/oxwq5xg0ewkj,https://www.kinderudp.org/#/datasetCatalog/oxwq5xg0ewkj; https://www.who.int/publications/m/item/WHO-UCN-MSD-MHE-2024.01; https://hcd.harriscountytx.gov/About-Us/Public-Records-Request; https://oaktrust.library.tamu.edu/server/api/core/bitstreams/d5d8eede-8885-4ebd-ae00-044e424fbb6f/content,"S33: Greater Houston adult respondents; Harris subset/weights must be established | S40: Individual survey instrument | S21: HCD cases, staff and program finances | S36: Mandatory-buyout residents in Harris County","S33: 2023–2024 public-use waves; release listed January 9, 2026 | S40: 2024 publication; two-week recall | S21: Request 2010–2024, with later completion dates for censoring | S36: December 2025 report",S33: Catalog and 248-page codebook read; codebook downloaded. Public-use data require a request form; no request submitted. Public files omit geocodes. | S40: Official instrument page read; no local survey administered. | S21: Official request route verified. No request submitted; responsive fields and release are unconfirmed. | S36: 72-page primary report read via web; local PDF download returned 403; underlying interview data access unverified.,S33: reports/2026-09-10_Variable_Source_Assessment/research/GHCP_2023_2024_User_Guide.pdf | S40: GHCP supplies alternative existing wellbeing measures. | S21: No complete case ledger identified. | S36: No microdata acquired.,"Calibration, validation or optional extension",2026-09-10
Vulnerable_Population_Share,Equity,Proxy or operational definition,P,S03 S01 S17,"Use household microdata to count the union of explicitly defined vulnerability conditions, or retain separate marginal indicators.","Adding low-income, older, disabled and racialized household counts double counts overlapping households.",proportion,P0,Original 215-entry dictionary,aux,145,dimensionless (0-1),(Low_Income_Households + Elderly_Households + Disabled_Households + Racialized_Households) / Total_Households,design_only; no executable mdl supplied,,Potential source/method identified; no new parameter estimate certified,S03,https://www.census.gov/programs-surveys/acs/microdata.html,https://www.census.gov/programs-surveys/acs/microdata.html; https://api.census.gov/data/2024/acs/acs5/groups.html; https://www.huduser.gov/portal/datasets/cp.html,"S03: PUMA; derive county only where boundaries support it | S01: County, tract; some block-group tables | S17: County, place, tract and other published areas",S03: Annual 1-year and 5-year releases | S01: Annual 5-year releases; target 2010–2024 | S17: ACS-based multi-year releases,S03: Official access page read; microdata not acquired. | S01: Official metadata read. Many 2024 tables and a harmonized historical panel already retained; additional tables require retrieval. | S17: Official download/documentation read; bulk files available; API requires a token.,S03: None identified in reviewed package. | S01: data/raw/reused/hydro_acs.csv.gz; local_acs2024_*.csv.gz; data/raw/public/acs2024_*.dat | S17: None identified in reviewed package.,Define/reconcile before parameterization,2026-09-10
Vulnerable_Population_Support,Equity,Proxy or operational definition,P,S21 S22 S29 S36,Measure eligible vulnerable households receiving timely accessible support and adequacy relative to needs.,Service counts without the eligible denominator cannot establish support coverage or equity.,service coverage/adequacy,P1,Original 215-entry dictionary,unresolved_reference,140,unresolved,,resolve_before_model_build,unavailable,Potential source/method identified; no new parameter estimate certified,S21,https://hcd.harriscountytx.gov/About-Us/Public-Records-Request,https://hcd.harriscountytx.gov/About-Us/Public-Records-Request; https://www.hcfcd.org/Community/Contact-Us/Public-Information-Requests; https://purchasing.harriscountytx.gov/; https://oaktrust.library.tamu.edu/server/api/core/bitstreams/d5d8eede-8885-4ebd-ae00-044e424fbb6f/content,"S21: HCD cases, staff and program finances | S22: HCFCD program, acquisition, land and infrastructure records | S29: Contract/project and vendor | S36: Mandatory-buyout residents in Harris County","S21: Request 2010–2024, with later completion dates for censoring | S22: Request historical cohorts and 2024 opening balances | S29: Award- and invoice-specific | S36: December 2025 report",S21: Official request route verified. No request submitted; responsive fields and release are unconfirmed. | S22: Official public-information request page read; no request submitted. | S29: Official portal and linked Bonfire/GovQA routes verified; detailed invoice/effort exports not acquired. | S36: 72-page primary report read via web; local PDF download returned 403; underlying interview data access unverified.,S21: No complete case ledger identified. | S22: No complete longitudinal ledger identified. | S29: None newly acquired. | S36: No microdata acquired.,First acquisition and baseline phase,2026-09-10
Vulnerable_Population_Wellbeing,Equity,Proxy or operational definition,P,S33 S40 S41 S44,Use GHCP g2404_satlife or a proposed WHO-5 panel; stratify by a defensible household/person vulnerability definition.,"Life satisfaction, clinical distress and area-level health prevalence are different constructs.",chosen wellbeing scale,P1,Original 215-entry dictionary,stock,137,dimensionless (0-100),,design_only; no executable mdl supplied,unavailable,Potential source/method identified; no new parameter estimate certified,S33,https://www.kinderudp.org/#/datasetCatalog/oxwq5xg0ewkj,https://www.kinderudp.org/#/datasetCatalog/oxwq5xg0ewkj; https://www.who.int/publications/m/item/WHO-UCN-MSD-MHE-2024.01; https://www.cdc.gov/places/tools/data-portal.html; https://publichealth.harriscountytx.gov/Media/Reports-and-Dashboards,"S33: Greater Houston adult respondents; Harris subset/weights must be established | S40: Individual survey instrument | S41: County, place and tract estimates | S44: Report-specific county/city/subcounty coverage","S33: 2023–2024 public-use waves; release listed January 9, 2026 | S40: 2024 publication; two-week recall | S41: Annual releases; underlying survey years differ | S44: Assessment/report-specific",S33: Catalog and 248-page codebook read; codebook downloaded. Public-use data require a request form; no request submitted. Public files omit geocodes. | S40: Official instrument page read; no local survey administered. | S41: Official portal and measure definitions read; data not acquired. | S44: Official reports page read; candidate reports identified.,S33: reports/2026-09-10_Variable_Source_Assessment/research/GHCP_2023_2024_User_Guide.pdf | S40: GHCP supplies alternative existing wellbeing measures. | S41: None identified in reviewed package. | S44: None newly acquired.,First acquisition and baseline phase,2026-09-10
Wellbeing_Decline,Equity,Calibration or new longitudinal evidence,K,S33 S36 S37 S40,"Estimate within-person change after displacement, service disruption and cultural loss with repeated follow-up.","Do not sum incompatible household, index and site units; association is not necessarily a displacement effect.",wellbeing points/year,P2,Original 215-entry dictionary,flow,137; 141,units/year,Displacement_Rate * Displacement_Impact + Service_Access_Loss + Cultural_Heritage_Loss,design_only; no executable mdl supplied,,Potential source/method identified; no new parameter estimate certified,S33,https://www.kinderudp.org/#/datasetCatalog/oxwq5xg0ewkj,https://www.kinderudp.org/#/datasetCatalog/oxwq5xg0ewkj; https://oaktrust.library.tamu.edu/server/api/core/bitstreams/d5d8eede-8885-4ebd-ae00-044e424fbb6f/content; https://floodregistry.rice.edu/; https://www.who.int/publications/m/item/WHO-UCN-MSD-MHE-2024.01,S33: Greater Houston adult respondents; Harris subset/weights must be established | S36: Mandatory-buyout residents in Harris County | S37: Participating Houston-area residents; public aggregated products | S40: Individual survey instrument,"S33: 2023–2024 public-use waves; release listed January 9, 2026 | S36: December 2025 report | S37: Post-Harvey waves; product-specific | S40: 2024 publication; two-week recall",S33: Catalog and 248-page codebook read; codebook downloaded. Public-use data require a request form; no request submitted. Public files omit geocodes. | S36: 72-page primary report read via web; local PDF download returned 403; underlying interview data access unverified. | S37: Institutional page and catalog descriptions read; underlying records/precise access need confirmation. | S40: Official instrument page read; no local survey administered.,S33: reports/2026-09-10_Variable_Source_Assessment/research/GHCP_2023_2024_User_Guide.pdf | S36: No microdata acquired. | S37: None identified in reviewed package. | S40: GHCP supplies alternative existing wellbeing measures.,"Calibration, validation or optional extension",2026-09-10
Wellbeing_Improvements,Equity,Calibration or new longitudinal evidence,K,S33 S40 S21,Estimate within-person improvements in the chosen scale and relate them to safe housing and support exposure.,Natural recovery and selection into support require comparison; use consistent score/time units.,wellbeing points/year,P2,Original 215-entry dictionary,unresolved_reference,137,unresolved,,resolve_before_model_build,unavailable,Potential source/method identified; no new parameter estimate certified,S33,https://www.kinderudp.org/#/datasetCatalog/oxwq5xg0ewkj,https://www.kinderudp.org/#/datasetCatalog/oxwq5xg0ewkj; https://www.who.int/publications/m/item/WHO-UCN-MSD-MHE-2024.01; https://hcd.harriscountytx.gov/About-Us/Public-Records-Request,"S33: Greater Houston adult respondents; Harris subset/weights must be established | S40: Individual survey instrument | S21: HCD cases, staff and program finances","S33: 2023–2024 public-use waves; release listed January 9, 2026 | S40: 2024 publication; two-week recall | S21: Request 2010–2024, with later completion dates for censoring",S33: Catalog and 248-page codebook read; codebook downloaded. Public-use data require a request form; no request submitted. Public files omit geocodes. | S40: Official instrument page read; no local survey administered. | S21: Official request route verified. No request submitted; responsive fields and release are unconfirmed.,S33: reports/2026-09-10_Variable_Source_Assessment/research/GHCP_2023_2024_User_Guide.pdf | S40: GHCP supplies alternative existing wellbeing measures. | S21: No complete case ledger identified.,"Calibration, validation or optional extension",2026-09-10
Average_Property_Size,Land,Direct measurement candidate,D,S05 S22,Compute area from acquired-property polygons and report distribution by intended treatment.,County residential mean can misrepresent target buyout parcels and assemblages.,hectares/property,P0,Original 215-entry dictionary,parameter,158; 166,hectare/property,,input_table,derived_proxy,Potential source/method identified; no new parameter estimate certified,S05,https://hcad.org/pdata/pdata-property-downloads.html/,https://hcad.org/pdata/pdata-property-downloads.html/; https://www.hcfcd.org/Community/Contact-Us/Public-Information-Requests,"S05: Parcel/account and taxing jurisdiction | S22: HCFCD program, acquisition, land and infrastructure records",S05: 2024 retained; inspect annual historical availability | S22: Request historical cohorts and 2024 opening balances,S05: Official pages checked; 2024 raw archives already retained. | S22: Official public-information request page read; no request submitted.,S05: data/raw/public/hcad_2024_Real_acct_owner.zip; hcad_2024_Real_jur_exempt.zip; hcad_2024_Code_description_real.zip; hcad_parcels_2024_oct.zip | S22: No complete longitudinal ledger identified.,Define/reconcile before parameterization,2026-09-10
Biodiversity_Value,Land,Calibration or new longitudinal evidence,K,S47 S50 S52 S53,Estimate marginal habitat/species benefits using local ecological change and justified valuation or keep a nonmonetary metric.,No ready local annual dollar value found; avoid double counting habitat and other ecosystem benefits.,USD_2024/ha/year or physical metric,P2,Original 215-entry dictionary,unresolved_reference,163,unresolved,,resolve_before_model_build,unavailable,Potential source/method identified; no new parameter estimate certified,S47,https://www.hcfcd.org/Activity/Additional-Programs/Watershed-Environmental-Baseline-WEB-Program,https://www.hcfcd.org/Activity/Additional-Programs/Watershed-Environmental-Baseline-WEB-Program; https://www.fws.gov/program/national-wetlands-inventory/data-download; https://data.naturalcapitalproject.stanford.edu/; https://www.epa.gov/enviroatlas/about-enviroatlas,S47: Harris County watersheds | S50: Wetland polygons | S52: Model/project specific | S53: National and community-scale indicators,S47: Survey/inventory-specific | S50: Imagery/survey date varies spatially | S52: Input-vintage and scenario specific | S53: Layer-specific,"S47: Official program description read; underlying GIS/monitoring availability needs confirmation/request. | S50: Official download/mapper pages read; candidate GIS. | S52: Official data/method pages read; method source, not an acquired Harris valuation table. | S53: Official overview and ecosystem-service pages read; specific Harris layer coverage must be checked.",S47: No complete WEB export identified. | S50: None identified in reviewed package. | S52: No local InVEST model identified. | S53: None newly acquired.,"Calibration, validation or optional extension",2026-09-10
Carbon_Sequestration_Value,Land,Calibration or new longitudinal evidence,K,S49 S50 S52,"Estimate incremental annual net carbon uptake by habitat and management, then apply an explicit carbon valuation scenario.",Separate carbon stock from annual sequestration and permanence; avoid claiming saleable credits without eligibility.,USD_2024/ha/year,P2,Original 215-entry dictionary,unresolved_reference,163,unresolved,,resolve_before_model_build,unavailable,Potential source/method identified; no new parameter estimate certified,S49,https://www.usgs.gov/centers/eros/how-can-i-access-and-download-annual-nlcd-data,https://www.usgs.gov/centers/eros/how-can-i-access-and-download-annual-nlcd-data; https://www.fws.gov/program/national-wetlands-inventory/data-download; https://data.naturalcapitalproject.stanford.edu/,S49: 30-m raster | S50: Wetland polygons | S52: Model/project specific,S49: 1985–2024 in the inspected release | S50: Imagery/survey date varies spatially | S52: Input-vintage and scenario specific,"S49: Official access pages read; raster not newly downloaded. | S50: Official download/mapper pages read; candidate GIS. | S52: Official data/method pages read; method source, not an acquired Harris valuation table.",S49: Existing hydro_static.csv.gz includes related static context. | S50: None identified in reviewed package. | S52: No local InVEST model identified.,"Calibration, validation or optional extension",2026-09-10
Cost_Per_Hectare,Land,Direct measurement candidate,D,S29 S22 S48 S31,"Divide paid restoration-phase cost by accepted treated area; separate acquisition, demolition, design and maintenance.",Credit prices and total contract awards are not comparable treatment unit costs.,USD_2024/hectare,P1,Original 215-entry dictionary,parameter,159; 167,USD_2024/hectare,,input_table,assumed,Potential source/method identified; no new parameter estimate certified,S29,https://purchasing.harriscountytx.gov/,https://purchasing.harriscountytx.gov/; https://www.hcfcd.org/Community/Contact-Us/Public-Information-Requests; https://www.hcfcd.org/Activity/Additional-Programs/Wetland-Mitigation-Banks; https://www.bls.gov/cpi/data.htm,"S29: Contract/project and vendor | S22: HCFCD program, acquisition, land and infrastructure records | S48: Specific mitigation-bank sites | S31: Houston metropolitan area or national benchmark",S29: Award- and invoice-specific | S22: Request historical cohorts and 2024 opening balances | S48: Construction and monitoring cohorts | S31: Monthly/bimonthly or annual series depending geography,S29: Official portal and linked Bonfire/GovQA routes verified; detailed invoice/effort exports not acquired. | S22: Official public-information request page read; no request submitted. | S48: Official page read; detailed as-built costs/monitoring are request candidates. | S31: Official data and Houston release pages read; deflator not yet applied.,S29: None newly acquired. | S22: No complete longitudinal ledger identified. | S48: Local hcfcd_maintenance.pdf supplies qualitative context only. | S31: Existing monetary series remain nominal unless explicitly labeled otherwise.,First acquisition and baseline phase,2026-09-10
Ecosystem_Benefits,Land,Alias to reconcile,A,S52 S53,"Reconcile to the appropriately discounted Ecosystem_Service_Benefits; use the same source, definition, baseline and units.","Retain the original spelling in the audit, but do not create a second independently calibrated variable.",,P1,Additional guide/configuration entry,guide extension/configuration,361,,,not in original dictionary,not assessed in original dictionary,Potential source/method identified; no new parameter estimate certified,S52,https://data.naturalcapitalproject.stanford.edu/,https://data.naturalcapitalproject.stanford.edu/; https://www.epa.gov/enviroatlas/about-enviroatlas,S52: Model/project specific | S53: National and community-scale indicators,S52: Input-vintage and scenario specific | S53: Layer-specific,"S52: Official data/method pages read; method source, not an acquired Harris valuation table. | S53: Official overview and ecosystem-service pages read; specific Harris layer coverage must be checked.",S52: No local InVEST model identified. | S53: None newly acquired.,First acquisition and baseline phase,2026-09-10
Ecosystem_Decline,Land,Calibration or new longitudinal evidence,K,S47 S48 S51 S49,Estimate adverse changes in measured ecological condition with matched monitoring effort.,A reduction in vegetation cover is only one indicator and not a complete health decline measure.,health points/year,P2,Original 215-entry dictionary,unresolved_reference,156,unresolved,,resolve_before_model_build,unavailable,Potential source/method identified; no new parameter estimate certified,S47,https://www.hcfcd.org/Activity/Additional-Programs/Watershed-Environmental-Baseline-WEB-Program,https://www.hcfcd.org/Activity/Additional-Programs/Watershed-Environmental-Baseline-WEB-Program; https://www.hcfcd.org/Activity/Additional-Programs/Wetland-Mitigation-Banks; https://www.tceq.texas.gov/agency/data/lookup-data/download-data.html; https://www.usgs.gov/centers/eros/how-can-i-access-and-download-annual-nlcd-data,S47: Harris County watersheds | S48: Specific mitigation-bank sites | S51: Monitoring stations/segments | S49: 30-m raster,S47: Survey/inventory-specific | S48: Construction and monitoring cohorts | S51: Historical sample dates; site-specific coverage | S49: 1985–2024 in the inspected release,S47: Official program description read; underlying GIS/monitoring availability needs confirmation/request. | S48: Official page read; detailed as-built costs/monitoring are request candidates. | S51: Official download/data-management pages read; sampling-query link identified. | S49: Official access pages read; raster not newly downloaded.,S47: No complete WEB export identified. | S48: Local hcfcd_maintenance.pdf supplies qualitative context only. | S51: No new samples acquired. | S49: Existing hydro_static.csv.gz includes related static context.,"Calibration, validation or optional extension",2026-09-10
Ecosystem_Degradation,Land,Direct measurement candidate,D,S22 S49 S50 S47,Track loss of qualifying restored habitat through land-cover change and site inspections.,Keep loss of area distinct from declining health on habitat that remains present.,hectares/year,P2,Original 215-entry dictionary,unresolved_reference,155,unresolved,,resolve_before_model_build,unavailable,Potential source/method identified; no new parameter estimate certified,S22,https://www.hcfcd.org/Community/Contact-Us/Public-Information-Requests,https://www.hcfcd.org/Community/Contact-Us/Public-Information-Requests; https://www.usgs.gov/centers/eros/how-can-i-access-and-download-annual-nlcd-data; https://www.fws.gov/program/national-wetlands-inventory/data-download; https://www.hcfcd.org/Activity/Additional-Programs/Watershed-Environmental-Baseline-WEB-Program,"S22: HCFCD program, acquisition, land and infrastructure records | S49: 30-m raster | S50: Wetland polygons | S47: Harris County watersheds",S22: Request historical cohorts and 2024 opening balances | S49: 1985–2024 in the inspected release | S50: Imagery/survey date varies spatially | S47: Survey/inventory-specific,S22: Official public-information request page read; no request submitted. | S49: Official access pages read; raster not newly downloaded. | S50: Official download/mapper pages read; candidate GIS. | S47: Official program description read; underlying GIS/monitoring availability needs confirmation/request.,S22: No complete longitudinal ledger identified. | S49: Existing hydro_static.csv.gz includes related static context. | S50: None identified in reviewed package. | S47: No complete WEB export identified.,"Calibration, validation or optional extension",2026-09-10
Ecosystem_Health_Index,Land,Proxy or operational definition,P,S47 S48 S50 S51 S53,"Combine measured vegetation, habitat, hydrologic and water-quality indicators against reference conditions.",No universal public 0–100 ecosystem-health measure; scoring must be habitat- and scale-specific.,documented habitat-specific score,P1,Original 215-entry dictionary,stock,156,dimensionless (0-100),,design_only; no executable mdl supplied,unavailable,Potential source/method identified; no new parameter estimate certified,S47,https://www.hcfcd.org/Activity/Additional-Programs/Watershed-Environmental-Baseline-WEB-Program,https://www.hcfcd.org/Activity/Additional-Programs/Watershed-Environmental-Baseline-WEB-Program; https://www.hcfcd.org/Activity/Additional-Programs/Wetland-Mitigation-Banks; https://www.fws.gov/program/national-wetlands-inventory/data-download; https://www.tceq.texas.gov/agency/data/lookup-data/download-data.html; https://www.epa.gov/enviroatlas/about-enviroatlas,S47: Harris County watersheds | S48: Specific mitigation-bank sites | S50: Wetland polygons | S51: Monitoring stations/segments | S53: National and community-scale indicators,S47: Survey/inventory-specific | S48: Construction and monitoring cohorts | S50: Imagery/survey date varies spatially | S51: Historical sample dates; site-specific coverage | S53: Layer-specific,S47: Official program description read; underlying GIS/monitoring availability needs confirmation/request. | S48: Official page read; detailed as-built costs/monitoring are request candidates. | S50: Official download/mapper pages read; candidate GIS. | S51: Official download/data-management pages read; sampling-query link identified. | S53: Official overview and ecosystem-service pages read; specific Harris layer coverage must be checked.,S47: No complete WEB export identified. | S48: Local hcfcd_maintenance.pdf supplies qualitative context only. | S50: None identified in reviewed package. | S51: No new samples acquired. | S53: None newly acquired.,First acquisition and baseline phase,2026-09-10
Ecosystem_Improvement,Land,Calibration or new longitudinal evidence,K,S47 S48 S51,Estimate recovery trajectories from repeated site and reference monitoring by treatment and years since intervention.,Area restored alone cannot determine ecological improvement; hydrologic and maintenance conditions matter.,health points/year,P2,Original 215-entry dictionary,flow,156; 160,units/year,(Restored_Ecosystem_Area / Total_Ecosystem_Area) * Natural_Recovery_Rate * 10,design_only; no executable mdl supplied,,Potential source/method identified; no new parameter estimate certified,S47,https://www.hcfcd.org/Activity/Additional-Programs/Watershed-Environmental-Baseline-WEB-Program,https://www.hcfcd.org/Activity/Additional-Programs/Watershed-Environmental-Baseline-WEB-Program; https://www.hcfcd.org/Activity/Additional-Programs/Wetland-Mitigation-Banks; https://www.tceq.texas.gov/agency/data/lookup-data/download-data.html,S47: Harris County watersheds | S48: Specific mitigation-bank sites | S51: Monitoring stations/segments,S47: Survey/inventory-specific | S48: Construction and monitoring cohorts | S51: Historical sample dates; site-specific coverage,S47: Official program description read; underlying GIS/monitoring availability needs confirmation/request. | S48: Official page read; detailed as-built costs/monitoring are request candidates. | S51: Official download/data-management pages read; sampling-query link identified.,S47: No complete WEB export identified. | S48: Local hcfcd_maintenance.pdf supplies qualitative context only. | S51: No new samples acquired.,"Calibration, validation or optional extension",2026-09-10
Ecosystem_Restoration_Rate,Land,Direct measurement candidate,D,S22 S29 S48,"Derive annual completed restoration area from acceptance records, constrained by treatment-specific cost and staffing.",Backlog hectares must be divided by a completion time to compare with hectares/year capacity.,hectares/year,P1,Original 215-entry dictionary,flow,155; 159,hectares/year,"MIN(Retreat_Lands_Area - Restored_Ecosystem_Area,
Restoration_Funding / Cost_Per_Hectare,
Restoration_Capacity)",design_only; no executable mdl supplied,,Potential source/method identified; no new parameter estimate certified,S22,https://www.hcfcd.org/Community/Contact-Us/Public-Information-Requests,https://www.hcfcd.org/Community/Contact-Us/Public-Information-Requests; https://purchasing.harriscountytx.gov/; https://www.hcfcd.org/Activity/Additional-Programs/Wetland-Mitigation-Banks,"S22: HCFCD program, acquisition, land and infrastructure records | S29: Contract/project and vendor | S48: Specific mitigation-bank sites",S22: Request historical cohorts and 2024 opening balances | S29: Award- and invoice-specific | S48: Construction and monitoring cohorts,S22: Official public-information request page read; no request submitted. | S29: Official portal and linked Bonfire/GovQA routes verified; detailed invoice/effort exports not acquired. | S48: Official page read; detailed as-built costs/monitoring are request candidates.,S22: No complete longitudinal ledger identified. | S29: None newly acquired. | S48: Local hcfcd_maintenance.pdf supplies qualitative context only.,First acquisition and baseline phase,2026-09-10
Ecosystem_Restoration_Time,Land,Calibration or new longitudinal evidence,K,S22 S48 S47 S51,Use treatment completion-to-reference-condition trajectories from repeated ecological monitoring.,Physical construction time and ecological maturation time must be separate.,years,P2,Original 215-entry dictionary,parameter,173; 174,year,,input_table,assumed,Potential source/method identified; no new parameter estimate certified,S22,https://www.hcfcd.org/Community/Contact-Us/Public-Information-Requests,https://www.hcfcd.org/Community/Contact-Us/Public-Information-Requests; https://www.hcfcd.org/Activity/Additional-Programs/Wetland-Mitigation-Banks; https://www.hcfcd.org/Activity/Additional-Programs/Watershed-Environmental-Baseline-WEB-Program; https://www.tceq.texas.gov/agency/data/lookup-data/download-data.html,"S22: HCFCD program, acquisition, land and infrastructure records | S48: Specific mitigation-bank sites | S47: Harris County watersheds | S51: Monitoring stations/segments",S22: Request historical cohorts and 2024 opening balances | S48: Construction and monitoring cohorts | S47: Survey/inventory-specific | S51: Historical sample dates; site-specific coverage,S22: Official public-information request page read; no request submitted. | S48: Official page read; detailed as-built costs/monitoring are request candidates. | S47: Official program description read; underlying GIS/monitoring availability needs confirmation/request. | S51: Official download/data-management pages read; sampling-query link identified.,S22: No complete longitudinal ledger identified. | S48: Local hcfcd_maintenance.pdf supplies qualitative context only. | S47: No complete WEB export identified. | S51: No new samples acquired.,"Calibration, validation or optional extension",2026-09-10
Ecosystem_Service_Benefits,Land,Calculated model quantity,C,S52 S53 S56 S51,"Estimate marginal annual flood, water-quality, recreation, carbon and habitat benefits against a no-retreat counterfactual.","Do not sum overlapping services, stock carbon values and annual flows or double count avoided disaster loss.",USD_2024/year,P2,Original 215-entry dictionary,aux,163,dollars/year,Restored_Ecosystem_Area * (Flood_Protection_Value + Water_Quality_Value + Recreation_Value + Carbon_Sequestration_Value + Biodiversity_Value),design_only; no executable mdl supplied,,Potential source/method identified; no new parameter estimate certified,S52,https://data.naturalcapitalproject.stanford.edu/,https://data.naturalcapitalproject.stanford.edu/; https://www.epa.gov/enviroatlas/about-enviroatlas; https://www.fema.gov/sites/default/files/documents/fema_rsl_hazus-7-fltm_06272025_0.pdf; https://www.tceq.texas.gov/agency/data/lookup-data/download-data.html,S52: Model/project specific | S53: National and community-scale indicators | S56: Engineering loss-model methodology | S51: Monitoring stations/segments,"S52: Input-vintage and scenario specific | S53: Layer-specific | S56: Hazus 7, 2025 manual | S51: Historical sample dates; site-specific coverage","S52: Official data/method pages read; method source, not an acquired Harris valuation table. | S53: Official overview and ecosystem-service pages read; specific Harris layer coverage must be checked. | S56: Official manual located during research; local structure/depth inputs must be assembled. | S51: Official download/data-management pages read; sampling-query link identified.",S52: No local InVEST model identified. | S53: None newly acquired. | S56: NSI and physical hazard inputs partly retained. | S51: No new samples acquired.,"Calibration, validation or optional extension",2026-09-10
Ecosystem_Type_Protection_Factor,Land,Calibration or new longitudinal evidence,K,S47 S48 S09 S52,Fit habitat/location-specific flood attenuation against hydraulic scenarios and reference sites.,Generic grassland/wetland factors in the guide are not transferable Harris County measurements.,event-specific reduction ratio,P2,Original 215-entry dictionary,parameter,164; 169,dimensionless,,input_table,assumed,Potential source/method identified; no new parameter estimate certified,S47,https://www.hcfcd.org/Activity/Additional-Programs/Watershed-Environmental-Baseline-WEB-Program,https://www.hcfcd.org/Activity/Additional-Programs/Watershed-Environmental-Baseline-WEB-Program; https://www.hcfcd.org/Activity/Additional-Programs/Wetland-Mitigation-Banks; https://www.hcfcd.org/About/Harris-Countys-Flooding-History/Countywide-Impacts; https://data.naturalcapitalproject.stanford.edu/,"S47: Harris County watersheds | S48: Specific mitigation-bank sites | S09: Watershed, gauge and event footprint | S52: Model/project specific",S47: Survey/inventory-specific | S48: Construction and monitoring cohorts | S09: Event reports and gauge-specific records | S52: Input-vintage and scenario specific,"S47: Official program description read; underlying GIS/monitoring availability needs confirmation/request. | S48: Official page read; detailed as-built costs/monitoring are request candidates. | S09: Official report and gauge pages read; targeted raw series remain to acquire. | S52: Official data/method pages read; method source, not an acquired Harris valuation table.",S47: No complete WEB export identified. | S48: Local hcfcd_maintenance.pdf supplies qualitative context only. | S09: data/raw/reused/harris_climate.csv.gz; hydro_physical.csv.gz provide related existing inputs. | S52: No local InVEST model identified.,"Calibration, validation or optional extension",2026-09-10
Flood_Protection_Value,Land,Calculated model quantity,C,S09 S10 S56 S52,Estimate incremental expected annual damage reduction from hydrologic/hydraulic scenarios of the restored land.,Avoid counting the same flood losses in both ecosystem benefits and the general avoided-loss term.,USD_2024/ha/year,P2,Original 215-entry dictionary,unresolved_reference,163,unresolved,,resolve_before_model_build,unavailable,Potential source/method identified; no new parameter estimate certified,S09,https://www.hcfcd.org/About/Harris-Countys-Flooding-History/Countywide-Impacts,https://www.hcfcd.org/About/Harris-Countys-Flooding-History/Countywide-Impacts; https://api.waterdata.usgs.gov/docs/; https://www.fema.gov/sites/default/files/documents/fema_rsl_hazus-7-fltm_06272025_0.pdf; https://data.naturalcapitalproject.stanford.edu/,"S09: Watershed, gauge and event footprint | S10: Stream gauge/site | S56: Engineering loss-model methodology | S52: Model/project specific","S09: Event reports and gauge-specific records | S10: Historical and current; varies by site | S56: Hazus 7, 2025 manual | S52: Input-vintage and scenario specific","S09: Official report and gauge pages read; targeted raw series remain to acquire. | S10: Official API documentation and 2026 migration notice read; not downloaded for this report. | S56: Official manual located during research; local structure/depth inputs must be assembled. | S52: Official data/method pages read; method source, not an acquired Harris valuation table.",S09: data/raw/reused/harris_climate.csv.gz; hydro_physical.csv.gz provide related existing inputs. | S10: Related hydro_physical.csv.gz already local. | S56: NSI and physical hazard inputs partly retained. | S52: No local InVEST model identified.,"Calibration, validation or optional extension",2026-09-10
Full_Natural_Restoration,Land,Notation or category; no separate data,N,S54 S19 M01,"Land-use alternative: specify permitted treatments, costs, timing and restrictions.","Category label, not a numeric observation or an extra downloadable dataset.",categorical,P0,Original 215-entry dictionary,unresolved_reference,162,unresolved,,resolve_before_model_build,unavailable,Potential source/method identified; no new parameter estimate certified,S54,https://www.govinfo.gov/content/pkg/CFR-2025-title44-vol1/pdf/CFR-2025-title44-vol1-part80.pdf,https://www.govinfo.gov/content/pkg/CFR-2025-title44-vol1/pdf/CFR-2025-title44-vol1-part80.pdf; https://hcd.harriscountytx.gov/Disaster-Recovery/Buyout-Relocation-Programs,S54: Applicable FEMA-funded acquisitions | S19: HCD programs and project areas | M01: Generic model requiring Harris County localization,"S54: 2025 codification; confirm award-specific applicability | S19: Program-specific; 2024 Q3 and 2025 Q2 reports retained | M01: DOCX guide; mind map dated October 15, 2024",S54: Official nine-page legal text read; use as a scenario-eligibility reference. | S19: Official program pages and linked June 2025 guidelines read; earlier quarterly reports retained. | M01: Both original files inspected; 215-entry dictionary reconciled against full guide.,S54: No model constraint file yet. | S19: data/raw/public/hcd_buyout_2024q3.pdf; hcd_buyout_2025q2.pdf | M01: sources/Managed Retreat System Dynamics Model.docx; sources/Mind Map Oct 15 2024.pdf,Define/reconcile before parameterization,2026-09-10
Green_Infrastructure,Land,Notation or category; no separate data,N,S54 S19 M01,"Land-use alternative: specify permitted treatments, costs, timing and restrictions.","Category label, not a numeric observation or an extra downloadable dataset.",categorical,P0,Original 215-entry dictionary,unresolved_reference,162,unresolved,,resolve_before_model_build,unavailable,Potential source/method identified; no new parameter estimate certified,S54,https://www.govinfo.gov/content/pkg/CFR-2025-title44-vol1/pdf/CFR-2025-title44-vol1-part80.pdf,https://www.govinfo.gov/content/pkg/CFR-2025-title44-vol1/pdf/CFR-2025-title44-vol1-part80.pdf; https://hcd.harriscountytx.gov/Disaster-Recovery/Buyout-Relocation-Programs,S54: Applicable FEMA-funded acquisitions | S19: HCD programs and project areas | M01: Generic model requiring Harris County localization,"S54: 2025 codification; confirm award-specific applicability | S19: Program-specific; 2024 Q3 and 2025 Q2 reports retained | M01: DOCX guide; mind map dated October 15, 2024",S54: Official nine-page legal text read; use as a scenario-eligibility reference. | S19: Official program pages and linked June 2025 guidelines read; earlier quarterly reports retained. | M01: Both original files inspected; 215-entry dictionary reconciled against full guide.,S54: No model constraint file yet. | S19: data/raw/public/hcd_buyout_2024q3.pdf; hcd_buyout_2025q2.pdf | M01: sources/Managed Retreat System Dynamics Model.docx; sources/Mind Map Oct 15 2024.pdf,Define/reconcile before parameterization,2026-09-10
Infrastructure_Decommissioning_Time,Land,Direct measurement candidate,D,S22 S29 S55,Measure acquisition-to-demolition and utility/road retirement completion from work orders and accepted contracts.,Parcel clearance is not necessarily complete infrastructure retirement; record each asset class.,years,P1,Original 215-entry dictionary,parameter,173,year,,input_table,assumed,Potential source/method identified; no new parameter estimate certified,S22,https://www.hcfcd.org/Community/Contact-Us/Public-Information-Requests,https://www.hcfcd.org/Community/Contact-Us/Public-Information-Requests; https://purchasing.harriscountytx.gov/; https://www.cclerk.hctx.net/RealProperty.aspx,"S22: HCFCD program, acquisition, land and infrastructure records | S29: Contract/project and vendor | S55: Recorded instrument/property",S22: Request historical cohorts and 2024 opening balances | S29: Award- and invoice-specific | S55: Historical recording dates,S22: Official public-information request page read; no request submitted. | S29: Official portal and linked Bonfire/GovQA routes verified; detailed invoice/effort exports not acquired. | S55: Official search pages read; no bulk instrument acquisition performed.,S22: No complete longitudinal ledger identified. | S29: None newly acquired. | S55: HCAD account links provide related parcel identifiers.,First acquisition and baseline phase,2026-09-10
Initial_Ecosystem_Health,Land,Alias to reconcile,A,S47 S48 S51,"Reconcile to Ecosystem_Health_Index at baseline; use the same source, definition, baseline and units.","Retain the original spelling in the audit, but do not create a second independently calibrated variable.",,P1,Original 215-entry dictionary,unresolved_reference,156,unresolved,,resolve_before_model_build,unavailable,Potential source/method identified; no new parameter estimate certified,S47,https://www.hcfcd.org/Activity/Additional-Programs/Watershed-Environmental-Baseline-WEB-Program,https://www.hcfcd.org/Activity/Additional-Programs/Watershed-Environmental-Baseline-WEB-Program; https://www.hcfcd.org/Activity/Additional-Programs/Wetland-Mitigation-Banks; https://www.tceq.texas.gov/agency/data/lookup-data/download-data.html,S47: Harris County watersheds | S48: Specific mitigation-bank sites | S51: Monitoring stations/segments,S47: Survey/inventory-specific | S48: Construction and monitoring cohorts | S51: Historical sample dates; site-specific coverage,S47: Official program description read; underlying GIS/monitoring availability needs confirmation/request. | S48: Official page read; detailed as-built costs/monitoring are request candidates. | S51: Official download/data-management pages read; sampling-query link identified.,S47: No complete WEB export identified. | S48: Local hcfcd_maintenance.pdf supplies qualitative context only. | S51: No new samples acquired.,First acquisition and baseline phase,2026-09-10
Land_Acquired_Through_Retreat,Land,Direct measurement candidate,D,S22 S05 S55,"Sum unique newly acquired polygon area by period, excluding repeated ownership transfers within the program.",Prefer actual areas over a single average parcel size; document projected CRS and overlap removal.,hectares/year,P1,Original 215-entry dictionary,flow,154; 158,hectares/year,Properties_Retreated * Average_Property_Size,design_only; no executable mdl supplied,,Potential source/method identified; no new parameter estimate certified,S22,https://www.hcfcd.org/Community/Contact-Us/Public-Information-Requests,https://www.hcfcd.org/Community/Contact-Us/Public-Information-Requests; https://hcad.org/pdata/pdata-property-downloads.html/; https://www.cclerk.hctx.net/RealProperty.aspx,"S22: HCFCD program, acquisition, land and infrastructure records | S05: Parcel/account and taxing jurisdiction | S55: Recorded instrument/property",S22: Request historical cohorts and 2024 opening balances | S05: 2024 retained; inspect annual historical availability | S55: Historical recording dates,S22: Official public-information request page read; no request submitted. | S05: Official pages checked; 2024 raw archives already retained. | S55: Official search pages read; no bulk instrument acquisition performed.,S22: No complete longitudinal ledger identified. | S05: data/raw/public/hcad_2024_Real_acct_owner.zip; hcad_2024_Real_jur_exempt.zip; hcad_2024_Code_description_real.zip; hcad_parcels_2024_oct.zip | S55: HCAD account links provide related parcel identifiers.,First acquisition and baseline phase,2026-09-10
Mature_Ecosystem,Land,Calculated model quantity,C,S47 S48 S51,Track restoration cohorts and the share reaching habitat-specific reference conditions over time.,"A fixed delay of total restored area ignores treatment failure, degradation and heterogeneous maturation.",hectares meeting maturity criteria,P2,Additional guide/configuration entry,guide extension/configuration,174,,,not in original dictionary,not assessed in original dictionary,Potential source/method identified; no new parameter estimate certified,S47,https://www.hcfcd.org/Activity/Additional-Programs/Watershed-Environmental-Baseline-WEB-Program,https://www.hcfcd.org/Activity/Additional-Programs/Watershed-Environmental-Baseline-WEB-Program; https://www.hcfcd.org/Activity/Additional-Programs/Wetland-Mitigation-Banks; https://www.tceq.texas.gov/agency/data/lookup-data/download-data.html,S47: Harris County watersheds | S48: Specific mitigation-bank sites | S51: Monitoring stations/segments,S47: Survey/inventory-specific | S48: Construction and monitoring cohorts | S51: Historical sample dates; site-specific coverage,S47: Official program description read; underlying GIS/monitoring availability needs confirmation/request. | S48: Official page read; detailed as-built costs/monitoring are request candidates. | S51: Official download/data-management pages read; sampling-query link identified.,S47: No complete WEB export identified. | S48: Local hcfcd_maintenance.pdf supplies qualitative context only. | S51: No new samples acquired.,"Calibration, validation or optional extension",2026-09-10
Multi_Purpose,Land,Notation or category; no separate data,N,S54 S19 M01,"Land-use alternative: specify permitted treatments, costs, timing and restrictions.","Category label, not a numeric observation or an extra downloadable dataset.",categorical,P0,Original 215-entry dictionary,unresolved_reference,162,unresolved,,resolve_before_model_build,unavailable,Potential source/method identified; no new parameter estimate certified,S54,https://www.govinfo.gov/content/pkg/CFR-2025-title44-vol1/pdf/CFR-2025-title44-vol1-part80.pdf,https://www.govinfo.gov/content/pkg/CFR-2025-title44-vol1/pdf/CFR-2025-title44-vol1-part80.pdf; https://hcd.harriscountytx.gov/Disaster-Recovery/Buyout-Relocation-Programs,S54: Applicable FEMA-funded acquisitions | S19: HCD programs and project areas | M01: Generic model requiring Harris County localization,"S54: 2025 codification; confirm award-specific applicability | S19: Program-specific; 2024 Q3 and 2025 Q2 reports retained | M01: DOCX guide; mind map dated October 15, 2024",S54: Official nine-page legal text read; use as a scenario-eligibility reference. | S19: Official program pages and linked June 2025 guidelines read; earlier quarterly reports retained. | M01: Both original files inspected; 215-entry dictionary reconciled against full guide.,S54: No model constraint file yet. | S19: data/raw/public/hcd_buyout_2024q3.pdf; hcd_buyout_2025q2.pdf | M01: sources/Managed Retreat System Dynamics Model.docx; sources/Mind Map Oct 15 2024.pdf,Define/reconcile before parameterization,2026-09-10
Natural_Hazard_Buffer_Capacity,Land,Calibration or new longitudinal evidence,K,S09 S10 S11 S47 S52,"Calibrate changes in flood stage, storage or expected annual damage from restoration footprints using hydrologic/hydraulic models.",Area fraction alone is not protective performance; downstream location and event magnitude matter.,reduction ratio or physical capacity,P2,Original 215-entry dictionary,aux,164,dimensionless (0-1),(Restored_Ecosystem_Area / Total_Hazard_Zone_Area) * Ecosystem_Type_Protection_Factor,design_only; no executable mdl supplied,,Potential source/method identified; no new parameter estimate certified,S09,https://www.hcfcd.org/About/Harris-Countys-Flooding-History/Countywide-Impacts,https://www.hcfcd.org/About/Harris-Countys-Flooding-History/Countywide-Impacts; https://api.waterdata.usgs.gov/docs/; https://www.twdb.texas.gov/flood/planning/data.asp; https://www.hcfcd.org/Activity/Additional-Programs/Watershed-Environmental-Baseline-WEB-Program; https://data.naturalcapitalproject.stanford.edu/,"S09: Watershed, gauge and event footprint | S10: Stream gauge/site | S11: Statewide; extract Harris County/watersheds | S47: Harris County watersheds | S52: Model/project specific",S09: Event reports and gauge-specific records | S10: Historical and current; varies by site | S11: Dataset-specific; 2021 floodplain compilation and planning updates | S47: Survey/inventory-specific | S52: Input-vintage and scenario specific,"S09: Official report and gauge pages read; targeted raw series remain to acquire. | S10: Official API documentation and 2026 migration notice read; not downloaded for this report. | S11: Official download and floodplain documentation pages read; candidate additional GIS. | S47: Official program description read; underlying GIS/monitoring availability needs confirmation/request. | S52: Official data/method pages read; method source, not an acquired Harris valuation table.",S09: data/raw/reused/harris_climate.csv.gz; hydro_physical.csv.gz provide related existing inputs. | S10: Related hydro_physical.csv.gz already local. | S11: None newly acquired. | S47: No complete WEB export identified. | S52: No local InVEST model identified.,"Calibration, validation or optional extension",2026-09-10
Natural_Recovery_Rate,Land,Calibration or new longitudinal evidence,K,S47 S48 S51,Estimate untreated/reference-site ecological trajectories by habitat and hydrologic conditions.,Restoration project improvements cannot automatically identify natural recovery without a comparator.,health points/year,P2,Original 215-entry dictionary,unresolved_reference,160,unresolved,,resolve_before_model_build,unavailable,Potential source/method identified; no new parameter estimate certified,S47,https://www.hcfcd.org/Activity/Additional-Programs/Watershed-Environmental-Baseline-WEB-Program,https://www.hcfcd.org/Activity/Additional-Programs/Watershed-Environmental-Baseline-WEB-Program; https://www.hcfcd.org/Activity/Additional-Programs/Wetland-Mitigation-Banks; https://www.tceq.texas.gov/agency/data/lookup-data/download-data.html,S47: Harris County watersheds | S48: Specific mitigation-bank sites | S51: Monitoring stations/segments,S47: Survey/inventory-specific | S48: Construction and monitoring cohorts | S51: Historical sample dates; site-specific coverage,S47: Official program description read; underlying GIS/monitoring availability needs confirmation/request. | S48: Official page read; detailed as-built costs/monitoring are request candidates. | S51: Official download/data-management pages read; sampling-query link identified.,S47: No complete WEB export identified. | S48: Local hcfcd_maintenance.pdf supplies qualitative context only. | S51: No new samples acquired.,"Calibration, validation or optional extension",2026-09-10
Policy_Selection,Land,Alias to reconcile,A,S54 S19 M01,"Reconcile to Retreat_Land_Use_Strategy; use the same source, definition, baseline and units.","Retain the original spelling in the audit, but do not create a second independently calibrated variable.",,P1,Original 215-entry dictionary,unresolved_reference,162,unresolved,,resolve_before_model_build,unavailable,Potential source/method identified; no new parameter estimate certified,S54,https://www.govinfo.gov/content/pkg/CFR-2025-title44-vol1/pdf/CFR-2025-title44-vol1-part80.pdf,https://www.govinfo.gov/content/pkg/CFR-2025-title44-vol1/pdf/CFR-2025-title44-vol1-part80.pdf; https://hcd.harriscountytx.gov/Disaster-Recovery/Buyout-Relocation-Programs,S54: Applicable FEMA-funded acquisitions | S19: HCD programs and project areas | M01: Generic model requiring Harris County localization,"S54: 2025 codification; confirm award-specific applicability | S19: Program-specific; 2024 Q3 and 2025 Q2 reports retained | M01: DOCX guide; mind map dated October 15, 2024",S54: Official nine-page legal text read; use as a scenario-eligibility reference. | S19: Official program pages and linked June 2025 guidelines read; earlier quarterly reports retained. | M01: Both original files inspected; 215-entry dictionary reconciled against full guide.,S54: No model constraint file yet. | S19: data/raw/public/hcd_buyout_2024q3.pdf; hcd_buyout_2025q2.pdf | M01: sources/Managed Retreat System Dynamics Model.docx; sources/Mind Map Oct 15 2024.pdf,First acquisition and baseline phase,2026-09-10
Recreation_Value,Land,Calibration or new longitudinal evidence,K,S52 S53 S22,Use park access/visitation changes and justified local valuation or report physical use metrics separately.,GHCP park willingness-to-pay fields are suppressed in the codebook; do not treat them as accessible public valuation data.,USD_2024/ha/year or visits,P2,Original 215-entry dictionary,unresolved_reference,163,unresolved,,resolve_before_model_build,unavailable,Potential source/method identified; no new parameter estimate certified,S52,https://data.naturalcapitalproject.stanford.edu/,https://data.naturalcapitalproject.stanford.edu/; https://www.epa.gov/enviroatlas/about-enviroatlas; https://www.hcfcd.org/Community/Contact-Us/Public-Information-Requests,"S52: Model/project specific | S53: National and community-scale indicators | S22: HCFCD program, acquisition, land and infrastructure records",S52: Input-vintage and scenario specific | S53: Layer-specific | S22: Request historical cohorts and 2024 opening balances,"S52: Official data/method pages read; method source, not an acquired Harris valuation table. | S53: Official overview and ecosystem-service pages read; specific Harris layer coverage must be checked. | S22: Official public-information request page read; no request submitted.",S52: No local InVEST model identified. | S53: None newly acquired. | S22: No complete longitudinal ledger identified.,"Calibration, validation or optional extension",2026-09-10
Restoration_Capacity,Land,Direct measurement candidate,D,S22 S29 S48,Estimate feasible treatment-specific annual completions from crew/contract delivery and backlog.,"Observed output may be funding-constrained, not a physical capacity ceiling.",hectares/year,P1,Original 215-entry dictionary,parameter,159; 168,hectare/year,,input_table,assumed,Potential source/method identified; no new parameter estimate certified,S22,https://www.hcfcd.org/Community/Contact-Us/Public-Information-Requests,https://www.hcfcd.org/Community/Contact-Us/Public-Information-Requests; https://purchasing.harriscountytx.gov/; https://www.hcfcd.org/Activity/Additional-Programs/Wetland-Mitigation-Banks,"S22: HCFCD program, acquisition, land and infrastructure records | S29: Contract/project and vendor | S48: Specific mitigation-bank sites",S22: Request historical cohorts and 2024 opening balances | S29: Award- and invoice-specific | S48: Construction and monitoring cohorts,S22: Official public-information request page read; no request submitted. | S29: Official portal and linked Bonfire/GovQA routes verified; detailed invoice/effort exports not acquired. | S48: Official page read; detailed as-built costs/monitoring are request candidates.,S22: No complete longitudinal ledger identified. | S29: None newly acquired. | S48: Local hcfcd_maintenance.pdf supplies qualitative context only.,First acquisition and baseline phase,2026-09-10
Restoration_Funding,Land,Direct measurement candidate,D,S22 S29 S26 S23,"Identify restoration-specific annual funds available for release, commitments and disbursements.",Acquisition awards do not necessarily include ecological restoration; stock balance versus annual flow must be explicit.,USD_2024/year,P1,Original 215-entry dictionary,unresolved_reference,159,unresolved,,resolve_before_model_build,unavailable,Potential source/method identified; no new parameter estimate certified,S22,https://www.hcfcd.org/Community/Contact-Us/Public-Information-Requests,https://www.hcfcd.org/Community/Contact-Us/Public-Information-Requests; https://purchasing.harriscountytx.gov/; https://budget.harriscountytx.gov/budget.aspx; https://glo.texas.gov/disaster-recovery/grant-administration/grant-administration-reporting/hud-drgr-qpr-reports,"S22: HCFCD program, acquisition, land and infrastructure records | S29: Contract/project and vendor | S26: County departments, funds and programs | S23: Grant, activity, project and grantee",S22: Request historical cohorts and 2024 opening balances | S29: Award- and invoice-specific | S26: Annual; FY2025/FY2026 local documents | S23: Quarterly grant histories; local Harris buyout extracts retained,S22: Official public-information request page read; no request submitted. | S29: Official portal and linked Bonfire/GovQA routes verified; detailed invoice/effort exports not acquired. | S26: Official budget portal read; two budget PDFs already retained. | S23: Official reporting pages read; local financial/accomplishment/narrative files retained.,S22: No complete longitudinal ledger identified. | S29: None newly acquired. | S26: data/raw/public/county_budget_fy2025.pdf; county_budget_fy2026.pdf | S23: data/raw/reused/glo_financial.csv.gz; glo_accomplishments.csv.gz; glo_beneficiaries.csv.gz; glo_narratives.csv.gz; glo_f31_1.xlsx; glo_f31_2.xlsx,First acquisition and baseline phase,2026-09-10
Restored_Ecosystem_Area,Land,Direct measurement candidate,D,S22 S29 S47 S48 S49,Use accepted as-built restoration footprints and completion dates; check land-cover/imagery change and monitoring.,Cleared or mowed land is not necessarily ecologically restored; do not infer completion from contract award.,hectares,P0,Original 215-entry dictionary,stock,155; 159; 160; 163; 164; 174,hectares,,design_only; no executable mdl supplied,unavailable,Potential source/method identified; no new parameter estimate certified,S22,https://www.hcfcd.org/Community/Contact-Us/Public-Information-Requests,https://www.hcfcd.org/Community/Contact-Us/Public-Information-Requests; https://purchasing.harriscountytx.gov/; https://www.hcfcd.org/Activity/Additional-Programs/Watershed-Environmental-Baseline-WEB-Program; https://www.hcfcd.org/Activity/Additional-Programs/Wetland-Mitigation-Banks; https://www.usgs.gov/centers/eros/how-can-i-access-and-download-annual-nlcd-data,"S22: HCFCD program, acquisition, land and infrastructure records | S29: Contract/project and vendor | S47: Harris County watersheds | S48: Specific mitigation-bank sites | S49: 30-m raster",S22: Request historical cohorts and 2024 opening balances | S29: Award- and invoice-specific | S47: Survey/inventory-specific | S48: Construction and monitoring cohorts | S49: 1985–2024 in the inspected release,S22: Official public-information request page read; no request submitted. | S29: Official portal and linked Bonfire/GovQA routes verified; detailed invoice/effort exports not acquired. | S47: Official program description read; underlying GIS/monitoring availability needs confirmation/request. | S48: Official page read; detailed as-built costs/monitoring are request candidates. | S49: Official access pages read; raster not newly downloaded.,S22: No complete longitudinal ledger identified. | S29: None newly acquired. | S47: No complete WEB export identified. | S48: Local hcfcd_maintenance.pdf supplies qualitative context only. | S49: Existing hydro_static.csv.gz includes related static context.,Define/reconcile before parameterization,2026-09-10
Restricted_Rebuilding,Land,Notation or category; no separate data,N,S54 S19 M01,"Land-use alternative: specify permitted treatments, costs, timing and restrictions.","Category label, not a numeric observation or an extra downloadable dataset.",categorical,P0,Original 215-entry dictionary,unresolved_reference,162,unresolved,,resolve_before_model_build,unavailable,Potential source/method identified; no new parameter estimate certified,S54,https://www.govinfo.gov/content/pkg/CFR-2025-title44-vol1/pdf/CFR-2025-title44-vol1-part80.pdf,https://www.govinfo.gov/content/pkg/CFR-2025-title44-vol1/pdf/CFR-2025-title44-vol1-part80.pdf; https://hcd.harriscountytx.gov/Disaster-Recovery/Buyout-Relocation-Programs,S54: Applicable FEMA-funded acquisitions | S19: HCD programs and project areas | M01: Generic model requiring Harris County localization,"S54: 2025 codification; confirm award-specific applicability | S19: Program-specific; 2024 Q3 and 2025 Q2 reports retained | M01: DOCX guide; mind map dated October 15, 2024",S54: Official nine-page legal text read; use as a scenario-eligibility reference. | S19: Official program pages and linked June 2025 guidelines read; earlier quarterly reports retained. | M01: Both original files inspected; 215-entry dictionary reconciled against full guide.,S54: No model constraint file yet. | S19: data/raw/public/hcd_buyout_2024q3.pdf; hcd_buyout_2025q2.pdf | M01: sources/Managed Retreat System Dynamics Model.docx; sources/Mind Map Oct 15 2024.pdf,Define/reconcile before parameterization,2026-09-10
Retreat_Land_Redevelopment,Land,Scenario or policy choice,S,S54 S19 S22 S55,Code actual legally permitted post-acquisition transfers/uses and specify eligible scenario changes.,Open-space deed restrictions may prohibit generic redevelopment; not every transfer removes land from retreat status.,hectares/year,P0,Original 215-entry dictionary,unresolved_reference,154,unresolved,,resolve_before_model_build,unavailable,Potential source/method identified; no new parameter estimate certified,S54,https://www.govinfo.gov/content/pkg/CFR-2025-title44-vol1/pdf/CFR-2025-title44-vol1-part80.pdf,https://www.govinfo.gov/content/pkg/CFR-2025-title44-vol1/pdf/CFR-2025-title44-vol1-part80.pdf; https://hcd.harriscountytx.gov/Disaster-Recovery/Buyout-Relocation-Programs; https://www.hcfcd.org/Community/Contact-Us/Public-Information-Requests; https://www.cclerk.hctx.net/RealProperty.aspx,"S54: Applicable FEMA-funded acquisitions | S19: HCD programs and project areas | S22: HCFCD program, acquisition, land and infrastructure records | S55: Recorded instrument/property",S54: 2025 codification; confirm award-specific applicability | S19: Program-specific; 2024 Q3 and 2025 Q2 reports retained | S22: Request historical cohorts and 2024 opening balances | S55: Historical recording dates,S54: Official nine-page legal text read; use as a scenario-eligibility reference. | S19: Official program pages and linked June 2025 guidelines read; earlier quarterly reports retained. | S22: Official public-information request page read; no request submitted. | S55: Official search pages read; no bulk instrument acquisition performed.,S54: No model constraint file yet. | S19: data/raw/public/hcd_buyout_2024q3.pdf; hcd_buyout_2025q2.pdf | S22: No complete longitudinal ledger identified. | S55: HCAD account links provide related parcel identifiers.,Define/reconcile before parameterization,2026-09-10
Retreat_Land_Use_Strategy,Land,Scenario or policy choice,S,S19 S20 S54 S22,Specify legally feasible open-space/restoration/recreation uses by parcel and funding program.,Generic redevelopment or rebuilding choices may conflict with acquisition deed/funding restrictions.,categorical,P0,Original 215-entry dictionary,aux,162,categorical,Policy_Selection,design_only; no executable mdl supplied,,Potential source/method identified; no new parameter estimate certified,S19,https://hcd.harriscountytx.gov/Disaster-Recovery/Buyout-Relocation-Programs,https://hcd.harriscountytx.gov/Disaster-Recovery/Buyout-Relocation-Programs; https://www.hcfcd.org/Activity/Additional-Programs/Home-Buyout-Program; https://www.govinfo.gov/content/pkg/CFR-2025-title44-vol1/pdf/CFR-2025-title44-vol1-part80.pdf; https://www.hcfcd.org/Community/Contact-Us/Public-Information-Requests,"S19: HCD programs and project areas | S20: HCFCD eligible areas and participating properties | S54: Applicable FEMA-funded acquisitions | S22: HCFCD program, acquisition, land and infrastructure records",S19: Program-specific; 2024 Q3 and 2025 Q2 reports retained | S20: Program history/current guidance | S54: 2025 codification; confirm award-specific applicability | S22: Request historical cohorts and 2024 opening balances,S19: Official program pages and linked June 2025 guidelines read; earlier quarterly reports retained. | S20: Official pages read. Detailed longitudinal property records still require a request. | S54: Official nine-page legal text read; use as a scenario-eligibility reference. | S22: Official public-information request page read; no request submitted.,"S19: data/raw/public/hcd_buyout_2024q3.pdf; hcd_buyout_2025q2.pdf | S20: Existing FEMA and HCD records are related, not substitutes for this program ledger. | S54: No model constraint file yet. | S22: No complete longitudinal ledger identified.",Define/reconcile before parameterization,2026-09-10
Retreat_Lands_Area,Land,Direct measurement candidate,D,S21 S22 S05 S55,Union acquired land polygons by closing date; initialize cumulative eligible area after ownership/restriction verification.,Avoid overlapping parcels and distinguish acquisition from restored area or target-area centroids.,hectares,P0,Original 215-entry dictionary,stock,154; 159,hectares,,design_only; no executable mdl supplied,unavailable,Potential source/method identified; no new parameter estimate certified,S21,https://hcd.harriscountytx.gov/About-Us/Public-Records-Request,https://hcd.harriscountytx.gov/About-Us/Public-Records-Request; https://www.hcfcd.org/Community/Contact-Us/Public-Information-Requests; https://hcad.org/pdata/pdata-property-downloads.html/; https://www.cclerk.hctx.net/RealProperty.aspx,"S21: HCD cases, staff and program finances | S22: HCFCD program, acquisition, land and infrastructure records | S05: Parcel/account and taxing jurisdiction | S55: Recorded instrument/property","S21: Request 2010–2024, with later completion dates for censoring | S22: Request historical cohorts and 2024 opening balances | S05: 2024 retained; inspect annual historical availability | S55: Historical recording dates",S21: Official request route verified. No request submitted; responsive fields and release are unconfirmed. | S22: Official public-information request page read; no request submitted. | S05: Official pages checked; 2024 raw archives already retained. | S55: Official search pages read; no bulk instrument acquisition performed.,S21: No complete case ledger identified. | S22: No complete longitudinal ledger identified. | S05: data/raw/public/hcad_2024_Real_acct_owner.zip; hcad_2024_Real_jur_exempt.zip; hcad_2024_Code_description_real.zip; hcad_parcels_2024_oct.zip | S55: HCAD account links provide related parcel identifiers.,Define/reconcile before parameterization,2026-09-10
Total_Ecosystem_Area,Land,Direct measurement candidate,D,S47 S49 S50,Define eligible ecosystem classes and union their area inside the fixed model boundary at baseline.,Use the same habitat definition as health/restoration metrics; mosaics and source dates vary.,hectares,P0,Original 215-entry dictionary,unresolved_reference,160,unresolved,,resolve_before_model_build,unavailable,Potential source/method identified; no new parameter estimate certified,S47,https://www.hcfcd.org/Activity/Additional-Programs/Watershed-Environmental-Baseline-WEB-Program,https://www.hcfcd.org/Activity/Additional-Programs/Watershed-Environmental-Baseline-WEB-Program; https://www.usgs.gov/centers/eros/how-can-i-access-and-download-annual-nlcd-data; https://www.fws.gov/program/national-wetlands-inventory/data-download,S47: Harris County watersheds | S49: 30-m raster | S50: Wetland polygons,S47: Survey/inventory-specific | S49: 1985–2024 in the inspected release | S50: Imagery/survey date varies spatially,S47: Official program description read; underlying GIS/monitoring availability needs confirmation/request. | S49: Official access pages read; raster not newly downloaded. | S50: Official download/mapper pages read; candidate GIS.,S47: No complete WEB export identified. | S49: Existing hydro_static.csv.gz includes related static context. | S50: None identified in reviewed package.,Define/reconcile before parameterization,2026-09-10
Upstream_Retreat_Area,Land,Direct measurement candidate,D,S22 S05 S09 S11,Allocate unique acquisition/restoration footprints to upstream drainage catchments for each receiving reach.,Administrative neighborhoods are not drainage units; restored and acquired area may differ.,hectares by drainage unit,P2,Additional guide/configuration entry,guide extension/configuration,348,,,not in original dictionary,not assessed in original dictionary,Potential source/method identified; no new parameter estimate certified,S22,https://www.hcfcd.org/Community/Contact-Us/Public-Information-Requests,https://www.hcfcd.org/Community/Contact-Us/Public-Information-Requests; https://hcad.org/pdata/pdata-property-downloads.html/; https://www.hcfcd.org/About/Harris-Countys-Flooding-History/Countywide-Impacts; https://www.twdb.texas.gov/flood/planning/data.asp,"S22: HCFCD program, acquisition, land and infrastructure records | S05: Parcel/account and taxing jurisdiction | S09: Watershed, gauge and event footprint | S11: Statewide; extract Harris County/watersheds",S22: Request historical cohorts and 2024 opening balances | S05: 2024 retained; inspect annual historical availability | S09: Event reports and gauge-specific records | S11: Dataset-specific; 2021 floodplain compilation and planning updates,S22: Official public-information request page read; no request submitted. | S05: Official pages checked; 2024 raw archives already retained. | S09: Official report and gauge pages read; targeted raw series remain to acquire. | S11: Official download and floodplain documentation pages read; candidate additional GIS.,S22: No complete longitudinal ledger identified. | S05: data/raw/public/hcad_2024_Real_acct_owner.zip; hcad_2024_Real_jur_exempt.zip; hcad_2024_Code_description_real.zip; hcad_parcels_2024_oct.zip | S09: data/raw/reused/harris_climate.csv.gz; hydro_physical.csv.gz provide related existing inputs. | S11: None newly acquired.,"Calibration, validation or optional extension",2026-09-10
Water_Quality_Value,Land,Calibration or new longitudinal evidence,K,S51 S52 S53,"Model marginal pollutant reduction from restoration, validate with water data and apply justified valuation if available.",Water-quality measurements do not directly supply economic value; avoid overlapping treatment-cost and welfare benefits.,USD_2024/ha/year or physical load,P2,Original 215-entry dictionary,unresolved_reference,163,unresolved,,resolve_before_model_build,unavailable,Potential source/method identified; no new parameter estimate certified,S51,https://www.tceq.texas.gov/agency/data/lookup-data/download-data.html,https://www.tceq.texas.gov/agency/data/lookup-data/download-data.html; https://data.naturalcapitalproject.stanford.edu/; https://www.epa.gov/enviroatlas/about-enviroatlas,S51: Monitoring stations/segments | S52: Model/project specific | S53: National and community-scale indicators,S51: Historical sample dates; site-specific coverage | S52: Input-vintage and scenario specific | S53: Layer-specific,"S51: Official download/data-management pages read; sampling-query link identified. | S52: Official data/method pages read; method source, not an acquired Harris valuation table. | S53: Official overview and ecosystem-service pages read; specific Harris layer coverage must be checked.",S51: No new samples acquired. | S52: No local InVEST model identified. | S53: None newly acquired.,"Calibration, validation or optional extension",2026-09-10
Watershed_Flooding_Benefit,Land,Calibration or new longitudinal evidence,K,S09 S10 S11 S52 S56,Run watershed hydrologic/hydraulic counterfactuals with upstream retreat/restoration footprints and comparable events.,"A simple linear area coefficient misses location, connectivity and event-specific effects.",stage/storage/loss reduction,P2,Additional guide/configuration entry,guide extension/configuration,348,,,not in original dictionary,not assessed in original dictionary,Potential source/method identified; no new parameter estimate certified,S09,https://www.hcfcd.org/About/Harris-Countys-Flooding-History/Countywide-Impacts,https://www.hcfcd.org/About/Harris-Countys-Flooding-History/Countywide-Impacts; https://api.waterdata.usgs.gov/docs/; https://www.twdb.texas.gov/flood/planning/data.asp; https://data.naturalcapitalproject.stanford.edu/; https://www.fema.gov/sites/default/files/documents/fema_rsl_hazus-7-fltm_06272025_0.pdf,"S09: Watershed, gauge and event footprint | S10: Stream gauge/site | S11: Statewide; extract Harris County/watersheds | S52: Model/project specific | S56: Engineering loss-model methodology","S09: Event reports and gauge-specific records | S10: Historical and current; varies by site | S11: Dataset-specific; 2021 floodplain compilation and planning updates | S52: Input-vintage and scenario specific | S56: Hazus 7, 2025 manual","S09: Official report and gauge pages read; targeted raw series remain to acquire. | S10: Official API documentation and 2026 migration notice read; not downloaded for this report. | S11: Official download and floodplain documentation pages read; candidate additional GIS. | S52: Official data/method pages read; method source, not an acquired Harris valuation table. | S56: Official manual located during research; local structure/depth inputs must be assembled.",S09: data/raw/reused/harris_climate.csv.gz; hydro_physical.csv.gz provide related existing inputs. | S10: Related hydro_physical.csv.gz already local. | S11: None newly acquired. | S52: No local InVEST model identified. | S56: NSI and physical hazard inputs partly retained.,"Calibration, validation or optional extension",2026-09-10
CC_Scenario,Scenario,Scenario or policy choice,S,S12 S13 M01,Select a climate ensemble/scenario family consistent with the acquired projections; document baseline and horizon.,Guide RCP labels are not interchangeable with CMIP6 SSP labels; avoid unsupported one-to-one relabeling.,categorical,P0,Additional guide/configuration entry,guide extension/configuration,356; 357; 358,,,not in original dictionary,not assessed in original dictionary,Potential source/method identified; no new parameter estimate certified,S12,https://www.usgs.gov/data/cmip6-loca2-spatial-summaries-counties-tiger-2023-1950-2100-contiguous-united-states,https://www.usgs.gov/data/cmip6-loca2-spatial-summaries-counties-tiger-2023-1950-2100-contiguous-united-states; https://tidesandcurrents.noaa.gov/sltrends/sltrends_station.shtml?id=8771450,S12: County summaries; underlying downscaled grids | S13: Galveston Pier 21 and coastal region | M01: Generic model requiring Harris County localization,"S12: 1950–2100; historical and SSP scenarios | S13: Observed station series; projected scenario horizons | M01: DOCX guide; mind map dated October 15, 2024","S12: Official dataset and viewer pages read; candidate download. | S13: Official pages read; scenario files not acquired. NOAA page announces a September 30, 2026 site transition. | M01: Both original files inspected; 215-entry dictionary reconciled against full guide.",S12: No LOCA2 data identified in reviewed package. | S13: None identified in reviewed package. | M01: sources/Managed Retreat System Dynamics Model.docx; sources/Mind Map Oct 15 2024.pdf,Define/reconcile before parameterization,2026-09-10
Commercial,Scenario,Notation or category; no separate data,N,M01 S05 S21 S46,Land-user subscript category; define applicable local membership and reconcile overlapping interests.,"Category label, not a numeric observation or an extra downloadable dataset.",categorical,P0,Additional guide/configuration entry,guide extension/configuration,259,,,not in original dictionary,not assessed in original dictionary,Potential source/method identified; no new parameter estimate certified,M01,,https://hcad.org/pdata/pdata-property-downloads.html/; https://hcd.harriscountytx.gov/About-Us/Public-Records-Request; https://egis.hud.gov/TDAT/,"M01: Generic model requiring Harris County localization | S05: Parcel/account and taxing jurisdiction | S21: HCD cases, staff and program finances | S46: County-linked tribal interests and contacts","M01: DOCX guide; mind map dated October 15, 2024 | S05: 2024 retained; inspect annual historical availability | S21: Request 2010–2024, with later completion dates for censoring | S46: Current tool; historical interest not a numeric time series",M01: Both original files inspected; 215-entry dictionary reconciled against full guide. | S05: Official pages checked; 2024 raw archives already retained. | S21: Official request route verified. No request submitted; responsive fields and release are unconfirmed. | S46: Official tool and manual read; no consultation initiated.,M01: sources/Managed Retreat System Dynamics Model.docx; sources/Mind Map Oct 15 2024.pdf | S05: data/raw/public/hcad_2024_Real_acct_owner.zip; hcad_2024_Real_jur_exempt.zip; hcad_2024_Code_description_real.zip; hcad_parcels_2024_oct.zip | S21: No complete case ledger identified. | S46: None identified in reviewed package.,Define/reconcile before parameterization,2026-09-10
Community,Scenario,Notation or category; no separate data,N,M01 S05 S01 S11,"Geographic subscript category; use explicit spatial units and crosswalks, not additive nested totals.","Category label, not a numeric observation or an extra downloadable dataset.",categorical,P0,Additional guide/configuration entry,guide extension/configuration,15; 25; 26; 28; 30; 39; 57; 178; 211; 292; 304; 346; 348; 380; 383; 407; 477,,,not in original dictionary,not assessed in original dictionary,Potential source/method identified; no new parameter estimate certified,M01,,https://hcad.org/pdata/pdata-property-downloads.html/; https://api.census.gov/data/2024/acs/acs5/groups.html; https://www.twdb.texas.gov/flood/planning/data.asp,"M01: Generic model requiring Harris County localization | S05: Parcel/account and taxing jurisdiction | S01: County, tract; some block-group tables | S11: Statewide; extract Harris County/watersheds","M01: DOCX guide; mind map dated October 15, 2024 | S05: 2024 retained; inspect annual historical availability | S01: Annual 5-year releases; target 2010–2024 | S11: Dataset-specific; 2021 floodplain compilation and planning updates",M01: Both original files inspected; 215-entry dictionary reconciled against full guide. | S05: Official pages checked; 2024 raw archives already retained. | S01: Official metadata read. Many 2024 tables and a harmonized historical panel already retained; additional tables require retrieval. | S11: Official download and floodplain documentation pages read; candidate additional GIS.,M01: sources/Managed Retreat System Dynamics Model.docx; sources/Mind Map Oct 15 2024.pdf | S05: data/raw/public/hcad_2024_Real_acct_owner.zip; hcad_2024_Real_jur_exempt.zip; hcad_2024_Code_description_real.zip; hcad_parcels_2024_oct.zip | S01: data/raw/reused/hydro_acs.csv.gz; local_acs2024_*.csv.gz; data/raw/public/acs2024_*.dat | S11: None newly acquired.,Define/reconcile before parameterization,2026-09-10
Community_Request,Scenario,Notation or category; no separate data,N,M01 S19 S20,Trigger categories; define observable activation rule and timing in scenario parameters.,"Category label, not a numeric observation or an extra downloadable dataset.",categorical,P0,Additional guide/configuration entry,guide extension/configuration,184,,,not in original dictionary,not assessed in original dictionary,Potential source/method identified; no new parameter estimate certified,M01,,https://hcd.harriscountytx.gov/Disaster-Recovery/Buyout-Relocation-Programs; https://www.hcfcd.org/Activity/Additional-Programs/Home-Buyout-Program,M01: Generic model requiring Harris County localization | S19: HCD programs and project areas | S20: HCFCD eligible areas and participating properties,"M01: DOCX guide; mind map dated October 15, 2024 | S19: Program-specific; 2024 Q3 and 2025 Q2 reports retained | S20: Program history/current guidance",M01: Both original files inspected; 215-entry dictionary reconciled against full guide. | S19: Official program pages and linked June 2025 guidelines read; earlier quarterly reports retained. | S20: Official pages read. Detailed longitudinal property records still require a request.,"M01: sources/Managed Retreat System Dynamics Model.docx; sources/Mind Map Oct 15 2024.pdf | S19: data/raw/public/hcd_buyout_2024q3.pdf; hcd_buyout_2025q2.pdf | S20: Existing FEMA and HCD records are related, not substitutes for this program ledger.",Define/reconcile before parameterization,2026-09-10
FINAL TIME,Scenario,Scenario or policy choice,S,M01,Set proposed 2050 scenario horizon and separate historical calibration period.,"Guide 50–100-year examples are generic; horizon is a study choice, not a measurement.",year,P0,Additional guide/configuration entry,guide extension/configuration,229,,,not in original dictionary,not assessed in original dictionary,Potential source/method identified; no new parameter estimate certified,M01,,,M01: Generic model requiring Harris County localization,"M01: DOCX guide; mind map dated October 15, 2024",M01: Both original files inspected; 215-entry dictionary reconciled against full guide.,M01: sources/Managed Retreat System Dynamics Model.docx; sources/Mind Map Oct 15 2024.pdf,Define/reconcile before parameterization,2026-09-10
First_Nations,Scenario,Notation or category; no separate data,N,M01 S05 S21 S46,Land-user subscript category; define applicable local membership and reconcile overlapping interests.,"Category label, not a numeric observation or an extra downloadable dataset.",categorical,P0,Additional guide/configuration entry,guide extension/configuration,259,,,not in original dictionary,not assessed in original dictionary,Potential source/method identified; no new parameter estimate certified,M01,,https://hcad.org/pdata/pdata-property-downloads.html/; https://hcd.harriscountytx.gov/About-Us/Public-Records-Request; https://egis.hud.gov/TDAT/,"M01: Generic model requiring Harris County localization | S05: Parcel/account and taxing jurisdiction | S21: HCD cases, staff and program finances | S46: County-linked tribal interests and contacts","M01: DOCX guide; mind map dated October 15, 2024 | S05: 2024 retained; inspect annual historical availability | S21: Request 2010–2024, with later completion dates for censoring | S46: Current tool; historical interest not a numeric time series",M01: Both original files inspected; 215-entry dictionary reconciled against full guide. | S05: Official pages checked; 2024 raw archives already retained. | S21: Official request route verified. No request submitted; responsive fields and release are unconfirmed. | S46: Official tool and manual read; no consultation initiated.,M01: sources/Managed Retreat System Dynamics Model.docx; sources/Mind Map Oct 15 2024.pdf | S05: data/raw/public/hcad_2024_Real_acct_owner.zip; hcad_2024_Real_jur_exempt.zip; hcad_2024_Code_description_real.zip; hcad_parcels_2024_oct.zip | S21: No complete case ledger identified. | S46: None identified in reviewed package.,Define/reconcile before parameterization,2026-09-10
Flooding,Scenario,Notation or category; no separate data,N,M01 S09 S14,Hazard subscript category; underlying physical inputs are sourced separately.,"Category label, not a numeric observation or an extra downloadable dataset.",categorical,P0,Additional guide/configuration entry,guide extension/configuration,351,,,not in original dictionary,not assessed in original dictionary,Potential source/method identified; no new parameter estimate certified,M01,,https://www.hcfcd.org/About/Harris-Countys-Flooding-History/Countywide-Impacts; https://wildfirerisk.org/download/,"M01: Generic model requiring Harris County localization | S09: Watershed, gauge and event footprint | S14: National raster and community summaries","M01: DOCX guide; mind map dated October 15, 2024 | S09: Event reports and gauge-specific records | S14: Release-specific",M01: Both original files inspected; 215-entry dictionary reconciled against full guide. | S09: Official report and gauge pages read; targeted raw series remain to acquire. | S14: Official project methods/download pages read; optional source only.,M01: sources/Managed Retreat System Dynamics Model.docx; sources/Mind Map Oct 15 2024.pdf | S09: data/raw/reused/harris_climate.csv.gz; hydro_physical.csv.gz provide related existing inputs. | S14: None identified in reviewed package.,Define/reconcile before parameterization,2026-09-10
Geographic_Scale,Scenario,Scenario or policy choice,S,S01 S05 S11 S15 M01,"Choose parcel, neighborhood, community and watershed units and define crosswalks and nonoverlapping aggregations.",Nested units cannot be summed together; fiscal and hydrologic boundaries need distinct mappings.,spatial index,P0,Additional guide/configuration entry,guide extension/configuration,346; 347,,,not in original dictionary,not assessed in original dictionary,Potential source/method identified; no new parameter estimate certified,S01,https://api.census.gov/data/2024/acs/acs5/groups.html,https://api.census.gov/data/2024/acs/acs5/groups.html; https://hcad.org/pdata/pdata-property-downloads.html/; https://www.twdb.texas.gov/flood/planning/data.asp; https://www.h-gac.com/regional-growth-forecast,"S01: County, tract; some block-group tables | S05: Parcel/account and taxing jurisdiction | S11: Statewide; extract Harris County/watersheds | S15: Region, tract/forecast zones and parcels | M01: Generic model requiring Harris County localization","S01: Annual 5-year releases; target 2010–2024 | S05: 2024 retained; inspect annual historical availability | S11: Dataset-specific; 2021 floodplain compilation and planning updates | S15: Existing forecast/land-change files; horizon varies by edition | M01: DOCX guide; mind map dated October 15, 2024",S01: Official metadata read. Many 2024 tables and a harmonized historical panel already retained; additional tables require retrieval. | S05: Official pages checked; 2024 raw archives already retained. | S11: Official download and floodplain documentation pages read; candidate additional GIS. | S15: Official pages checked; local forecast and changed-parcel extracts retained; some GIS uses a request form. | M01: Both original files inspected; 215-entry dictionary reconciled against full guide.,S01: data/raw/reused/hydro_acs.csv.gz; local_acs2024_*.csv.gz; data/raw/public/acs2024_*.dat | S05: data/raw/public/hcad_2024_Real_acct_owner.zip; hcad_2024_Real_jur_exempt.zip; hcad_2024_Code_description_real.zip; hcad_parcels_2024_oct.zip | S11: None newly acquired. | S15: data/raw/reused/hgac_tracts.csv; hgac_changed_parcels.csv | M01: sources/Managed Retreat System Dynamics Model.docx; sources/Mind Map Oct 15 2024.pdf,Define/reconcile before parameterization,2026-09-10
Government,Scenario,Notation or category; no separate data,N,M01 S05 S21 S46,Land-user subscript category; define applicable local membership and reconcile overlapping interests.,"Category label, not a numeric observation or an extra downloadable dataset.",categorical,P0,Additional guide/configuration entry,guide extension/configuration,259,,,not in original dictionary,not assessed in original dictionary,Potential source/method identified; no new parameter estimate certified,M01,,https://hcad.org/pdata/pdata-property-downloads.html/; https://hcd.harriscountytx.gov/About-Us/Public-Records-Request; https://egis.hud.gov/TDAT/,"M01: Generic model requiring Harris County localization | S05: Parcel/account and taxing jurisdiction | S21: HCD cases, staff and program finances | S46: County-linked tribal interests and contacts","M01: DOCX guide; mind map dated October 15, 2024 | S05: 2024 retained; inspect annual historical availability | S21: Request 2010–2024, with later completion dates for censoring | S46: Current tool; historical interest not a numeric time series",M01: Both original files inspected; 215-entry dictionary reconciled against full guide. | S05: Official pages checked; 2024 raw archives already retained. | S21: Official request route verified. No request submitted; responsive fields and release are unconfirmed. | S46: Official tool and manual read; no consultation initiated.,M01: sources/Managed Retreat System Dynamics Model.docx; sources/Mind Map Oct 15 2024.pdf | S05: data/raw/public/hcad_2024_Real_acct_owner.zip; hcad_2024_Real_jur_exempt.zip; hcad_2024_Code_description_real.zip; hcad_parcels_2024_oct.zip | S21: No complete case ledger identified. | S46: None identified in reviewed package.,Define/reconcile before parameterization,2026-09-10
Hazard_Type,Scenario,Scenario or policy choice,S,S09 S11 S13 S14 S57 M01,"Retain flood-focused baseline; explicitly enable coastal erosion, sea-level rise and wildfire only where justified.",Sea-level rise can be a driver of coastal flooding rather than an independent loss event.,hazard subscript,P0,Additional guide/configuration entry,guide extension/configuration,351; 352,,,not in original dictionary,not assessed in original dictionary,Potential source/method identified; no new parameter estimate certified,S09,https://www.hcfcd.org/About/Harris-Countys-Flooding-History/Countywide-Impacts,https://www.hcfcd.org/About/Harris-Countys-Flooding-History/Countywide-Impacts; https://www.twdb.texas.gov/flood/planning/data.asp; https://tidesandcurrents.noaa.gov/sltrends/sltrends_station.shtml?id=8771450; https://wildfirerisk.org/download/; https://www.beg.utexas.edu/research/programs/coastal/texas-bay-shoreline-change,"S09: Watershed, gauge and event footprint | S11: Statewide; extract Harris County/watersheds | S13: Galveston Pier 21 and coastal region | S14: National raster and community summaries | S57: Galveston/Trinity/East/West Bay shorelines, including relevant Harris frontage | M01: Generic model requiring Harris County localization","S09: Event reports and gauge-specific records | S11: Dataset-specific; 2021 floodplain compilation and planning updates | S13: Observed station series; projected scenario horizons | S14: Release-specific | S57: Historical shoreline intervals; Galveston system update through 2022 | M01: DOCX guide; mind map dated October 15, 2024","S09: Official report and gauge pages read; targeted raw series remain to acquire. | S11: Official download and floodplain documentation pages read; candidate additional GIS. | S13: Official pages read; scenario files not acquired. NOAA page announces a September 30, 2026 site transition. | S14: Official project methods/download pages read; optional source only. | S57: Official project page and GIS service metadata read; no GIS export acquired. | M01: Both original files inspected; 215-entry dictionary reconciled against full guide.",S09: data/raw/reused/harris_climate.csv.gz; hydro_physical.csv.gz provide related existing inputs. | S11: None newly acquired. | S13: None identified in reviewed package. | S14: None identified in reviewed package. | S57: None identified in reviewed package. | M01: sources/Managed Retreat System Dynamics Model.docx; sources/Mind Map Oct 15 2024.pdf,Define/reconcile before parameterization,2026-09-10
Hazard_Types,Scenario,Alias to reconcile,A,M01 S09 S14 S57,"Reconcile to Hazard_Type subscript; use the same source, definition, baseline and units.","Retain the original spelling in the audit, but do not create a second independently calibrated variable.",,P1,Additional guide/configuration entry,guide extension/configuration,492,,,not in original dictionary,not assessed in original dictionary,Potential source/method identified; no new parameter estimate certified,M01,,https://www.hcfcd.org/About/Harris-Countys-Flooding-History/Countywide-Impacts; https://wildfirerisk.org/download/; https://www.beg.utexas.edu/research/programs/coastal/texas-bay-shoreline-change,"M01: Generic model requiring Harris County localization | S09: Watershed, gauge and event footprint | S14: National raster and community summaries | S57: Galveston/Trinity/East/West Bay shorelines, including relevant Harris frontage","M01: DOCX guide; mind map dated October 15, 2024 | S09: Event reports and gauge-specific records | S14: Release-specific | S57: Historical shoreline intervals; Galveston system update through 2022",M01: Both original files inspected; 215-entry dictionary reconciled against full guide. | S09: Official report and gauge pages read; targeted raw series remain to acquire. | S14: Official project methods/download pages read; optional source only. | S57: Official project page and GIS service metadata read; no GIS export acquired.,M01: sources/Managed Retreat System Dynamics Model.docx; sources/Mind Map Oct 15 2024.pdf | S09: data/raw/reused/harris_climate.csv.gz; hydro_physical.csv.gz provide related existing inputs. | S14: None identified in reviewed package. | S57: None identified in reviewed package.,First acquisition and baseline phase,2026-09-10
Individual_Properties,Scenario,Notation or category; no separate data,N,M01 S05 S01 S11,"Geographic subscript category; use explicit spatial units and crosswalks, not additive nested totals.","Category label, not a numeric observation or an extra downloadable dataset.",categorical,P0,Additional guide/configuration entry,guide extension/configuration,346,,,not in original dictionary,not assessed in original dictionary,Potential source/method identified; no new parameter estimate certified,M01,,https://hcad.org/pdata/pdata-property-downloads.html/; https://api.census.gov/data/2024/acs/acs5/groups.html; https://www.twdb.texas.gov/flood/planning/data.asp,"M01: Generic model requiring Harris County localization | S05: Parcel/account and taxing jurisdiction | S01: County, tract; some block-group tables | S11: Statewide; extract Harris County/watersheds","M01: DOCX guide; mind map dated October 15, 2024 | S05: 2024 retained; inspect annual historical availability | S01: Annual 5-year releases; target 2010–2024 | S11: Dataset-specific; 2021 floodplain compilation and planning updates",M01: Both original files inspected; 215-entry dictionary reconciled against full guide. | S05: Official pages checked; 2024 raw archives already retained. | S01: Official metadata read. Many 2024 tables and a harmonized historical panel already retained; additional tables require retrieval. | S11: Official download and floodplain documentation pages read; candidate additional GIS.,M01: sources/Managed Retreat System Dynamics Model.docx; sources/Mind Map Oct 15 2024.pdf | S05: data/raw/public/hcad_2024_Real_acct_owner.zip; hcad_2024_Real_jur_exempt.zip; hcad_2024_Code_description_real.zip; hcad_parcels_2024_oct.zip | S01: data/raw/reused/hydro_acs.csv.gz; local_acs2024_*.csv.gz; data/raw/public/acs2024_*.dat | S11: None newly acquired.,Define/reconcile before parameterization,2026-09-10
INITIAL TIME,Scenario,Scenario or policy choice,S,M01,Set reference date/calendar or relative origin consistently with opening stocks.,Guide generic zero does not specify the Harris County 2024 reference date.,year,P0,Additional guide/configuration entry,guide extension/configuration,229,,,not in original dictionary,not assessed in original dictionary,Potential source/method identified; no new parameter estimate certified,M01,,,M01: Generic model requiring Harris County localization,"M01: DOCX guide; mind map dated October 15, 2024",M01: Both original files inspected; 215-entry dictionary reconciled against full guide.,M01: sources/Managed Retreat System Dynamics Model.docx; sources/Mind Map Oct 15 2024.pdf,Define/reconcile before parameterization,2026-09-10
INTEGRATION METHOD,Scenario,Scenario or policy choice,S,M01,"Choose supported integration method, verify units and numerical behavior when the .mdl is built.",No executable Vensim model is present to verify a solver setting now.,solver choice,P0,Additional guide/configuration entry,guide extension/configuration,230,,,not in original dictionary,not assessed in original dictionary,Potential source/method identified; no new parameter estimate certified,M01,,,M01: Generic model requiring Harris County localization,"M01: DOCX guide; mind map dated October 15, 2024",M01: Both original files inspected; 215-entry dictionary reconciled against full guide.,M01: sources/Managed Retreat System Dynamics Model.docx; sources/Mind Map Oct 15 2024.pdf,Define/reconcile before parameterization,2026-09-10
Land_User_Group,Scenario,Scenario or policy choice,S,S01 S03 S05 S21 S46 M01,"Define resident owners, renters, commercial owners, government and relevant Indigenous interests with separate units.",These categories can overlap; landlord ownership and resident tenure are different axes.,group subscript,P0,Additional guide/configuration entry,guide extension/configuration,259; 260; 261; 543,,,not in original dictionary,not assessed in original dictionary,Potential source/method identified; no new parameter estimate certified,S01,https://api.census.gov/data/2024/acs/acs5/groups.html,https://api.census.gov/data/2024/acs/acs5/groups.html; https://www.census.gov/programs-surveys/acs/microdata.html; https://hcad.org/pdata/pdata-property-downloads.html/; https://hcd.harriscountytx.gov/About-Us/Public-Records-Request; https://egis.hud.gov/TDAT/,"S01: County, tract; some block-group tables | S03: PUMA; derive county only where boundaries support it | S05: Parcel/account and taxing jurisdiction | S21: HCD cases, staff and program finances | S46: County-linked tribal interests and contacts | M01: Generic model requiring Harris County localization","S01: Annual 5-year releases; target 2010–2024 | S03: Annual 1-year and 5-year releases | S05: 2024 retained; inspect annual historical availability | S21: Request 2010–2024, with later completion dates for censoring | S46: Current tool; historical interest not a numeric time series | M01: DOCX guide; mind map dated October 15, 2024",S01: Official metadata read. Many 2024 tables and a harmonized historical panel already retained; additional tables require retrieval. | S03: Official access page read; microdata not acquired. | S05: Official pages checked; 2024 raw archives already retained. | S21: Official request route verified. No request submitted; responsive fields and release are unconfirmed. | S46: Official tool and manual read; no consultation initiated. | M01: Both original files inspected; 215-entry dictionary reconciled against full guide.,S01: data/raw/reused/hydro_acs.csv.gz; local_acs2024_*.csv.gz; data/raw/public/acs2024_*.dat | S03: None identified in reviewed package. | S05: data/raw/public/hcad_2024_Real_acct_owner.zip; hcad_2024_Real_jur_exempt.zip; hcad_2024_Code_description_real.zip; hcad_parcels_2024_oct.zip | S21: No complete case ledger identified. | S46: None identified in reviewed package. | M01: sources/Managed Retreat System Dynamics Model.docx; sources/Mind Map Oct 15 2024.pdf,Define/reconcile before parameterization,2026-09-10
Land_User_Groups,Scenario,Alias to reconcile,A,M01 S01 S21 S46,"Reconcile to Land_User_Group subscript; use the same source, definition, baseline and units.","Retain the original spelling in the audit, but do not create a second independently calibrated variable.",,P1,Additional guide/configuration entry,guide extension/configuration,492,,,not in original dictionary,not assessed in original dictionary,Potential source/method identified; no new parameter estimate certified,M01,,https://api.census.gov/data/2024/acs/acs5/groups.html; https://hcd.harriscountytx.gov/About-Us/Public-Records-Request; https://egis.hud.gov/TDAT/,"M01: Generic model requiring Harris County localization | S01: County, tract; some block-group tables | S21: HCD cases, staff and program finances | S46: County-linked tribal interests and contacts","M01: DOCX guide; mind map dated October 15, 2024 | S01: Annual 5-year releases; target 2010–2024 | S21: Request 2010–2024, with later completion dates for censoring | S46: Current tool; historical interest not a numeric time series",M01: Both original files inspected; 215-entry dictionary reconciled against full guide. | S01: Official metadata read. Many 2024 tables and a harmonized historical panel already retained; additional tables require retrieval. | S21: Official request route verified. No request submitted; responsive fields and release are unconfirmed. | S46: Official tool and manual read; no consultation initiated.,M01: sources/Managed Retreat System Dynamics Model.docx; sources/Mind Map Oct 15 2024.pdf | S01: data/raw/reused/hydro_acs.csv.gz; local_acs2024_*.csv.gz; data/raw/public/acs2024_*.dat | S21: No complete case ledger identified. | S46: None identified in reviewed package.,First acquisition and baseline phase,2026-09-10
Neighborhood,Scenario,Notation or category; no separate data,N,M01 S05 S01 S11,"Geographic subscript category; use explicit spatial units and crosswalks, not additive nested totals.","Category label, not a numeric observation or an extra downloadable dataset.",categorical,P0,Additional guide/configuration entry,guide extension/configuration,346; 348,,,not in original dictionary,not assessed in original dictionary,Potential source/method identified; no new parameter estimate certified,M01,,https://hcad.org/pdata/pdata-property-downloads.html/; https://api.census.gov/data/2024/acs/acs5/groups.html; https://www.twdb.texas.gov/flood/planning/data.asp,"M01: Generic model requiring Harris County localization | S05: Parcel/account and taxing jurisdiction | S01: County, tract; some block-group tables | S11: Statewide; extract Harris County/watersheds","M01: DOCX guide; mind map dated October 15, 2024 | S05: 2024 retained; inspect annual historical availability | S01: Annual 5-year releases; target 2010–2024 | S11: Dataset-specific; 2021 floodplain compilation and planning updates",M01: Both original files inspected; 215-entry dictionary reconciled against full guide. | S05: Official pages checked; 2024 raw archives already retained. | S01: Official metadata read. Many 2024 tables and a harmonized historical panel already retained; additional tables require retrieval. | S11: Official download and floodplain documentation pages read; candidate additional GIS.,M01: sources/Managed Retreat System Dynamics Model.docx; sources/Mind Map Oct 15 2024.pdf | S05: data/raw/public/hcad_2024_Real_acct_owner.zip; hcad_2024_Real_jur_exempt.zip; hcad_2024_Code_description_real.zip; hcad_parcels_2024_oct.zip | S01: data/raw/reused/hydro_acs.csv.gz; local_acs2024_*.csv.gz; data/raw/public/acs2024_*.dat | S11: None newly acquired.,Define/reconcile before parameterization,2026-09-10
Proactive_Policy,Scenario,Notation or category; no separate data,N,M01 S19 S20,Trigger categories; define observable activation rule and timing in scenario parameters.,"Category label, not a numeric observation or an extra downloadable dataset.",categorical,P0,Additional guide/configuration entry,guide extension/configuration,184,,,not in original dictionary,not assessed in original dictionary,Potential source/method identified; no new parameter estimate certified,M01,,https://hcd.harriscountytx.gov/Disaster-Recovery/Buyout-Relocation-Programs; https://www.hcfcd.org/Activity/Additional-Programs/Home-Buyout-Program,M01: Generic model requiring Harris County localization | S19: HCD programs and project areas | S20: HCFCD eligible areas and participating properties,"M01: DOCX guide; mind map dated October 15, 2024 | S19: Program-specific; 2024 Q3 and 2025 Q2 reports retained | S20: Program history/current guidance",M01: Both original files inspected; 215-entry dictionary reconciled against full guide. | S19: Official program pages and linked June 2025 guidelines read; earlier quarterly reports retained. | S20: Official pages read. Detailed longitudinal property records still require a request.,"M01: sources/Managed Retreat System Dynamics Model.docx; sources/Mind Map Oct 15 2024.pdf | S19: data/raw/public/hcd_buyout_2024q3.pdf; hcd_buyout_2025q2.pdf | S20: Existing FEMA and HCD records are related, not substitutes for this program ledger.",Define/reconcile before parameterization,2026-09-10
RCP2.6,Scenario,Notation or category; no separate data,N,M01 S12 S13,Legacy climate-scenario label from the guide; use a compatible source family or explicitly revise scenario definitions.,"Category label, not a numeric observation or an extra downloadable dataset.",categorical,P0,Additional guide/configuration entry,guide extension/configuration,356,,,not in original dictionary,not assessed in original dictionary,Potential source/method identified; no new parameter estimate certified,M01,,https://www.usgs.gov/data/cmip6-loca2-spatial-summaries-counties-tiger-2023-1950-2100-contiguous-united-states; https://tidesandcurrents.noaa.gov/sltrends/sltrends_station.shtml?id=8771450,M01: Generic model requiring Harris County localization | S12: County summaries; underlying downscaled grids | S13: Galveston Pier 21 and coastal region,"M01: DOCX guide; mind map dated October 15, 2024 | S12: 1950–2100; historical and SSP scenarios | S13: Observed station series; projected scenario horizons","M01: Both original files inspected; 215-entry dictionary reconciled against full guide. | S12: Official dataset and viewer pages read; candidate download. | S13: Official pages read; scenario files not acquired. NOAA page announces a September 30, 2026 site transition.",M01: sources/Managed Retreat System Dynamics Model.docx; sources/Mind Map Oct 15 2024.pdf | S12: No LOCA2 data identified in reviewed package. | S13: None identified in reviewed package.,Define/reconcile before parameterization,2026-09-10
RCP4.5,Scenario,Notation or category; no separate data,N,M01 S12 S13,Legacy climate-scenario label from the guide; use a compatible source family or explicitly revise scenario definitions.,"Category label, not a numeric observation or an extra downloadable dataset.",categorical,P0,Additional guide/configuration entry,guide extension/configuration,356,,,not in original dictionary,not assessed in original dictionary,Potential source/method identified; no new parameter estimate certified,M01,,https://www.usgs.gov/data/cmip6-loca2-spatial-summaries-counties-tiger-2023-1950-2100-contiguous-united-states; https://tidesandcurrents.noaa.gov/sltrends/sltrends_station.shtml?id=8771450,M01: Generic model requiring Harris County localization | S12: County summaries; underlying downscaled grids | S13: Galveston Pier 21 and coastal region,"M01: DOCX guide; mind map dated October 15, 2024 | S12: 1950–2100; historical and SSP scenarios | S13: Observed station series; projected scenario horizons","M01: Both original files inspected; 215-entry dictionary reconciled against full guide. | S12: Official dataset and viewer pages read; candidate download. | S13: Official pages read; scenario files not acquired. NOAA page announces a September 30, 2026 site transition.",M01: sources/Managed Retreat System Dynamics Model.docx; sources/Mind Map Oct 15 2024.pdf | S12: No LOCA2 data identified in reviewed package. | S13: None identified in reviewed package.,Define/reconcile before parameterization,2026-09-10
RCP8.5,Scenario,Notation or category; no separate data,N,M01 S12 S13,Legacy climate-scenario label from the guide; use a compatible source family or explicitly revise scenario definitions.,"Category label, not a numeric observation or an extra downloadable dataset.",categorical,P0,Additional guide/configuration entry,guide extension/configuration,356,,,not in original dictionary,not assessed in original dictionary,Potential source/method identified; no new parameter estimate certified,M01,,https://www.usgs.gov/data/cmip6-loca2-spatial-summaries-counties-tiger-2023-1950-2100-contiguous-united-states; https://tidesandcurrents.noaa.gov/sltrends/sltrends_station.shtml?id=8771450,M01: Generic model requiring Harris County localization | S12: County summaries; underlying downscaled grids | S13: Galveston Pier 21 and coastal region,"M01: DOCX guide; mind map dated October 15, 2024 | S12: 1950–2100; historical and SSP scenarios | S13: Observed station series; projected scenario horizons","M01: Both original files inspected; 215-entry dictionary reconciled against full guide. | S12: Official dataset and viewer pages read; candidate download. | S13: Official pages read; scenario files not acquired. NOAA page announces a September 30, 2026 site transition.",M01: sources/Managed Retreat System Dynamics Model.docx; sources/Mind Map Oct 15 2024.pdf | S12: No LOCA2 data identified in reviewed package. | S13: None identified in reviewed package.,Define/reconcile before parameterization,2026-09-10
Reactive_Disaster,Scenario,Notation or category; no separate data,N,M01 S19 S20,Trigger categories; define observable activation rule and timing in scenario parameters.,"Category label, not a numeric observation or an extra downloadable dataset.",categorical,P0,Additional guide/configuration entry,guide extension/configuration,184,,,not in original dictionary,not assessed in original dictionary,Potential source/method identified; no new parameter estimate certified,M01,,https://hcd.harriscountytx.gov/Disaster-Recovery/Buyout-Relocation-Programs; https://www.hcfcd.org/Activity/Additional-Programs/Home-Buyout-Program,M01: Generic model requiring Harris County localization | S19: HCD programs and project areas | S20: HCFCD eligible areas and participating properties,"M01: DOCX guide; mind map dated October 15, 2024 | S19: Program-specific; 2024 Q3 and 2025 Q2 reports retained | S20: Program history/current guidance",M01: Both original files inspected; 215-entry dictionary reconciled against full guide. | S19: Official program pages and linked June 2025 guidelines read; earlier quarterly reports retained. | S20: Official pages read. Detailed longitudinal property records still require a request.,"M01: sources/Managed Retreat System Dynamics Model.docx; sources/Mind Map Oct 15 2024.pdf | S19: data/raw/public/hcd_buyout_2024q3.pdf; hcd_buyout_2025q2.pdf | S20: Existing FEMA and HCD records are related, not substitutes for this program ledger.",Define/reconcile before parameterization,2026-09-10
Retreat_Strategy,Scenario,Scenario or policy choice,S,S19 S20 S54 M01,"Define no-retreat, reactive, proactive and hybrid options with explicit triggers, scope, funding and support rules.",Scenario names alone do not specify operational mechanisms or legal feasibility.,categorical by place,P0,Additional guide/configuration entry,guide extension/configuration,347,,,not in original dictionary,not assessed in original dictionary,Potential source/method identified; no new parameter estimate certified,S19,https://hcd.harriscountytx.gov/Disaster-Recovery/Buyout-Relocation-Programs,https://hcd.harriscountytx.gov/Disaster-Recovery/Buyout-Relocation-Programs; https://www.hcfcd.org/Activity/Additional-Programs/Home-Buyout-Program; https://www.govinfo.gov/content/pkg/CFR-2025-title44-vol1/pdf/CFR-2025-title44-vol1-part80.pdf,S19: HCD programs and project areas | S20: HCFCD eligible areas and participating properties | S54: Applicable FEMA-funded acquisitions | M01: Generic model requiring Harris County localization,"S19: Program-specific; 2024 Q3 and 2025 Q2 reports retained | S20: Program history/current guidance | S54: 2025 codification; confirm award-specific applicability | M01: DOCX guide; mind map dated October 15, 2024",S19: Official program pages and linked June 2025 guidelines read; earlier quarterly reports retained. | S20: Official pages read. Detailed longitudinal property records still require a request. | S54: Official nine-page legal text read; use as a scenario-eligibility reference. | M01: Both original files inspected; 215-entry dictionary reconciled against full guide.,"S19: data/raw/public/hcd_buyout_2024q3.pdf; hcd_buyout_2025q2.pdf | S20: Existing FEMA and HCD records are related, not substitutes for this program ledger. | S54: No model constraint file yet. | M01: sources/Managed Retreat System Dynamics Model.docx; sources/Mind Map Oct 15 2024.pdf",Define/reconcile before parameterization,2026-09-10
Threshold,Scenario,Scenario or policy choice,S,S26 S23 M01,Specify the minimum available-funding condition for activation and its time basis.,"This guide token is a policy threshold, not a separately observed data series.",USD_2024,P0,Additional guide/configuration entry,guide extension/configuration,184,,,not in original dictionary,not assessed in original dictionary,Potential source/method identified; no new parameter estimate certified,S26,https://budget.harriscountytx.gov/budget.aspx,https://budget.harriscountytx.gov/budget.aspx; https://glo.texas.gov/disaster-recovery/grant-administration/grant-administration-reporting/hud-drgr-qpr-reports,"S26: County departments, funds and programs | S23: Grant, activity, project and grantee | M01: Generic model requiring Harris County localization","S26: Annual; FY2025/FY2026 local documents | S23: Quarterly grant histories; local Harris buyout extracts retained | M01: DOCX guide; mind map dated October 15, 2024",S26: Official budget portal read; two budget PDFs already retained. | S23: Official reporting pages read; local financial/accomplishment/narrative files retained. | M01: Both original files inspected; 215-entry dictionary reconciled against full guide.,S26: data/raw/public/county_budget_fy2025.pdf; county_budget_fy2026.pdf | S23: data/raw/reused/glo_financial.csv.gz; glo_accomplishments.csv.gz; glo_beneficiaries.csv.gz; glo_narratives.csv.gz; glo_f31_1.xlsx; glo_f31_2.xlsx | M01: sources/Managed Retreat System Dynamics Model.docx; sources/Mind Map Oct 15 2024.pdf,Define/reconcile before parameterization,2026-09-10
TIME STEP,Scenario,Scenario or policy choice,S,M01,Choose integration interval and assess numerical convergence once equations are executable.,Guide labels 0.125 years quarterly; quarterly is 0.25 years. Do not inherit that inconsistency.,years,P0,Additional guide/configuration entry,guide extension/configuration,226,,,not in original dictionary,not assessed in original dictionary,Potential source/method identified; no new parameter estimate certified,M01,,,M01: Generic model requiring Harris County localization,"M01: DOCX guide; mind map dated October 15, 2024",M01: Both original files inspected; 215-entry dictionary reconciled against full guide.,M01: sources/Managed Retreat System Dynamics Model.docx; sources/Mind Map Oct 15 2024.pdf,Define/reconcile before parameterization,2026-09-10
Trigger_Type,Scenario,Scenario or policy choice,S,S19 S20 S28 M01,"Define disaster, policy and community-request triggers with documented activation criteria and timing.",Historical programs need observed triggers; hypothetical triggers must remain labeled as scenarios.,categorical,P0,Additional guide/configuration entry,guide extension/configuration,184,,,not in original dictionary,not assessed in original dictionary,Potential source/method identified; no new parameter estimate certified,S19,https://hcd.harriscountytx.gov/Disaster-Recovery/Buyout-Relocation-Programs,https://hcd.harriscountytx.gov/Disaster-Recovery/Buyout-Relocation-Programs; https://www.hcfcd.org/Activity/Additional-Programs/Home-Buyout-Program; https://harriscountytx.legistar.com/Calendar.aspx,S19: HCD programs and project areas | S20: HCFCD eligible areas and participating properties | S28: County policy decisions | M01: Generic model requiring Harris County localization,"S19: Program-specific; 2024 Q3 and 2025 Q2 reports retained | S20: Program history/current guidance | S28: Dated meetings; current and archived systems | M01: DOCX guide; mind map dated October 15, 2024",S19: Official program pages and linked June 2025 guidelines read; earlier quarterly reports retained. | S20: Official pages read. Detailed longitudinal property records still require a request. | S28: Official calendar/archive pages read; additional document coding candidate. | M01: Both original files inspected; 215-entry dictionary reconciled against full guide.,"S19: data/raw/public/hcd_buyout_2024q3.pdf; hcd_buyout_2025q2.pdf | S20: Existing FEMA and HCD records are related, not substitutes for this program ledger. | S28: documentation/Governance_Program_Timeline.csv contains partial existing chronology. | M01: sources/Managed Retreat System Dynamics Model.docx; sources/Mind Map Oct 15 2024.pdf",Define/reconcile before parameterization,2026-09-10
Watershed,Scenario,Notation or category; no separate data,N,M01 S05 S01 S11,"Geographic subscript category; use explicit spatial units and crosswalks, not additive nested totals.","Category label, not a numeric observation or an extra downloadable dataset.",categorical,P0,Additional guide/configuration entry,guide extension/configuration,346,,,not in original dictionary,not assessed in original dictionary,Potential source/method identified; no new parameter estimate certified,M01,,https://hcad.org/pdata/pdata-property-downloads.html/; https://api.census.gov/data/2024/acs/acs5/groups.html; https://www.twdb.texas.gov/flood/planning/data.asp,"M01: Generic model requiring Harris County localization | S05: Parcel/account and taxing jurisdiction | S01: County, tract; some block-group tables | S11: Statewide; extract Harris County/watersheds","M01: DOCX guide; mind map dated October 15, 2024 | S05: 2024 retained; inspect annual historical availability | S01: Annual 5-year releases; target 2010–2024 | S11: Dataset-specific; 2021 floodplain compilation and planning updates",M01: Both original files inspected; 215-entry dictionary reconciled against full guide. | S05: Official pages checked; 2024 raw archives already retained. | S01: Official metadata read. Many 2024 tables and a harmonized historical panel already retained; additional tables require retrieval. | S11: Official download and floodplain documentation pages read; candidate additional GIS.,M01: sources/Managed Retreat System Dynamics Model.docx; sources/Mind Map Oct 15 2024.pdf | S05: data/raw/public/hcad_2024_Real_acct_owner.zip; hcad_2024_Real_jur_exempt.zip; hcad_2024_Code_description_real.zip; hcad_parcels_2024_oct.zip | S01: data/raw/reused/hydro_acs.csv.gz; local_acs2024_*.csv.gz; data/raw/public/acs2024_*.dat | S11: None newly acquired.,Define/reconcile before parameterization,2026-09-10
Wildfire,Scenario,Notation or category; no separate data,N,M01 S09 S14,Hazard subscript category; underlying physical inputs are sourced separately.,"Category label, not a numeric observation or an extra downloadable dataset.",categorical,P0,Additional guide/configuration entry,guide extension/configuration,351,,,not in original dictionary,not assessed in original dictionary,Potential source/method identified; no new parameter estimate certified,M01,,https://www.hcfcd.org/About/Harris-Countys-Flooding-History/Countywide-Impacts; https://wildfirerisk.org/download/,"M01: Generic model requiring Harris County localization | S09: Watershed, gauge and event footprint | S14: National raster and community summaries","M01: DOCX guide; mind map dated October 15, 2024 | S09: Event reports and gauge-specific records | S14: Release-specific",M01: Both original files inspected; 215-entry dictionary reconciled against full guide. | S09: Official report and gauge pages read; targeted raw series remain to acquire. | S14: Official project methods/download pages read; optional source only.,M01: sources/Managed Retreat System Dynamics Model.docx; sources/Mind Map Oct 15 2024.pdf | S09: data/raw/reused/harris_climate.csv.gz; hydro_physical.csv.gz provide related existing inputs. | S14: None identified in reviewed package.,Define/reconcile before parameterization,2026-09-10
Year,Scenario,Notation or category; no separate data,N,M01,Time index for climate lookup and reporting; align 2024 baseline and 2025–2050 scenarios.,The guide uses relative time elsewhere; map relative and calendar years explicitly.,calendar year,P0,Additional guide/configuration entry,guide extension/configuration,358,,,not in original dictionary,not assessed in original dictionary,Potential source/method identified; no new parameter estimate certified,M01,,,M01: Generic model requiring Harris County localization,"M01: DOCX guide; mind map dated October 15, 2024",M01: Both original files inspected; 215-entry dictionary reconciled against full guide.,M01: sources/Managed Retreat System Dynamics Model.docx; sources/Mind Map Oct 15 2024.pdf,Define/reconcile before parameterization,2026-09-10
