model,ssp,warming_level_degC,crossing_year,window_start_year,window_end_year,window_years_available,rank,event_year,event_date_start,event_date_end,mean_tract_precip_total_mm,median_tract_precip_total_mm,tract_count,source_id,evidence_status,note
ACCESS-CM2,ssp126,1.0,2015,2005,2024,5,1,2022,2022-07-13,2022-07-15,154.61445292620866,152.002,786,harris_climate,climate_projection,Unweighted 2010-tract precipitation summary. Warming-window extremes are not calendar-year flood-frequency multipliers.
ACCESS-CM2,ssp126,1.0,2015,2005,2024,5,2,2020,2020-09-05,2020-09-07,153.07113231552162,153.379,786,harris_climate,climate_projection,Unweighted 2010-tract precipitation summary. Warming-window extremes are not calendar-year flood-frequency multipliers.
ACCESS-CM2,ssp126,1.0,2015,2005,2024,5,3,2024,2024-05-22,2024-05-24,135.46150254452925,131.279,786,harris_climate,climate_projection,Unweighted 2010-tract precipitation summary. Warming-window extremes are not calendar-year flood-frequency multipliers.
ACCESS-CM2,ssp126,1.0,2015,2005,2024,5,4,2022,2022-09-13,2022-09-15,133.69238804071247,136.133,786,harris_climate,climate_projection,Unweighted 2010-tract precipitation summary. Warming-window extremes are not calendar-year flood-frequency multipliers.
ACCESS-CM2,ssp126,1.0,2015,2005,2024,5,5,2024,2024-05-07,2024-05-09,120.97953944020357,117.91,786,harris_climate,climate_projection,Unweighted 2010-tract precipitation summary. Warming-window extremes are not calendar-year flood-frequency multipliers.
ACCESS-CM2,ssp126,1.5,2028,2018,2037,18,1,2036,2036-08-05,2036-08-07,277.23003944020354,279.4985,786,harris_climate,climate_projection,Unweighted 2010-tract precipitation summary. Warming-window extremes are not calendar-year flood-frequency multipliers.
ACCESS-CM2,ssp126,1.5,2028,2018,2037,18,2,2033,2033-09-06,2033-09-08,281.4891450381679,283.75,786,harris_climate,climate_projection,Unweighted 2010-tract precipitation summary. Warming-window extremes are not calendar-year flood-frequency multipliers.
ACCESS-CM2,ssp126,1.5,2028,2018,2037,18,3,2036,2036-06-10,2036-06-12,263.9716094147583,265.938,786,harris_climate,climate_projection,Unweighted 2010-tract precipitation summary. Warming-window extremes are not calendar-year flood-frequency multipliers.
ACCESS-CM2,ssp126,1.5,2028,2018,2037,18,4,2036,2036-06-22,2036-06-24,256.58496564885496,257.031,786,harris_climate,climate_projection,Unweighted 2010-tract precipitation summary. Warming-window extremes are not calendar-year flood-frequency multipliers.
ACCESS-CM2,ssp126,1.5,2028,2018,2037,18,5,2031,2031-09-23,2031-09-25,246.36263613231554,244.434,786,harris_climate,climate_projection,Unweighted 2010-tract precipitation summary. Warming-window extremes are not calendar-year flood-frequency multipliers.
ACCESS-CM2,ssp126,2.0,2042,2032,2051,20,1,2042,2042-07-15,2042-07-17,299.7264491094148,304.2155,786,harris_climate,climate_projection,Unweighted 2010-tract precipitation summary. Warming-window extremes are not calendar-year flood-frequency multipliers.
ACCESS-CM2,ssp126,2.0,2042,2032,2051,20,2,2036,2036-08-05,2036-08-07,277.23003944020354,279.4985,786,harris_climate,climate_projection,Unweighted 2010-tract precipitation summary. Warming-window extremes are not calendar-year flood-frequency multipliers.
ACCESS-CM2,ssp126,2.0,2042,2032,2051,20,3,2033,2033-09-06,2033-09-08,281.4891450381679,283.75,786,harris_climate,climate_projection,Unweighted 2010-tract precipitation summary. Warming-window extremes are not calendar-year flood-frequency multipliers.
ACCESS-CM2,ssp126,2.0,2042,2032,2051,20,4,2036,2036-06-10,2036-06-12,263.9716094147583,265.938,786,harris_climate,climate_projection,Unweighted 2010-tract precipitation summary. Warming-window extremes are not calendar-year flood-frequency multipliers.
ACCESS-CM2,ssp126,2.0,2042,2032,2051,20,5,2041,2041-05-26,2041-05-28,272.0102086513995,273.477,786,harris_climate,climate_projection,Unweighted 2010-tract precipitation summary. Warming-window extremes are not calendar-year flood-frequency multipliers.
ACCESS-CM2,ssp126,2.5,2086,2076,2095,20,1,2082,2082-08-01,2082-08-03,415.49963358778626,415.179,786,harris_climate,climate_projection,Unweighted 2010-tract precipitation summary. Warming-window extremes are not calendar-year flood-frequency multipliers.
ACCESS-CM2,ssp126,2.5,2086,2076,2095,20,2,2091,2091-08-08,2091-08-10,365.86382824427477,364.8145,786,harris_climate,climate_projection,Unweighted 2010-tract precipitation summary. Warming-window extremes are not calendar-year flood-frequency multipliers.
ACCESS-CM2,ssp126,2.5,2086,2076,2095,20,3,2079,2079-08-01,2079-08-03,309.0406348600509,299.37,786,harris_climate,climate_projection,Unweighted 2010-tract precipitation summary. Warming-window extremes are not calendar-year flood-frequency multipliers.
ACCESS-CM2,ssp126,2.5,2086,2076,2095,20,4,2090,2090-11-03,2090-11-05,296.34210178117047,292.39750000000004,786,harris_climate,climate_projection,Unweighted 2010-tract precipitation summary. Warming-window extremes are not calendar-year flood-frequency multipliers.
ACCESS-CM2,ssp126,2.5,2086,2076,2095,20,5,2079,2079-12-09,2079-12-11,227.12942366412216,228.3545,786,harris_climate,climate_projection,Unweighted 2010-tract precipitation summary. Warming-window extremes are not calendar-year flood-frequency multipliers.
ACCESS-CM2,ssp245,1.0,2016,2006,2025,6,1,2022,2022-08-06,2022-08-08,295.74864249363867,294.8375,786,harris_climate,climate_projection,Unweighted 2010-tract precipitation summary. Warming-window extremes are not calendar-year flood-frequency multipliers.
ACCESS-CM2,ssp245,1.0,2016,2006,2025,6,2,2021,2021-07-11,2021-07-13,226.70090203562341,227.3875,786,harris_climate,climate_projection,Unweighted 2010-tract precipitation summary. Warming-window extremes are not calendar-year flood-frequency multipliers.
ACCESS-CM2,ssp245,1.0,2016,2006,2025,6,3,2024,2024-06-27,2024-06-29,189.4635559796438,191.68,786,harris_climate,climate_projection,Unweighted 2010-tract precipitation summary. Warming-window extremes are not calendar-year flood-frequency multipliers.
ACCESS-CM2,ssp245,1.0,2016,2006,2025,6,4,2022,2022-05-11,2022-05-13,158.25003180661577,157.357,786,harris_climate,climate_projection,Unweighted 2010-tract precipitation summary. Warming-window extremes are not calendar-year flood-frequency multipliers.
ACCESS-CM2,ssp245,1.0,2016,2006,2025,6,5,2024,2024-08-17,2024-08-19,136.67358142493637,136.973,786,harris_climate,climate_projection,Unweighted 2010-tract precipitation summary. Warming-window extremes are not calendar-year flood-frequency multipliers.
ACCESS-CM2,ssp245,1.5,2028,2018,2037,18,1,2026,2026-10-24,2026-10-26,298.76914503816795,303.477,786,harris_climate,climate_projection,Unweighted 2010-tract precipitation summary. Warming-window extremes are not calendar-year flood-frequency multipliers.
ACCESS-CM2,ssp245,1.5,2028,2018,2037,18,2,2022,2022-08-06,2022-08-08,295.74864249363867,294.8375,786,harris_climate,climate_projection,Unweighted 2010-tract precipitation summary. Warming-window extremes are not calendar-year flood-frequency multipliers.
ACCESS-CM2,ssp245,1.5,2028,2018,2037,18,3,2033,2033-04-30,2033-05-02,222.56122264631045,228.438,786,harris_climate,climate_projection,Unweighted 2010-tract precipitation summary. Warming-window extremes are not calendar-year flood-frequency multipliers.
ACCESS-CM2,ssp245,1.5,2028,2018,2037,18,4,2021,2021-07-11,2021-07-13,226.70090203562341,227.3875,786,harris_climate,climate_projection,Unweighted 2010-tract precipitation summary. Warming-window extremes are not calendar-year flood-frequency multipliers.
ACCESS-CM2,ssp245,1.5,2028,2018,2037,18,5,2034,2034-09-02,2034-09-04,201.42955089058526,206.162,786,harris_climate,climate_projection,Unweighted 2010-tract precipitation summary. Warming-window extremes are not calendar-year flood-frequency multipliers.
ACCESS-CM2,ssp245,2.0,2041,2031,2050,20,1,2041,2041-09-11,2041-09-13,241.76372137404582,231.5075,786,harris_climate,climate_projection,Unweighted 2010-tract precipitation summary. Warming-window extremes are not calendar-year flood-frequency multipliers.
ACCESS-CM2,ssp245,2.0,2041,2031,2050,20,2,2033,2033-04-30,2033-05-02,222.56122264631045,228.438,786,harris_climate,climate_projection,Unweighted 2010-tract precipitation summary. Warming-window extremes are not calendar-year flood-frequency multipliers.
ACCESS-CM2,ssp245,2.0,2041,2031,2050,20,3,2050,2050-06-12,2050-06-14,200.52306106870228,202.109,786,harris_climate,climate_projection,Unweighted 2010-tract precipitation summary. Warming-window extremes are not calendar-year flood-frequency multipliers.
ACCESS-CM2,ssp245,2.0,2041,2031,2050,20,4,2034,2034-09-02,2034-09-04,201.42955089058526,206.162,786,harris_climate,climate_projection,Unweighted 2010-tract precipitation summary. Warming-window extremes are not calendar-year flood-frequency multipliers.
ACCESS-CM2,ssp245,2.0,2041,2031,2050,20,5,2036,2036-10-18,2036-10-20,190.13904198473284,193.281,786,harris_climate,climate_projection,Unweighted 2010-tract precipitation summary. Warming-window extremes are not calendar-year flood-frequency multipliers.
ACCESS-CM2,ssp245,2.5,2053,2043,2062,20,1,2051,2051-05-26,2051-05-28,306.41963231552165,305.898,786,harris_climate,climate_projection,Unweighted 2010-tract precipitation summary. Warming-window extremes are not calendar-year flood-frequency multipliers.
ACCESS-CM2,ssp245,2.5,2053,2043,2062,20,2,2060,2060-09-30,2060-10-02,259.17609541984734,254.74599999999998,786,harris_climate,climate_projection,Unweighted 2010-tract precipitation summary. Warming-window extremes are not calendar-year flood-frequency multipliers.
ACCESS-CM2,ssp245,2.5,2053,2043,2062,20,3,2061,2061-07-25,2061-07-27,235.72206615776082,227.852,786,harris_climate,climate_projection,Unweighted 2010-tract precipitation summary. Warming-window extremes are not calendar-year flood-frequency multipliers.
ACCESS-CM2,ssp245,2.5,2053,2043,2062,20,4,2057,2057-07-09,2057-07-11,242.7334007633588,245.1565,786,harris_climate,climate_projection,Unweighted 2010-tract precipitation summary. Warming-window extremes are not calendar-year flood-frequency multipliers.
ACCESS-CM2,ssp245,2.5,2053,2043,2062,20,5,2058,2058-05-21,2058-05-23,230.907975826972,232.1285,786,harris_climate,climate_projection,Unweighted 2010-tract precipitation summary. Warming-window extremes are not calendar-year flood-frequency multipliers.
ACCESS-CM2,ssp245,3.0,2071,2061,2080,20,1,2068,2068-10-25,2068-10-27,440.3565839694657,447.256,786,harris_climate,climate_projection,Unweighted 2010-tract precipitation summary. Warming-window extremes are not calendar-year flood-frequency multipliers.
ACCESS-CM2,ssp245,3.0,2071,2061,2080,20,2,2080,2080-10-17,2080-10-19,250.8349300254453,252.441,786,harris_climate,climate_projection,Unweighted 2010-tract precipitation summary. Warming-window extremes are not calendar-year flood-frequency multipliers.
ACCESS-CM2,ssp245,3.0,2071,2061,2080,20,3,2061,2061-07-25,2061-07-27,235.72206615776082,227.852,786,harris_climate,climate_projection,Unweighted 2010-tract precipitation summary. Warming-window extremes are not calendar-year flood-frequency multipliers.
ACCESS-CM2,ssp245,3.0,2071,2061,2080,20,4,2071,2071-10-26,2071-10-28,231.53064631043256,226.0515,786,harris_climate,climate_projection,Unweighted 2010-tract precipitation summary. Warming-window extremes are not calendar-year flood-frequency multipliers.
ACCESS-CM2,ssp245,3.0,2071,2061,2080,20,5,2074,2074-09-11,2074-09-13,215.241844783715,216.611,786,harris_climate,climate_projection,Unweighted 2010-tract precipitation summary. Warming-window extremes are not calendar-year flood-frequency multipliers.
ACCESS-CM2,ssp370,1.0,2015,2005,2024,5,1,2022,2022-06-16,2022-06-18,234.38674300254453,234.785,786,harris_climate,climate_projection,Unweighted 2010-tract precipitation summary. Warming-window extremes are not calendar-year flood-frequency multipliers.
ACCESS-CM2,ssp370,1.0,2015,2005,2024,5,2,2022,2022-09-19,2022-09-21,188.55568193384224,191.367,786,harris_climate,climate_projection,Unweighted 2010-tract precipitation summary. Warming-window extremes are not calendar-year flood-frequency multipliers.
ACCESS-CM2,ssp370,1.0,2015,2005,2024,5,3,2023,2023-03-16,2023-03-18,158.24747201017811,158.64249999999998,786,harris_climate,climate_projection,Unweighted 2010-tract precipitation summary. Warming-window extremes are not calendar-year flood-frequency multipliers.
ACCESS-CM2,ssp370,1.0,2015,2005,2024,5,4,2022,2022-09-03,2022-09-05,158.52798854961833,158.828,786,harris_climate,climate_projection,Unweighted 2010-tract precipitation summary. Warming-window extremes are not calendar-year flood-frequency multipliers.
ACCESS-CM2,ssp370,1.0,2015,2005,2024,5,5,2022,2022-11-10,2022-11-12,115.64031424936387,114.6095,786,harris_climate,climate_projection,Unweighted 2010-tract precipitation summary. Warming-window extremes are not calendar-year flood-frequency multipliers.
ACCESS-CM2,ssp370,1.5,2027,2017,2036,17,1,2030,2030-05-02,2030-05-04,373.17357251908396,374.99,786,harris_climate,climate_projection,Unweighted 2010-tract precipitation summary. Warming-window extremes are not calendar-year flood-frequency multipliers.
ACCESS-CM2,ssp370,1.5,2027,2017,2036,17,2,2034,2034-09-20,2034-09-22,278.7701348600509,277.715,786,harris_climate,climate_projection,Unweighted 2010-tract precipitation summary. Warming-window extremes are not calendar-year flood-frequency multipliers.
ACCESS-CM2,ssp370,1.5,2027,2017,2036,17,3,2031,2031-09-19,2031-09-21,254.27135368956746,257.705,786,harris_climate,climate_projection,Unweighted 2010-tract precipitation summary. Warming-window extremes are not calendar-year flood-frequency multipliers.
ACCESS-CM2,ssp370,1.5,2027,2017,2036,17,4,2025,2025-05-08,2025-05-10,272.4208536895674,275.622,786,harris_climate,climate_projection,Unweighted 2010-tract precipitation summary. Warming-window extremes are not calendar-year flood-frequency multipliers.
ACCESS-CM2,ssp370,1.5,2027,2017,2036,17,5,2030,2030-10-04,2030-10-06,244.16997328244273,242.87099999999998,786,harris_climate,climate_projection,Unweighted 2010-tract precipitation summary. Warming-window extremes are not calendar-year flood-frequency multipliers.
ACCESS-CM2,ssp370,2.0,2040,2030,2049,20,1,2042,2042-05-28,2042-05-30,592.2214274809161,578.242,786,harris_climate,climate_projection,Unweighted 2010-tract precipitation summary. Warming-window extremes are not calendar-year flood-frequency multipliers.
ACCESS-CM2,ssp370,2.0,2040,2030,2049,20,2,2048,2048-09-12,2048-09-14,470.89740330788806,474.199,786,harris_climate,climate_projection,Unweighted 2010-tract precipitation summary. Warming-window extremes are not calendar-year flood-frequency multipliers.
ACCESS-CM2,ssp370,2.0,2040,2030,2049,20,3,2030,2030-05-02,2030-05-04,373.17357251908396,374.99,786,harris_climate,climate_projection,Unweighted 2010-tract precipitation summary. Warming-window extremes are not calendar-year flood-frequency multipliers.
ACCESS-CM2,ssp370,2.0,2040,2030,2049,20,4,2034,2034-09-20,2034-09-22,278.7701348600509,277.715,786,harris_climate,climate_projection,Unweighted 2010-tract precipitation summary. Warming-window extremes are not calendar-year flood-frequency multipliers.
ACCESS-CM2,ssp370,2.0,2040,2030,2049,20,5,2045,2045-10-03,2045-10-05,251.6749669211196,253.872,786,harris_climate,climate_projection,Unweighted 2010-tract precipitation summary. Warming-window extremes are not calendar-year flood-frequency multipliers.
ACCESS-CM2,ssp370,2.5,2052,2042,2061,20,1,2042,2042-05-28,2042-05-30,592.2214274809161,578.242,786,harris_climate,climate_projection,Unweighted 2010-tract precipitation summary. Warming-window extremes are not calendar-year flood-frequency multipliers.
ACCESS-CM2,ssp370,2.5,2052,2042,2061,20,2,2048,2048-09-12,2048-09-14,470.89740330788806,474.199,786,harris_climate,climate_projection,Unweighted 2010-tract precipitation summary. Warming-window extremes are not calendar-year flood-frequency multipliers.
ACCESS-CM2,ssp370,2.5,2052,2042,2061,20,3,2058,2058-10-11,2058-10-13,292.8508460559797,295.394,786,harris_climate,climate_projection,Unweighted 2010-tract precipitation summary. Warming-window extremes are not calendar-year flood-frequency multipliers.
ACCESS-CM2,ssp370,2.5,2052,2042,2061,20,4,2045,2045-10-03,2045-10-05,251.6749669211196,253.872,786,harris_climate,climate_projection,Unweighted 2010-tract precipitation summary. Warming-window extremes are not calendar-year flood-frequency multipliers.
ACCESS-CM2,ssp370,2.5,2052,2042,2061,20,5,2050,2050-07-03,2050-07-05,215.04836005089058,213.047,786,harris_climate,climate_projection,Unweighted 2010-tract precipitation summary. Warming-window extremes are not calendar-year flood-frequency multipliers.
ACCESS-CM2,ssp370,3.0,2063,2053,2072,20,1,2064,2064-10-01,2064-10-03,396.7344287531807,398.5385,786,harris_climate,climate_projection,Unweighted 2010-tract precipitation summary. Warming-window extremes are not calendar-year flood-frequency multipliers.
ACCESS-CM2,ssp370,3.0,2063,2053,2072,20,2,2068,2068-09-23,2068-09-25,406.2980610687023,406.797,786,harris_climate,climate_projection,Unweighted 2010-tract precipitation summary. Warming-window extremes are not calendar-year flood-frequency multipliers.
ACCESS-CM2,ssp370,3.0,2063,2053,2072,20,3,2063,2063-09-22,2063-09-24,292.4640038167939,290.43,786,harris_climate,climate_projection,Unweighted 2010-tract precipitation summary. Warming-window extremes are not calendar-year flood-frequency multipliers.
ACCESS-CM2,ssp370,3.0,2063,2053,2072,20,4,2058,2058-10-11,2058-10-13,292.8508460559797,295.394,786,harris_climate,climate_projection,Unweighted 2010-tract precipitation summary. Warming-window extremes are not calendar-year flood-frequency multipliers.
ACCESS-CM2,ssp370,3.0,2063,2053,2072,20,5,2072,2072-09-12,2072-09-14,269.4179427480916,274.637,786,harris_climate,climate_projection,Unweighted 2010-tract precipitation summary. Warming-window extremes are not calendar-year flood-frequency multipliers.
ACCESS-CM2,ssp370,3.5,2073,2063,2082,20,1,2064,2064-10-01,2064-10-03,396.7344287531807,398.5385,786,harris_climate,climate_projection,Unweighted 2010-tract precipitation summary. Warming-window extremes are not calendar-year flood-frequency multipliers.
ACCESS-CM2,ssp370,3.5,2073,2063,2082,20,2,2068,2068-09-23,2068-09-25,406.2980610687023,406.797,786,harris_climate,climate_projection,Unweighted 2010-tract precipitation summary. Warming-window extremes are not calendar-year flood-frequency multipliers.
ACCESS-CM2,ssp370,3.5,2073,2063,2082,20,3,2063,2063-09-22,2063-09-24,292.4640038167939,290.43,786,harris_climate,climate_projection,Unweighted 2010-tract precipitation summary. Warming-window extremes are not calendar-year flood-frequency multipliers.
ACCESS-CM2,ssp370,3.5,2073,2063,2082,20,4,2072,2072-09-12,2072-09-14,269.4179427480916,274.637,786,harris_climate,climate_projection,Unweighted 2010-tract precipitation summary. Warming-window extremes are not calendar-year flood-frequency multipliers.
ACCESS-CM2,ssp370,3.5,2073,2063,2082,20,5,2082,2082-05-17,2082-05-19,255.72069338422392,253.29399999999998,786,harris_climate,climate_projection,Unweighted 2010-tract precipitation summary. Warming-window extremes are not calendar-year flood-frequency multipliers.
ACCESS-CM2,ssp370,4.0,2082,2072,2091,20,1,2085,2085-10-23,2085-10-25,885.4742213740458,896.621,786,harris_climate,climate_projection,Unweighted 2010-tract precipitation summary. Warming-window extremes are not calendar-year flood-frequency multipliers.
ACCESS-CM2,ssp370,4.0,2082,2072,2091,20,2,2090,2090-09-25,2090-09-27,366.6390190839694,365.09749999999997,786,harris_climate,climate_projection,Unweighted 2010-tract precipitation summary. Warming-window extremes are not calendar-year flood-frequency multipliers.
ACCESS-CM2,ssp370,4.0,2082,2072,2091,20,3,2072,2072-09-12,2072-09-14,269.4179427480916,274.637,786,harris_climate,climate_projection,Unweighted 2010-tract precipitation summary. Warming-window extremes are not calendar-year flood-frequency multipliers.
ACCESS-CM2,ssp370,4.0,2082,2072,2091,20,4,2082,2082-05-17,2082-05-19,255.72069338422392,253.29399999999998,786,harris_climate,climate_projection,Unweighted 2010-tract precipitation summary. Warming-window extremes are not calendar-year flood-frequency multipliers.
ACCESS-CM2,ssp370,4.0,2082,2072,2091,20,5,2082,2082-05-09,2082-05-11,243.45005597964376,238.72899999999998,786,harris_climate,climate_projection,Unweighted 2010-tract precipitation summary. Warming-window extremes are not calendar-year flood-frequency multipliers.
ACCESS-CM2,ssp585,1.0,2014,2004,2023,4,1,2021,2021-05-16,2021-05-18,309.17161577608147,305.615,786,harris_climate,climate_projection,Unweighted 2010-tract precipitation summary. Warming-window extremes are not calendar-year flood-frequency multipliers.
ACCESS-CM2,ssp585,1.0,2014,2004,2023,4,2,2023,2023-06-01,2023-06-03,271.7242073791349,274.0235,786,harris_climate,climate_projection,Unweighted 2010-tract precipitation summary. Warming-window extremes are not calendar-year flood-frequency multipliers.
ACCESS-CM2,ssp585,1.0,2014,2004,2023,4,3,2023,2023-05-29,2023-05-31,146.0950368956743,143.607,786,harris_climate,climate_projection,Unweighted 2010-tract precipitation summary. Warming-window extremes are not calendar-year flood-frequency multipliers.
ACCESS-CM2,ssp585,1.0,2014,2004,2023,4,4,2021,2021-01-29,2021-01-31,90.87011195928753,90.97649999999999,786,harris_climate,climate_projection,Unweighted 2010-tract precipitation summary. Warming-window extremes are not calendar-year flood-frequency multipliers.
ACCESS-CM2,ssp585,1.0,2014,2004,2023,4,5,2020,2020-10-22,2020-10-24,81.42921246819338,79.723,786,harris_climate,climate_projection,Unweighted 2010-tract precipitation summary. Warming-window extremes are not calendar-year flood-frequency multipliers.
ACCESS-CM2,ssp585,1.5,2026,2016,2035,16,1,2021,2021-05-16,2021-05-18,309.17161577608147,305.615,786,harris_climate,climate_projection,Unweighted 2010-tract precipitation summary. Warming-window extremes are not calendar-year flood-frequency multipliers.
ACCESS-CM2,ssp585,1.5,2026,2016,2035,16,2,2029,2029-07-25,2029-07-27,288.0015623409669,288.457,786,harris_climate,climate_projection,Unweighted 2010-tract precipitation summary. Warming-window extremes are not calendar-year flood-frequency multipliers.
ACCESS-CM2,ssp585,1.5,2026,2016,2035,16,3,2029,2029-04-29,2029-05-01,302.6205610687023,299.692,786,harris_climate,climate_projection,Unweighted 2010-tract precipitation summary. Warming-window extremes are not calendar-year flood-frequency multipliers.
ACCESS-CM2,ssp585,1.5,2026,2016,2035,16,4,2023,2023-06-01,2023-06-03,271.7242073791349,274.0235,786,harris_climate,climate_projection,Unweighted 2010-tract precipitation summary. Warming-window extremes are not calendar-year flood-frequency multipliers.
ACCESS-CM2,ssp585,1.5,2026,2016,2035,16,5,2035,2035-05-06,2035-05-08,271.73403307888043,268.203,786,harris_climate,climate_projection,Unweighted 2010-tract precipitation summary. Warming-window extremes are not calendar-year flood-frequency multipliers.
ACCESS-CM2,ssp585,2.0,2038,2028,2047,20,1,2029,2029-07-25,2029-07-27,288.0015623409669,288.457,786,harris_climate,climate_projection,Unweighted 2010-tract precipitation summary. Warming-window extremes are not calendar-year flood-frequency multipliers.
ACCESS-CM2,ssp585,2.0,2038,2028,2047,20,2,2029,2029-04-29,2029-05-01,302.6205610687023,299.692,786,harris_climate,climate_projection,Unweighted 2010-tract precipitation summary. Warming-window extremes are not calendar-year flood-frequency multipliers.
ACCESS-CM2,ssp585,2.0,2038,2028,2047,20,3,2035,2035-05-06,2035-05-08,271.73403307888043,268.203,786,harris_climate,climate_projection,Unweighted 2010-tract precipitation summary. Warming-window extremes are not calendar-year flood-frequency multipliers.
ACCESS-CM2,ssp585,2.0,2038,2028,2047,20,4,2029,2029-05-25,2029-05-27,269.8636348600509,267.137,786,harris_climate,climate_projection,Unweighted 2010-tract precipitation summary. Warming-window extremes are not calendar-year flood-frequency multipliers.
ACCESS-CM2,ssp585,2.0,2038,2028,2047,20,5,2042,2042-10-27,2042-10-29,266.8049618320611,272.12649999999996,786,harris_climate,climate_projection,Unweighted 2010-tract precipitation summary. Warming-window extremes are not calendar-year flood-frequency multipliers.
ACCESS-CM2,ssp585,2.5,2048,2038,2057,20,1,2042,2042-10-26,2042-10-28,266.8049618320611,272.12649999999996,786,harris_climate,climate_projection,Unweighted 2010-tract precipitation summary. Warming-window extremes are not calendar-year flood-frequency multipliers.
ACCESS-CM2,ssp585,2.5,2048,2038,2057,20,2,2046,2046-10-14,2046-10-16,242.39185750636133,235.645,786,harris_climate,climate_projection,Unweighted 2010-tract precipitation summary. Warming-window extremes are not calendar-year flood-frequency multipliers.
ACCESS-CM2,ssp585,2.5,2048,2038,2057,20,3,2048,2048-09-14,2048-09-16,242.96634732824427,243.008,786,harris_climate,climate_projection,Unweighted 2010-tract precipitation summary. Warming-window extremes are not calendar-year flood-frequency multipliers.
ACCESS-CM2,ssp585,2.5,2048,2038,2057,20,4,2057,2057-11-06,2057-11-08,236.39698218829514,240.742,786,harris_climate,climate_projection,Unweighted 2010-tract precipitation summary. Warming-window extremes are not calendar-year flood-frequency multipliers.
ACCESS-CM2,ssp585,2.5,2048,2038,2057,20,5,2039,2039-10-14,2039-10-16,208.95296183206105,208.789,786,harris_climate,climate_projection,Unweighted 2010-tract precipitation summary. Warming-window extremes are not calendar-year flood-frequency multipliers.
ACCESS-CM2,ssp585,3.0,2056,2046,2065,20,1,2046,2046-10-14,2046-10-16,242.39185750636133,235.645,786,harris_climate,climate_projection,Unweighted 2010-tract precipitation summary. Warming-window extremes are not calendar-year flood-frequency multipliers.
ACCESS-CM2,ssp585,3.0,2056,2046,2065,20,2,2062,2062-11-15,2062-11-17,248.8904554707379,250.02,786,harris_climate,climate_projection,Unweighted 2010-tract precipitation summary. Warming-window extremes are not calendar-year flood-frequency multipliers.
ACCESS-CM2,ssp585,3.0,2056,2046,2065,20,3,2048,2048-09-14,2048-09-16,242.96634732824427,243.008,786,harris_climate,climate_projection,Unweighted 2010-tract precipitation summary. Warming-window extremes are not calendar-year flood-frequency multipliers.
ACCESS-CM2,ssp585,3.0,2056,2046,2065,20,4,2057,2057-11-06,2057-11-08,236.39698218829514,240.742,786,harris_climate,climate_projection,Unweighted 2010-tract precipitation summary. Warming-window extremes are not calendar-year flood-frequency multipliers.
ACCESS-CM2,ssp585,3.0,2056,2046,2065,20,5,2046,2046-07-06,2046-07-08,209.8993078880407,209.3065,786,harris_climate,climate_projection,Unweighted 2010-tract precipitation summary. Warming-window extremes are not calendar-year flood-frequency multipliers.
ACCESS-CM2,ssp585,3.5,2063,2053,2072,20,1,2062,2062-11-15,2062-11-17,248.8904554707379,250.02,786,harris_climate,climate_projection,Unweighted 2010-tract precipitation summary. Warming-window extremes are not calendar-year flood-frequency multipliers.
ACCESS-CM2,ssp585,3.5,2063,2053,2072,20,2,2071,2071-10-19,2071-10-21,223.16260941475826,216.04500000000002,786,harris_climate,climate_projection,Unweighted 2010-tract precipitation summary. Warming-window extremes are not calendar-year flood-frequency multipliers.
ACCESS-CM2,ssp585,3.5,2063,2053,2072,20,3,2057,2057-11-06,2057-11-08,236.39698218829514,240.742,786,harris_climate,climate_projection,Unweighted 2010-tract precipitation summary. Warming-window extremes are not calendar-year flood-frequency multipliers.
ACCESS-CM2,ssp585,3.5,2063,2053,2072,20,4,2070,2070-12-12,2070-12-14,218.68220992366412,221.375,786,harris_climate,climate_projection,Unweighted 2010-tract precipitation summary. Warming-window extremes are not calendar-year flood-frequency multipliers.
ACCESS-CM2,ssp585,3.5,2063,2053,2072,20,5,2070,2070-09-17,2070-09-19,215.69925954198473,215.84,786,harris_climate,climate_projection,Unweighted 2010-tract precipitation summary. Warming-window extremes are not calendar-year flood-frequency multipliers.
ACCESS-CM2,ssp585,4.0,2071,2061,2080,20,1,2076,2076-07-12,2076-07-14,336.7913944020357,333.164,786,harris_climate,climate_projection,Unweighted 2010-tract precipitation summary. Warming-window extremes are not calendar-year flood-frequency multipliers.
ACCESS-CM2,ssp585,4.0,2071,2061,2080,20,2,2080,2080-05-15,2080-05-17,301.5035547073791,304.7365,786,harris_climate,climate_projection,Unweighted 2010-tract precipitation summary. Warming-window extremes are not calendar-year flood-frequency multipliers.
ACCESS-CM2,ssp585,4.0,2071,2061,2080,20,3,2062,2062-11-15,2062-11-17,248.8904554707379,250.02,786,harris_climate,climate_projection,Unweighted 2010-tract precipitation summary. Warming-window extremes are not calendar-year flood-frequency multipliers.
ACCESS-CM2,ssp585,4.0,2071,2061,2080,20,4,2071,2071-10-19,2071-10-21,223.16260941475826,216.04500000000002,786,harris_climate,climate_projection,Unweighted 2010-tract precipitation summary. Warming-window extremes are not calendar-year flood-frequency multipliers.
ACCESS-CM2,ssp585,4.0,2071,2061,2080,20,5,2070,2070-12-12,2070-12-14,218.68220992366412,221.375,786,harris_climate,climate_projection,Unweighted 2010-tract precipitation summary. Warming-window extremes are not calendar-year flood-frequency multipliers.
ACCESS-ESM1-5,ssp126,1.0,2013,2003,2022,3,1,2020,2020-10-09,2020-10-11,146.25353816793893,145.273,786,harris_climate,climate_projection,Unweighted 2010-tract precipitation summary. Warming-window extremes are not calendar-year flood-frequency multipliers.
ACCESS-ESM1-5,ssp126,1.0,2013,2003,2022,3,2,2021,2021-11-23,2021-11-25,93.0011921119593,93.0955,786,harris_climate,climate_projection,Unweighted 2010-tract precipitation summary. Warming-window extremes are not calendar-year flood-frequency multipliers.
ACCESS-ESM1-5,ssp126,1.0,2013,2003,2022,3,3,2020,2020-10-25,2020-10-27,96.68865139949109,95.50800000000001,786,harris_climate,climate_projection,Unweighted 2010-tract precipitation summary. Warming-window extremes are not calendar-year flood-frequency multipliers.
ACCESS-ESM1-5,ssp126,1.0,2013,2003,2022,3,4,2020,2020-01-18,2020-01-20,90.42832061068702,90.4365,786,harris_climate,climate_projection,Unweighted 2010-tract precipitation summary. Warming-window extremes are not calendar-year flood-frequency multipliers.
ACCESS-ESM1-5,ssp126,1.0,2013,2003,2022,3,5,2020,2020-09-19,2020-09-21,93.17788676844783,92.891,786,harris_climate,climate_projection,Unweighted 2010-tract precipitation summary. Warming-window extremes are not calendar-year flood-frequency multipliers.
ACCESS-ESM1-5,ssp126,1.5,2031,2021,2040,20,1,2038,2038-06-26,2038-06-28,406.93247964376593,400.039,786,harris_climate,climate_projection,Unweighted 2010-tract precipitation summary. Warming-window extremes are not calendar-year flood-frequency multipliers.
ACCESS-ESM1-5,ssp126,1.5,2031,2021,2040,20,2,2038,2038-09-09,2038-09-11,276.700631043257,278.672,786,harris_climate,climate_projection,Unweighted 2010-tract precipitation summary. Warming-window extremes are not calendar-year flood-frequency multipliers.
ACCESS-ESM1-5,ssp126,1.5,2031,2021,2040,20,3,2028,2028-05-19,2028-05-21,238.452975826972,240.0195,786,harris_climate,climate_projection,Unweighted 2010-tract precipitation summary. Warming-window extremes are not calendar-year flood-frequency multipliers.
ACCESS-ESM1-5,ssp126,1.5,2031,2021,2040,20,4,2029,2029-09-25,2029-09-27,213.54111704834605,215.0,786,harris_climate,climate_projection,Unweighted 2010-tract precipitation summary. Warming-window extremes are not calendar-year flood-frequency multipliers.
ACCESS-ESM1-5,ssp126,1.5,2031,2021,2040,20,5,2032,2032-05-20,2032-05-22,220.1855165394402,218.6005,786,harris_climate,climate_projection,Unweighted 2010-tract precipitation summary. Warming-window extremes are not calendar-year flood-frequency multipliers.
ACCESS-ESM1-5,ssp126,2.0,2073,2063,2082,20,1,2068,2068-06-25,2068-06-27,639.3666717557252,633.1935,786,harris_climate,climate_projection,Unweighted 2010-tract precipitation summary. Warming-window extremes are not calendar-year flood-frequency multipliers.
ACCESS-ESM1-5,ssp126,2.0,2073,2063,2082,20,2,2067,2067-07-17,2067-07-19,313.49716666666666,312.91,786,harris_climate,climate_projection,Unweighted 2010-tract precipitation summary. Warming-window extremes are not calendar-year flood-frequency multipliers.
ACCESS-ESM1-5,ssp126,2.0,2073,2063,2082,20,3,2077,2077-05-27,2077-05-29,255.17563994910944,252.852,786,harris_climate,climate_projection,Unweighted 2010-tract precipitation summary. Warming-window extremes are not calendar-year flood-frequency multipliers.
ACCESS-ESM1-5,ssp126,2.0,2073,2063,2082,20,4,2067,2067-07-10,2067-07-12,216.45898982188297,216.8555,786,harris_climate,climate_projection,Unweighted 2010-tract precipitation summary. Warming-window extremes are not calendar-year flood-frequency multipliers.
ACCESS-ESM1-5,ssp126,2.0,2073,2063,2082,20,5,2080,2080-06-25,2080-06-27,203.56277735368957,203.589,786,harris_climate,climate_projection,Unweighted 2010-tract precipitation summary. Warming-window extremes are not calendar-year flood-frequency multipliers.
ACCESS-ESM1-5,ssp245,1.0,2014,2004,2023,4,1,2022,2022-07-11,2022-07-13,430.05447201017813,418.184,786,harris_climate,climate_projection,Unweighted 2010-tract precipitation summary. Warming-window extremes are not calendar-year flood-frequency multipliers.
ACCESS-ESM1-5,ssp245,1.0,2014,2004,2023,4,2,2022,2022-07-08,2022-07-10,289.47878244274807,277.8565,786,harris_climate,climate_projection,Unweighted 2010-tract precipitation summary. Warming-window extremes are not calendar-year flood-frequency multipliers.
ACCESS-ESM1-5,ssp245,1.0,2014,2004,2023,4,3,2020,2020-06-19,2020-06-21,168.04400254452926,162.4365,786,harris_climate,climate_projection,Unweighted 2010-tract precipitation summary. Warming-window extremes are not calendar-year flood-frequency multipliers.
ACCESS-ESM1-5,ssp245,1.0,2014,2004,2023,4,4,2022,2022-11-16,2022-11-18,134.63212340966922,134.067,786,harris_climate,climate_projection,Unweighted 2010-tract precipitation summary. Warming-window extremes are not calendar-year flood-frequency multipliers.
ACCESS-ESM1-5,ssp245,1.0,2014,2004,2023,4,5,2022,2022-04-12,2022-04-14,120.3793893129771,120.02,786,harris_climate,climate_projection,Unweighted 2010-tract precipitation summary. Warming-window extremes are not calendar-year flood-frequency multipliers.
ACCESS-ESM1-5,ssp245,1.5,2030,2020,2039,20,1,2033,2033-07-11,2033-07-13,822.3244669211196,812.578,786,harris_climate,climate_projection,Unweighted 2010-tract precipitation summary. Warming-window extremes are not calendar-year flood-frequency multipliers.
ACCESS-ESM1-5,ssp245,1.5,2030,2020,2039,20,2,2022,2022-07-11,2022-07-13,430.05447201017813,418.184,786,harris_climate,climate_projection,Unweighted 2010-tract precipitation summary. Warming-window extremes are not calendar-year flood-frequency multipliers.
ACCESS-ESM1-5,ssp245,1.5,2030,2020,2039,20,3,2031,2031-06-11,2031-06-13,427.07238931297707,426.895,786,harris_climate,climate_projection,Unweighted 2010-tract precipitation summary. Warming-window extremes are not calendar-year flood-frequency multipliers.
ACCESS-ESM1-5,ssp245,1.5,2030,2020,2039,20,4,2036,2036-09-06,2036-09-08,382.8494974554708,380.296,786,harris_climate,climate_projection,Unweighted 2010-tract precipitation summary. Warming-window extremes are not calendar-year flood-frequency multipliers.
ACCESS-ESM1-5,ssp245,1.5,2030,2020,2039,20,5,2025,2025-07-05,2025-07-07,365.83915012722645,363.379,786,harris_climate,climate_projection,Unweighted 2010-tract precipitation summary. Warming-window extremes are not calendar-year flood-frequency multipliers.
ACCESS-ESM1-5,ssp245,2.0,2046,2036,2055,20,1,2054,2054-09-18,2054-09-20,617.7539987277354,609.609,786,harris_climate,climate_projection,Unweighted 2010-tract precipitation summary. Warming-window extremes are not calendar-year flood-frequency multipliers.
ACCESS-ESM1-5,ssp245,2.0,2046,2036,2055,20,2,2036,2036-09-06,2036-09-08,382.8494974554708,380.296,786,harris_climate,climate_projection,Unweighted 2010-tract precipitation summary. Warming-window extremes are not calendar-year flood-frequency multipliers.
ACCESS-ESM1-5,ssp245,2.0,2046,2036,2055,20,3,2045,2045-10-03,2045-10-05,261.2610763358779,253.55,786,harris_climate,climate_projection,Unweighted 2010-tract precipitation summary. Warming-window extremes are not calendar-year flood-frequency multipliers.
ACCESS-ESM1-5,ssp245,2.0,2046,2036,2055,20,4,2042,2042-09-22,2042-09-24,247.2010661577608,245.7245,786,harris_climate,climate_projection,Unweighted 2010-tract precipitation summary. Warming-window extremes are not calendar-year flood-frequency multipliers.
ACCESS-ESM1-5,ssp245,2.0,2046,2036,2055,20,5,2053,2053-09-26,2053-09-28,230.81375318066156,230.534,786,harris_climate,climate_projection,Unweighted 2010-tract precipitation summary. Warming-window extremes are not calendar-year flood-frequency multipliers.
ACCESS-ESM1-5,ssp245,2.5,2066,2056,2075,20,1,2065,2065-06-22,2065-06-24,348.1515165394402,345.885,786,harris_climate,climate_projection,Unweighted 2010-tract precipitation summary. Warming-window extremes are not calendar-year flood-frequency multipliers.
ACCESS-ESM1-5,ssp245,2.5,2066,2056,2075,20,2,2056,2056-06-09,2056-06-11,313.6788944020356,312.578,786,harris_climate,climate_projection,Unweighted 2010-tract precipitation summary. Warming-window extremes are not calendar-year flood-frequency multipliers.
ACCESS-ESM1-5,ssp245,2.5,2066,2056,2075,20,3,2075,2075-08-02,2075-08-04,271.26268575063614,273.594,786,harris_climate,climate_projection,Unweighted 2010-tract precipitation summary. Warming-window extremes are not calendar-year flood-frequency multipliers.
ACCESS-ESM1-5,ssp245,2.5,2066,2056,2075,20,4,2074,2074-09-17,2074-09-19,235.02744147582695,235.952,786,harris_climate,climate_projection,Unweighted 2010-tract precipitation summary. Warming-window extremes are not calendar-year flood-frequency multipliers.
ACCESS-ESM1-5,ssp245,2.5,2066,2056,2075,20,5,2066,2066-04-17,2066-04-19,231.1541730279898,234.102,786,harris_climate,climate_projection,Unweighted 2010-tract precipitation summary. Warming-window extremes are not calendar-year flood-frequency multipliers.
ACCESS-ESM1-5,ssp370,1.0,2013,2003,2022,3,1,2020,2020-10-29,2020-10-31,137.06827608142493,137.6175,786,harris_climate,climate_projection,Unweighted 2010-tract precipitation summary. Warming-window extremes are not calendar-year flood-frequency multipliers.
ACCESS-ESM1-5,ssp370,1.0,2013,2003,2022,3,2,2021,2021-01-15,2021-01-17,127.76484478371502,128.1495,786,harris_climate,climate_projection,Unweighted 2010-tract precipitation summary. Warming-window extremes are not calendar-year flood-frequency multipliers.
ACCESS-ESM1-5,ssp370,1.0,2013,2003,2022,3,3,2021,2021-04-23,2021-04-25,118.94339949109415,119.326,786,harris_climate,climate_projection,Unweighted 2010-tract precipitation summary. Warming-window extremes are not calendar-year flood-frequency multipliers.
ACCESS-ESM1-5,ssp370,1.0,2013,2003,2022,3,4,2020,2020-09-27,2020-09-29,106.35765394402036,106.621,786,harris_climate,climate_projection,Unweighted 2010-tract precipitation summary. Warming-window extremes are not calendar-year flood-frequency multipliers.
ACCESS-ESM1-5,ssp370,1.0,2013,2003,2022,3,5,2021,2021-12-16,2021-12-18,101.78811450381679,100.645,786,harris_climate,climate_projection,Unweighted 2010-tract precipitation summary. Warming-window extremes are not calendar-year flood-frequency multipliers.
ACCESS-ESM1-5,ssp370,1.5,2033,2023,2042,20,1,2032,2032-06-21,2032-06-23,368.47382824427484,363.779,786,harris_climate,climate_projection,Unweighted 2010-tract precipitation summary. Warming-window extremes are not calendar-year flood-frequency multipliers.
ACCESS-ESM1-5,ssp370,1.5,2033,2023,2042,20,2,2026,2026-06-28,2026-06-30,351.26156870229005,341.764,786,harris_climate,climate_projection,Unweighted 2010-tract precipitation summary. Warming-window extremes are not calendar-year flood-frequency multipliers.
ACCESS-ESM1-5,ssp370,1.5,2033,2023,2042,20,3,2038,2038-07-03,2038-07-05,314.0295445292621,309.326,786,harris_climate,climate_projection,Unweighted 2010-tract precipitation summary. Warming-window extremes are not calendar-year flood-frequency multipliers.
ACCESS-ESM1-5,ssp370,1.5,2033,2023,2042,20,4,2031,2031-09-30,2031-10-02,304.34041603053436,303.7205,786,harris_climate,climate_projection,Unweighted 2010-tract precipitation summary. Warming-window extremes are not calendar-year flood-frequency multipliers.
ACCESS-ESM1-5,ssp370,1.5,2033,2023,2042,20,5,2038,2038-09-07,2038-09-09,278.35423282442747,276.699,786,harris_climate,climate_projection,Unweighted 2010-tract precipitation summary. Warming-window extremes are not calendar-year flood-frequency multipliers.
ACCESS-ESM1-5,ssp370,2.0,2049,2039,2058,20,1,2056,2056-10-24,2056-10-26,262.6385050890585,262.588,786,harris_climate,climate_projection,Unweighted 2010-tract precipitation summary. Warming-window extremes are not calendar-year flood-frequency multipliers.
ACCESS-ESM1-5,ssp370,2.0,2049,2039,2058,20,2,2056,2056-05-19,2056-05-21,275.04208396946564,276.631,786,harris_climate,climate_projection,Unweighted 2010-tract precipitation summary. Warming-window extremes are not calendar-year flood-frequency multipliers.
ACCESS-ESM1-5,ssp370,2.0,2049,2039,2058,20,3,2052,2052-10-26,2052-10-28,258.62090330788806,260.176,786,harris_climate,climate_projection,Unweighted 2010-tract precipitation summary. Warming-window extremes are not calendar-year flood-frequency multipliers.
ACCESS-ESM1-5,ssp370,2.0,2049,2039,2058,20,4,2039,2039-06-25,2039-06-27,248.9188638676845,248.6035,786,harris_climate,climate_projection,Unweighted 2010-tract precipitation summary. Warming-window extremes are not calendar-year flood-frequency multipliers.
ACCESS-ESM1-5,ssp370,2.0,2049,2039,2058,20,5,2058,2058-05-31,2058-06-02,235.58525699745545,237.041,786,harris_climate,climate_projection,Unweighted 2010-tract precipitation summary. Warming-window extremes are not calendar-year flood-frequency multipliers.
ACCESS-ESM1-5,ssp370,2.5,2058,2048,2067,20,1,2061,2061-10-05,2061-10-07,552.1256590330788,553.438,786,harris_climate,climate_projection,Unweighted 2010-tract precipitation summary. Warming-window extremes are not calendar-year flood-frequency multipliers.
ACCESS-ESM1-5,ssp370,2.5,2058,2048,2067,20,2,2066,2066-10-09,2066-10-11,323.35689567430023,325.76149999999996,786,harris_climate,climate_projection,Unweighted 2010-tract precipitation summary. Warming-window extremes are not calendar-year flood-frequency multipliers.
ACCESS-ESM1-5,ssp370,2.5,2058,2048,2067,20,3,2056,2056-10-24,2056-10-26,262.6385050890585,262.588,786,harris_climate,climate_projection,Unweighted 2010-tract precipitation summary. Warming-window extremes are not calendar-year flood-frequency multipliers.
ACCESS-ESM1-5,ssp370,2.5,2058,2048,2067,20,4,2056,2056-05-19,2056-05-21,275.04208396946564,276.631,786,harris_climate,climate_projection,Unweighted 2010-tract precipitation summary. Warming-window extremes are not calendar-year flood-frequency multipliers.
ACCESS-ESM1-5,ssp370,2.5,2058,2048,2067,20,5,2052,2052-10-26,2052-10-28,258.62090330788806,260.176,786,harris_climate,climate_projection,Unweighted 2010-tract precipitation summary. Warming-window extremes are not calendar-year flood-frequency multipliers.
ACCESS-ESM1-5,ssp370,3.0,2069,2059,2078,20,1,2061,2061-10-05,2061-10-07,552.1256590330788,553.438,786,harris_climate,climate_projection,Unweighted 2010-tract precipitation summary. Warming-window extremes are not calendar-year flood-frequency multipliers.
ACCESS-ESM1-5,ssp370,3.0,2069,2059,2078,20,2,2074,2074-10-02,2074-10-04,368.5352213740458,361.68,786,harris_climate,climate_projection,Unweighted 2010-tract precipitation summary. Warming-window extremes are not calendar-year flood-frequency multipliers.
ACCESS-ESM1-5,ssp370,3.0,2069,2059,2078,20,3,2069,2069-09-13,2069-09-15,340.6716399491094,340.156,786,harris_climate,climate_projection,Unweighted 2010-tract precipitation summary. Warming-window extremes are not calendar-year flood-frequency multipliers.
ACCESS-ESM1-5,ssp370,3.0,2069,2059,2078,20,4,2066,2066-10-09,2066-10-11,323.35689567430023,325.76149999999996,786,harris_climate,climate_projection,Unweighted 2010-tract precipitation summary. Warming-window extremes are not calendar-year flood-frequency multipliers.
ACCESS-ESM1-5,ssp370,3.0,2069,2059,2078,20,5,2076,2076-06-30,2076-07-02,324.18391984732824,317.68550000000005,786,harris_climate,climate_projection,Unweighted 2010-tract precipitation summary. Warming-window extremes are not calendar-year flood-frequency multipliers.
ACCESS-ESM1-5,ssp370,3.5,2081,2071,2090,20,1,2090,2090-10-29,2090-10-31,385.86175445292616,382.188,786,harris_climate,climate_projection,Unweighted 2010-tract precipitation summary. Warming-window extremes are not calendar-year flood-frequency multipliers.
ACCESS-ESM1-5,ssp370,3.5,2081,2071,2090,20,2,2074,2074-10-02,2074-10-04,368.5352213740458,361.68,786,harris_climate,climate_projection,Unweighted 2010-tract precipitation summary. Warming-window extremes are not calendar-year flood-frequency multipliers.
ACCESS-ESM1-5,ssp370,3.5,2081,2071,2090,20,3,2084,2084-06-26,2084-06-28,342.06931933842236,343.464,786,harris_climate,climate_projection,Unweighted 2010-tract precipitation summary. Warming-window extremes are not calendar-year flood-frequency multipliers.
ACCESS-ESM1-5,ssp370,3.5,2081,2071,2090,20,4,2076,2076-06-30,2076-07-02,324.18391984732824,317.68550000000005,786,harris_climate,climate_projection,Unweighted 2010-tract precipitation summary. Warming-window extremes are not calendar-year flood-frequency multipliers.
ACCESS-ESM1-5,ssp370,3.5,2081,2071,2090,20,5,2085,2085-09-17,2085-09-19,253.89401653944023,254.297,786,harris_climate,climate_projection,Unweighted 2010-tract precipitation summary. Warming-window extremes are not calendar-year flood-frequency multipliers.
ACCESS-ESM1-5,ssp585,1.0,2014,2004,2023,4,1,2020,2020-10-09,2020-10-11,286.4186704834606,288.457,786,harris_climate,climate_projection,Unweighted 2010-tract precipitation summary. Warming-window extremes are not calendar-year flood-frequency multipliers.
ACCESS-ESM1-5,ssp585,1.0,2014,2004,2023,4,2,2021,2021-06-26,2021-06-28,220.99264631043258,211.992,786,harris_climate,climate_projection,Unweighted 2010-tract precipitation summary. Warming-window extremes are not calendar-year flood-frequency multipliers.
ACCESS-ESM1-5,ssp585,1.0,2014,2004,2023,4,3,2022,2022-09-17,2022-09-19,203.11840966921122,199.131,786,harris_climate,climate_projection,Unweighted 2010-tract precipitation summary. Warming-window extremes are not calendar-year flood-frequency multipliers.
ACCESS-ESM1-5,ssp585,1.0,2014,2004,2023,4,4,2020,2020-09-17,2020-09-19,143.8779923664122,143.027,786,harris_climate,climate_projection,Unweighted 2010-tract precipitation summary. Warming-window extremes are not calendar-year flood-frequency multipliers.
ACCESS-ESM1-5,ssp585,1.0,2014,2004,2023,4,5,2022,2022-10-28,2022-10-30,137.58061577608143,137.227,786,harris_climate,climate_projection,Unweighted 2010-tract precipitation summary. Warming-window extremes are not calendar-year flood-frequency multipliers.
ACCESS-ESM1-5,ssp585,1.5,2028,2018,2037,18,1,2031,2031-09-27,2031-09-29,544.613858778626,532.52,786,harris_climate,climate_projection,Unweighted 2010-tract precipitation summary. Warming-window extremes are not calendar-year flood-frequency multipliers.
ACCESS-ESM1-5,ssp585,1.5,2028,2018,2037,18,2,2020,2020-10-09,2020-10-11,286.4186704834606,288.457,786,harris_climate,climate_projection,Unweighted 2010-tract precipitation summary. Warming-window extremes are not calendar-year flood-frequency multipliers.
ACCESS-ESM1-5,ssp585,1.5,2028,2018,2037,18,3,2024,2024-04-28,2024-04-30,248.23519974554708,247.583,786,harris_climate,climate_projection,Unweighted 2010-tract precipitation summary. Warming-window extremes are not calendar-year flood-frequency multipliers.
ACCESS-ESM1-5,ssp585,1.5,2028,2018,2037,18,4,2026,2026-04-19,2026-04-21,244.17244147582696,246.66500000000002,786,harris_climate,climate_projection,Unweighted 2010-tract precipitation summary. Warming-window extremes are not calendar-year flood-frequency multipliers.
ACCESS-ESM1-5,ssp585,1.5,2028,2018,2037,18,5,2030,2030-10-18,2030-10-20,240.12842875318066,242.60750000000002,786,harris_climate,climate_projection,Unweighted 2010-tract precipitation summary. Warming-window extremes are not calendar-year flood-frequency multipliers.
ACCESS-ESM1-5,ssp585,2.0,2039,2029,2048,20,1,2031,2031-09-27,2031-09-29,544.613858778626,532.52,786,harris_climate,climate_projection,Unweighted 2010-tract precipitation summary. Warming-window extremes are not calendar-year flood-frequency multipliers.
ACCESS-ESM1-5,ssp585,2.0,2039,2029,2048,20,2,2039,2039-06-29,2039-07-01,335.12246946564886,332.832,786,harris_climate,climate_projection,Unweighted 2010-tract precipitation summary. Warming-window extremes are not calendar-year flood-frequency multipliers.
ACCESS-ESM1-5,ssp585,2.0,2039,2029,2048,20,3,2041,2041-05-10,2041-05-12,295.65633842239185,295.71799999999996,786,harris_climate,climate_projection,Unweighted 2010-tract precipitation summary. Warming-window extremes are not calendar-year flood-frequency multipliers.
ACCESS-ESM1-5,ssp585,2.0,2039,2029,2048,20,4,2046,2046-06-05,2046-06-07,286.85505089058523,284.258,786,harris_climate,climate_projection,Unweighted 2010-tract precipitation summary. Warming-window extremes are not calendar-year flood-frequency multipliers.
ACCESS-ESM1-5,ssp585,2.0,2039,2029,2048,20,5,2042,2042-09-24,2042-09-26,255.71958269720102,247.3,786,harris_climate,climate_projection,Unweighted 2010-tract precipitation summary. Warming-window extremes are not calendar-year flood-frequency multipliers.
ACCESS-ESM1-5,ssp585,2.5,2050,2040,2059,20,1,2056,2056-09-27,2056-09-29,346.4857900763359,342.383,786,harris_climate,climate_projection,Unweighted 2010-tract precipitation summary. Warming-window extremes are not calendar-year flood-frequency multipliers.
ACCESS-ESM1-5,ssp585,2.5,2050,2040,2059,20,2,2041,2041-05-10,2041-05-12,295.65633842239185,295.71799999999996,786,harris_climate,climate_projection,Unweighted 2010-tract precipitation summary. Warming-window extremes are not calendar-year flood-frequency multipliers.
ACCESS-ESM1-5,ssp585,2.5,2050,2040,2059,20,3,2046,2046-06-05,2046-06-07,286.85505089058523,284.258,786,harris_climate,climate_projection,Unweighted 2010-tract precipitation summary. Warming-window extremes are not calendar-year flood-frequency multipliers.
ACCESS-ESM1-5,ssp585,2.5,2050,2040,2059,20,4,2042,2042-09-24,2042-09-26,255.71958269720102,247.3,786,harris_climate,climate_projection,Unweighted 2010-tract precipitation summary. Warming-window extremes are not calendar-year flood-frequency multipliers.
ACCESS-ESM1-5,ssp585,2.5,2050,2040,2059,20,5,2053,2053-10-09,2053-10-11,249.5559541984733,245.684,786,harris_climate,climate_projection,Unweighted 2010-tract precipitation summary. Warming-window extremes are not calendar-year flood-frequency multipliers.
ACCESS-ESM1-5,ssp585,3.0,2061,2051,2070,20,1,2056,2056-09-27,2056-09-29,346.4857900763359,342.383,786,harris_climate,climate_projection,Unweighted 2010-tract precipitation summary. Warming-window extremes are not calendar-year flood-frequency multipliers.
ACCESS-ESM1-5,ssp585,3.0,2061,2051,2070,20,2,2066,2066-06-06,2066-06-08,295.0554440203562,293.457,786,harris_climate,climate_projection,Unweighted 2010-tract precipitation summary. Warming-window extremes are not calendar-year flood-frequency multipliers.
ACCESS-ESM1-5,ssp585,3.0,2061,2051,2070,20,3,2066,2066-09-12,2066-09-14,260.7601183206107,249.824,786,harris_climate,climate_projection,Unweighted 2010-tract precipitation summary. Warming-window extremes are not calendar-year flood-frequency multipliers.
ACCESS-ESM1-5,ssp585,3.0,2061,2051,2070,20,4,2053,2053-10-09,2053-10-11,249.5559541984733,245.684,786,harris_climate,climate_projection,Unweighted 2010-tract precipitation summary. Warming-window extremes are not calendar-year flood-frequency multipliers.
ACCESS-ESM1-5,ssp585,3.0,2061,2051,2070,20,5,2066,2066-06-09,2066-06-11,245.11095292620865,245.605,786,harris_climate,climate_projection,Unweighted 2010-tract precipitation summary. Warming-window extremes are not calendar-year flood-frequency multipliers.
ACCESS-ESM1-5,ssp585,3.5,2070,2060,2079,20,1,2073,2073-08-05,2073-08-07,354.2499249363868,353.4575,786,harris_climate,climate_projection,Unweighted 2010-tract precipitation summary. Warming-window extremes are not calendar-year flood-frequency multipliers.
ACCESS-ESM1-5,ssp585,3.5,2070,2060,2079,20,2,2075,2075-11-14,2075-11-16,324.31620610687025,322.441,786,harris_climate,climate_projection,Unweighted 2010-tract precipitation summary. Warming-window extremes are not calendar-year flood-frequency multipliers.
ACCESS-ESM1-5,ssp585,3.5,2070,2060,2079,20,3,2075,2075-10-07,2075-10-09,310.42409669211196,309.414,786,harris_climate,climate_projection,Unweighted 2010-tract precipitation summary. Warming-window extremes are not calendar-year flood-frequency multipliers.
ACCESS-ESM1-5,ssp585,3.5,2070,2060,2079,20,4,2066,2066-06-06,2066-06-08,295.0554440203562,293.457,786,harris_climate,climate_projection,Unweighted 2010-tract precipitation summary. Warming-window extremes are not calendar-year flood-frequency multipliers.
ACCESS-ESM1-5,ssp585,3.5,2070,2060,2079,20,5,2066,2066-09-12,2066-09-14,260.7601183206107,249.824,786,harris_climate,climate_projection,Unweighted 2010-tract precipitation summary. Warming-window extremes are not calendar-year flood-frequency multipliers.
ACCESS-ESM1-5,ssp585,4.0,2078,2068,2087,20,1,2073,2073-08-05,2073-08-07,354.2499249363868,353.4575,786,harris_climate,climate_projection,Unweighted 2010-tract precipitation summary. Warming-window extremes are not calendar-year flood-frequency multipliers.
ACCESS-ESM1-5,ssp585,4.0,2078,2068,2087,20,2,2075,2075-11-14,2075-11-16,324.31620610687025,322.441,786,harris_climate,climate_projection,Unweighted 2010-tract precipitation summary. Warming-window extremes are not calendar-year flood-frequency multipliers.
ACCESS-ESM1-5,ssp585,4.0,2078,2068,2087,20,3,2085,2085-06-15,2085-06-17,328.2868256997456,327.783,786,harris_climate,climate_projection,Unweighted 2010-tract precipitation summary. Warming-window extremes are not calendar-year flood-frequency multipliers.
ACCESS-ESM1-5,ssp585,4.0,2078,2068,2087,20,4,2075,2075-10-07,2075-10-09,310.42409669211196,309.414,786,harris_climate,climate_projection,Unweighted 2010-tract precipitation summary. Warming-window extremes are not calendar-year flood-frequency multipliers.
ACCESS-ESM1-5,ssp585,4.0,2078,2068,2087,20,5,2073,2073-04-28,2073-04-30,228.93807888040712,228.30700000000002,786,harris_climate,climate_projection,Unweighted 2010-tract precipitation summary. Warming-window extremes are not calendar-year flood-frequency multipliers.
BCC-CSM2-MR,ssp126,1.0,2018,2008,2027,8,1,2023,2023-10-04,2023-10-06,329.54115776081426,337.09,786,harris_climate,climate_projection,Unweighted 2010-tract precipitation summary. Warming-window extremes are not calendar-year flood-frequency multipliers.
BCC-CSM2-MR,ssp126,1.0,2018,2008,2027,8,2,2025,2025-07-02,2025-07-04,253.73036641221373,252.812,786,harris_climate,climate_projection,Unweighted 2010-tract precipitation summary. Warming-window extremes are not calendar-year flood-frequency multipliers.
BCC-CSM2-MR,ssp126,1.0,2018,2008,2027,8,3,2025,2025-09-10,2025-09-12,237.26453180661576,230.859,786,harris_climate,climate_projection,Unweighted 2010-tract precipitation summary. Warming-window extremes are not calendar-year flood-frequency multipliers.
BCC-CSM2-MR,ssp126,1.0,2018,2008,2027,8,4,2022,2022-09-10,2022-09-12,138.87498473282443,138.2225,786,harris_climate,climate_projection,Unweighted 2010-tract precipitation summary. Warming-window extremes are not calendar-year flood-frequency multipliers.
BCC-CSM2-MR,ssp126,1.0,2018,2008,2027,8,5,2027,2027-06-10,2027-06-12,123.39521501272264,122.09,786,harris_climate,climate_projection,Unweighted 2010-tract precipitation summary. Warming-window extremes are not calendar-year flood-frequency multipliers.
BCC-CSM2-MR,ssp126,1.5,2041,2031,2050,20,1,2036,2036-09-20,2036-09-22,307.14270356234096,311.7985,786,harris_climate,climate_projection,Unweighted 2010-tract precipitation summary. Warming-window extremes are not calendar-year flood-frequency multipliers.
BCC-CSM2-MR,ssp126,1.5,2041,2031,2050,20,2,2046,2046-07-14,2046-07-16,210.96984096692114,194.512,786,harris_climate,climate_projection,Unweighted 2010-tract precipitation summary. Warming-window extremes are not calendar-year flood-frequency multipliers.
BCC-CSM2-MR,ssp126,1.5,2041,2031,2050,20,3,2032,2032-04-30,2032-05-02,191.6769961832061,191.494,786,harris_climate,climate_projection,Unweighted 2010-tract precipitation summary. Warming-window extremes are not calendar-year flood-frequency multipliers.
BCC-CSM2-MR,ssp126,1.5,2041,2031,2050,20,4,2039,2039-09-08,2039-09-10,165.48543511450382,165.9505,786,harris_climate,climate_projection,Unweighted 2010-tract precipitation summary. Warming-window extremes are not calendar-year flood-frequency multipliers.
BCC-CSM2-MR,ssp126,1.5,2041,2031,2050,20,5,2049,2049-04-22,2049-04-24,160.30605470737913,161.0645,786,harris_climate,climate_projection,Unweighted 2010-tract precipitation summary. Warming-window extremes are not calendar-year flood-frequency multipliers.
BCC-CSM2-MR,ssp245,1.0,2019,2009,2028,9,1,2022,2022-08-29,2022-08-31,233.69308651399493,232.832,786,harris_climate,climate_projection,Unweighted 2010-tract precipitation summary. Warming-window extremes are not calendar-year flood-frequency multipliers.
BCC-CSM2-MR,ssp245,1.0,2019,2009,2028,9,2,2026,2026-09-21,2026-09-23,213.1544961832061,212.201,786,harris_climate,climate_projection,Unweighted 2010-tract precipitation summary. Warming-window extremes are not calendar-year flood-frequency multipliers.
BCC-CSM2-MR,ssp245,1.0,2019,2009,2028,9,3,2028,2028-06-26,2028-06-28,171.3390941475827,169.316,786,harris_climate,climate_projection,Unweighted 2010-tract precipitation summary. Warming-window extremes are not calendar-year flood-frequency multipliers.
BCC-CSM2-MR,ssp245,1.0,2019,2009,2028,9,4,2027,2027-10-03,2027-10-05,162.22979389312977,161.348,786,harris_climate,climate_projection,Unweighted 2010-tract precipitation summary. Warming-window extremes are not calendar-year flood-frequency multipliers.
BCC-CSM2-MR,ssp245,1.0,2019,2009,2028,9,5,2028,2028-06-30,2028-07-02,167.15822264631043,160.6535,786,harris_climate,climate_projection,Unweighted 2010-tract precipitation summary. Warming-window extremes are not calendar-year flood-frequency multipliers.
BCC-CSM2-MR,ssp245,1.5,2035,2025,2044,20,1,2030,2030-09-04,2030-09-06,394.90983842239183,394.922,786,harris_climate,climate_projection,Unweighted 2010-tract precipitation summary. Warming-window extremes are not calendar-year flood-frequency multipliers.
BCC-CSM2-MR,ssp245,1.5,2035,2025,2044,20,2,2031,2031-09-18,2031-09-20,330.13804707379137,328.6375,786,harris_climate,climate_projection,Unweighted 2010-tract precipitation summary. Warming-window extremes are not calendar-year flood-frequency multipliers.
BCC-CSM2-MR,ssp245,1.5,2035,2025,2044,20,3,2029,2029-08-26,2029-08-28,275.64582569974556,275.9445,786,harris_climate,climate_projection,Unweighted 2010-tract precipitation summary. Warming-window extremes are not calendar-year flood-frequency multipliers.
BCC-CSM2-MR,ssp245,1.5,2035,2025,2044,20,4,2037,2037-10-06,2037-10-08,266.90337150127226,260.3175,786,harris_climate,climate_projection,Unweighted 2010-tract precipitation summary. Warming-window extremes are not calendar-year flood-frequency multipliers.
BCC-CSM2-MR,ssp245,1.5,2035,2025,2044,20,5,2035,2035-09-13,2035-09-15,249.2185038167939,241.133,786,harris_climate,climate_projection,Unweighted 2010-tract precipitation summary. Warming-window extremes are not calendar-year flood-frequency multipliers.
BCC-CSM2-MR,ssp245,2.0,2057,2047,2066,20,1,2059,2059-08-28,2059-08-30,324.19764503816793,323.8035,786,harris_climate,climate_projection,Unweighted 2010-tract precipitation summary. Warming-window extremes are not calendar-year flood-frequency multipliers.
BCC-CSM2-MR,ssp245,2.0,2057,2047,2066,20,2,2058,2058-07-05,2058-07-07,203.28733969465648,202.168,786,harris_climate,climate_projection,Unweighted 2010-tract precipitation summary. Warming-window extremes are not calendar-year flood-frequency multipliers.
BCC-CSM2-MR,ssp245,2.0,2057,2047,2066,20,3,2063,2063-11-01,2063-11-03,185.62257633587785,185.127,786,harris_climate,climate_projection,Unweighted 2010-tract precipitation summary. Warming-window extremes are not calendar-year flood-frequency multipliers.
BCC-CSM2-MR,ssp245,2.0,2057,2047,2066,20,4,2054,2054-01-05,2054-01-07,178.67142875318063,178.008,786,harris_climate,climate_projection,Unweighted 2010-tract precipitation summary. Warming-window extremes are not calendar-year flood-frequency multipliers.
BCC-CSM2-MR,ssp245,2.0,2057,2047,2066,20,5,2057,2057-10-08,2057-10-10,173.84234860050893,173.652,786,harris_climate,climate_projection,Unweighted 2010-tract precipitation summary. Warming-window extremes are not calendar-year flood-frequency multipliers.
BCC-CSM2-MR,ssp370,1.0,2018,2008,2027,8,1,2022,2022-09-11,2022-09-13,269.692786259542,270.698,786,harris_climate,climate_projection,Unweighted 2010-tract precipitation summary. Warming-window extremes are not calendar-year flood-frequency multipliers.
BCC-CSM2-MR,ssp370,1.0,2018,2008,2027,8,2,2021,2021-11-19,2021-11-21,194.73298218829518,190.921,786,harris_climate,climate_projection,Unweighted 2010-tract precipitation summary. Warming-window extremes are not calendar-year flood-frequency multipliers.
BCC-CSM2-MR,ssp370,1.0,2018,2008,2027,8,3,2021,2021-05-02,2021-05-04,177.3408027989822,175.215,786,harris_climate,climate_projection,Unweighted 2010-tract precipitation summary. Warming-window extremes are not calendar-year flood-frequency multipliers.
BCC-CSM2-MR,ssp370,1.0,2018,2008,2027,8,4,2023,2023-11-06,2023-11-08,142.94995165394403,141.484,786,harris_climate,climate_projection,Unweighted 2010-tract precipitation summary. Warming-window extremes are not calendar-year flood-frequency multipliers.
BCC-CSM2-MR,ssp370,1.0,2018,2008,2027,8,5,2021,2021-11-01,2021-11-03,141.42783969465648,143.867,786,harris_climate,climate_projection,Unweighted 2010-tract precipitation summary. Warming-window extremes are not calendar-year flood-frequency multipliers.
BCC-CSM2-MR,ssp370,1.5,2033,2023,2042,20,1,2040,2040-09-04,2040-09-06,560.8114987277354,560.0,786,harris_climate,climate_projection,Unweighted 2010-tract precipitation summary. Warming-window extremes are not calendar-year flood-frequency multipliers.
BCC-CSM2-MR,ssp370,1.5,2033,2023,2042,20,2,2035,2035-07-08,2035-07-10,487.49909160305344,486.152,786,harris_climate,climate_projection,Unweighted 2010-tract precipitation summary. Warming-window extremes are not calendar-year flood-frequency multipliers.
BCC-CSM2-MR,ssp370,1.5,2033,2023,2042,20,3,2038,2038-09-20,2038-09-22,343.526262086514,346.87149999999997,786,harris_climate,climate_projection,Unweighted 2010-tract precipitation summary. Warming-window extremes are not calendar-year flood-frequency multipliers.
BCC-CSM2-MR,ssp370,1.5,2033,2023,2042,20,4,2038,2038-03-16,2038-03-18,300.4005941475827,298.203,786,harris_climate,climate_projection,Unweighted 2010-tract precipitation summary. Warming-window extremes are not calendar-year flood-frequency multipliers.
BCC-CSM2-MR,ssp370,1.5,2033,2023,2042,20,5,2029,2029-10-12,2029-10-14,235.44677735368955,238.359,786,harris_climate,climate_projection,Unweighted 2010-tract precipitation summary. Warming-window extremes are not calendar-year flood-frequency multipliers.
BCC-CSM2-MR,ssp370,2.0,2047,2037,2056,20,1,2040,2040-09-04,2040-09-06,560.8114987277354,560.0,786,harris_climate,climate_projection,Unweighted 2010-tract precipitation summary. Warming-window extremes are not calendar-year flood-frequency multipliers.
BCC-CSM2-MR,ssp370,2.0,2047,2037,2056,20,2,2055,2055-05-26,2055-05-28,455.6885547073792,451.04999999999995,786,harris_climate,climate_projection,Unweighted 2010-tract precipitation summary. Warming-window extremes are not calendar-year flood-frequency multipliers.
BCC-CSM2-MR,ssp370,2.0,2047,2037,2056,20,3,2038,2038-09-20,2038-09-22,343.526262086514,346.87149999999997,786,harris_climate,climate_projection,Unweighted 2010-tract precipitation summary. Warming-window extremes are not calendar-year flood-frequency multipliers.
BCC-CSM2-MR,ssp370,2.0,2047,2037,2056,20,4,2038,2038-03-16,2038-03-18,300.4005941475827,298.203,786,harris_climate,climate_projection,Unweighted 2010-tract precipitation summary. Warming-window extremes are not calendar-year flood-frequency multipliers.
BCC-CSM2-MR,ssp370,2.0,2047,2037,2056,20,5,2043,2043-09-02,2043-09-04,280.47646946564885,281.3835,786,harris_climate,climate_projection,Unweighted 2010-tract precipitation summary. Warming-window extremes are not calendar-year flood-frequency multipliers.
BCC-CSM2-MR,ssp370,2.5,2061,2051,2070,20,1,2059,2059-09-30,2059-10-02,793.1076234096691,799.102,786,harris_climate,climate_projection,Unweighted 2010-tract precipitation summary. Warming-window extremes are not calendar-year flood-frequency multipliers.
BCC-CSM2-MR,ssp370,2.5,2061,2051,2070,20,2,2067,2067-07-19,2067-07-21,507.38984860050886,502.6755,786,harris_climate,climate_projection,Unweighted 2010-tract precipitation summary. Warming-window extremes are not calendar-year flood-frequency multipliers.
BCC-CSM2-MR,ssp370,2.5,2061,2051,2070,20,3,2055,2055-05-26,2055-05-28,455.6885547073792,451.04999999999995,786,harris_climate,climate_projection,Unweighted 2010-tract precipitation summary. Warming-window extremes are not calendar-year flood-frequency multipliers.
BCC-CSM2-MR,ssp370,2.5,2061,2051,2070,20,4,2060,2060-05-27,2060-05-29,290.3233727735369,291.445,786,harris_climate,climate_projection,Unweighted 2010-tract precipitation summary. Warming-window extremes are not calendar-year flood-frequency multipliers.
BCC-CSM2-MR,ssp370,2.5,2061,2051,2070,20,5,2062,2062-10-16,2062-10-18,266.192072519084,267.0165,786,harris_climate,climate_projection,Unweighted 2010-tract precipitation summary. Warming-window extremes are not calendar-year flood-frequency multipliers.
BCC-CSM2-MR,ssp370,3.0,2074,2064,2083,20,1,2067,2067-07-19,2067-07-21,507.38984860050886,502.6755,786,harris_climate,climate_projection,Unweighted 2010-tract precipitation summary. Warming-window extremes are not calendar-year flood-frequency multipliers.
BCC-CSM2-MR,ssp370,3.0,2074,2064,2083,20,2,2075,2075-10-17,2075-10-19,205.82928880407124,206.445,786,harris_climate,climate_projection,Unweighted 2010-tract precipitation summary. Warming-window extremes are not calendar-year flood-frequency multipliers.
BCC-CSM2-MR,ssp370,3.0,2074,2064,2083,20,3,2079,2079-11-15,2079-11-17,196.44099745547075,197.734,786,harris_climate,climate_projection,Unweighted 2010-tract precipitation summary. Warming-window extremes are not calendar-year flood-frequency multipliers.
BCC-CSM2-MR,ssp370,3.0,2074,2064,2083,20,4,2070,2070-10-02,2070-10-04,198.30555470737914,198.535,786,harris_climate,climate_projection,Unweighted 2010-tract precipitation summary. Warming-window extremes are not calendar-year flood-frequency multipliers.
BCC-CSM2-MR,ssp370,3.0,2074,2064,2083,20,5,2070,2070-03-22,2070-03-24,193.35965139949107,192.324,786,harris_climate,climate_projection,Unweighted 2010-tract precipitation summary. Warming-window extremes are not calendar-year flood-frequency multipliers.
BCC-CSM2-MR,ssp370,3.5,2087,2077,2096,20,1,2084,2084-11-07,2084-11-09,370.08520483460563,372.6885,786,harris_climate,climate_projection,Unweighted 2010-tract precipitation summary. Warming-window extremes are not calendar-year flood-frequency multipliers.
BCC-CSM2-MR,ssp370,3.5,2087,2077,2096,20,2,2085,2085-08-24,2085-08-26,334.2581284987278,331.6995,786,harris_climate,climate_projection,Unweighted 2010-tract precipitation summary. Warming-window extremes are not calendar-year flood-frequency multipliers.
BCC-CSM2-MR,ssp370,3.5,2087,2077,2096,20,3,2088,2088-08-27,2088-08-29,287.47234223918576,284.375,786,harris_climate,climate_projection,Unweighted 2010-tract precipitation summary. Warming-window extremes are not calendar-year flood-frequency multipliers.
BCC-CSM2-MR,ssp370,3.5,2087,2077,2096,20,4,2079,2079-11-15,2079-11-17,196.44099745547075,197.734,786,harris_climate,climate_projection,Unweighted 2010-tract precipitation summary. Warming-window extremes are not calendar-year flood-frequency multipliers.
BCC-CSM2-MR,ssp370,3.5,2087,2077,2096,20,5,2095,2095-01-07,2095-01-09,198.04015267175572,197.78300000000002,786,harris_climate,climate_projection,Unweighted 2010-tract precipitation summary. Warming-window extremes are not calendar-year flood-frequency multipliers.
BCC-CSM2-MR,ssp585,1.0,2017,2007,2026,7,1,2020,2020-09-23,2020-09-25,258.12769465648853,248.047,786,harris_climate,climate_projection,Unweighted 2010-tract precipitation summary. Warming-window extremes are not calendar-year flood-frequency multipliers.
BCC-CSM2-MR,ssp585,1.0,2017,2007,2026,7,2,2021,2021-05-10,2021-05-12,211.52058778625954,211.7485,786,harris_climate,climate_projection,Unweighted 2010-tract precipitation summary. Warming-window extremes are not calendar-year flood-frequency multipliers.
BCC-CSM2-MR,ssp585,1.0,2017,2007,2026,7,3,2023,2023-09-24,2023-09-26,184.43294529262087,180.762,786,harris_climate,climate_projection,Unweighted 2010-tract precipitation summary. Warming-window extremes are not calendar-year flood-frequency multipliers.
BCC-CSM2-MR,ssp585,1.0,2017,2007,2026,7,4,2025,2025-01-25,2025-01-27,187.67584223918576,186.992,786,harris_climate,climate_projection,Unweighted 2010-tract precipitation summary. Warming-window extremes are not calendar-year flood-frequency multipliers.
BCC-CSM2-MR,ssp585,1.0,2017,2007,2026,7,5,2023,2023-06-05,2023-06-07,141.90431043256999,143.296,786,harris_climate,climate_projection,Unweighted 2010-tract precipitation summary. Warming-window extremes are not calendar-year flood-frequency multipliers.
BCC-CSM2-MR,ssp585,1.5,2031,2021,2040,20,1,2039,2039-10-07,2039-10-09,351.9638142493639,355.37800000000004,786,harris_climate,climate_projection,Unweighted 2010-tract precipitation summary. Warming-window extremes are not calendar-year flood-frequency multipliers.
BCC-CSM2-MR,ssp585,1.5,2031,2021,2040,20,2,2031,2031-04-23,2031-04-25,285.8358269720102,287.852,786,harris_climate,climate_projection,Unweighted 2010-tract precipitation summary. Warming-window extremes are not calendar-year flood-frequency multipliers.
BCC-CSM2-MR,ssp585,1.5,2031,2021,2040,20,3,2034,2034-09-27,2034-09-29,239.82520737913487,234.746,786,harris_climate,climate_projection,Unweighted 2010-tract precipitation summary. Warming-window extremes are not calendar-year flood-frequency multipliers.
BCC-CSM2-MR,ssp585,1.5,2031,2021,2040,20,4,2036,2036-09-04,2036-09-06,241.9638638676845,241.523,786,harris_climate,climate_projection,Unweighted 2010-tract precipitation summary. Warming-window extremes are not calendar-year flood-frequency multipliers.
BCC-CSM2-MR,ssp585,1.5,2031,2021,2040,20,5,2028,2028-01-13,2028-01-15,229.50386259541983,233.516,786,harris_climate,climate_projection,Unweighted 2010-tract precipitation summary. Warming-window extremes are not calendar-year flood-frequency multipliers.
BCC-CSM2-MR,ssp585,2.0,2043,2033,2052,20,1,2048,2048-08-28,2048-08-30,381.24066666666664,378.97450000000003,786,harris_climate,climate_projection,Unweighted 2010-tract precipitation summary. Warming-window extremes are not calendar-year flood-frequency multipliers.
BCC-CSM2-MR,ssp585,2.0,2043,2033,2052,20,2,2039,2039-10-07,2039-10-09,351.9638142493639,355.37800000000004,786,harris_climate,climate_projection,Unweighted 2010-tract precipitation summary. Warming-window extremes are not calendar-year flood-frequency multipliers.
BCC-CSM2-MR,ssp585,2.0,2043,2033,2052,20,3,2049,2049-05-26,2049-05-28,337.50160305343513,337.0115,786,harris_climate,climate_projection,Unweighted 2010-tract precipitation summary. Warming-window extremes are not calendar-year flood-frequency multipliers.
BCC-CSM2-MR,ssp585,2.0,2043,2033,2052,20,4,2049,2049-06-15,2049-06-17,335.71413358778625,331.03499999999997,786,harris_climate,climate_projection,Unweighted 2010-tract precipitation summary. Warming-window extremes are not calendar-year flood-frequency multipliers.
BCC-CSM2-MR,ssp585,2.0,2043,2033,2052,20,5,2042,2042-03-26,2042-03-28,317.0451526717557,318.77,786,harris_climate,climate_projection,Unweighted 2010-tract precipitation summary. Warming-window extremes are not calendar-year flood-frequency multipliers.
BCC-CSM2-MR,ssp585,2.5,2054,2044,2063,20,1,2048,2048-08-28,2048-08-30,381.24066666666664,378.97450000000003,786,harris_climate,climate_projection,Unweighted 2010-tract precipitation summary. Warming-window extremes are not calendar-year flood-frequency multipliers.
BCC-CSM2-MR,ssp585,2.5,2054,2044,2063,20,2,2053,2053-09-17,2053-09-19,366.0324821882952,363.1055,786,harris_climate,climate_projection,Unweighted 2010-tract precipitation summary. Warming-window extremes are not calendar-year flood-frequency multipliers.
BCC-CSM2-MR,ssp585,2.5,2054,2044,2063,20,3,2049,2049-05-26,2049-05-28,337.50160305343513,337.0115,786,harris_climate,climate_projection,Unweighted 2010-tract precipitation summary. Warming-window extremes are not calendar-year flood-frequency multipliers.
BCC-CSM2-MR,ssp585,2.5,2054,2044,2063,20,4,2049,2049-06-15,2049-06-17,335.71413358778625,331.03499999999997,786,harris_climate,climate_projection,Unweighted 2010-tract precipitation summary. Warming-window extremes are not calendar-year flood-frequency multipliers.
BCC-CSM2-MR,ssp585,2.5,2054,2044,2063,20,5,2060,2060-10-07,2060-10-09,260.727868956743,255.586,786,harris_climate,climate_projection,Unweighted 2010-tract precipitation summary. Warming-window extremes are not calendar-year flood-frequency multipliers.
BCC-CSM2-MR,ssp585,3.0,2065,2055,2074,20,1,2068,2068-05-13,2068-05-15,360.7227773536896,364.355,786,harris_climate,climate_projection,Unweighted 2010-tract precipitation summary. Warming-window extremes are not calendar-year flood-frequency multipliers.
BCC-CSM2-MR,ssp585,3.0,2065,2055,2074,20,2,2067,2067-10-05,2067-10-07,256.1467798982188,253.15249999999997,786,harris_climate,climate_projection,Unweighted 2010-tract precipitation summary. Warming-window extremes are not calendar-year flood-frequency multipliers.
BCC-CSM2-MR,ssp585,3.0,2065,2055,2074,20,3,2060,2060-10-07,2060-10-09,260.727868956743,255.586,786,harris_climate,climate_projection,Unweighted 2010-tract precipitation summary. Warming-window extremes are not calendar-year flood-frequency multipliers.
BCC-CSM2-MR,ssp585,3.0,2065,2055,2074,20,4,2059,2059-11-20,2059-11-22,213.8922417302799,216.41250000000002,786,harris_climate,climate_projection,Unweighted 2010-tract precipitation summary. Warming-window extremes are not calendar-year flood-frequency multipliers.
BCC-CSM2-MR,ssp585,3.0,2065,2055,2074,20,5,2057,2057-03-02,2057-03-04,189.8663193384224,188.3495,786,harris_climate,climate_projection,Unweighted 2010-tract precipitation summary. Warming-window extremes are not calendar-year flood-frequency multipliers.
BCC-CSM2-MR,ssp585,3.5,2078,2068,2087,20,1,2068,2068-05-13,2068-05-15,360.7227773536896,364.355,786,harris_climate,climate_projection,Unweighted 2010-tract precipitation summary. Warming-window extremes are not calendar-year flood-frequency multipliers.
BCC-CSM2-MR,ssp585,3.5,2078,2068,2087,20,2,2076,2076-03-29,2076-03-31,257.3077201017812,258.281,786,harris_climate,climate_projection,Unweighted 2010-tract precipitation summary. Warming-window extremes are not calendar-year flood-frequency multipliers.
BCC-CSM2-MR,ssp585,3.5,2078,2068,2087,20,3,2080,2080-08-30,2080-09-01,206.41503816793895,204.902,786,harris_climate,climate_projection,Unweighted 2010-tract precipitation summary. Warming-window extremes are not calendar-year flood-frequency multipliers.
BCC-CSM2-MR,ssp585,3.5,2078,2068,2087,20,4,2072,2072-10-14,2072-10-16,185.0703193384224,183.799,786,harris_climate,climate_projection,Unweighted 2010-tract precipitation summary. Warming-window extremes are not calendar-year flood-frequency multipliers.
BCC-CSM2-MR,ssp585,3.5,2078,2068,2087,20,5,2084,2084-10-23,2084-10-25,174.95741984732825,175.605,786,harris_climate,climate_projection,Unweighted 2010-tract precipitation summary. Warming-window extremes are not calendar-year flood-frequency multipliers.
CMCC-ESM2,ssp245,1.5,2031,2021,2040,20,1,2032,2032-07-14,2032-07-16,334.799655216285,333.587,786,harris_climate,climate_projection,Unweighted 2010-tract precipitation summary. Warming-window extremes are not calendar-year flood-frequency multipliers.
CMCC-ESM2,ssp245,1.5,2031,2021,2040,20,2,2037,2037-03-07,2037-03-09,190.39939567430025,193.203,786,harris_climate,climate_projection,Unweighted 2010-tract precipitation summary. Warming-window extremes are not calendar-year flood-frequency multipliers.
CMCC-ESM2,ssp245,1.5,2031,2021,2040,20,3,2022,2022-06-05,2022-06-07,166.8495165394402,169.102,786,harris_climate,climate_projection,Unweighted 2010-tract precipitation summary. Warming-window extremes are not calendar-year flood-frequency multipliers.
CMCC-ESM2,ssp245,1.5,2031,2021,2040,20,4,2022,2022-10-19,2022-10-21,161.42199618320612,161.149,786,harris_climate,climate_projection,Unweighted 2010-tract precipitation summary. Warming-window extremes are not calendar-year flood-frequency multipliers.
CMCC-ESM2,ssp245,1.5,2031,2021,2040,20,5,2037,2037-06-09,2037-06-11,158.8810534351145,159.844,786,harris_climate,climate_projection,Unweighted 2010-tract precipitation summary. Warming-window extremes are not calendar-year flood-frequency multipliers.
CMCC-ESM2,ssp245,2.0,2041,2031,2050,20,1,2032,2032-07-14,2032-07-16,334.799655216285,333.587,786,harris_climate,climate_projection,Unweighted 2010-tract precipitation summary. Warming-window extremes are not calendar-year flood-frequency multipliers.
CMCC-ESM2,ssp245,2.0,2041,2031,2050,20,2,2050,2050-10-18,2050-10-20,234.91183078880405,235.469,786,harris_climate,climate_projection,Unweighted 2010-tract precipitation summary. Warming-window extremes are not calendar-year flood-frequency multipliers.
CMCC-ESM2,ssp245,2.0,2041,2031,2050,20,3,2041,2041-04-04,2041-04-06,218.20748854961835,216.8555,786,harris_climate,climate_projection,Unweighted 2010-tract precipitation summary. Warming-window extremes are not calendar-year flood-frequency multipliers.
CMCC-ESM2,ssp245,2.0,2041,2031,2050,20,4,2037,2037-03-07,2037-03-09,190.39939567430025,193.203,786,harris_climate,climate_projection,Unweighted 2010-tract precipitation summary. Warming-window extremes are not calendar-year flood-frequency multipliers.
CMCC-ESM2,ssp245,2.0,2041,2031,2050,20,5,2044,2044-06-02,2044-06-04,178.77887277353688,178.042,786,harris_climate,climate_projection,Unweighted 2010-tract precipitation summary. Warming-window extremes are not calendar-year flood-frequency multipliers.
CMCC-ESM2,ssp245,2.5,2052,2042,2061,20,1,2054,2054-08-01,2054-08-03,335.37395547073794,338.4345,786,harris_climate,climate_projection,Unweighted 2010-tract precipitation summary. Warming-window extremes are not calendar-year flood-frequency multipliers.
CMCC-ESM2,ssp245,2.5,2052,2042,2061,20,2,2050,2050-10-18,2050-10-20,234.91183078880405,235.469,786,harris_climate,climate_projection,Unweighted 2010-tract precipitation summary. Warming-window extremes are not calendar-year flood-frequency multipliers.
CMCC-ESM2,ssp245,2.5,2052,2042,2061,20,3,2044,2044-06-02,2044-06-04,178.77887277353688,178.042,786,harris_climate,climate_projection,Unweighted 2010-tract precipitation summary. Warming-window extremes are not calendar-year flood-frequency multipliers.
CMCC-ESM2,ssp245,2.5,2052,2042,2061,20,4,2050,2050-08-16,2050-08-18,168.33467430025445,167.5195,786,harris_climate,climate_projection,Unweighted 2010-tract precipitation summary. Warming-window extremes are not calendar-year flood-frequency multipliers.
CMCC-ESM2,ssp245,2.5,2052,2042,2061,20,5,2051,2051-05-28,2051-05-30,137.2927875318066,139.3165,786,harris_climate,climate_projection,Unweighted 2010-tract precipitation summary. Warming-window extremes are not calendar-year flood-frequency multipliers.
CMCC-ESM2,ssp245,3.0,2065,2055,2074,20,1,2073,2073-05-19,2073-05-21,202.42617430025444,196.27,786,harris_climate,climate_projection,Unweighted 2010-tract precipitation summary. Warming-window extremes are not calendar-year flood-frequency multipliers.
CMCC-ESM2,ssp245,3.0,2065,2055,2074,20,2,2071,2071-06-22,2071-06-24,168.43201017811705,169.727,786,harris_climate,climate_projection,Unweighted 2010-tract precipitation summary. Warming-window extremes are not calendar-year flood-frequency multipliers.
CMCC-ESM2,ssp245,3.0,2065,2055,2074,20,3,2066,2066-11-24,2066-11-26,160.31628371501273,155.391,786,harris_climate,climate_projection,Unweighted 2010-tract precipitation summary. Warming-window extremes are not calendar-year flood-frequency multipliers.
CMCC-ESM2,ssp245,3.0,2065,2055,2074,20,4,2063,2063-04-21,2063-04-23,164.70171882951655,163.7955,786,harris_climate,climate_projection,Unweighted 2010-tract precipitation summary. Warming-window extremes are not calendar-year flood-frequency multipliers.
CMCC-ESM2,ssp245,3.0,2065,2055,2074,20,5,2066,2066-05-16,2066-05-18,157.67839694656487,156.8505,786,harris_climate,climate_projection,Unweighted 2010-tract precipitation summary. Warming-window extremes are not calendar-year flood-frequency multipliers.
CMCC-ESM2,ssp245,3.5,2086,2076,2095,20,1,2078,2078-06-26,2078-06-28,502.1052442748092,509.375,786,harris_climate,climate_projection,Unweighted 2010-tract precipitation summary. Warming-window extremes are not calendar-year flood-frequency multipliers.
CMCC-ESM2,ssp245,3.5,2086,2076,2095,20,2,2085,2085-06-01,2085-06-03,393.59186641221373,394.17,786,harris_climate,climate_projection,Unweighted 2010-tract precipitation summary. Warming-window extremes are not calendar-year flood-frequency multipliers.
CMCC-ESM2,ssp245,3.5,2086,2076,2095,20,3,2081,2081-06-13,2081-06-15,314.391475826972,313.32,786,harris_climate,climate_projection,Unweighted 2010-tract precipitation summary. Warming-window extremes are not calendar-year flood-frequency multipliers.
CMCC-ESM2,ssp245,3.5,2086,2076,2095,20,4,2084,2084-08-27,2084-08-29,318.16337531806613,317.041,786,harris_climate,climate_projection,Unweighted 2010-tract precipitation summary. Warming-window extremes are not calendar-year flood-frequency multipliers.
CMCC-ESM2,ssp245,3.5,2086,2076,2095,20,5,2089,2089-09-30,2089-10-02,258.34281297709924,252.617,786,harris_climate,climate_projection,Unweighted 2010-tract precipitation summary. Warming-window extremes are not calendar-year flood-frequency multipliers.
CMCC-ESM2,ssp585,1.5,2029,2019,2038,19,1,2026,2026-06-18,2026-06-20,206.72908269720102,207.07049999999998,786,harris_climate,climate_projection,Unweighted 2010-tract precipitation summary. Warming-window extremes are not calendar-year flood-frequency multipliers.
CMCC-ESM2,ssp585,1.5,2029,2019,2038,19,2,2032,2032-08-29,2032-08-31,210.62833460559798,206.019,786,harris_climate,climate_projection,Unweighted 2010-tract precipitation summary. Warming-window extremes are not calendar-year flood-frequency multipliers.
CMCC-ESM2,ssp585,1.5,2029,2019,2038,19,3,2028,2028-02-12,2028-02-14,205.87795419847328,209.90699999999998,786,harris_climate,climate_projection,Unweighted 2010-tract precipitation summary. Warming-window extremes are not calendar-year flood-frequency multipliers.
CMCC-ESM2,ssp585,1.5,2029,2019,2038,19,4,2036,2036-07-21,2036-07-23,195.3017837150127,195.117,786,harris_climate,climate_projection,Unweighted 2010-tract precipitation summary. Warming-window extremes are not calendar-year flood-frequency multipliers.
CMCC-ESM2,ssp585,1.5,2029,2019,2038,19,5,2036,2036-04-17,2036-04-19,176.9704427480916,178.9355,786,harris_climate,climate_projection,Unweighted 2010-tract precipitation summary. Warming-window extremes are not calendar-year flood-frequency multipliers.
CMCC-ESM2,ssp585,2.0,2039,2029,2048,20,1,2032,2032-08-29,2032-08-31,210.62833460559798,206.019,786,harris_climate,climate_projection,Unweighted 2010-tract precipitation summary. Warming-window extremes are not calendar-year flood-frequency multipliers.
CMCC-ESM2,ssp585,2.0,2039,2029,2048,20,2,2036,2036-07-21,2036-07-23,195.3017837150127,195.117,786,harris_climate,climate_projection,Unweighted 2010-tract precipitation summary. Warming-window extremes are not calendar-year flood-frequency multipliers.
CMCC-ESM2,ssp585,2.0,2039,2029,2048,20,3,2040,2040-03-23,2040-03-25,187.45936259541986,187.539,786,harris_climate,climate_projection,Unweighted 2010-tract precipitation summary. Warming-window extremes are not calendar-year flood-frequency multipliers.
CMCC-ESM2,ssp585,2.0,2039,2029,2048,20,4,2036,2036-04-17,2036-04-19,176.9704427480916,178.9355,786,harris_climate,climate_projection,Unweighted 2010-tract precipitation summary. Warming-window extremes are not calendar-year flood-frequency multipliers.
CMCC-ESM2,ssp585,2.0,2039,2029,2048,20,5,2039,2039-10-20,2039-10-22,169.37777735368957,168.496,786,harris_climate,climate_projection,Unweighted 2010-tract precipitation summary. Warming-window extremes are not calendar-year flood-frequency multipliers.
CMCC-ESM2,ssp585,2.5,2048,2038,2057,20,1,2057,2057-03-20,2057-03-22,227.7632506361323,232.796,786,harris_climate,climate_projection,Unweighted 2010-tract precipitation summary. Warming-window extremes are not calendar-year flood-frequency multipliers.
CMCC-ESM2,ssp585,2.5,2048,2038,2057,20,2,2056,2056-10-19,2056-10-21,195.71836259541985,197.29500000000002,786,harris_climate,climate_projection,Unweighted 2010-tract precipitation summary. Warming-window extremes are not calendar-year flood-frequency multipliers.
CMCC-ESM2,ssp585,2.5,2048,2038,2057,20,3,2040,2040-03-23,2040-03-25,187.45936259541986,187.539,786,harris_climate,climate_projection,Unweighted 2010-tract precipitation summary. Warming-window extremes are not calendar-year flood-frequency multipliers.
CMCC-ESM2,ssp585,2.5,2048,2038,2057,20,4,2039,2039-10-20,2039-10-22,169.37777735368957,168.496,786,harris_climate,climate_projection,Unweighted 2010-tract precipitation summary. Warming-window extremes are not calendar-year flood-frequency multipliers.
CMCC-ESM2,ssp585,2.5,2048,2038,2057,20,5,2057,2057-06-07,2057-06-09,162.17008524173028,162.305,786,harris_climate,climate_projection,Unweighted 2010-tract precipitation summary. Warming-window extremes are not calendar-year flood-frequency multipliers.
CMCC-ESM2,ssp585,3.0,2055,2045,2064,20,1,2057,2057-03-20,2057-03-22,227.7632506361323,232.796,786,harris_climate,climate_projection,Unweighted 2010-tract precipitation summary. Warming-window extremes are not calendar-year flood-frequency multipliers.
CMCC-ESM2,ssp585,3.0,2055,2045,2064,20,2,2061,2061-09-06,2061-09-08,201.85220992366413,203.17849999999999,786,harris_climate,climate_projection,Unweighted 2010-tract precipitation summary. Warming-window extremes are not calendar-year flood-frequency multipliers.
CMCC-ESM2,ssp585,3.0,2055,2045,2064,20,3,2056,2056-10-19,2056-10-21,195.71836259541985,197.29500000000002,786,harris_climate,climate_projection,Unweighted 2010-tract precipitation summary. Warming-window extremes are not calendar-year flood-frequency multipliers.
CMCC-ESM2,ssp585,3.0,2055,2045,2064,20,4,2063,2063-09-23,2063-09-25,174.26399363867685,174.922,786,harris_climate,climate_projection,Unweighted 2010-tract precipitation summary. Warming-window extremes are not calendar-year flood-frequency multipliers.
CMCC-ESM2,ssp585,3.0,2055,2045,2064,20,5,2057,2057-06-07,2057-06-09,162.17008524173028,162.305,786,harris_climate,climate_projection,Unweighted 2010-tract precipitation summary. Warming-window extremes are not calendar-year flood-frequency multipliers.
CMCC-ESM2,ssp585,3.5,2063,2053,2072,20,1,2068,2068-06-06,2068-06-08,215.4030050890585,218.08100000000002,786,harris_climate,climate_projection,Unweighted 2010-tract precipitation summary. Warming-window extremes are not calendar-year flood-frequency multipliers.
CMCC-ESM2,ssp585,3.5,2063,2053,2072,20,2,2057,2057-03-20,2057-03-22,227.7632506361323,232.796,786,harris_climate,climate_projection,Unweighted 2010-tract precipitation summary. Warming-window extremes are not calendar-year flood-frequency multipliers.
CMCC-ESM2,ssp585,3.5,2063,2053,2072,20,3,2061,2061-09-06,2061-09-08,201.85220992366413,203.17849999999999,786,harris_climate,climate_projection,Unweighted 2010-tract precipitation summary. Warming-window extremes are not calendar-year flood-frequency multipliers.
CMCC-ESM2,ssp585,3.5,2063,2053,2072,20,4,2056,2056-10-19,2056-10-21,195.71836259541985,197.29500000000002,786,harris_climate,climate_projection,Unweighted 2010-tract precipitation summary. Warming-window extremes are not calendar-year flood-frequency multipliers.
CMCC-ESM2,ssp585,3.5,2063,2053,2072,20,5,2070,2070-12-04,2070-12-06,181.53374427480915,180.508,786,harris_climate,climate_projection,Unweighted 2010-tract precipitation summary. Warming-window extremes are not calendar-year flood-frequency multipliers.
CMCC-ESM2,ssp585,4.0,2070,2060,2079,20,1,2068,2068-06-06,2068-06-08,215.4030050890585,218.08100000000002,786,harris_climate,climate_projection,Unweighted 2010-tract precipitation summary. Warming-window extremes are not calendar-year flood-frequency multipliers.
CMCC-ESM2,ssp585,4.0,2070,2060,2079,20,2,2079,2079-09-28,2079-09-30,203.24506615776082,202.461,786,harris_climate,climate_projection,Unweighted 2010-tract precipitation summary. Warming-window extremes are not calendar-year flood-frequency multipliers.
CMCC-ESM2,ssp585,4.0,2070,2060,2079,20,3,2074,2074-05-22,2074-05-24,206.59046819338423,207.773,786,harris_climate,climate_projection,Unweighted 2010-tract precipitation summary. Warming-window extremes are not calendar-year flood-frequency multipliers.
CMCC-ESM2,ssp585,4.0,2070,2060,2079,20,4,2061,2061-09-06,2061-09-08,201.85220992366413,203.17849999999999,786,harris_climate,climate_projection,Unweighted 2010-tract precipitation summary. Warming-window extremes are not calendar-year flood-frequency multipliers.
CMCC-ESM2,ssp585,4.0,2070,2060,2079,20,5,2073,2073-06-04,2073-06-06,187.64757506361323,188.46699999999998,786,harris_climate,climate_projection,Unweighted 2010-tract precipitation summary. Warming-window extremes are not calendar-year flood-frequency multipliers.
CanESM5,ssp126,1.5,2014,2004,2023,4,1,2021,2021-05-21,2021-05-23,331.8101997455471,332.783,786,harris_climate,climate_projection,Unweighted 2010-tract precipitation summary. Warming-window extremes are not calendar-year flood-frequency multipliers.
CanESM5,ssp126,1.5,2014,2004,2023,4,2,2023,2023-10-14,2023-10-16,104.20384605597964,102.344,786,harris_climate,climate_projection,Unweighted 2010-tract precipitation summary. Warming-window extremes are not calendar-year flood-frequency multipliers.
CanESM5,ssp126,1.5,2014,2004,2023,4,3,2021,2021-08-16,2021-08-18,102.96540458015268,103.2325,786,harris_climate,climate_projection,Unweighted 2010-tract precipitation summary. Warming-window extremes are not calendar-year flood-frequency multipliers.
CanESM5,ssp126,1.5,2014,2004,2023,4,4,2021,2021-09-08,2021-09-10,96.51266157760814,97.47550000000001,786,harris_climate,climate_projection,Unweighted 2010-tract precipitation summary. Warming-window extremes are not calendar-year flood-frequency multipliers.
CanESM5,ssp126,1.5,2014,2004,2023,4,5,2021,2021-06-03,2021-06-05,91.2303982188295,91.7645,786,harris_climate,climate_projection,Unweighted 2010-tract precipitation summary. Warming-window extremes are not calendar-year flood-frequency multipliers.
CanESM5,ssp126,2.0,2026,2016,2035,16,1,2033,2033-08-24,2033-08-26,375.3113727735369,369.51649999999995,786,harris_climate,climate_projection,Unweighted 2010-tract precipitation summary. Warming-window extremes are not calendar-year flood-frequency multipliers.
CanESM5,ssp126,2.0,2026,2016,2035,16,2,2021,2021-05-21,2021-05-23,331.8101997455471,332.783,786,harris_climate,climate_projection,Unweighted 2010-tract precipitation summary. Warming-window extremes are not calendar-year flood-frequency multipliers.
CanESM5,ssp126,2.0,2026,2016,2035,16,3,2026,2026-04-30,2026-05-02,225.5993167938931,224.8535,786,harris_climate,climate_projection,Unweighted 2010-tract precipitation summary. Warming-window extremes are not calendar-year flood-frequency multipliers.
CanESM5,ssp126,2.0,2026,2016,2035,16,4,2033,2033-03-29,2033-03-31,191.01894402035626,189.8535,786,harris_climate,climate_projection,Unweighted 2010-tract precipitation summary. Warming-window extremes are not calendar-year flood-frequency multipliers.
CanESM5,ssp126,2.0,2026,2016,2035,16,5,2029,2029-10-22,2029-10-24,158.39546819338423,155.114,786,harris_climate,climate_projection,Unweighted 2010-tract precipitation summary. Warming-window extremes are not calendar-year flood-frequency multipliers.
CanESM5,ssp126,2.5,2040,2030,2049,20,1,2044,2044-09-23,2044-09-25,445.9955254452926,438.887,786,harris_climate,climate_projection,Unweighted 2010-tract precipitation summary. Warming-window extremes are not calendar-year flood-frequency multipliers.
CanESM5,ssp126,2.5,2040,2030,2049,20,2,2033,2033-08-24,2033-08-26,375.3113727735369,369.51649999999995,786,harris_climate,climate_projection,Unweighted 2010-tract precipitation summary. Warming-window extremes are not calendar-year flood-frequency multipliers.
CanESM5,ssp126,2.5,2040,2030,2049,20,3,2042,2042-09-19,2042-09-21,320.6662328244275,319.4045,786,harris_climate,climate_projection,Unweighted 2010-tract precipitation summary. Warming-window extremes are not calendar-year flood-frequency multipliers.
CanESM5,ssp126,2.5,2040,2030,2049,20,4,2040,2040-10-13,2040-10-15,293.4183180661578,291.367,786,harris_climate,climate_projection,Unweighted 2010-tract precipitation summary. Warming-window extremes are not calendar-year flood-frequency multipliers.
CanESM5,ssp126,2.5,2040,2030,2049,20,5,2043,2043-05-13,2043-05-15,208.92703944020354,209.4725,786,harris_climate,climate_projection,Unweighted 2010-tract precipitation summary. Warming-window extremes are not calendar-year flood-frequency multipliers.
CanESM5,ssp245,1.5,2013,2003,2022,3,1,2020,2020-12-22,2020-12-24,110.2927086513995,109.766,786,harris_climate,climate_projection,Unweighted 2010-tract precipitation summary. Warming-window extremes are not calendar-year flood-frequency multipliers.
CanESM5,ssp245,1.5,2013,2003,2022,3,2,2020,2020-06-27,2020-06-29,98.68151399491094,98.984,786,harris_climate,climate_projection,Unweighted 2010-tract precipitation summary. Warming-window extremes are not calendar-year flood-frequency multipliers.
CanESM5,ssp245,1.5,2013,2003,2022,3,3,2021,2021-09-17,2021-09-19,89.21647073791348,88.516,786,harris_climate,climate_projection,Unweighted 2010-tract precipitation summary. Warming-window extremes are not calendar-year flood-frequency multipliers.
CanESM5,ssp245,1.5,2013,2003,2022,3,4,2020,2020-09-15,2020-09-17,82.72507506361323,82.3765,786,harris_climate,climate_projection,Unweighted 2010-tract precipitation summary. Warming-window extremes are not calendar-year flood-frequency multipliers.
CanESM5,ssp245,1.5,2013,2003,2022,3,5,2021,2021-08-20,2021-08-22,75.52971755725191,75.036,786,harris_climate,climate_projection,Unweighted 2010-tract precipitation summary. Warming-window extremes are not calendar-year flood-frequency multipliers.
CanESM5,ssp245,2.0,2024,2014,2033,14,1,2032,2032-04-10,2032-04-12,211.0163193384224,211.484,786,harris_climate,climate_projection,Unweighted 2010-tract precipitation summary. Warming-window extremes are not calendar-year flood-frequency multipliers.
CanESM5,ssp245,2.0,2024,2014,2033,14,2,2031,2031-09-16,2031-09-18,155.73329770992368,155.898,786,harris_climate,climate_projection,Unweighted 2010-tract precipitation summary. Warming-window extremes are not calendar-year flood-frequency multipliers.
CanESM5,ssp245,2.0,2024,2014,2033,14,3,2023,2023-11-12,2023-11-14,147.25251781170485,146.387,786,harris_climate,climate_projection,Unweighted 2010-tract precipitation summary. Warming-window extremes are not calendar-year flood-frequency multipliers.
CanESM5,ssp245,2.0,2024,2014,2033,14,4,2032,2032-03-17,2032-03-19,136.9233244274809,136.562,786,harris_climate,climate_projection,Unweighted 2010-tract precipitation summary. Warming-window extremes are not calendar-year flood-frequency multipliers.
CanESM5,ssp245,2.0,2024,2014,2033,14,5,2024,2024-01-20,2024-01-22,134.977475826972,134.89600000000002,786,harris_climate,climate_projection,Unweighted 2010-tract precipitation summary. Warming-window extremes are not calendar-year flood-frequency multipliers.
CanESM5,ssp245,2.5,2036,2026,2045,20,1,2034,2034-07-29,2034-07-31,335.85923918575065,331.914,786,harris_climate,climate_projection,Unweighted 2010-tract precipitation summary. Warming-window extremes are not calendar-year flood-frequency multipliers.
CanESM5,ssp245,2.5,2036,2026,2045,20,2,2039,2039-05-27,2039-05-29,314.24009160305343,307.852,786,harris_climate,climate_projection,Unweighted 2010-tract precipitation summary. Warming-window extremes are not calendar-year flood-frequency multipliers.
CanESM5,ssp245,2.5,2036,2026,2045,20,3,2037,2037-06-22,2037-06-24,298.9178409669211,298.203,786,harris_climate,climate_projection,Unweighted 2010-tract precipitation summary. Warming-window extremes are not calendar-year flood-frequency multipliers.
CanESM5,ssp245,2.5,2036,2026,2045,20,4,2038,2038-06-07,2038-06-09,280.51269338422395,278.652,786,harris_climate,climate_projection,Unweighted 2010-tract precipitation summary. Warming-window extremes are not calendar-year flood-frequency multipliers.
CanESM5,ssp245,2.5,2036,2026,2045,20,5,2042,2042-09-14,2042-09-16,236.3923727735369,237.3095,786,harris_climate,climate_projection,Unweighted 2010-tract precipitation summary. Warming-window extremes are not calendar-year flood-frequency multipliers.
CanESM5,ssp245,3.0,2050,2040,2059,20,1,2042,2042-09-14,2042-09-16,236.3923727735369,237.3095,786,harris_climate,climate_projection,Unweighted 2010-tract precipitation summary. Warming-window extremes are not calendar-year flood-frequency multipliers.
CanESM5,ssp245,3.0,2050,2040,2059,20,2,2052,2052-07-29,2052-07-31,229.1388167938931,229.787,786,harris_climate,climate_projection,Unweighted 2010-tract precipitation summary. Warming-window extremes are not calendar-year flood-frequency multipliers.
CanESM5,ssp245,3.0,2050,2040,2059,20,3,2055,2055-09-26,2055-09-28,208.41368320610687,206.152,786,harris_climate,climate_projection,Unweighted 2010-tract precipitation summary. Warming-window extremes are not calendar-year flood-frequency multipliers.
CanESM5,ssp245,3.0,2050,2040,2059,20,4,2047,2047-11-09,2047-11-11,182.36610050890584,181.92399999999998,786,harris_climate,climate_projection,Unweighted 2010-tract precipitation summary. Warming-window extremes are not calendar-year flood-frequency multipliers.
CanESM5,ssp245,3.0,2050,2040,2059,20,5,2048,2048-10-09,2048-10-11,167.3322951653944,166.185,786,harris_climate,climate_projection,Unweighted 2010-tract precipitation summary. Warming-window extremes are not calendar-year flood-frequency multipliers.
CanESM5,ssp245,3.5,2064,2054,2073,20,1,2061,2061-05-15,2061-05-17,440.0320203562341,441.406,786,harris_climate,climate_projection,Unweighted 2010-tract precipitation summary. Warming-window extremes are not calendar-year flood-frequency multipliers.
CanESM5,ssp245,3.5,2064,2054,2073,20,2,2065,2065-06-06,2065-06-08,275.7925610687023,267.1585,786,harris_climate,climate_projection,Unweighted 2010-tract precipitation summary. Warming-window extremes are not calendar-year flood-frequency multipliers.
CanESM5,ssp245,3.5,2064,2054,2073,20,3,2055,2055-09-26,2055-09-28,208.41368320610687,206.152,786,harris_climate,climate_projection,Unweighted 2010-tract precipitation summary. Warming-window extremes are not calendar-year flood-frequency multipliers.
CanESM5,ssp245,3.5,2064,2054,2073,20,4,2070,2070-07-15,2070-07-17,186.50610432569977,183.789,786,harris_climate,climate_projection,Unweighted 2010-tract precipitation summary. Warming-window extremes are not calendar-year flood-frequency multipliers.
CanESM5,ssp245,3.5,2064,2054,2073,20,5,2067,2067-05-18,2067-05-20,171.4850178117048,171.094,786,harris_climate,climate_projection,Unweighted 2010-tract precipitation summary. Warming-window extremes are not calendar-year flood-frequency multipliers.
CanESM5,ssp245,4.0,2084,2074,2093,20,1,2080,2080-06-25,2080-06-27,419.2607875318066,411.836,786,harris_climate,climate_projection,Unweighted 2010-tract precipitation summary. Warming-window extremes are not calendar-year flood-frequency multipliers.
CanESM5,ssp245,4.0,2084,2074,2093,20,2,2088,2088-10-06,2088-10-08,289.8013027989822,290.0,786,harris_climate,climate_projection,Unweighted 2010-tract precipitation summary. Warming-window extremes are not calendar-year flood-frequency multipliers.
CanESM5,ssp245,4.0,2084,2074,2093,20,3,2079,2079-09-12,2079-09-14,231.1248002544529,226.76749999999998,786,harris_climate,climate_projection,Unweighted 2010-tract precipitation summary. Warming-window extremes are not calendar-year flood-frequency multipliers.
CanESM5,ssp245,4.0,2084,2074,2093,20,4,2082,2082-06-06,2082-06-08,219.75646819338422,220.615,786,harris_climate,climate_projection,Unweighted 2010-tract precipitation summary. Warming-window extremes are not calendar-year flood-frequency multipliers.
CanESM5,ssp245,4.0,2084,2074,2093,20,5,2084,2084-06-28,2084-06-30,188.62928371501272,185.508,786,harris_climate,climate_projection,Unweighted 2010-tract precipitation summary. Warming-window extremes are not calendar-year flood-frequency multipliers.
CanESM5,ssp370,1.5,2013,2003,2022,3,1,2021,2021-10-14,2021-10-16,205.23703435114504,201.562,786,harris_climate,climate_projection,Unweighted 2010-tract precipitation summary. Warming-window extremes are not calendar-year flood-frequency multipliers.
CanESM5,ssp370,1.5,2013,2003,2022,3,2,2022,2022-05-03,2022-05-05,141.7219223918575,138.75,786,harris_climate,climate_projection,Unweighted 2010-tract precipitation summary. Warming-window extremes are not calendar-year flood-frequency multipliers.
CanESM5,ssp370,1.5,2013,2003,2022,3,3,2022,2022-11-16,2022-11-18,133.7929503816794,133.64600000000002,786,harris_climate,climate_projection,Unweighted 2010-tract precipitation summary. Warming-window extremes are not calendar-year flood-frequency multipliers.
CanESM5,ssp370,1.5,2013,2003,2022,3,4,2021,2021-07-07,2021-07-09,133.90586005089057,133.164,786,harris_climate,climate_projection,Unweighted 2010-tract precipitation summary. Warming-window extremes are not calendar-year flood-frequency multipliers.
CanESM5,ssp370,1.5,2013,2003,2022,3,5,2021,2021-06-23,2021-06-25,108.95136132315523,108.281,786,harris_climate,climate_projection,Unweighted 2010-tract precipitation summary. Warming-window extremes are not calendar-year flood-frequency multipliers.
CanESM5,ssp370,2.0,2023,2013,2032,13,1,2025,2025-06-24,2025-06-26,302.6301946564886,298.613,786,harris_climate,climate_projection,Unweighted 2010-tract precipitation summary. Warming-window extremes are not calendar-year flood-frequency multipliers.
CanESM5,ssp370,2.0,2023,2013,2032,13,2,2027,2027-06-27,2027-06-29,292.4703765903308,291.91999999999996,786,harris_climate,climate_projection,Unweighted 2010-tract precipitation summary. Warming-window extremes are not calendar-year flood-frequency multipliers.
CanESM5,ssp370,2.0,2023,2013,2032,13,3,2026,2026-05-10,2026-05-12,206.99510305343514,206.953,786,harris_climate,climate_projection,Unweighted 2010-tract precipitation summary. Warming-window extremes are not calendar-year flood-frequency multipliers.
CanESM5,ssp370,2.0,2023,2013,2032,13,4,2021,2021-10-14,2021-10-16,205.23703435114504,201.562,786,harris_climate,climate_projection,Unweighted 2010-tract precipitation summary. Warming-window extremes are not calendar-year flood-frequency multipliers.
CanESM5,ssp370,2.0,2023,2013,2032,13,5,2031,2031-04-04,2031-04-06,178.63723791348602,178.945,786,harris_climate,climate_projection,Unweighted 2010-tract precipitation summary. Warming-window extremes are not calendar-year flood-frequency multipliers.
CanESM5,ssp370,2.5,2034,2024,2043,20,1,2041,2041-07-09,2041-07-11,464.4016157760814,457.41200000000003,786,harris_climate,climate_projection,Unweighted 2010-tract precipitation summary. Warming-window extremes are not calendar-year flood-frequency multipliers.
CanESM5,ssp370,2.5,2034,2024,2043,20,2,2034,2034-09-21,2034-09-23,401.7249262086514,400.7615,786,harris_climate,climate_projection,Unweighted 2010-tract precipitation summary. Warming-window extremes are not calendar-year flood-frequency multipliers.
CanESM5,ssp370,2.5,2034,2024,2043,20,3,2037,2037-06-24,2037-06-26,382.1775725190839,381.9285,786,harris_climate,climate_projection,Unweighted 2010-tract precipitation summary. Warming-window extremes are not calendar-year flood-frequency multipliers.
CanESM5,ssp370,2.5,2034,2024,2043,20,4,2034,2034-05-11,2034-05-13,308.64667175572515,309.76599999999996,786,harris_climate,climate_projection,Unweighted 2010-tract precipitation summary. Warming-window extremes are not calendar-year flood-frequency multipliers.
CanESM5,ssp370,2.5,2034,2024,2043,20,5,2025,2025-06-24,2025-06-26,302.6301946564886,298.613,786,harris_climate,climate_projection,Unweighted 2010-tract precipitation summary. Warming-window extremes are not calendar-year flood-frequency multipliers.
CanESM5,ssp370,3.0,2043,2033,2052,20,1,2041,2041-07-09,2041-07-11,464.4016157760814,457.41200000000003,786,harris_climate,climate_projection,Unweighted 2010-tract precipitation summary. Warming-window extremes are not calendar-year flood-frequency multipliers.
CanESM5,ssp370,3.0,2043,2033,2052,20,2,2034,2034-09-21,2034-09-23,401.7249262086514,400.7615,786,harris_climate,climate_projection,Unweighted 2010-tract precipitation summary. Warming-window extremes are not calendar-year flood-frequency multipliers.
CanESM5,ssp370,3.0,2043,2033,2052,20,3,2037,2037-06-24,2037-06-26,382.1775725190839,381.9285,786,harris_climate,climate_projection,Unweighted 2010-tract precipitation summary. Warming-window extremes are not calendar-year flood-frequency multipliers.
CanESM5,ssp370,3.0,2043,2033,2052,20,4,2051,2051-09-10,2051-09-12,342.9124465648855,337.002,786,harris_climate,climate_projection,Unweighted 2010-tract precipitation summary. Warming-window extremes are not calendar-year flood-frequency multipliers.
CanESM5,ssp370,3.0,2043,2033,2052,20,5,2034,2034-05-11,2034-05-13,308.64667175572515,309.76599999999996,786,harris_climate,climate_projection,Unweighted 2010-tract precipitation summary. Warming-window extremes are not calendar-year flood-frequency multipliers.
CanESM5,ssp370,3.5,2052,2042,2061,20,1,2051,2051-09-10,2051-09-12,342.9124465648855,337.002,786,harris_climate,climate_projection,Unweighted 2010-tract precipitation summary. Warming-window extremes are not calendar-year flood-frequency multipliers.
CanESM5,ssp370,3.5,2052,2042,2061,20,2,2060,2060-05-16,2060-05-18,249.18367048346056,248.81349999999998,786,harris_climate,climate_projection,Unweighted 2010-tract precipitation summary. Warming-window extremes are not calendar-year flood-frequency multipliers.
CanESM5,ssp370,3.5,2052,2042,2061,20,3,2052,2052-10-08,2052-10-10,216.78278244274807,215.9865,786,harris_climate,climate_projection,Unweighted 2010-tract precipitation summary. Warming-window extremes are not calendar-year flood-frequency multipliers.
CanESM5,ssp370,3.5,2052,2042,2061,20,4,2048,2048-09-02,2048-09-04,220.26408524173027,223.008,786,harris_climate,climate_projection,Unweighted 2010-tract precipitation summary. Warming-window extremes are not calendar-year flood-frequency multipliers.
CanESM5,ssp370,3.5,2052,2042,2061,20,5,2049,2049-05-17,2049-05-19,194.5356297709924,194.727,786,harris_climate,climate_projection,Unweighted 2010-tract precipitation summary. Warming-window extremes are not calendar-year flood-frequency multipliers.
CanESM5,ssp370,4.0,2059,2049,2068,20,1,2051,2051-09-10,2051-09-12,342.9124465648855,337.002,786,harris_climate,climate_projection,Unweighted 2010-tract precipitation summary. Warming-window extremes are not calendar-year flood-frequency multipliers.
CanESM5,ssp370,4.0,2059,2049,2068,20,2,2060,2060-05-16,2060-05-18,249.18367048346056,248.81349999999998,786,harris_climate,climate_projection,Unweighted 2010-tract precipitation summary. Warming-window extremes are not calendar-year flood-frequency multipliers.
CanESM5,ssp370,4.0,2059,2049,2068,20,3,2062,2062-09-14,2062-09-16,225.6022086513995,227.2755,786,harris_climate,climate_projection,Unweighted 2010-tract precipitation summary. Warming-window extremes are not calendar-year flood-frequency multipliers.
CanESM5,ssp370,4.0,2059,2049,2068,20,4,2052,2052-10-08,2052-10-10,216.78278244274807,215.9865,786,harris_climate,climate_projection,Unweighted 2010-tract precipitation summary. Warming-window extremes are not calendar-year flood-frequency multipliers.
CanESM5,ssp370,4.0,2059,2049,2068,20,5,2049,2049-05-17,2049-05-19,194.5356297709924,194.727,786,harris_climate,climate_projection,Unweighted 2010-tract precipitation summary. Warming-window extremes are not calendar-year flood-frequency multipliers.
CanESM5,ssp585,1.5,2012,2002,2021,2,1,2021,2021-12-10,2021-12-12,142.34830788804072,142.8295,786,harris_climate,climate_projection,Unweighted 2010-tract precipitation summary. Warming-window extremes are not calendar-year flood-frequency multipliers.
CanESM5,ssp585,1.5,2012,2002,2021,2,2,2021,2021-07-07,2021-07-09,144.82830916030537,145.127,786,harris_climate,climate_projection,Unweighted 2010-tract precipitation summary. Warming-window extremes are not calendar-year flood-frequency multipliers.
CanESM5,ssp585,1.5,2012,2002,2021,2,3,2021,2021-06-29,2021-07-01,106.91811323155217,105.884,786,harris_climate,climate_projection,Unweighted 2010-tract precipitation summary. Warming-window extremes are not calendar-year flood-frequency multipliers.
CanESM5,ssp585,1.5,2012,2002,2021,2,4,2021,2021-10-25,2021-10-27,100.43076844783715,99.702,786,harris_climate,climate_projection,Unweighted 2010-tract precipitation summary. Warming-window extremes are not calendar-year flood-frequency multipliers.
CanESM5,ssp585,1.5,2012,2002,2021,2,5,2021,2021-09-10,2021-09-12,98.13320483460559,97.031,786,harris_climate,climate_projection,Unweighted 2010-tract precipitation summary. Warming-window extremes are not calendar-year flood-frequency multipliers.
CanESM5,ssp585,2.0,2023,2013,2032,13,1,2032,2032-06-22,2032-06-24,384.03201145038173,382.949,786,harris_climate,climate_projection,Unweighted 2010-tract precipitation summary. Warming-window extremes are not calendar-year flood-frequency multipliers.
CanESM5,ssp585,2.0,2023,2013,2032,13,2,2028,2028-10-08,2028-10-10,231.38178117048344,231.016,786,harris_climate,climate_projection,Unweighted 2010-tract precipitation summary. Warming-window extremes are not calendar-year flood-frequency multipliers.
CanESM5,ssp585,2.0,2023,2013,2032,13,3,2028,2028-09-28,2028-09-30,214.26128498727735,214.8295,786,harris_climate,climate_projection,Unweighted 2010-tract precipitation summary. Warming-window extremes are not calendar-year flood-frequency multipliers.
CanESM5,ssp585,2.0,2023,2013,2032,13,4,2023,2023-11-14,2023-11-16,167.03518193384224,165.088,786,harris_climate,climate_projection,Unweighted 2010-tract precipitation summary. Warming-window extremes are not calendar-year flood-frequency multipliers.
CanESM5,ssp585,2.0,2023,2013,2032,13,5,2029,2029-09-03,2029-09-05,151.75535368956741,149.727,786,harris_climate,climate_projection,Unweighted 2010-tract precipitation summary. Warming-window extremes are not calendar-year flood-frequency multipliers.
CanESM5,ssp585,2.5,2033,2023,2042,20,1,2035,2035-06-14,2035-06-16,819.1511730279899,811.976,786,harris_climate,climate_projection,Unweighted 2010-tract precipitation summary. Warming-window extremes are not calendar-year flood-frequency multipliers.
CanESM5,ssp585,2.5,2033,2023,2042,20,2,2036,2036-06-25,2036-06-27,545.213617048346,537.988,786,harris_climate,climate_projection,Unweighted 2010-tract precipitation summary. Warming-window extremes are not calendar-year flood-frequency multipliers.
CanESM5,ssp585,2.5,2033,2023,2042,20,3,2032,2032-06-22,2032-06-24,384.03201145038173,382.949,786,harris_climate,climate_projection,Unweighted 2010-tract precipitation summary. Warming-window extremes are not calendar-year flood-frequency multipliers.
CanESM5,ssp585,2.5,2033,2023,2042,20,4,2028,2028-10-08,2028-10-10,231.38178117048344,231.016,786,harris_climate,climate_projection,Unweighted 2010-tract precipitation summary. Warming-window extremes are not calendar-year flood-frequency multipliers.
CanESM5,ssp585,2.5,2033,2023,2042,20,5,2028,2028-09-28,2028-09-30,214.26128498727735,214.8295,786,harris_climate,climate_projection,Unweighted 2010-tract precipitation summary. Warming-window extremes are not calendar-year flood-frequency multipliers.
CanESM5,ssp585,3.0,2041,2031,2050,20,1,2035,2035-06-14,2035-06-16,819.1511730279899,811.976,786,harris_climate,climate_projection,Unweighted 2010-tract precipitation summary. Warming-window extremes are not calendar-year flood-frequency multipliers.
CanESM5,ssp585,3.0,2041,2031,2050,20,2,2047,2047-10-01,2047-10-03,595.2088664122138,594.7104999999999,786,harris_climate,climate_projection,Unweighted 2010-tract precipitation summary. Warming-window extremes are not calendar-year flood-frequency multipliers.
CanESM5,ssp585,3.0,2041,2031,2050,20,3,2036,2036-06-25,2036-06-27,545.213617048346,537.988,786,harris_climate,climate_projection,Unweighted 2010-tract precipitation summary. Warming-window extremes are not calendar-year flood-frequency multipliers.
CanESM5,ssp585,3.0,2041,2031,2050,20,4,2032,2032-06-22,2032-06-24,384.03201145038173,382.949,786,harris_climate,climate_projection,Unweighted 2010-tract precipitation summary. Warming-window extremes are not calendar-year flood-frequency multipliers.
CanESM5,ssp585,3.0,2041,2031,2050,20,5,2034,2034-04-18,2034-04-20,166.98712977099237,166.6115,786,harris_climate,climate_projection,Unweighted 2010-tract precipitation summary. Warming-window extremes are not calendar-year flood-frequency multipliers.
CanESM5,ssp585,3.5,2048,2038,2057,20,1,2047,2047-10-01,2047-10-03,595.2088664122138,594.7104999999999,786,harris_climate,climate_projection,Unweighted 2010-tract precipitation summary. Warming-window extremes are not calendar-year flood-frequency multipliers.
CanESM5,ssp585,3.5,2048,2038,2057,20,2,2044,2044-03-04,2044-03-06,166.6252213740458,167.3275,786,harris_climate,climate_projection,Unweighted 2010-tract precipitation summary. Warming-window extremes are not calendar-year flood-frequency multipliers.
CanESM5,ssp585,3.5,2048,2038,2057,20,3,2039,2039-07-19,2039-07-21,165.21969720101782,160.537,786,harris_climate,climate_projection,Unweighted 2010-tract precipitation summary. Warming-window extremes are not calendar-year flood-frequency multipliers.
CanESM5,ssp585,3.5,2048,2038,2057,20,4,2052,2052-11-23,2052-11-25,161.57254198473282,160.6055,786,harris_climate,climate_projection,Unweighted 2010-tract precipitation summary. Warming-window extremes are not calendar-year flood-frequency multipliers.
CanESM5,ssp585,3.5,2048,2038,2057,20,5,2049,2049-10-05,2049-10-07,154.4788613231552,152.91000000000003,786,harris_climate,climate_projection,Unweighted 2010-tract precipitation summary. Warming-window extremes are not calendar-year flood-frequency multipliers.
CanESM5,ssp585,4.0,2055,2045,2064,20,1,2047,2047-10-01,2047-10-03,595.2088664122138,594.7104999999999,786,harris_climate,climate_projection,Unweighted 2010-tract precipitation summary. Warming-window extremes are not calendar-year flood-frequency multipliers.
CanESM5,ssp585,4.0,2055,2045,2064,20,2,2063,2063-08-16,2063-08-18,305.8256743002545,305.7715,786,harris_climate,climate_projection,Unweighted 2010-tract precipitation summary. Warming-window extremes are not calendar-year flood-frequency multipliers.
CanESM5,ssp585,4.0,2055,2045,2064,20,3,2061,2061-07-01,2061-07-03,278.27762595419847,275.192,786,harris_climate,climate_projection,Unweighted 2010-tract precipitation summary. Warming-window extremes are not calendar-year flood-frequency multipliers.
CanESM5,ssp585,4.0,2055,2045,2064,20,4,2052,2052-11-23,2052-11-25,161.57254198473282,160.6055,786,harris_climate,climate_projection,Unweighted 2010-tract precipitation summary. Warming-window extremes are not calendar-year flood-frequency multipliers.
CanESM5,ssp585,4.0,2055,2045,2064,20,5,2049,2049-10-05,2049-10-07,154.4788613231552,152.91000000000003,786,harris_climate,climate_projection,Unweighted 2010-tract precipitation summary. Warming-window extremes are not calendar-year flood-frequency multipliers.
EC-Earth3,ssp126,1.5,2023,2013,2032,13,1,2023,2023-05-01,2023-05-03,239.6025445292621,240.547,786,harris_climate,climate_projection,Unweighted 2010-tract precipitation summary. Warming-window extremes are not calendar-year flood-frequency multipliers.
EC-Earth3,ssp126,1.5,2023,2013,2032,13,2,2030,2030-04-14,2030-04-16,194.48825572519084,199.248,786,harris_climate,climate_projection,Unweighted 2010-tract precipitation summary. Warming-window extremes are not calendar-year flood-frequency multipliers.
EC-Earth3,ssp126,1.5,2023,2013,2032,13,3,2028,2028-11-12,2028-11-14,175.3811030534351,177.15800000000002,786,harris_climate,climate_projection,Unweighted 2010-tract precipitation summary. Warming-window extremes are not calendar-year flood-frequency multipliers.
EC-Earth3,ssp126,1.5,2023,2013,2032,13,4,2021,2021-09-08,2021-09-10,167.27272391857508,162.559,786,harris_climate,climate_projection,Unweighted 2010-tract precipitation summary. Warming-window extremes are not calendar-year flood-frequency multipliers.
EC-Earth3,ssp126,1.5,2023,2013,2032,13,5,2028,2028-10-18,2028-10-20,173.70803435114505,174.805,786,harris_climate,climate_projection,Unweighted 2010-tract precipitation summary. Warming-window extremes are not calendar-year flood-frequency multipliers.
EC-Earth3,ssp126,2.0,2044,2034,2053,20,1,2040,2040-07-01,2040-07-03,322.33692493638677,315.137,786,harris_climate,climate_projection,Unweighted 2010-tract precipitation summary. Warming-window extremes are not calendar-year flood-frequency multipliers.
EC-Earth3,ssp126,2.0,2044,2034,2053,20,2,2043,2043-05-24,2043-05-26,193.1107213740458,190.938,786,harris_climate,climate_projection,Unweighted 2010-tract precipitation summary. Warming-window extremes are not calendar-year flood-frequency multipliers.
EC-Earth3,ssp126,2.0,2044,2034,2053,20,3,2043,2043-04-20,2043-04-22,162.8431463104326,162.478,786,harris_climate,climate_projection,Unweighted 2010-tract precipitation summary. Warming-window extremes are not calendar-year flood-frequency multipliers.
EC-Earth3,ssp126,2.0,2044,2034,2053,20,4,2050,2050-06-28,2050-06-30,166.77428117048345,164.9725,786,harris_climate,climate_projection,Unweighted 2010-tract precipitation summary. Warming-window extremes are not calendar-year flood-frequency multipliers.
EC-Earth3,ssp126,2.0,2044,2034,2053,20,5,2047,2047-09-25,2047-09-27,165.29404834605597,165.742,786,harris_climate,climate_projection,Unweighted 2010-tract precipitation summary. Warming-window extremes are not calendar-year flood-frequency multipliers.
EC-Earth3,ssp245,1.5,2022,2012,2031,12,1,2024,2024-07-27,2024-07-29,231.35124045801527,227.3925,786,harris_climate,climate_projection,Unweighted 2010-tract precipitation summary. Warming-window extremes are not calendar-year flood-frequency multipliers.
EC-Earth3,ssp245,1.5,2022,2012,2031,12,2,2022,2022-06-01,2022-06-03,157.77622773536896,157.07,786,harris_climate,climate_projection,Unweighted 2010-tract precipitation summary. Warming-window extremes are not calendar-year flood-frequency multipliers.
EC-Earth3,ssp245,1.5,2022,2012,2031,12,3,2029,2029-06-06,2029-06-08,160.56674173027992,155.1365,786,harris_climate,climate_projection,Unweighted 2010-tract precipitation summary. Warming-window extremes are not calendar-year flood-frequency multipliers.
EC-Earth3,ssp245,1.5,2022,2012,2031,12,4,2029,2029-09-27,2029-09-29,152.81517048346055,155.078,786,harris_climate,climate_projection,Unweighted 2010-tract precipitation summary. Warming-window extremes are not calendar-year flood-frequency multipliers.
EC-Earth3,ssp245,1.5,2022,2012,2031,12,5,2022,2021-12-31,2022-01-02,146.40485368956743,145.8445,786,harris_climate,climate_projection,Unweighted 2010-tract precipitation summary. Warming-window extremes are not calendar-year flood-frequency multipliers.
EC-Earth3,ssp245,2.0,2044,2034,2053,20,1,2034,2034-02-27,2034-03-01,238.00455852417304,241.1035,786,harris_climate,climate_projection,Unweighted 2010-tract precipitation summary. Warming-window extremes are not calendar-year flood-frequency multipliers.
EC-Earth3,ssp245,2.0,2044,2034,2053,20,2,2035,2035-06-11,2035-06-13,214.17855852417304,215.68349999999998,786,harris_climate,climate_projection,Unweighted 2010-tract precipitation summary. Warming-window extremes are not calendar-year flood-frequency multipliers.
EC-Earth3,ssp245,2.0,2044,2034,2053,20,3,2044,2044-08-19,2044-08-21,186.79792748091603,184.883,786,harris_climate,climate_projection,Unweighted 2010-tract precipitation summary. Warming-window extremes are not calendar-year flood-frequency multipliers.
EC-Earth3,ssp245,2.0,2044,2034,2053,20,4,2052,2052-04-03,2052-04-05,179.54947964376592,180.039,786,harris_climate,climate_projection,Unweighted 2010-tract precipitation summary. Warming-window extremes are not calendar-year flood-frequency multipliers.
EC-Earth3,ssp245,2.0,2044,2034,2053,20,5,2052,2052-09-10,2052-09-12,163.64794402035622,164.0915,786,harris_climate,climate_projection,Unweighted 2010-tract precipitation summary. Warming-window extremes are not calendar-year flood-frequency multipliers.
EC-Earth3,ssp245,2.5,2059,2049,2068,20,1,2057,2057-06-20,2057-06-22,307.12909796437657,305.71299999999997,786,harris_climate,climate_projection,Unweighted 2010-tract precipitation summary. Warming-window extremes are not calendar-year flood-frequency multipliers.
EC-Earth3,ssp245,2.5,2059,2049,2068,20,2,2062,2062-06-28,2062-06-30,222.3162302798982,221.20600000000002,786,harris_climate,climate_projection,Unweighted 2010-tract precipitation summary. Warming-window extremes are not calendar-year flood-frequency multipliers.
EC-Earth3,ssp245,2.5,2059,2049,2068,20,3,2066,2066-06-29,2066-07-01,197.2149262086514,198.80849999999998,786,harris_climate,climate_projection,Unweighted 2010-tract precipitation summary. Warming-window extremes are not calendar-year flood-frequency multipliers.
EC-Earth3,ssp245,2.5,2059,2049,2068,20,4,2052,2052-04-03,2052-04-05,179.54947964376592,180.039,786,harris_climate,climate_projection,Unweighted 2010-tract precipitation summary. Warming-window extremes are not calendar-year flood-frequency multipliers.
EC-Earth3,ssp245,2.5,2059,2049,2068,20,5,2052,2052-09-10,2052-09-12,163.64794402035622,164.0915,786,harris_climate,climate_projection,Unweighted 2010-tract precipitation summary. Warming-window extremes are not calendar-year flood-frequency multipliers.
EC-Earth3,ssp245,3.0,2086,2076,2095,20,1,2078,2078-07-17,2078-07-19,196.28747073791348,190.3715,786,harris_climate,climate_projection,Unweighted 2010-tract precipitation summary. Warming-window extremes are not calendar-year flood-frequency multipliers.
EC-Earth3,ssp245,3.0,2086,2076,2095,20,2,2087,2087-09-12,2087-09-14,153.6859707379135,150.859,786,harris_climate,climate_projection,Unweighted 2010-tract precipitation summary. Warming-window extremes are not calendar-year flood-frequency multipliers.
EC-Earth3,ssp245,3.0,2086,2076,2095,20,3,2086,2086-06-15,2086-06-17,161.55772264631042,162.7345,786,harris_climate,climate_projection,Unweighted 2010-tract precipitation summary. Warming-window extremes are not calendar-year flood-frequency multipliers.
EC-Earth3,ssp245,3.0,2086,2076,2095,20,4,2090,2090-07-04,2090-07-06,153.27401017811704,150.641,786,harris_climate,climate_projection,Unweighted 2010-tract precipitation summary. Warming-window extremes are not calendar-year flood-frequency multipliers.
EC-Earth3,ssp245,3.0,2086,2076,2095,20,5,2095,2095-04-19,2095-04-21,138.52044402035625,138.473,786,harris_climate,climate_projection,Unweighted 2010-tract precipitation summary. Warming-window extremes are not calendar-year flood-frequency multipliers.
EC-Earth3,ssp370,1.5,2023,2013,2032,13,1,2029,2029-04-10,2029-04-12,232.96776717557253,230.8005,786,harris_climate,climate_projection,Unweighted 2010-tract precipitation summary. Warming-window extremes are not calendar-year flood-frequency multipliers.
EC-Earth3,ssp370,1.5,2023,2013,2032,13,2,2027,2027-05-04,2027-05-06,175.56584987277353,177.344,786,harris_climate,climate_projection,Unweighted 2010-tract precipitation summary. Warming-window extremes are not calendar-year flood-frequency multipliers.
EC-Earth3,ssp370,1.5,2023,2013,2032,13,3,2032,2032-10-12,2032-10-14,166.84754707379133,165.6055,786,harris_climate,climate_projection,Unweighted 2010-tract precipitation summary. Warming-window extremes are not calendar-year flood-frequency multipliers.
EC-Earth3,ssp370,1.5,2023,2013,2032,13,4,2022,2022-05-14,2022-05-16,165.90896819338423,170.498,786,harris_climate,climate_projection,Unweighted 2010-tract precipitation summary. Warming-window extremes are not calendar-year flood-frequency multipliers.
EC-Earth3,ssp370,1.5,2023,2013,2032,13,5,2025,2025-12-07,2025-12-09,147.85477353689566,148.457,786,harris_climate,climate_projection,Unweighted 2010-tract precipitation summary. Warming-window extremes are not calendar-year flood-frequency multipliers.
EC-Earth3,ssp370,2.0,2039,2029,2048,20,1,2029,2029-04-10,2029-04-12,232.96776717557253,230.8005,786,harris_climate,climate_projection,Unweighted 2010-tract precipitation summary. Warming-window extremes are not calendar-year flood-frequency multipliers.
EC-Earth3,ssp370,2.0,2039,2029,2048,20,2,2041,2041-09-14,2041-09-16,207.56608778625954,207.773,786,harris_climate,climate_projection,Unweighted 2010-tract precipitation summary. Warming-window extremes are not calendar-year flood-frequency multipliers.
EC-Earth3,ssp370,2.0,2039,2029,2048,20,3,2048,2048-06-27,2048-06-29,186.85903944020356,185.503,786,harris_climate,climate_projection,Unweighted 2010-tract precipitation summary. Warming-window extremes are not calendar-year flood-frequency multipliers.
EC-Earth3,ssp370,2.0,2039,2029,2048,20,4,2032,2032-10-12,2032-10-14,166.84754707379133,165.6055,786,harris_climate,climate_projection,Unweighted 2010-tract precipitation summary. Warming-window extremes are not calendar-year flood-frequency multipliers.
EC-Earth3,ssp370,2.0,2039,2029,2048,20,5,2040,2040-06-16,2040-06-18,168.37873155216283,164.531,786,harris_climate,climate_projection,Unweighted 2010-tract precipitation summary. Warming-window extremes are not calendar-year flood-frequency multipliers.
EC-Earth3,ssp370,2.5,2052,2042,2061,20,1,2048,2048-06-27,2048-06-29,186.85903944020356,185.503,786,harris_climate,climate_projection,Unweighted 2010-tract precipitation summary. Warming-window extremes are not calendar-year flood-frequency multipliers.
EC-Earth3,ssp370,2.5,2052,2042,2061,20,2,2053,2053-04-17,2053-04-19,174.53239440203564,172.7015,786,harris_climate,climate_projection,Unweighted 2010-tract precipitation summary. Warming-window extremes are not calendar-year flood-frequency multipliers.
EC-Earth3,ssp370,2.5,2052,2042,2061,20,3,2045,2045-04-10,2045-04-12,157.0693167938931,155.08499999999998,786,harris_climate,climate_projection,Unweighted 2010-tract precipitation summary. Warming-window extremes are not calendar-year flood-frequency multipliers.
EC-Earth3,ssp370,2.5,2052,2042,2061,20,4,2061,2061-08-11,2061-08-13,159.25896946564885,159.941,786,harris_climate,climate_projection,Unweighted 2010-tract precipitation summary. Warming-window extremes are not calendar-year flood-frequency multipliers.
EC-Earth3,ssp370,2.5,2052,2042,2061,20,5,2045,2045-08-22,2045-08-24,143.66508015267175,138.03699999999998,786,harris_climate,climate_projection,Unweighted 2010-tract precipitation summary. Warming-window extremes are not calendar-year flood-frequency multipliers.
EC-Earth3,ssp370,3.0,2063,2053,2072,20,1,2071,2071-11-01,2071-11-03,426.13090330788805,421.05999999999995,786,harris_climate,climate_projection,Unweighted 2010-tract precipitation summary. Warming-window extremes are not calendar-year flood-frequency multipliers.
EC-Earth3,ssp370,3.0,2063,2053,2072,20,2,2071,2071-05-04,2071-05-06,198.3758231552163,200.4135,786,harris_climate,climate_projection,Unweighted 2010-tract precipitation summary. Warming-window extremes are not calendar-year flood-frequency multipliers.
EC-Earth3,ssp370,3.0,2063,2053,2072,20,3,2066,2066-05-09,2066-05-11,166.80485877862597,166.1575,786,harris_climate,climate_projection,Unweighted 2010-tract precipitation summary. Warming-window extremes are not calendar-year flood-frequency multipliers.
EC-Earth3,ssp370,3.0,2063,2053,2072,20,4,2062,2062-06-11,2062-06-13,182.67075318066156,183.066,786,harris_climate,climate_projection,Unweighted 2010-tract precipitation summary. Warming-window extremes are not calendar-year flood-frequency multipliers.
EC-Earth3,ssp370,3.0,2063,2053,2072,20,5,2063,2063-05-31,2063-06-02,173.443737913486,172.441,786,harris_climate,climate_projection,Unweighted 2010-tract precipitation summary. Warming-window extremes are not calendar-year flood-frequency multipliers.
EC-Earth3,ssp370,3.5,2074,2064,2083,20,1,2083,2083-07-08,2083-07-10,822.9309338422393,793.405,786,harris_climate,climate_projection,Unweighted 2010-tract precipitation summary. Warming-window extremes are not calendar-year flood-frequency multipliers.
EC-Earth3,ssp370,3.5,2074,2064,2083,20,2,2071,2071-11-01,2071-11-03,426.13090330788805,421.05999999999995,786,harris_climate,climate_projection,Unweighted 2010-tract precipitation summary. Warming-window extremes are not calendar-year flood-frequency multipliers.
EC-Earth3,ssp370,3.5,2074,2064,2083,20,3,2080,2080-06-25,2080-06-27,331.28481043257,329.1995,786,harris_climate,climate_projection,Unweighted 2010-tract precipitation summary. Warming-window extremes are not calendar-year flood-frequency multipliers.
EC-Earth3,ssp370,3.5,2074,2064,2083,20,4,2080,2080-09-13,2080-09-15,220.91657251908399,218.54250000000002,786,harris_climate,climate_projection,Unweighted 2010-tract precipitation summary. Warming-window extremes are not calendar-year flood-frequency multipliers.
EC-Earth3,ssp370,3.5,2074,2064,2083,20,5,2071,2071-05-04,2071-05-06,198.3758231552163,200.4135,786,harris_climate,climate_projection,Unweighted 2010-tract precipitation summary. Warming-window extremes are not calendar-year flood-frequency multipliers.
EC-Earth3,ssp370,4.0,2084,2074,2093,20,1,2083,2083-07-08,2083-07-10,822.9309338422393,793.405,786,harris_climate,climate_projection,Unweighted 2010-tract precipitation summary. Warming-window extremes are not calendar-year flood-frequency multipliers.
EC-Earth3,ssp370,4.0,2084,2074,2093,20,2,2092,2092-09-24,2092-09-26,366.42191857506367,362.27549999999997,786,harris_climate,climate_projection,Unweighted 2010-tract precipitation summary. Warming-window extremes are not calendar-year flood-frequency multipliers.
EC-Earth3,ssp370,4.0,2084,2074,2093,20,3,2080,2080-06-25,2080-06-27,331.28481043257,329.1995,786,harris_climate,climate_projection,Unweighted 2010-tract precipitation summary. Warming-window extremes are not calendar-year flood-frequency multipliers.
EC-Earth3,ssp370,4.0,2084,2074,2093,20,4,2089,2089-06-21,2089-06-23,255.7867340966921,262.2135,786,harris_climate,climate_projection,Unweighted 2010-tract precipitation summary. Warming-window extremes are not calendar-year flood-frequency multipliers.
EC-Earth3,ssp370,4.0,2084,2074,2093,20,5,2091,2091-09-09,2091-09-11,209.56055979643767,209.74599999999998,786,harris_climate,climate_projection,Unweighted 2010-tract precipitation summary. Warming-window extremes are not calendar-year flood-frequency multipliers.
EC-Earth3,ssp585,1.5,2024,2014,2033,14,1,2023,2023-09-28,2023-09-30,375.25733969465654,378.4845,786,harris_climate,climate_projection,Unweighted 2010-tract precipitation summary. Warming-window extremes are not calendar-year flood-frequency multipliers.
EC-Earth3,ssp585,1.5,2024,2014,2033,14,2,2022,2022-05-22,2022-05-24,221.52542111959286,222.461,786,harris_climate,climate_projection,Unweighted 2010-tract precipitation summary. Warming-window extremes are not calendar-year flood-frequency multipliers.
EC-Earth3,ssp585,1.5,2024,2014,2033,14,3,2022,2022-09-15,2022-09-17,163.52894147582697,160.49,786,harris_climate,climate_projection,Unweighted 2010-tract precipitation summary. Warming-window extremes are not calendar-year flood-frequency multipliers.
EC-Earth3,ssp585,1.5,2024,2014,2033,14,4,2030,2030-06-25,2030-06-27,152.44833460559798,152.998,786,harris_climate,climate_projection,Unweighted 2010-tract precipitation summary. Warming-window extremes are not calendar-year flood-frequency multipliers.
EC-Earth3,ssp585,1.5,2024,2014,2033,14,5,2026,2026-04-03,2026-04-05,151.0261806615776,151.836,786,harris_climate,climate_projection,Unweighted 2010-tract precipitation summary. Warming-window extremes are not calendar-year flood-frequency multipliers.
EC-Earth3,ssp585,2.0,2036,2026,2045,20,1,2044,2044-09-13,2044-09-15,225.30980152671754,223.633,786,harris_climate,climate_projection,Unweighted 2010-tract precipitation summary. Warming-window extremes are not calendar-year flood-frequency multipliers.
EC-Earth3,ssp585,2.0,2036,2026,2045,20,2,2042,2042-09-16,2042-09-18,221.5136679389313,212.728,786,harris_climate,climate_projection,Unweighted 2010-tract precipitation summary. Warming-window extremes are not calendar-year flood-frequency multipliers.
EC-Earth3,ssp585,2.0,2036,2026,2045,20,3,2044,2044-04-11,2044-04-13,187.2919007633588,190.488,786,harris_climate,climate_projection,Unweighted 2010-tract precipitation summary. Warming-window extremes are not calendar-year flood-frequency multipliers.
EC-Earth3,ssp585,2.0,2036,2026,2045,20,4,2043,2043-11-13,2043-11-15,170.35083715012723,170.4105,786,harris_climate,climate_projection,Unweighted 2010-tract precipitation summary. Warming-window extremes are not calendar-year flood-frequency multipliers.
EC-Earth3,ssp585,2.0,2036,2026,2045,20,5,2036,2036-08-30,2036-09-01,164.45976844783715,169.834,786,harris_climate,climate_projection,Unweighted 2010-tract precipitation summary. Warming-window extremes are not calendar-year flood-frequency multipliers.
EC-Earth3,ssp585,2.5,2046,2036,2055,20,1,2055,2055-07-20,2055-07-22,757.7749631043257,750.154,786,harris_climate,climate_projection,Unweighted 2010-tract precipitation summary. Warming-window extremes are not calendar-year flood-frequency multipliers.
EC-Earth3,ssp585,2.5,2046,2036,2055,20,2,2055,2055-06-12,2055-06-14,303.0874732824427,300.8135,786,harris_climate,climate_projection,Unweighted 2010-tract precipitation summary. Warming-window extremes are not calendar-year flood-frequency multipliers.
EC-Earth3,ssp585,2.5,2046,2036,2055,20,3,2044,2044-09-13,2044-09-15,225.30980152671754,223.633,786,harris_climate,climate_projection,Unweighted 2010-tract precipitation summary. Warming-window extremes are not calendar-year flood-frequency multipliers.
EC-Earth3,ssp585,2.5,2046,2036,2055,20,4,2042,2042-09-16,2042-09-18,221.5136679389313,212.728,786,harris_climate,climate_projection,Unweighted 2010-tract precipitation summary. Warming-window extremes are not calendar-year flood-frequency multipliers.
EC-Earth3,ssp585,2.5,2046,2036,2055,20,5,2044,2044-04-11,2044-04-13,187.2919007633588,190.488,786,harris_climate,climate_projection,Unweighted 2010-tract precipitation summary. Warming-window extremes are not calendar-year flood-frequency multipliers.
EC-Earth3,ssp585,3.0,2057,2047,2066,20,1,2055,2055-07-20,2055-07-22,757.7749631043257,750.154,786,harris_climate,climate_projection,Unweighted 2010-tract precipitation summary. Warming-window extremes are not calendar-year flood-frequency multipliers.
EC-Earth3,ssp585,3.0,2057,2047,2066,20,2,2055,2055-06-13,2055-06-15,303.0874732824427,300.8135,786,harris_climate,climate_projection,Unweighted 2010-tract precipitation summary. Warming-window extremes are not calendar-year flood-frequency multipliers.
EC-Earth3,ssp585,3.0,2057,2047,2066,20,3,2061,2061-10-28,2061-10-30,175.4382989821883,173.691,786,harris_climate,climate_projection,Unweighted 2010-tract precipitation summary. Warming-window extremes are not calendar-year flood-frequency multipliers.
EC-Earth3,ssp585,3.0,2057,2047,2066,20,4,2057,2057-06-29,2057-07-01,169.08637531806616,169.8635,786,harris_climate,climate_projection,Unweighted 2010-tract precipitation summary. Warming-window extremes are not calendar-year flood-frequency multipliers.
EC-Earth3,ssp585,3.0,2057,2047,2066,20,5,2051,2051-09-28,2051-09-30,162.39695165394403,162.305,786,harris_climate,climate_projection,Unweighted 2010-tract precipitation summary. Warming-window extremes are not calendar-year flood-frequency multipliers.
EC-Earth3,ssp585,3.5,2066,2056,2075,20,1,2071,2071-07-02,2071-07-04,325.043534351145,317.969,786,harris_climate,climate_projection,Unweighted 2010-tract precipitation summary. Warming-window extremes are not calendar-year flood-frequency multipliers.
EC-Earth3,ssp585,3.5,2066,2056,2075,20,2,2071,2071-02-24,2071-02-26,198.13717557251908,199.805,786,harris_climate,climate_projection,Unweighted 2010-tract precipitation summary. Warming-window extremes are not calendar-year flood-frequency multipliers.
EC-Earth3,ssp585,3.5,2066,2056,2075,20,3,2072,2072-12-26,2072-12-28,194.11847073791347,196.9165,786,harris_climate,climate_projection,Unweighted 2010-tract precipitation summary. Warming-window extremes are not calendar-year flood-frequency multipliers.
EC-Earth3,ssp585,3.5,2066,2056,2075,20,4,2061,2061-10-27,2061-10-29,175.4382989821883,173.691,786,harris_climate,climate_projection,Unweighted 2010-tract precipitation summary. Warming-window extremes are not calendar-year flood-frequency multipliers.
EC-Earth3,ssp585,3.5,2066,2056,2075,20,5,2070,2070-10-01,2070-10-03,169.59431679389314,168.32,786,harris_climate,climate_projection,Unweighted 2010-tract precipitation summary. Warming-window extremes are not calendar-year flood-frequency multipliers.
EC-Earth3,ssp585,4.0,2074,2064,2083,20,1,2071,2071-07-02,2071-07-04,325.043534351145,317.969,786,harris_climate,climate_projection,Unweighted 2010-tract precipitation summary. Warming-window extremes are not calendar-year flood-frequency multipliers.
EC-Earth3,ssp585,4.0,2074,2064,2083,20,2,2078,2078-10-08,2078-10-10,288.89576590330785,289.5605,786,harris_climate,climate_projection,Unweighted 2010-tract precipitation summary. Warming-window extremes are not calendar-year flood-frequency multipliers.
EC-Earth3,ssp585,4.0,2074,2064,2083,20,3,2083,2083-06-19,2083-06-21,209.72359796437658,210.449,786,harris_climate,climate_projection,Unweighted 2010-tract precipitation summary. Warming-window extremes are not calendar-year flood-frequency multipliers.
EC-Earth3,ssp585,4.0,2074,2064,2083,20,4,2071,2071-02-24,2071-02-26,198.13717557251908,199.805,786,harris_climate,climate_projection,Unweighted 2010-tract precipitation summary. Warming-window extremes are not calendar-year flood-frequency multipliers.
EC-Earth3,ssp585,4.0,2074,2064,2083,20,5,2072,2072-12-26,2072-12-28,194.11847073791347,196.9165,786,harris_climate,climate_projection,Unweighted 2010-tract precipitation summary. Warming-window extremes are not calendar-year flood-frequency multipliers.
GFDL-CM4,ssp245,1.0,2015,2005,2024,5,1,2022,2022-06-08,2022-06-10,154.96391857506362,151.582,786,harris_climate,climate_projection,Unweighted 2010-tract precipitation summary. Warming-window extremes are not calendar-year flood-frequency multipliers.
GFDL-CM4,ssp245,1.0,2015,2005,2024,5,2,2022,2022-09-16,2022-09-18,127.76660050890585,125.703,786,harris_climate,climate_projection,Unweighted 2010-tract precipitation summary. Warming-window extremes are not calendar-year flood-frequency multipliers.
GFDL-CM4,ssp245,1.0,2015,2005,2024,5,3,2022,2022-07-12,2022-07-14,133.05075572519084,133.2865,786,harris_climate,climate_projection,Unweighted 2010-tract precipitation summary. Warming-window extremes are not calendar-year flood-frequency multipliers.
GFDL-CM4,ssp245,1.0,2015,2005,2024,5,4,2024,2024-05-15,2024-05-17,135.42116921119595,135.547,786,harris_climate,climate_projection,Unweighted 2010-tract precipitation summary. Warming-window extremes are not calendar-year flood-frequency multipliers.
GFDL-CM4,ssp245,1.0,2015,2005,2024,5,5,2023,2023-04-23,2023-04-25,115.67825572519084,116.602,786,harris_climate,climate_projection,Unweighted 2010-tract precipitation summary. Warming-window extremes are not calendar-year flood-frequency multipliers.
GFDL-CM4,ssp245,1.5,2031,2021,2040,20,1,2025,2025-09-22,2025-09-24,418.7273804071247,422.354,786,harris_climate,climate_projection,Unweighted 2010-tract precipitation summary. Warming-window extremes are not calendar-year flood-frequency multipliers.
GFDL-CM4,ssp245,1.5,2031,2021,2040,20,2,2035,2035-08-21,2035-08-23,247.77870356234095,248.105,786,harris_climate,climate_projection,Unweighted 2010-tract precipitation summary. Warming-window extremes are not calendar-year flood-frequency multipliers.
GFDL-CM4,ssp245,1.5,2031,2021,2040,20,3,2031,2031-09-01,2031-09-03,200.5675114503817,202.1225,786,harris_climate,climate_projection,Unweighted 2010-tract precipitation summary. Warming-window extremes are not calendar-year flood-frequency multipliers.
GFDL-CM4,ssp245,1.5,2031,2021,2040,20,4,2026,2026-10-15,2026-10-17,196.64061577608143,197.09300000000002,786,harris_climate,climate_projection,Unweighted 2010-tract precipitation summary. Warming-window extremes are not calendar-year flood-frequency multipliers.
GFDL-CM4,ssp245,1.5,2031,2021,2040,20,5,2022,2022-06-08,2022-06-10,154.96391857506362,151.582,786,harris_climate,climate_projection,Unweighted 2010-tract precipitation summary. Warming-window extremes are not calendar-year flood-frequency multipliers.
GFDL-CM4,ssp245,2.0,2050,2040,2059,20,1,2042,2042-09-23,2042-09-25,515.9654961832061,514.922,786,harris_climate,climate_projection,Unweighted 2010-tract precipitation summary. Warming-window extremes are not calendar-year flood-frequency multipliers.
GFDL-CM4,ssp245,2.0,2050,2040,2059,20,2,2052,2052-07-03,2052-07-05,264.50316284987275,260.70799999999997,786,harris_climate,climate_projection,Unweighted 2010-tract precipitation summary. Warming-window extremes are not calendar-year flood-frequency multipliers.
GFDL-CM4,ssp245,2.0,2050,2040,2059,20,3,2050,2050-10-01,2050-10-03,209.2567430025445,213.03699999999998,786,harris_climate,climate_projection,Unweighted 2010-tract precipitation summary. Warming-window extremes are not calendar-year flood-frequency multipliers.
GFDL-CM4,ssp245,2.0,2050,2040,2059,20,4,2049,2049-07-20,2049-07-22,193.06777226463103,190.7175,786,harris_climate,climate_projection,Unweighted 2010-tract precipitation summary. Warming-window extremes are not calendar-year flood-frequency multipliers.
GFDL-CM4,ssp245,2.0,2050,2040,2059,20,5,2046,2046-09-04,2046-09-06,179.10427735368955,179.551,786,harris_climate,climate_projection,Unweighted 2010-tract precipitation summary. Warming-window extremes are not calendar-year flood-frequency multipliers.
GFDL-CM4,ssp245,2.5,2070,2060,2079,20,1,2062,2062-06-22,2062-06-24,333.77086386768445,331.5465,786,harris_climate,climate_projection,Unweighted 2010-tract precipitation summary. Warming-window extremes are not calendar-year flood-frequency multipliers.
GFDL-CM4,ssp245,2.5,2070,2060,2079,20,2,2078,2078-07-06,2078-07-08,312.16125954198475,314.77549999999997,786,harris_climate,climate_projection,Unweighted 2010-tract precipitation summary. Warming-window extremes are not calendar-year flood-frequency multipliers.
GFDL-CM4,ssp245,2.5,2070,2060,2079,20,3,2068,2068-03-02,2068-03-04,235.799237913486,235.833,786,harris_climate,climate_projection,Unweighted 2010-tract precipitation summary. Warming-window extremes are not calendar-year flood-frequency multipliers.
GFDL-CM4,ssp245,2.5,2070,2060,2079,20,4,2075,2075-09-09,2075-09-11,199.35691475826974,198.994,786,harris_climate,climate_projection,Unweighted 2010-tract precipitation summary. Warming-window extremes are not calendar-year flood-frequency multipliers.
GFDL-CM4,ssp245,2.5,2070,2060,2079,20,5,2072,2072-11-01,2072-11-03,192.54601908396947,190.527,786,harris_climate,climate_projection,Unweighted 2010-tract precipitation summary. Warming-window extremes are not calendar-year flood-frequency multipliers.
GFDL-CM4,ssp585,1.0,2014,2004,2023,4,1,2021,2021-10-20,2021-10-22,152.14365903307888,151.367,786,harris_climate,climate_projection,Unweighted 2010-tract precipitation summary. Warming-window extremes are not calendar-year flood-frequency multipliers.
GFDL-CM4,ssp585,1.0,2014,2004,2023,4,2,2020,2020-05-20,2020-05-22,134.9210445292621,135.273,786,harris_climate,climate_projection,Unweighted 2010-tract precipitation summary. Warming-window extremes are not calendar-year flood-frequency multipliers.
GFDL-CM4,ssp585,1.0,2014,2004,2023,4,3,2022,2022-05-09,2022-05-11,123.13205216284987,122.969,786,harris_climate,climate_projection,Unweighted 2010-tract precipitation summary. Warming-window extremes are not calendar-year flood-frequency multipliers.
GFDL-CM4,ssp585,1.0,2014,2004,2023,4,4,2021,2021-09-30,2021-10-02,113.90494529262087,113.9405,786,harris_climate,climate_projection,Unweighted 2010-tract precipitation summary. Warming-window extremes are not calendar-year flood-frequency multipliers.
GFDL-CM4,ssp585,1.0,2014,2004,2023,4,5,2022,2022-04-15,2022-04-17,111.20380152671756,111.23,786,harris_climate,climate_projection,Unweighted 2010-tract precipitation summary. Warming-window extremes are not calendar-year flood-frequency multipliers.
GFDL-CM4,ssp585,1.5,2030,2020,2039,20,1,2038,2038-09-04,2038-09-06,563.5615979643766,564.9805,786,harris_climate,climate_projection,Unweighted 2010-tract precipitation summary. Warming-window extremes are not calendar-year flood-frequency multipliers.
GFDL-CM4,ssp585,1.5,2030,2020,2039,20,2,2034,2034-10-14,2034-10-16,283.791893129771,283.2455,786,harris_climate,climate_projection,Unweighted 2010-tract precipitation summary. Warming-window extremes are not calendar-year flood-frequency multipliers.
GFDL-CM4,ssp585,1.5,2030,2020,2039,20,3,2029,2029-08-30,2029-09-01,260.25703816793896,260.918,786,harris_climate,climate_projection,Unweighted 2010-tract precipitation summary. Warming-window extremes are not calendar-year flood-frequency multipliers.
GFDL-CM4,ssp585,1.5,2030,2020,2039,20,4,2037,2037-06-27,2037-06-29,246.07577735368955,247.09,786,harris_climate,climate_projection,Unweighted 2010-tract precipitation summary. Warming-window extremes are not calendar-year flood-frequency multipliers.
GFDL-CM4,ssp585,1.5,2030,2020,2039,20,5,2026,2026-10-24,2026-10-26,163.92934096692113,164.512,786,harris_climate,climate_projection,Unweighted 2010-tract precipitation summary. Warming-window extremes are not calendar-year flood-frequency multipliers.
GFDL-CM4,ssp585,2.0,2042,2032,2051,20,1,2046,2046-08-27,2046-08-29,608.2320852417303,606.113,786,harris_climate,climate_projection,Unweighted 2010-tract precipitation summary. Warming-window extremes are not calendar-year flood-frequency multipliers.
GFDL-CM4,ssp585,2.0,2042,2032,2051,20,2,2038,2038-09-04,2038-09-06,563.5615979643766,564.9805,786,harris_climate,climate_projection,Unweighted 2010-tract precipitation summary. Warming-window extremes are not calendar-year flood-frequency multipliers.
GFDL-CM4,ssp585,2.0,2042,2032,2051,20,3,2046,2046-06-10,2046-06-12,334.2339096692112,333.89,786,harris_climate,climate_projection,Unweighted 2010-tract precipitation summary. Warming-window extremes are not calendar-year flood-frequency multipliers.
GFDL-CM4,ssp585,2.0,2042,2032,2051,20,4,2042,2042-08-30,2042-09-01,301.7468409669211,301.758,786,harris_climate,climate_projection,Unweighted 2010-tract precipitation summary. Warming-window extremes are not calendar-year flood-frequency multipliers.
GFDL-CM4,ssp585,2.0,2042,2032,2051,20,5,2034,2034-10-14,2034-10-16,283.791893129771,283.2455,786,harris_climate,climate_projection,Unweighted 2010-tract precipitation summary. Warming-window extremes are not calendar-year flood-frequency multipliers.
GFDL-CM4,ssp585,2.5,2051,2041,2060,20,1,2046,2046-08-27,2046-08-29,608.2320852417303,606.113,786,harris_climate,climate_projection,Unweighted 2010-tract precipitation summary. Warming-window extremes are not calendar-year flood-frequency multipliers.
GFDL-CM4,ssp585,2.5,2051,2041,2060,20,2,2046,2046-06-10,2046-06-12,334.2339096692112,333.89,786,harris_climate,climate_projection,Unweighted 2010-tract precipitation summary. Warming-window extremes are not calendar-year flood-frequency multipliers.
GFDL-CM4,ssp585,2.5,2051,2041,2060,20,3,2042,2042-08-30,2042-09-01,301.7468409669211,301.758,786,harris_climate,climate_projection,Unweighted 2010-tract precipitation summary. Warming-window extremes are not calendar-year flood-frequency multipliers.
GFDL-CM4,ssp585,2.5,2051,2041,2060,20,4,2052,2052-05-22,2052-05-24,250.92326081424935,250.9475,786,harris_climate,climate_projection,Unweighted 2010-tract precipitation summary. Warming-window extremes are not calendar-year flood-frequency multipliers.
GFDL-CM4,ssp585,2.5,2051,2041,2060,20,5,2059,2059-07-06,2059-07-08,241.86580025445292,238.54500000000002,786,harris_climate,climate_projection,Unweighted 2010-tract precipitation summary. Warming-window extremes are not calendar-year flood-frequency multipliers.
GFDL-CM4,ssp585,3.0,2060,2050,2069,20,1,2069,2069-08-28,2069-08-30,500.47509033078876,503.125,786,harris_climate,climate_projection,Unweighted 2010-tract precipitation summary. Warming-window extremes are not calendar-year flood-frequency multipliers.
GFDL-CM4,ssp585,3.0,2060,2050,2069,20,2,2067,2067-08-29,2067-08-31,334.33989058524173,335.6835,786,harris_climate,climate_projection,Unweighted 2010-tract precipitation summary. Warming-window extremes are not calendar-year flood-frequency multipliers.
GFDL-CM4,ssp585,3.0,2060,2050,2069,20,3,2052,2052-05-22,2052-05-24,250.92326081424935,250.9475,786,harris_climate,climate_projection,Unweighted 2010-tract precipitation summary. Warming-window extremes are not calendar-year flood-frequency multipliers.
GFDL-CM4,ssp585,3.0,2060,2050,2069,20,4,2059,2059-07-06,2059-07-08,241.86580025445292,238.54500000000002,786,harris_climate,climate_projection,Unweighted 2010-tract precipitation summary. Warming-window extremes are not calendar-year flood-frequency multipliers.
GFDL-CM4,ssp585,3.0,2060,2050,2069,20,5,2054,2054-06-16,2054-06-18,213.717131043257,211.67000000000002,786,harris_climate,climate_projection,Unweighted 2010-tract precipitation summary. Warming-window extremes are not calendar-year flood-frequency multipliers.
GFDL-CM4,ssp585,3.5,2070,2060,2079,20,1,2069,2069-08-28,2069-08-30,500.47509033078876,503.125,786,harris_climate,climate_projection,Unweighted 2010-tract precipitation summary. Warming-window extremes are not calendar-year flood-frequency multipliers.
GFDL-CM4,ssp585,3.5,2070,2060,2079,20,2,2067,2067-08-29,2067-08-31,334.33989058524173,335.6835,786,harris_climate,climate_projection,Unweighted 2010-tract precipitation summary. Warming-window extremes are not calendar-year flood-frequency multipliers.
GFDL-CM4,ssp585,3.5,2070,2060,2079,20,3,2071,2071-09-11,2071-09-13,300.6779783715013,302.773,786,harris_climate,climate_projection,Unweighted 2010-tract precipitation summary. Warming-window extremes are not calendar-year flood-frequency multipliers.
GFDL-CM4,ssp585,3.5,2070,2060,2079,20,4,2070,2070-05-25,2070-05-27,233.5983282442748,232.109,786,harris_climate,climate_projection,Unweighted 2010-tract precipitation summary. Warming-window extremes are not calendar-year flood-frequency multipliers.
GFDL-CM4,ssp585,3.5,2070,2060,2079,20,5,2074,2074-08-30,2074-09-01,215.42329134860051,215.459,786,harris_climate,climate_projection,Unweighted 2010-tract precipitation summary. Warming-window extremes are not calendar-year flood-frequency multipliers.
GFDL-CM4,ssp585,4.0,2079,2069,2088,20,1,2069,2069-08-28,2069-08-30,500.47509033078876,503.125,786,harris_climate,climate_projection,Unweighted 2010-tract precipitation summary. Warming-window extremes are not calendar-year flood-frequency multipliers.
GFDL-CM4,ssp585,4.0,2079,2069,2088,20,2,2088,2088-08-31,2088-09-02,375.351975826972,374.331,786,harris_climate,climate_projection,Unweighted 2010-tract precipitation summary. Warming-window extremes are not calendar-year flood-frequency multipliers.
GFDL-CM4,ssp585,4.0,2079,2069,2088,20,3,2071,2071-09-11,2071-09-13,300.6779783715013,302.773,786,harris_climate,climate_projection,Unweighted 2010-tract precipitation summary. Warming-window extremes are not calendar-year flood-frequency multipliers.
GFDL-CM4,ssp585,4.0,2079,2069,2088,20,4,2070,2070-05-25,2070-05-27,233.5983282442748,232.109,786,harris_climate,climate_projection,Unweighted 2010-tract precipitation summary. Warming-window extremes are not calendar-year flood-frequency multipliers.
GFDL-CM4,ssp585,4.0,2079,2069,2088,20,5,2086,2086-10-20,2086-10-22,207.59419465648855,205.07799999999997,786,harris_climate,climate_projection,Unweighted 2010-tract precipitation summary. Warming-window extremes are not calendar-year flood-frequency multipliers.
GFDL-ESM4,ssp126,1.0,2020,2010,2029,10,1,2021,2021-10-08,2021-10-10,149.51639821882952,150.2575,786,harris_climate,climate_projection,Unweighted 2010-tract precipitation summary. Warming-window extremes are not calendar-year flood-frequency multipliers.
GFDL-ESM4,ssp126,1.0,2020,2010,2029,10,2,2024,2024-10-07,2024-10-09,139.0951679389313,137.6755,786,harris_climate,climate_projection,Unweighted 2010-tract precipitation summary. Warming-window extremes are not calendar-year flood-frequency multipliers.
GFDL-ESM4,ssp126,1.0,2020,2010,2029,10,3,2025,2025-12-09,2025-12-11,120.53946946564885,120.9995,786,harris_climate,climate_projection,Unweighted 2010-tract precipitation summary. Warming-window extremes are not calendar-year flood-frequency multipliers.
GFDL-ESM4,ssp126,1.0,2020,2010,2029,10,4,2028,2028-12-03,2028-12-05,119.98424045801526,119.961,786,harris_climate,climate_projection,Unweighted 2010-tract precipitation summary. Warming-window extremes are not calendar-year flood-frequency multipliers.
GFDL-ESM4,ssp126,1.0,2020,2010,2029,10,5,2027,2027-10-16,2027-10-18,110.14503435114504,109.65299999999999,786,harris_climate,climate_projection,Unweighted 2010-tract precipitation summary. Warming-window extremes are not calendar-year flood-frequency multipliers.
GFDL-ESM4,ssp245,1.0,2018,2008,2027,8,1,2020,2020-06-29,2020-07-01,626.2258078880407,625.1855,786,harris_climate,climate_projection,Unweighted 2010-tract precipitation summary. Warming-window extremes are not calendar-year flood-frequency multipliers.
GFDL-ESM4,ssp245,1.0,2018,2008,2027,8,2,2023,2023-09-29,2023-10-01,311.4049007633588,316.055,786,harris_climate,climate_projection,Unweighted 2010-tract precipitation summary. Warming-window extremes are not calendar-year flood-frequency multipliers.
GFDL-ESM4,ssp245,1.0,2018,2008,2027,8,3,2024,2024-06-13,2024-06-15,272.8469351145038,273.2715,786,harris_climate,climate_projection,Unweighted 2010-tract precipitation summary. Warming-window extremes are not calendar-year flood-frequency multipliers.
GFDL-ESM4,ssp245,1.0,2018,2008,2027,8,4,2027,2027-10-24,2027-10-26,198.16776463104327,198.38850000000002,786,harris_climate,climate_projection,Unweighted 2010-tract precipitation summary. Warming-window extremes are not calendar-year flood-frequency multipliers.
GFDL-ESM4,ssp245,1.0,2018,2008,2027,8,5,2025,2025-10-21,2025-10-23,191.16033715012722,193.809,786,harris_climate,climate_projection,Unweighted 2010-tract precipitation summary. Warming-window extremes are not calendar-year flood-frequency multipliers.
GFDL-ESM4,ssp245,1.5,2046,2036,2055,20,1,2055,2055-06-30,2055-07-02,389.91201526717555,388.945,786,harris_climate,climate_projection,Unweighted 2010-tract precipitation summary. Warming-window extremes are not calendar-year flood-frequency multipliers.
GFDL-ESM4,ssp245,1.5,2046,2036,2055,20,2,2043,2043-07-11,2043-07-13,196.8643740458015,197.31799999999998,786,harris_climate,climate_projection,Unweighted 2010-tract precipitation summary. Warming-window extremes are not calendar-year flood-frequency multipliers.
GFDL-ESM4,ssp245,1.5,2046,2036,2055,20,3,2037,2037-05-29,2037-05-31,182.26411323155216,182.56599999999997,786,harris_climate,climate_projection,Unweighted 2010-tract precipitation summary. Warming-window extremes are not calendar-year flood-frequency multipliers.
GFDL-ESM4,ssp245,1.5,2046,2036,2055,20,4,2048,2048-05-24,2048-05-26,167.10042620865138,167.031,786,harris_climate,climate_projection,Unweighted 2010-tract precipitation summary. Warming-window extremes are not calendar-year flood-frequency multipliers.
GFDL-ESM4,ssp245,1.5,2046,2036,2055,20,5,2040,2040-10-06,2040-10-08,163.69516666666667,164.023,786,harris_climate,climate_projection,Unweighted 2010-tract precipitation summary. Warming-window extremes are not calendar-year flood-frequency multipliers.
GFDL-ESM4,ssp245,2.0,2073,2063,2082,20,1,2074,2074-06-30,2074-07-02,384.11717811704835,383.633,786,harris_climate,climate_projection,Unweighted 2010-tract precipitation summary. Warming-window extremes are not calendar-year flood-frequency multipliers.
GFDL-ESM4,ssp245,2.0,2073,2063,2082,20,2,2065,2065-08-31,2065-09-02,254.25896946564885,245.90800000000002,786,harris_climate,climate_projection,Unweighted 2010-tract precipitation summary. Warming-window extremes are not calendar-year flood-frequency multipliers.
GFDL-ESM4,ssp245,2.0,2073,2063,2082,20,3,2069,2069-05-17,2069-05-19,212.16633842239185,214.34199999999998,786,harris_climate,climate_projection,Unweighted 2010-tract precipitation summary. Warming-window extremes are not calendar-year flood-frequency multipliers.
GFDL-ESM4,ssp245,2.0,2073,2063,2082,20,4,2064,2064-10-23,2064-10-25,201.0738117048346,201.084,786,harris_climate,climate_projection,Unweighted 2010-tract precipitation summary. Warming-window extremes are not calendar-year flood-frequency multipliers.
GFDL-ESM4,ssp245,2.0,2073,2063,2082,20,5,2082,2082-09-06,2082-09-08,202.50878117048347,203.584,786,harris_climate,climate_projection,Unweighted 2010-tract precipitation summary. Warming-window extremes are not calendar-year flood-frequency multipliers.
GFDL-ESM4,ssp370,1.0,2022,2012,2031,12,1,2030,2030-05-03,2030-05-05,223.84138676844782,226.094,786,harris_climate,climate_projection,Unweighted 2010-tract precipitation summary. Warming-window extremes are not calendar-year flood-frequency multipliers.
GFDL-ESM4,ssp370,1.0,2022,2012,2031,12,2,2031,2031-09-22,2031-09-24,220.18304198473285,215.449,786,harris_climate,climate_projection,Unweighted 2010-tract precipitation summary. Warming-window extremes are not calendar-year flood-frequency multipliers.
GFDL-ESM4,ssp370,1.0,2022,2012,2031,12,3,2028,2028-06-28,2028-06-30,193.64800636132318,190.28300000000002,786,harris_climate,climate_projection,Unweighted 2010-tract precipitation summary. Warming-window extremes are not calendar-year flood-frequency multipliers.
GFDL-ESM4,ssp370,1.0,2022,2012,2031,12,4,2027,2027-07-01,2027-07-03,171.91709033078882,167.6725,786,harris_climate,climate_projection,Unweighted 2010-tract precipitation summary. Warming-window extremes are not calendar-year flood-frequency multipliers.
GFDL-ESM4,ssp370,1.0,2022,2012,2031,12,5,2026,2026-06-02,2026-06-04,171.35238295165394,173.066,786,harris_climate,climate_projection,Unweighted 2010-tract precipitation summary. Warming-window extremes are not calendar-year flood-frequency multipliers.
GFDL-ESM4,ssp370,1.5,2041,2031,2050,20,1,2046,2046-07-01,2046-07-03,257.6803638676845,259.341,786,harris_climate,climate_projection,Unweighted 2010-tract precipitation summary. Warming-window extremes are not calendar-year flood-frequency multipliers.
GFDL-ESM4,ssp370,1.5,2041,2031,2050,20,2,2036,2036-08-23,2036-08-25,222.57361068702292,221.562,786,harris_climate,climate_projection,Unweighted 2010-tract precipitation summary. Warming-window extremes are not calendar-year flood-frequency multipliers.
GFDL-ESM4,ssp370,1.5,2041,2031,2050,20,3,2037,2037-06-05,2037-06-07,216.5351832061069,213.086,786,harris_climate,climate_projection,Unweighted 2010-tract precipitation summary. Warming-window extremes are not calendar-year flood-frequency multipliers.
GFDL-ESM4,ssp370,1.5,2041,2031,2050,20,4,2031,2031-09-22,2031-09-24,220.18304198473285,215.449,786,harris_climate,climate_projection,Unweighted 2010-tract precipitation summary. Warming-window extremes are not calendar-year flood-frequency multipliers.
GFDL-ESM4,ssp370,1.5,2041,2031,2050,20,5,2036,2036-09-21,2036-09-23,179.767941475827,179.5215,786,harris_climate,climate_projection,Unweighted 2010-tract precipitation summary. Warming-window extremes are not calendar-year flood-frequency multipliers.
GFDL-ESM4,ssp370,2.0,2057,2047,2066,20,1,2056,2056-06-07,2056-06-09,291.28169083969465,292.077,786,harris_climate,climate_projection,Unweighted 2010-tract precipitation summary. Warming-window extremes are not calendar-year flood-frequency multipliers.
GFDL-ESM4,ssp370,2.0,2057,2047,2066,20,2,2052,2052-09-05,2052-09-07,269.1290267175573,267.188,786,harris_climate,climate_projection,Unweighted 2010-tract precipitation summary. Warming-window extremes are not calendar-year flood-frequency multipliers.
GFDL-ESM4,ssp370,2.0,2057,2047,2066,20,3,2055,2055-08-12,2055-08-14,195.26032697201018,187.598,786,harris_climate,climate_projection,Unweighted 2010-tract precipitation summary. Warming-window extremes are not calendar-year flood-frequency multipliers.
GFDL-ESM4,ssp370,2.0,2057,2047,2066,20,4,2063,2063-09-29,2063-10-01,186.61859923664124,185.82999999999998,786,harris_climate,climate_projection,Unweighted 2010-tract precipitation summary. Warming-window extremes are not calendar-year flood-frequency multipliers.
GFDL-ESM4,ssp370,2.0,2057,2047,2066,20,5,2055,2055-09-12,2055-09-14,166.02917302798983,164.60899999999998,786,harris_climate,climate_projection,Unweighted 2010-tract precipitation summary. Warming-window extremes are not calendar-year flood-frequency multipliers.
GFDL-ESM4,ssp370,2.5,2070,2060,2079,20,1,2063,2063-09-30,2063-10-02,186.61859923664124,185.82999999999998,786,harris_climate,climate_projection,Unweighted 2010-tract precipitation summary. Warming-window extremes are not calendar-year flood-frequency multipliers.
GFDL-ESM4,ssp370,2.5,2070,2060,2079,20,2,2070,2070-06-07,2070-06-09,184.24232442748092,184.707,786,harris_climate,climate_projection,Unweighted 2010-tract precipitation summary. Warming-window extremes are not calendar-year flood-frequency multipliers.
GFDL-ESM4,ssp370,2.5,2070,2060,2079,20,3,2064,2064-04-10,2064-04-12,157.80923027989823,158.4525,786,harris_climate,climate_projection,Unweighted 2010-tract precipitation summary. Warming-window extremes are not calendar-year flood-frequency multipliers.
GFDL-ESM4,ssp370,2.5,2070,2060,2079,20,4,2075,2075-07-12,2075-07-14,147.67217811704833,149.31650000000002,786,harris_climate,climate_projection,Unweighted 2010-tract precipitation summary. Warming-window extremes are not calendar-year flood-frequency multipliers.
GFDL-ESM4,ssp370,2.5,2070,2060,2079,20,5,2064,2064-11-09,2064-11-11,140.89051145038167,140.64,786,harris_climate,climate_projection,Unweighted 2010-tract precipitation summary. Warming-window extremes are not calendar-year flood-frequency multipliers.
GFDL-ESM4,ssp370,3.0,2083,2073,2092,20,1,2080,2080-06-29,2080-07-01,383.49564503816794,383.4865,786,harris_climate,climate_projection,Unweighted 2010-tract precipitation summary. Warming-window extremes are not calendar-year flood-frequency multipliers.
GFDL-ESM4,ssp370,3.0,2083,2073,2092,20,2,2080,2080-06-15,2080-06-17,204.6390737913486,203.13799999999998,786,harris_climate,climate_projection,Unweighted 2010-tract precipitation summary. Warming-window extremes are not calendar-year flood-frequency multipliers.
GFDL-ESM4,ssp370,3.0,2083,2073,2092,20,3,2085,2085-10-26,2085-10-28,199.2082099236641,198.906,786,harris_climate,climate_projection,Unweighted 2010-tract precipitation summary. Warming-window extremes are not calendar-year flood-frequency multipliers.
GFDL-ESM4,ssp370,3.0,2083,2073,2092,20,4,2088,2088-10-28,2088-10-30,185.76090839694655,187.969,786,harris_climate,climate_projection,Unweighted 2010-tract precipitation summary. Warming-window extremes are not calendar-year flood-frequency multipliers.
GFDL-ESM4,ssp370,3.0,2083,2073,2092,20,5,2092,2092-10-10,2092-10-12,159.24177735368957,157.876,786,harris_climate,climate_projection,Unweighted 2010-tract precipitation summary. Warming-window extremes are not calendar-year flood-frequency multipliers.
GFDL-ESM4,ssp585,1.0,2021,2011,2030,11,1,2020,2020-03-25,2020-03-27,192.8631997455471,191.893,786,harris_climate,climate_projection,Unweighted 2010-tract precipitation summary. Warming-window extremes are not calendar-year flood-frequency multipliers.
GFDL-ESM4,ssp585,1.0,2021,2011,2030,11,2,2026,2026-06-17,2026-06-19,184.64695419847328,181.5675,786,harris_climate,climate_projection,Unweighted 2010-tract precipitation summary. Warming-window extremes are not calendar-year flood-frequency multipliers.
GFDL-ESM4,ssp585,1.0,2021,2011,2030,11,3,2021,2021-06-14,2021-06-16,168.01039567430027,166.328,786,harris_climate,climate_projection,Unweighted 2010-tract precipitation summary. Warming-window extremes are not calendar-year flood-frequency multipliers.
GFDL-ESM4,ssp585,1.0,2021,2011,2030,11,4,2021,2021-09-24,2021-09-26,165.24236132315522,158.037,786,harris_climate,climate_projection,Unweighted 2010-tract precipitation summary. Warming-window extremes are not calendar-year flood-frequency multipliers.
GFDL-ESM4,ssp585,1.0,2021,2011,2030,11,5,2030,2030-08-18,2030-08-20,151.25632315521628,151.055,786,harris_climate,climate_projection,Unweighted 2010-tract precipitation summary. Warming-window extremes are not calendar-year flood-frequency multipliers.
GFDL-ESM4,ssp585,1.5,2039,2029,2048,20,1,2039,2039-10-14,2039-10-16,281.97185114503816,275.08799999999997,786,harris_climate,climate_projection,Unweighted 2010-tract precipitation summary. Warming-window extremes are not calendar-year flood-frequency multipliers.
GFDL-ESM4,ssp585,1.5,2039,2029,2048,20,2,2038,2038-09-10,2038-09-12,260.8782061068702,264.8065,786,harris_climate,climate_projection,Unweighted 2010-tract precipitation summary. Warming-window extremes are not calendar-year flood-frequency multipliers.
GFDL-ESM4,ssp585,1.5,2039,2029,2048,20,3,2033,2033-09-28,2033-09-30,231.62415012722644,230.57150000000001,786,harris_climate,climate_projection,Unweighted 2010-tract precipitation summary. Warming-window extremes are not calendar-year flood-frequency multipliers.
GFDL-ESM4,ssp585,1.5,2039,2029,2048,20,4,2038,2038-08-01,2038-08-03,197.48433969465648,196.36700000000002,786,harris_climate,climate_projection,Unweighted 2010-tract precipitation summary. Warming-window extremes are not calendar-year flood-frequency multipliers.
GFDL-ESM4,ssp585,1.5,2039,2029,2048,20,5,2038,2038-05-12,2038-05-14,178.72487022900762,179.355,786,harris_climate,climate_projection,Unweighted 2010-tract precipitation summary. Warming-window extremes are not calendar-year flood-frequency multipliers.
GFDL-ESM4,ssp585,2.0,2053,2043,2062,20,1,2062,2062-10-07,2062-10-09,197.395524173028,197.422,786,harris_climate,climate_projection,Unweighted 2010-tract precipitation summary. Warming-window extremes are not calendar-year flood-frequency multipliers.
GFDL-ESM4,ssp585,2.0,2053,2043,2062,20,2,2062,2062-05-06,2062-05-08,208.46351908396946,208.809,786,harris_climate,climate_projection,Unweighted 2010-tract precipitation summary. Warming-window extremes are not calendar-year flood-frequency multipliers.
GFDL-ESM4,ssp585,2.0,2053,2043,2062,20,3,2060,2060-06-27,2060-06-29,196.27517175572518,193.804,786,harris_climate,climate_projection,Unweighted 2010-tract precipitation summary. Warming-window extremes are not calendar-year flood-frequency multipliers.
GFDL-ESM4,ssp585,2.0,2053,2043,2062,20,4,2050,2050-09-24,2050-09-26,173.53962849872772,172.3825,786,harris_climate,climate_projection,Unweighted 2010-tract precipitation summary. Warming-window extremes are not calendar-year flood-frequency multipliers.
GFDL-ESM4,ssp585,2.0,2053,2043,2062,20,5,2057,2057-05-26,2057-05-28,158.67019211195927,159.922,786,harris_climate,climate_projection,Unweighted 2010-tract precipitation summary. Warming-window extremes are not calendar-year flood-frequency multipliers.
GFDL-ESM4,ssp585,2.5,2065,2055,2074,20,1,2071,2071-06-23,2071-06-25,241.95530534351144,241.055,786,harris_climate,climate_projection,Unweighted 2010-tract precipitation summary. Warming-window extremes are not calendar-year flood-frequency multipliers.
GFDL-ESM4,ssp585,2.5,2065,2055,2074,20,2,2065,2065-07-29,2065-07-31,231.314820610687,232.3975,786,harris_climate,climate_projection,Unweighted 2010-tract precipitation summary. Warming-window extremes are not calendar-year flood-frequency multipliers.
GFDL-ESM4,ssp585,2.5,2065,2055,2074,20,3,2062,2062-10-07,2062-10-09,197.395524173028,197.422,786,harris_climate,climate_projection,Unweighted 2010-tract precipitation summary. Warming-window extremes are not calendar-year flood-frequency multipliers.
GFDL-ESM4,ssp585,2.5,2065,2055,2074,20,4,2062,2062-05-06,2062-05-08,208.46351908396946,208.809,786,harris_climate,climate_projection,Unweighted 2010-tract precipitation summary. Warming-window extremes are not calendar-year flood-frequency multipliers.
GFDL-ESM4,ssp585,2.5,2065,2055,2074,20,5,2060,2060-06-27,2060-06-29,196.27517175572518,193.804,786,harris_climate,climate_projection,Unweighted 2010-tract precipitation summary. Warming-window extremes are not calendar-year flood-frequency multipliers.
GFDL-ESM4,ssp585,3.0,2076,2066,2085,20,1,2071,2071-06-23,2071-06-25,241.95530534351144,241.055,786,harris_climate,climate_projection,Unweighted 2010-tract precipitation summary. Warming-window extremes are not calendar-year flood-frequency multipliers.
GFDL-ESM4,ssp585,3.0,2076,2066,2085,20,2,2084,2084-03-03,2084-03-05,189.876868956743,190.957,786,harris_climate,climate_projection,Unweighted 2010-tract precipitation summary. Warming-window extremes are not calendar-year flood-frequency multipliers.
GFDL-ESM4,ssp585,3.0,2076,2066,2085,20,3,2080,2080-05-13,2080-05-15,186.36276081424936,186.665,786,harris_climate,climate_projection,Unweighted 2010-tract precipitation summary. Warming-window extremes are not calendar-year flood-frequency multipliers.
GFDL-ESM4,ssp585,3.0,2076,2066,2085,20,4,2081,2081-10-08,2081-10-10,173.49402290076335,173.125,786,harris_climate,climate_projection,Unweighted 2010-tract precipitation summary. Warming-window extremes are not calendar-year flood-frequency multipliers.
GFDL-ESM4,ssp585,3.0,2076,2066,2085,20,5,2080,2080-10-21,2080-10-23,175.58660687022902,173.477,786,harris_climate,climate_projection,Unweighted 2010-tract precipitation summary. Warming-window extremes are not calendar-year flood-frequency multipliers.
GFDL-ESM4,ssp585,3.5,2086,2076,2095,20,1,2092,2092-06-23,2092-06-25,420.2296475826972,423.464,786,harris_climate,climate_projection,Unweighted 2010-tract precipitation summary. Warming-window extremes are not calendar-year flood-frequency multipliers.
GFDL-ESM4,ssp585,3.5,2086,2076,2095,20,2,2089,2089-05-24,2089-05-26,232.93285877862598,236.602,786,harris_climate,climate_projection,Unweighted 2010-tract precipitation summary. Warming-window extremes are not calendar-year flood-frequency multipliers.
GFDL-ESM4,ssp585,3.5,2086,2076,2095,20,3,2084,2084-03-03,2084-03-05,189.876868956743,190.957,786,harris_climate,climate_projection,Unweighted 2010-tract precipitation summary. Warming-window extremes are not calendar-year flood-frequency multipliers.
GFDL-ESM4,ssp585,3.5,2086,2076,2095,20,4,2088,2088-02-09,2088-02-11,191.92420356234098,192.383,786,harris_climate,climate_projection,Unweighted 2010-tract precipitation summary. Warming-window extremes are not calendar-year flood-frequency multipliers.
GFDL-ESM4,ssp585,3.5,2086,2076,2095,20,5,2080,2080-05-13,2080-05-15,186.36276081424936,186.665,786,harris_climate,climate_projection,Unweighted 2010-tract precipitation summary. Warming-window extremes are not calendar-year flood-frequency multipliers.
INM-CM4-8,ssp126,1.0,2014,2004,2023,4,1,2022,2022-05-19,2022-05-21,138.90838804071248,138.457,786,harris_climate,climate_projection,Unweighted 2010-tract precipitation summary. Warming-window extremes are not calendar-year flood-frequency multipliers.
INM-CM4-8,ssp126,1.0,2014,2004,2023,4,2,2020,2020-07-27,2020-07-29,138.39123282442748,134.9595,786,harris_climate,climate_projection,Unweighted 2010-tract precipitation summary. Warming-window extremes are not calendar-year flood-frequency multipliers.
INM-CM4-8,ssp126,1.0,2014,2004,2023,4,3,2020,2020-10-24,2020-10-26,126.69634732824427,129.014,786,harris_climate,climate_projection,Unweighted 2010-tract precipitation summary. Warming-window extremes are not calendar-year flood-frequency multipliers.
INM-CM4-8,ssp126,1.0,2014,2004,2023,4,4,2020,2020-12-18,2020-12-20,112.52944020356234,112.451,786,harris_climate,climate_projection,Unweighted 2010-tract precipitation summary. Warming-window extremes are not calendar-year flood-frequency multipliers.
INM-CM4-8,ssp126,1.0,2014,2004,2023,4,5,2023,2023-08-25,2023-08-27,112.66895674300255,110.8905,786,harris_climate,climate_projection,Unweighted 2010-tract precipitation summary. Warming-window extremes are not calendar-year flood-frequency multipliers.
INM-CM4-8,ssp126,1.5,2050,2040,2059,20,1,2046,2046-10-25,2046-10-27,361.865393129771,361.328,786,harris_climate,climate_projection,Unweighted 2010-tract precipitation summary. Warming-window extremes are not calendar-year flood-frequency multipliers.
INM-CM4-8,ssp126,1.5,2050,2040,2059,20,2,2040,2040-10-19,2040-10-21,323.02476081424936,322.8405,786,harris_climate,climate_projection,Unweighted 2010-tract precipitation summary. Warming-window extremes are not calendar-year flood-frequency multipliers.
INM-CM4-8,ssp126,1.5,2050,2040,2059,20,3,2051,2051-10-08,2051-10-10,304.7228282442748,300.19550000000004,786,harris_climate,climate_projection,Unweighted 2010-tract precipitation summary. Warming-window extremes are not calendar-year flood-frequency multipliers.
INM-CM4-8,ssp126,1.5,2050,2040,2059,20,4,2046,2046-07-27,2046-07-29,244.27352671755725,244.404,786,harris_climate,climate_projection,Unweighted 2010-tract precipitation summary. Warming-window extremes are not calendar-year flood-frequency multipliers.
INM-CM4-8,ssp126,1.5,2050,2040,2059,20,5,2058,2058-07-13,2058-07-15,231.7937366412214,234.87,786,harris_climate,climate_projection,Unweighted 2010-tract precipitation summary. Warming-window extremes are not calendar-year flood-frequency multipliers.
INM-CM4-8,ssp245,1.0,2015,2005,2024,5,1,2021,2021-07-18,2021-07-20,190.4536119592875,188.887,786,harris_climate,climate_projection,Unweighted 2010-tract precipitation summary. Warming-window extremes are not calendar-year flood-frequency multipliers.
INM-CM4-8,ssp245,1.0,2015,2005,2024,5,2,2021,2021-05-24,2021-05-26,167.37567684478373,168.49599999999998,786,harris_climate,climate_projection,Unweighted 2010-tract precipitation summary. Warming-window extremes are not calendar-year flood-frequency multipliers.
INM-CM4-8,ssp245,1.0,2015,2005,2024,5,3,2020,2020-04-03,2020-04-05,165.82853944020357,165.94400000000002,786,harris_climate,climate_projection,Unweighted 2010-tract precipitation summary. Warming-window extremes are not calendar-year flood-frequency multipliers.
INM-CM4-8,ssp245,1.0,2015,2005,2024,5,4,2023,2023-11-16,2023-11-18,144.53492366412215,145.859,786,harris_climate,climate_projection,Unweighted 2010-tract precipitation summary. Warming-window extremes are not calendar-year flood-frequency multipliers.
INM-CM4-8,ssp245,1.0,2015,2005,2024,5,5,2021,2021-08-28,2021-08-30,115.00041984732825,114.57,786,harris_climate,climate_projection,Unweighted 2010-tract precipitation summary. Warming-window extremes are not calendar-year flood-frequency multipliers.
INM-CM4-8,ssp245,1.5,2035,2025,2044,20,1,2029,2029-09-28,2029-09-30,282.41651526717555,282.347,786,harris_climate,climate_projection,Unweighted 2010-tract precipitation summary. Warming-window extremes are not calendar-year flood-frequency multipliers.
INM-CM4-8,ssp245,1.5,2035,2025,2044,20,2,2032,2032-11-05,2032-11-07,244.27694910941477,243.125,786,harris_climate,climate_projection,Unweighted 2010-tract precipitation summary. Warming-window extremes are not calendar-year flood-frequency multipliers.
INM-CM4-8,ssp245,1.5,2035,2025,2044,20,3,2037,2037-10-23,2037-10-25,230.89521374045802,230.684,786,harris_climate,climate_projection,Unweighted 2010-tract precipitation summary. Warming-window extremes are not calendar-year flood-frequency multipliers.
INM-CM4-8,ssp245,1.5,2035,2025,2044,20,4,2035,2035-09-26,2035-09-28,224.53136768447837,224.49200000000002,786,harris_climate,climate_projection,Unweighted 2010-tract precipitation summary. Warming-window extremes are not calendar-year flood-frequency multipliers.
INM-CM4-8,ssp245,1.5,2035,2025,2044,20,5,2044,2044-10-04,2044-10-06,222.82773791348603,229.59449999999998,786,harris_climate,climate_projection,Unweighted 2010-tract precipitation summary. Warming-window extremes are not calendar-year flood-frequency multipliers.
INM-CM4-8,ssp245,2.0,2063,2053,2072,20,1,2070,2070-07-13,2070-07-15,529.4444109414759,530.044,786,harris_climate,climate_projection,Unweighted 2010-tract precipitation summary. Warming-window extremes are not calendar-year flood-frequency multipliers.
INM-CM4-8,ssp245,2.0,2063,2053,2072,20,2,2072,2072-10-18,2072-10-20,316.5285623409669,309.86350000000004,786,harris_climate,climate_projection,Unweighted 2010-tract precipitation summary. Warming-window extremes are not calendar-year flood-frequency multipliers.
INM-CM4-8,ssp245,2.0,2063,2053,2072,20,3,2072,2072-08-15,2072-08-17,199.67417811704837,200.08800000000002,786,harris_climate,climate_projection,Unweighted 2010-tract precipitation summary. Warming-window extremes are not calendar-year flood-frequency multipliers.
INM-CM4-8,ssp245,2.0,2063,2053,2072,20,4,2072,2072-10-11,2072-10-13,185.6682417302799,185.171,786,harris_climate,climate_projection,Unweighted 2010-tract precipitation summary. Warming-window extremes are not calendar-year flood-frequency multipliers.
INM-CM4-8,ssp245,2.0,2063,2053,2072,20,5,2059,2059-10-02,2059-10-04,168.59016030534352,165.57150000000001,786,harris_climate,climate_projection,Unweighted 2010-tract precipitation summary. Warming-window extremes are not calendar-year flood-frequency multipliers.
INM-CM4-8,ssp370,1.0,2016,2006,2025,6,1,2023,2023-07-27,2023-07-29,132.0940318066158,131.4595,786,harris_climate,climate_projection,Unweighted 2010-tract precipitation summary. Warming-window extremes are not calendar-year flood-frequency multipliers.
INM-CM4-8,ssp370,1.0,2016,2006,2025,6,2,2021,2021-09-14,2021-09-16,117.1869262086514,116.777,786,harris_climate,climate_projection,Unweighted 2010-tract precipitation summary. Warming-window extremes are not calendar-year flood-frequency multipliers.
INM-CM4-8,ssp370,1.0,2016,2006,2025,6,3,2021,2021-09-24,2021-09-26,115.8478893129771,115.083,786,harris_climate,climate_projection,Unweighted 2010-tract precipitation summary. Warming-window extremes are not calendar-year flood-frequency multipliers.
INM-CM4-8,ssp370,1.0,2016,2006,2025,6,4,2020,2020-09-23,2020-09-25,110.56451399491094,108.89150000000001,786,harris_climate,climate_projection,Unweighted 2010-tract precipitation summary. Warming-window extremes are not calendar-year flood-frequency multipliers.
INM-CM4-8,ssp370,1.0,2016,2006,2025,6,5,2020,2020-08-24,2020-08-26,108.61956234096691,110.42,786,harris_climate,climate_projection,Unweighted 2010-tract precipitation summary. Warming-window extremes are not calendar-year flood-frequency multipliers.
INM-CM4-8,ssp370,1.5,2036,2026,2045,20,1,2037,2037-09-17,2037-09-19,515.979237913486,516.1395,786,harris_climate,climate_projection,Unweighted 2010-tract precipitation summary. Warming-window extremes are not calendar-year flood-frequency multipliers.
INM-CM4-8,ssp370,1.5,2036,2026,2045,20,2,2030,2030-07-15,2030-07-17,410.521713740458,412.8455,786,harris_climate,climate_projection,Unweighted 2010-tract precipitation summary. Warming-window extremes are not calendar-year flood-frequency multipliers.
INM-CM4-8,ssp370,1.5,2036,2026,2045,20,3,2041,2041-07-17,2041-07-19,239.34316539440204,238.086,786,harris_climate,climate_projection,Unweighted 2010-tract precipitation summary. Warming-window extremes are not calendar-year flood-frequency multipliers.
INM-CM4-8,ssp370,1.5,2036,2026,2045,20,4,2035,2035-07-15,2035-07-17,208.19326335877864,206.398,786,harris_climate,climate_projection,Unweighted 2010-tract precipitation summary. Warming-window extremes are not calendar-year flood-frequency multipliers.
INM-CM4-8,ssp370,1.5,2036,2026,2045,20,5,2033,2033-06-26,2033-06-28,183.56195292620865,179.297,786,harris_climate,climate_projection,Unweighted 2010-tract precipitation summary. Warming-window extremes are not calendar-year flood-frequency multipliers.
INM-CM4-8,ssp370,2.0,2053,2043,2062,20,1,2062,2062-07-01,2062-07-03,390.27382188295167,387.3145,786,harris_climate,climate_projection,Unweighted 2010-tract precipitation summary. Warming-window extremes are not calendar-year flood-frequency multipliers.
INM-CM4-8,ssp370,2.0,2053,2043,2062,20,2,2055,2055-06-05,2055-06-07,325.7201717557252,328.53499999999997,786,harris_climate,climate_projection,Unweighted 2010-tract precipitation summary. Warming-window extremes are not calendar-year flood-frequency multipliers.
INM-CM4-8,ssp370,2.0,2053,2043,2062,20,3,2049,2049-10-22,2049-10-24,293.25755089058526,298.5645,786,harris_climate,climate_projection,Unweighted 2010-tract precipitation summary. Warming-window extremes are not calendar-year flood-frequency multipliers.
INM-CM4-8,ssp370,2.0,2053,2043,2062,20,4,2062,2062-08-11,2062-08-13,220.65263231552166,219.219,786,harris_climate,climate_projection,Unweighted 2010-tract precipitation summary. Warming-window extremes are not calendar-year flood-frequency multipliers.
INM-CM4-8,ssp370,2.0,2053,2043,2062,20,5,2046,2046-04-19,2046-04-21,209.37006615776082,210.20049999999998,786,harris_climate,climate_projection,Unweighted 2010-tract precipitation summary. Warming-window extremes are not calendar-year flood-frequency multipliers.
INM-CM4-8,ssp370,2.5,2067,2057,2076,20,1,2062,2062-07-01,2062-07-03,390.27382188295167,387.3145,786,harris_climate,climate_projection,Unweighted 2010-tract precipitation summary. Warming-window extremes are not calendar-year flood-frequency multipliers.
INM-CM4-8,ssp370,2.5,2067,2057,2076,20,2,2062,2062-08-11,2062-08-13,220.65263231552166,219.219,786,harris_climate,climate_projection,Unweighted 2010-tract precipitation summary. Warming-window extremes are not calendar-year flood-frequency multipliers.
INM-CM4-8,ssp370,2.5,2067,2057,2076,20,3,2072,2072-04-28,2072-04-30,203.67630661577607,202.3585,786,harris_climate,climate_projection,Unweighted 2010-tract precipitation summary. Warming-window extremes are not calendar-year flood-frequency multipliers.
INM-CM4-8,ssp370,2.5,2067,2057,2076,20,4,2067,2067-05-23,2067-05-25,200.84092111959288,200.30599999999998,786,harris_climate,climate_projection,Unweighted 2010-tract precipitation summary. Warming-window extremes are not calendar-year flood-frequency multipliers.
INM-CM4-8,ssp370,2.5,2067,2057,2076,20,5,2074,2074-07-01,2074-07-03,200.65216539440206,201.934,786,harris_climate,climate_projection,Unweighted 2010-tract precipitation summary. Warming-window extremes are not calendar-year flood-frequency multipliers.
INM-CM4-8,ssp370,3.0,2083,2073,2092,20,1,2082,2082-08-24,2082-08-26,243.210655216285,244.766,786,harris_climate,climate_projection,Unweighted 2010-tract precipitation summary. Warming-window extremes are not calendar-year flood-frequency multipliers.
INM-CM4-8,ssp370,3.0,2083,2073,2092,20,2,2080,2080-08-05,2080-08-07,241.7979134860051,235.586,786,harris_climate,climate_projection,Unweighted 2010-tract precipitation summary. Warming-window extremes are not calendar-year flood-frequency multipliers.
INM-CM4-8,ssp370,3.0,2083,2073,2092,20,3,2090,2090-08-15,2090-08-17,228.43975699745548,229.902,786,harris_climate,climate_projection,Unweighted 2010-tract precipitation summary. Warming-window extremes are not calendar-year flood-frequency multipliers.
INM-CM4-8,ssp370,3.0,2083,2073,2092,20,4,2091,2091-08-27,2091-08-29,232.004155216285,229.5635,786,harris_climate,climate_projection,Unweighted 2010-tract precipitation summary. Warming-window extremes are not calendar-year flood-frequency multipliers.
INM-CM4-8,ssp370,3.0,2083,2073,2092,20,5,2074,2074-07-01,2074-07-03,200.65216539440206,201.934,786,harris_climate,climate_projection,Unweighted 2010-tract precipitation summary. Warming-window extremes are not calendar-year flood-frequency multipliers.
INM-CM4-8,ssp585,1.0,2013,2003,2022,3,1,2020,2020-10-29,2020-10-31,155.0895903307888,153.19650000000001,786,harris_climate,climate_projection,Unweighted 2010-tract precipitation summary. Warming-window extremes are not calendar-year flood-frequency multipliers.
INM-CM4-8,ssp585,1.0,2013,2003,2022,3,2,2020,2020-07-28,2020-07-30,156.5577417302799,154.18,786,harris_climate,climate_projection,Unweighted 2010-tract precipitation summary. Warming-window extremes are not calendar-year flood-frequency multipliers.
INM-CM4-8,ssp585,1.0,2013,2003,2022,3,3,2021,2021-08-20,2021-08-22,140.55558778625954,139.3295,786,harris_climate,climate_projection,Unweighted 2010-tract precipitation summary. Warming-window extremes are not calendar-year flood-frequency multipliers.
INM-CM4-8,ssp585,1.0,2013,2003,2022,3,4,2021,2021-08-28,2021-08-30,121.44493765903309,121.393,786,harris_climate,climate_projection,Unweighted 2010-tract precipitation summary. Warming-window extremes are not calendar-year flood-frequency multipliers.
INM-CM4-8,ssp585,1.0,2013,2003,2022,3,5,2022,2022-06-02,2022-06-04,121.28589949109416,121.484,786,harris_climate,climate_projection,Unweighted 2010-tract precipitation summary. Warming-window extremes are not calendar-year flood-frequency multipliers.
INM-CM4-8,ssp585,1.5,2031,2021,2040,20,1,2026,2026-08-31,2026-09-02,351.0512608142494,359.15999999999997,786,harris_climate,climate_projection,Unweighted 2010-tract precipitation summary. Warming-window extremes are not calendar-year flood-frequency multipliers.
INM-CM4-8,ssp585,1.5,2031,2021,2040,20,2,2034,2034-03-26,2034-03-28,296.8730737913486,300.938,786,harris_climate,climate_projection,Unweighted 2010-tract precipitation summary. Warming-window extremes are not calendar-year flood-frequency multipliers.
INM-CM4-8,ssp585,1.5,2031,2021,2040,20,3,2038,2038-10-18,2038-10-20,214.3627798982188,215.195,786,harris_climate,climate_projection,Unweighted 2010-tract precipitation summary. Warming-window extremes are not calendar-year flood-frequency multipliers.
INM-CM4-8,ssp585,1.5,2031,2021,2040,20,4,2032,2032-12-02,2032-12-04,209.3065776081425,208.877,786,harris_climate,climate_projection,Unweighted 2010-tract precipitation summary. Warming-window extremes are not calendar-year flood-frequency multipliers.
INM-CM4-8,ssp585,1.5,2031,2021,2040,20,5,2039,2039-09-13,2039-09-15,176.63517557251907,178.9355,786,harris_climate,climate_projection,Unweighted 2010-tract precipitation summary. Warming-window extremes are not calendar-year flood-frequency multipliers.
INM-CM4-8,ssp585,2.0,2046,2036,2055,20,1,2038,2038-10-18,2038-10-20,214.3627798982188,215.195,786,harris_climate,climate_projection,Unweighted 2010-tract precipitation summary. Warming-window extremes are not calendar-year flood-frequency multipliers.
INM-CM4-8,ssp585,2.0,2046,2036,2055,20,2,2055,2055-07-30,2055-08-01,215.08492239185753,214.844,786,harris_climate,climate_projection,Unweighted 2010-tract precipitation summary. Warming-window extremes are not calendar-year flood-frequency multipliers.
INM-CM4-8,ssp585,2.0,2046,2036,2055,20,3,2043,2043-10-16,2043-10-18,217.36888931297707,212.93,786,harris_climate,climate_projection,Unweighted 2010-tract precipitation summary. Warming-window extremes are not calendar-year flood-frequency multipliers.
INM-CM4-8,ssp585,2.0,2046,2036,2055,20,4,2047,2047-10-26,2047-10-28,184.75833969465648,184.648,786,harris_climate,climate_projection,Unweighted 2010-tract precipitation summary. Warming-window extremes are not calendar-year flood-frequency multipliers.
INM-CM4-8,ssp585,2.0,2046,2036,2055,20,5,2042,2042-09-16,2042-09-18,181.26879262086516,180.977,786,harris_climate,climate_projection,Unweighted 2010-tract precipitation summary. Warming-window extremes are not calendar-year flood-frequency multipliers.
INM-CM4-8,ssp585,2.5,2058,2048,2067,20,1,2064,2064-05-17,2064-05-19,212.86734223918575,213.0275,786,harris_climate,climate_projection,Unweighted 2010-tract precipitation summary. Warming-window extremes are not calendar-year flood-frequency multipliers.
INM-CM4-8,ssp585,2.5,2058,2048,2067,20,2,2055,2055-07-30,2055-08-01,215.08492239185753,214.844,786,harris_climate,climate_projection,Unweighted 2010-tract precipitation summary. Warming-window extremes are not calendar-year flood-frequency multipliers.
INM-CM4-8,ssp585,2.5,2058,2048,2067,20,3,2053,2053-05-28,2053-05-30,180.8951106870229,181.3865,786,harris_climate,climate_projection,Unweighted 2010-tract precipitation summary. Warming-window extremes are not calendar-year flood-frequency multipliers.
INM-CM4-8,ssp585,2.5,2058,2048,2067,20,4,2052,2052-06-04,2052-06-06,181.91097328244274,182.876,786,harris_climate,climate_projection,Unweighted 2010-tract precipitation summary. Warming-window extremes are not calendar-year flood-frequency multipliers.
INM-CM4-8,ssp585,2.5,2058,2048,2067,20,5,2050,2050-09-16,2050-09-18,174.74277989821886,173.281,786,harris_climate,climate_projection,Unweighted 2010-tract precipitation summary. Warming-window extremes are not calendar-year flood-frequency multipliers.
INM-CM4-8,ssp585,3.0,2070,2060,2079,20,1,2074,2074-08-26,2074-08-28,261.31660941475826,258.911,786,harris_climate,climate_projection,Unweighted 2010-tract precipitation summary. Warming-window extremes are not calendar-year flood-frequency multipliers.
INM-CM4-8,ssp585,3.0,2070,2060,2079,20,2,2076,2076-08-02,2076-08-04,256.4452811704835,252.93,786,harris_climate,climate_projection,Unweighted 2010-tract precipitation summary. Warming-window extremes are not calendar-year flood-frequency multipliers.
INM-CM4-8,ssp585,3.0,2070,2060,2079,20,3,2077,2077-06-11,2077-06-13,241.64728117048347,242.734,786,harris_climate,climate_projection,Unweighted 2010-tract precipitation summary. Warming-window extremes are not calendar-year flood-frequency multipliers.
INM-CM4-8,ssp585,3.0,2070,2060,2079,20,4,2070,2070-10-27,2070-10-29,220.23433842239186,221.016,786,harris_climate,climate_projection,Unweighted 2010-tract precipitation summary. Warming-window extremes are not calendar-year flood-frequency multipliers.
INM-CM4-8,ssp585,3.0,2070,2060,2079,20,5,2064,2064-05-17,2064-05-19,212.86734223918575,213.0275,786,harris_climate,climate_projection,Unweighted 2010-tract precipitation summary. Warming-window extremes are not calendar-year flood-frequency multipliers.
INM-CM4-8,ssp585,3.5,2084,2074,2093,20,1,2082,2082-07-31,2082-08-02,493.9067913486005,499.17,786,harris_climate,climate_projection,Unweighted 2010-tract precipitation summary. Warming-window extremes are not calendar-year flood-frequency multipliers.
INM-CM4-8,ssp585,3.5,2084,2074,2093,20,2,2074,2074-08-26,2074-08-28,261.31660941475826,258.911,786,harris_climate,climate_projection,Unweighted 2010-tract precipitation summary. Warming-window extremes are not calendar-year flood-frequency multipliers.
INM-CM4-8,ssp585,3.5,2084,2074,2093,20,3,2082,2082-08-04,2082-08-06,253.46400636132316,255.84,786,harris_climate,climate_projection,Unweighted 2010-tract precipitation summary. Warming-window extremes are not calendar-year flood-frequency multipliers.
INM-CM4-8,ssp585,3.5,2084,2074,2093,20,4,2076,2076-08-02,2076-08-04,256.4452811704835,252.93,786,harris_climate,climate_projection,Unweighted 2010-tract precipitation summary. Warming-window extremes are not calendar-year flood-frequency multipliers.
INM-CM4-8,ssp585,3.5,2084,2074,2093,20,5,2077,2077-06-11,2077-06-13,241.64728117048347,242.734,786,harris_climate,climate_projection,Unweighted 2010-tract precipitation summary. Warming-window extremes are not calendar-year flood-frequency multipliers.
INM-CM5-0,ssp126,1.0,2016,2006,2025,6,1,2023,2023-10-09,2023-10-11,149.33188295165394,149.883,786,harris_climate,climate_projection,Unweighted 2010-tract precipitation summary. Warming-window extremes are not calendar-year flood-frequency multipliers.
INM-CM5-0,ssp126,1.0,2016,2006,2025,6,2,2023,2023-08-03,2023-08-05,151.93379770992365,151.273,786,harris_climate,climate_projection,Unweighted 2010-tract precipitation summary. Warming-window extremes are not calendar-year flood-frequency multipliers.
INM-CM5-0,ssp126,1.0,2016,2006,2025,6,3,2023,2023-06-08,2023-06-10,139.72873155216286,136.96300000000002,786,harris_climate,climate_projection,Unweighted 2010-tract precipitation summary. Warming-window extremes are not calendar-year flood-frequency multipliers.
INM-CM5-0,ssp126,1.0,2016,2006,2025,6,4,2021,2021-06-22,2021-06-24,129.74430279898218,130.1105,786,harris_climate,climate_projection,Unweighted 2010-tract precipitation summary. Warming-window extremes are not calendar-year flood-frequency multipliers.
INM-CM5-0,ssp126,1.0,2016,2006,2025,6,5,2020,2020-11-10,2020-11-12,129.55923664122136,129.434,786,harris_climate,climate_projection,Unweighted 2010-tract precipitation summary. Warming-window extremes are not calendar-year flood-frequency multipliers.
INM-CM5-0,ssp126,1.5,2037,2027,2046,20,1,2035,2035-06-05,2035-06-07,271.1378409669211,273.027,786,harris_climate,climate_projection,Unweighted 2010-tract precipitation summary. Warming-window extremes are not calendar-year flood-frequency multipliers.
INM-CM5-0,ssp126,1.5,2037,2027,2046,20,2,2029,2029-05-14,2029-05-16,201.9502659033079,201.602,786,harris_climate,climate_projection,Unweighted 2010-tract precipitation summary. Warming-window extremes are not calendar-year flood-frequency multipliers.
INM-CM5-0,ssp126,1.5,2037,2027,2046,20,3,2033,2033-10-07,2033-10-09,206.82924681933844,210.879,786,harris_climate,climate_projection,Unweighted 2010-tract precipitation summary. Warming-window extremes are not calendar-year flood-frequency multipliers.
INM-CM5-0,ssp126,1.5,2037,2027,2046,20,4,2027,2027-11-12,2027-11-14,191.18410432569976,191.67000000000002,786,harris_climate,climate_projection,Unweighted 2010-tract precipitation summary. Warming-window extremes are not calendar-year flood-frequency multipliers.
INM-CM5-0,ssp126,1.5,2037,2027,2046,20,5,2034,2034-10-09,2034-10-11,194.88944402035625,196.172,786,harris_climate,climate_projection,Unweighted 2010-tract precipitation summary. Warming-window extremes are not calendar-year flood-frequency multipliers.
INM-CM5-0,ssp245,1.0,2017,2007,2026,7,1,2024,2024-06-13,2024-06-15,271.9346055979644,270.6055,786,harris_climate,climate_projection,Unweighted 2010-tract precipitation summary. Warming-window extremes are not calendar-year flood-frequency multipliers.
INM-CM5-0,ssp245,1.0,2017,2007,2026,7,2,2021,2021-08-28,2021-08-30,241.1582671755725,240.586,786,harris_climate,climate_projection,Unweighted 2010-tract precipitation summary. Warming-window extremes are not calendar-year flood-frequency multipliers.
INM-CM5-0,ssp245,1.0,2017,2007,2026,7,3,2020,2020-06-24,2020-06-26,202.01006488549618,202.266,786,harris_climate,climate_projection,Unweighted 2010-tract precipitation summary. Warming-window extremes are not calendar-year flood-frequency multipliers.
INM-CM5-0,ssp245,1.0,2017,2007,2026,7,4,2025,2025-04-21,2025-04-23,154.87472264631043,155.586,786,harris_climate,climate_projection,Unweighted 2010-tract precipitation summary. Warming-window extremes are not calendar-year flood-frequency multipliers.
INM-CM5-0,ssp245,1.0,2017,2007,2026,7,5,2023,2023-03-27,2023-03-29,137.4258893129771,137.2755,786,harris_climate,climate_projection,Unweighted 2010-tract precipitation summary. Warming-window extremes are not calendar-year flood-frequency multipliers.
INM-CM5-0,ssp245,1.5,2037,2027,2046,20,1,2043,2043-05-05,2043-05-07,242.91622391857507,243.286,786,harris_climate,climate_projection,Unweighted 2010-tract precipitation summary. Warming-window extremes are not calendar-year flood-frequency multipliers.
INM-CM5-0,ssp245,1.5,2037,2027,2046,20,2,2037,2037-07-22,2037-07-24,243.33240712468194,239.922,786,harris_climate,climate_projection,Unweighted 2010-tract precipitation summary. Warming-window extremes are not calendar-year flood-frequency multipliers.
INM-CM5-0,ssp245,1.5,2037,2027,2046,20,3,2041,2041-11-18,2041-11-20,224.03923027989822,224.17000000000002,786,harris_climate,climate_projection,Unweighted 2010-tract precipitation summary. Warming-window extremes are not calendar-year flood-frequency multipliers.
INM-CM5-0,ssp245,1.5,2037,2027,2046,20,4,2028,2028-07-03,2028-07-05,198.81339694656486,200.57600000000002,786,harris_climate,climate_projection,Unweighted 2010-tract precipitation summary. Warming-window extremes are not calendar-year flood-frequency multipliers.
INM-CM5-0,ssp245,1.5,2037,2027,2046,20,5,2045,2045-07-28,2045-07-30,193.6099961832061,193.56799999999998,786,harris_climate,climate_projection,Unweighted 2010-tract precipitation summary. Warming-window extremes are not calendar-year flood-frequency multipliers.
INM-CM5-0,ssp245,2.0,2072,2062,2081,20,1,2075,2075-09-06,2075-09-08,581.2090267175572,596.383,786,harris_climate,climate_projection,Unweighted 2010-tract precipitation summary. Warming-window extremes are not calendar-year flood-frequency multipliers.
INM-CM5-0,ssp245,2.0,2072,2062,2081,20,2,2067,2067-10-25,2067-10-27,329.746713740458,332.3895,786,harris_climate,climate_projection,Unweighted 2010-tract precipitation summary. Warming-window extremes are not calendar-year flood-frequency multipliers.
INM-CM5-0,ssp245,2.0,2072,2062,2081,20,3,2075,2075-04-13,2075-04-15,329.90853816793896,326.836,786,harris_climate,climate_projection,Unweighted 2010-tract precipitation summary. Warming-window extremes are not calendar-year flood-frequency multipliers.
INM-CM5-0,ssp245,2.0,2072,2062,2081,20,4,2071,2071-06-19,2071-06-21,231.1280292620865,228.698,786,harris_climate,climate_projection,Unweighted 2010-tract precipitation summary. Warming-window extremes are not calendar-year flood-frequency multipliers.
INM-CM5-0,ssp245,2.0,2072,2062,2081,20,5,2068,2068-10-28,2068-10-30,223.71724427480913,224.414,786,harris_climate,climate_projection,Unweighted 2010-tract precipitation summary. Warming-window extremes are not calendar-year flood-frequency multipliers.
INM-CM5-0,ssp370,1.0,2016,2006,2025,6,1,2023,2023-04-05,2023-04-07,266.619703562341,270.6385,786,harris_climate,climate_projection,Unweighted 2010-tract precipitation summary. Warming-window extremes are not calendar-year flood-frequency multipliers.
INM-CM5-0,ssp370,1.0,2016,2006,2025,6,2,2020,2020-06-02,2020-06-04,168.34181424936386,168.496,786,harris_climate,climate_projection,Unweighted 2010-tract precipitation summary. Warming-window extremes are not calendar-year flood-frequency multipliers.
INM-CM5-0,ssp370,1.0,2016,2006,2025,6,3,2022,2022-09-13,2022-09-15,148.80995419847326,149.18,786,harris_climate,climate_projection,Unweighted 2010-tract precipitation summary. Warming-window extremes are not calendar-year flood-frequency multipliers.
INM-CM5-0,ssp370,1.0,2016,2006,2025,6,4,2024,2024-06-10,2024-06-12,128.71577226463103,129.5065,786,harris_climate,climate_projection,Unweighted 2010-tract precipitation summary. Warming-window extremes are not calendar-year flood-frequency multipliers.
INM-CM5-0,ssp370,1.0,2016,2006,2025,6,5,2024,2024-03-10,2024-03-12,122.58412977099238,120.273,786,harris_climate,climate_projection,Unweighted 2010-tract precipitation summary. Warming-window extremes are not calendar-year flood-frequency multipliers.
INM-CM5-0,ssp370,1.5,2032,2022,2041,20,1,2031,2031-10-27,2031-10-29,479.73542366412215,475.039,786,harris_climate,climate_projection,Unweighted 2010-tract precipitation summary. Warming-window extremes are not calendar-year flood-frequency multipliers.
INM-CM5-0,ssp370,1.5,2032,2022,2041,20,2,2023,2023-04-05,2023-04-07,266.619703562341,270.6385,786,harris_climate,climate_projection,Unweighted 2010-tract precipitation summary. Warming-window extremes are not calendar-year flood-frequency multipliers.
INM-CM5-0,ssp370,1.5,2032,2022,2041,20,3,2035,2035-08-14,2035-08-16,214.60496564885497,214.961,786,harris_climate,climate_projection,Unweighted 2010-tract precipitation summary. Warming-window extremes are not calendar-year flood-frequency multipliers.
INM-CM5-0,ssp370,1.5,2032,2022,2041,20,4,2028,2028-08-21,2028-08-23,196.72448600508906,194.32600000000002,786,harris_climate,climate_projection,Unweighted 2010-tract precipitation summary. Warming-window extremes are not calendar-year flood-frequency multipliers.
INM-CM5-0,ssp370,1.5,2032,2022,2041,20,5,2036,2036-03-27,2036-03-29,189.42665648854964,190.42000000000002,786,harris_climate,climate_projection,Unweighted 2010-tract precipitation summary. Warming-window extremes are not calendar-year flood-frequency multipliers.
INM-CM5-0,ssp370,2.0,2050,2040,2059,20,1,2045,2045-04-26,2045-04-28,274.36959669211194,274.258,786,harris_climate,climate_projection,Unweighted 2010-tract precipitation summary. Warming-window extremes are not calendar-year flood-frequency multipliers.
INM-CM5-0,ssp370,2.0,2050,2040,2059,20,2,2054,2054-08-09,2054-08-11,250.0922061068702,249.473,786,harris_climate,climate_projection,Unweighted 2010-tract precipitation summary. Warming-window extremes are not calendar-year flood-frequency multipliers.
INM-CM5-0,ssp370,2.0,2050,2040,2059,20,3,2049,2049-04-13,2049-04-15,248.0714300254453,247.703,786,harris_climate,climate_projection,Unweighted 2010-tract precipitation summary. Warming-window extremes are not calendar-year flood-frequency multipliers.
INM-CM5-0,ssp370,2.0,2050,2040,2059,20,4,2054,2054-07-21,2054-07-23,214.3987824427481,215.234,786,harris_climate,climate_projection,Unweighted 2010-tract precipitation summary. Warming-window extremes are not calendar-year flood-frequency multipliers.
INM-CM5-0,ssp370,2.0,2050,2040,2059,20,5,2059,2059-07-07,2059-07-09,196.1407048346056,192.8255,786,harris_climate,climate_projection,Unweighted 2010-tract precipitation summary. Warming-window extremes are not calendar-year flood-frequency multipliers.
INM-CM5-0,ssp370,2.5,2069,2059,2078,20,1,2062,2062-10-18,2062-10-20,392.620975826972,391.055,786,harris_climate,climate_projection,Unweighted 2010-tract precipitation summary. Warming-window extremes are not calendar-year flood-frequency multipliers.
INM-CM5-0,ssp370,2.5,2069,2059,2078,20,2,2064,2064-06-08,2064-06-10,337.1401615776082,332.7785,786,harris_climate,climate_projection,Unweighted 2010-tract precipitation summary. Warming-window extremes are not calendar-year flood-frequency multipliers.
INM-CM5-0,ssp370,2.5,2069,2059,2078,20,3,2071,2071-06-09,2071-06-11,297.9617798982188,299.57,786,harris_climate,climate_projection,Unweighted 2010-tract precipitation summary. Warming-window extremes are not calendar-year flood-frequency multipliers.
INM-CM5-0,ssp370,2.5,2069,2059,2078,20,4,2067,2067-07-04,2067-07-06,282.6750050890585,283.516,786,harris_climate,climate_projection,Unweighted 2010-tract precipitation summary. Warming-window extremes are not calendar-year flood-frequency multipliers.
INM-CM5-0,ssp370,2.5,2069,2059,2078,20,5,2076,2076-11-05,2076-11-07,240.2451361323155,240.469,786,harris_climate,climate_projection,Unweighted 2010-tract precipitation summary. Warming-window extremes are not calendar-year flood-frequency multipliers.
INM-CM5-0,ssp370,3.0,2084,2074,2093,20,1,2079,2079-10-31,2079-11-02,371.6456997455471,374.25149999999996,786,harris_climate,climate_projection,Unweighted 2010-tract precipitation summary. Warming-window extremes are not calendar-year flood-frequency multipliers.
INM-CM5-0,ssp370,3.0,2084,2074,2093,20,2,2076,2076-11-05,2076-11-07,240.2451361323155,240.469,786,harris_climate,climate_projection,Unweighted 2010-tract precipitation summary. Warming-window extremes are not calendar-year flood-frequency multipliers.
INM-CM5-0,ssp370,3.0,2084,2074,2093,20,3,2079,2079-05-04,2079-05-06,218.5491259541985,220.234,786,harris_climate,climate_projection,Unweighted 2010-tract precipitation summary. Warming-window extremes are not calendar-year flood-frequency multipliers.
INM-CM5-0,ssp370,3.0,2084,2074,2093,20,4,2079,2079-09-30,2079-10-02,185.35452544529264,185.151,786,harris_climate,climate_projection,Unweighted 2010-tract precipitation summary. Warming-window extremes are not calendar-year flood-frequency multipliers.
INM-CM5-0,ssp370,3.0,2084,2074,2093,20,5,2083,2083-10-26,2083-10-28,185.70783969465649,185.011,786,harris_climate,climate_projection,Unweighted 2010-tract precipitation summary. Warming-window extremes are not calendar-year flood-frequency multipliers.
INM-CM5-0,ssp585,1.0,2015,2005,2024,5,1,2023,2023-10-24,2023-10-26,257.9488625954199,257.852,786,harris_climate,climate_projection,Unweighted 2010-tract precipitation summary. Warming-window extremes are not calendar-year flood-frequency multipliers.
INM-CM5-0,ssp585,1.0,2015,2005,2024,5,2,2023,2023-09-05,2023-09-07,188.07798091603055,186.8315,786,harris_climate,climate_projection,Unweighted 2010-tract precipitation summary. Warming-window extremes are not calendar-year flood-frequency multipliers.
INM-CM5-0,ssp585,1.0,2015,2005,2024,5,3,2024,2024-09-26,2024-09-28,173.38892875318066,174.6285,786,harris_climate,climate_projection,Unweighted 2010-tract precipitation summary. Warming-window extremes are not calendar-year flood-frequency multipliers.
INM-CM5-0,ssp585,1.0,2015,2005,2024,5,4,2021,2021-10-06,2021-10-08,136.54897201017812,138.83300000000003,786,harris_climate,climate_projection,Unweighted 2010-tract precipitation summary. Warming-window extremes are not calendar-year flood-frequency multipliers.
INM-CM5-0,ssp585,1.0,2015,2005,2024,5,5,2024,2024-11-10,2024-11-12,129.24522900763358,129.336,786,harris_climate,climate_projection,Unweighted 2010-tract precipitation summary. Warming-window extremes are not calendar-year flood-frequency multipliers.
INM-CM5-0,ssp585,1.5,2031,2021,2040,20,1,2037,2037-10-05,2037-10-07,275.5400941475827,274.3265,786,harris_climate,climate_projection,Unweighted 2010-tract precipitation summary. Warming-window extremes are not calendar-year flood-frequency multipliers.
INM-CM5-0,ssp585,1.5,2031,2021,2040,20,2,2039,2039-10-07,2039-10-09,270.73536132315525,269.18,786,harris_climate,climate_projection,Unweighted 2010-tract precipitation summary. Warming-window extremes are not calendar-year flood-frequency multipliers.
INM-CM5-0,ssp585,1.5,2031,2021,2040,20,3,2023,2023-10-24,2023-10-26,257.9488625954199,257.852,786,harris_climate,climate_projection,Unweighted 2010-tract precipitation summary. Warming-window extremes are not calendar-year flood-frequency multipliers.
INM-CM5-0,ssp585,1.5,2031,2021,2040,20,4,2036,2036-08-03,2036-08-05,258.3218231552163,261.299,786,harris_climate,climate_projection,Unweighted 2010-tract precipitation summary. Warming-window extremes are not calendar-year flood-frequency multipliers.
INM-CM5-0,ssp585,1.5,2031,2021,2040,20,5,2026,2026-11-01,2026-11-03,194.1989910941476,191.738,786,harris_climate,climate_projection,Unweighted 2010-tract precipitation summary. Warming-window extremes are not calendar-year flood-frequency multipliers.
INM-CM5-0,ssp585,2.0,2046,2036,2055,20,1,2037,2037-10-05,2037-10-07,275.5400941475827,274.3265,786,harris_climate,climate_projection,Unweighted 2010-tract precipitation summary. Warming-window extremes are not calendar-year flood-frequency multipliers.
INM-CM5-0,ssp585,2.0,2046,2036,2055,20,2,2039,2039-10-07,2039-10-09,270.73536132315525,269.18,786,harris_climate,climate_projection,Unweighted 2010-tract precipitation summary. Warming-window extremes are not calendar-year flood-frequency multipliers.
INM-CM5-0,ssp585,2.0,2046,2036,2055,20,3,2036,2036-08-03,2036-08-05,258.3218231552163,261.299,786,harris_climate,climate_projection,Unweighted 2010-tract precipitation summary. Warming-window extremes are not calendar-year flood-frequency multipliers.
INM-CM5-0,ssp585,2.0,2046,2036,2055,20,4,2050,2050-04-21,2050-04-23,236.50261323155217,237.285,786,harris_climate,climate_projection,Unweighted 2010-tract precipitation summary. Warming-window extremes are not calendar-year flood-frequency multipliers.
INM-CM5-0,ssp585,2.0,2046,2036,2055,20,5,2055,2055-10-09,2055-10-11,214.20486386768445,212.461,786,harris_climate,climate_projection,Unweighted 2010-tract precipitation summary. Warming-window extremes are not calendar-year flood-frequency multipliers.
INM-CM5-0,ssp585,2.5,2060,2050,2069,20,1,2058,2058-07-30,2058-08-01,249.04550127226463,249.8205,786,harris_climate,climate_projection,Unweighted 2010-tract precipitation summary. Warming-window extremes are not calendar-year flood-frequency multipliers.
INM-CM5-0,ssp585,2.5,2060,2050,2069,20,2,2050,2050-04-21,2050-04-23,236.50261323155217,237.285,786,harris_climate,climate_projection,Unweighted 2010-tract precipitation summary. Warming-window extremes are not calendar-year flood-frequency multipliers.
INM-CM5-0,ssp585,2.5,2060,2050,2069,20,3,2058,2058-07-08,2058-07-10,225.6139631043257,225.938,786,harris_climate,climate_projection,Unweighted 2010-tract precipitation summary. Warming-window extremes are not calendar-year flood-frequency multipliers.
INM-CM5-0,ssp585,2.5,2060,2050,2069,20,4,2055,2055-10-09,2055-10-11,214.20486386768445,212.461,786,harris_climate,climate_projection,Unweighted 2010-tract precipitation summary. Warming-window extremes are not calendar-year flood-frequency multipliers.
INM-CM5-0,ssp585,2.5,2060,2050,2069,20,5,2053,2053-07-18,2053-07-20,210.12205470737914,207.891,786,harris_climate,climate_projection,Unweighted 2010-tract precipitation summary. Warming-window extremes are not calendar-year flood-frequency multipliers.
INM-CM5-0,ssp585,3.0,2074,2064,2083,20,1,2082,2082-10-19,2082-10-21,510.57884732824425,510.8755,786,harris_climate,climate_projection,Unweighted 2010-tract precipitation summary. Warming-window extremes are not calendar-year flood-frequency multipliers.
INM-CM5-0,ssp585,3.0,2074,2064,2083,20,2,2080,2080-04-24,2080-04-26,349.60626590330793,348.291,786,harris_climate,climate_projection,Unweighted 2010-tract precipitation summary. Warming-window extremes are not calendar-year flood-frequency multipliers.
INM-CM5-0,ssp585,3.0,2074,2064,2083,20,3,2082,2082-08-07,2082-08-09,307.70490712468194,307.344,786,harris_climate,climate_projection,Unweighted 2010-tract precipitation summary. Warming-window extremes are not calendar-year flood-frequency multipliers.
INM-CM5-0,ssp585,3.0,2074,2064,2083,20,4,2082,2082-08-31,2082-09-02,265.54398091603053,271.5585,786,harris_climate,climate_projection,Unweighted 2010-tract precipitation summary. Warming-window extremes are not calendar-year flood-frequency multipliers.
INM-CM5-0,ssp585,3.0,2074,2064,2083,20,5,2070,2070-04-13,2070-04-15,228.43830661577607,229.89749999999998,786,harris_climate,climate_projection,Unweighted 2010-tract precipitation summary. Warming-window extremes are not calendar-year flood-frequency multipliers.
INM-CM5-0,ssp585,3.5,2088,2078,2097,20,1,2082,2082-10-19,2082-10-21,510.57884732824425,510.8755,786,harris_climate,climate_projection,Unweighted 2010-tract precipitation summary. Warming-window extremes are not calendar-year flood-frequency multipliers.
INM-CM5-0,ssp585,3.5,2088,2078,2097,20,2,2080,2080-04-24,2080-04-26,349.60626590330793,348.291,786,harris_climate,climate_projection,Unweighted 2010-tract precipitation summary. Warming-window extremes are not calendar-year flood-frequency multipliers.
INM-CM5-0,ssp585,3.5,2088,2078,2097,20,3,2082,2082-08-07,2082-08-09,307.70490712468194,307.344,786,harris_climate,climate_projection,Unweighted 2010-tract precipitation summary. Warming-window extremes are not calendar-year flood-frequency multipliers.
INM-CM5-0,ssp585,3.5,2088,2078,2097,20,4,2089,2089-05-29,2089-05-31,270.7010712468193,273.438,786,harris_climate,climate_projection,Unweighted 2010-tract precipitation summary. Warming-window extremes are not calendar-year flood-frequency multipliers.
INM-CM5-0,ssp585,3.5,2088,2078,2097,20,5,2082,2082-08-31,2082-09-02,265.54398091603053,271.5585,786,harris_climate,climate_projection,Unweighted 2010-tract precipitation summary. Warming-window extremes are not calendar-year flood-frequency multipliers.
MIROC6,ssp126,1.0,2026,2016,2035,16,1,2028,2028-06-05,2028-06-07,264.52415648854964,265.69,786,harris_climate,climate_projection,Unweighted 2010-tract precipitation summary. Warming-window extremes are not calendar-year flood-frequency multipliers.
MIROC6,ssp126,1.0,2026,2016,2035,16,2,2035,2035-09-08,2035-09-10,230.47886259541986,228.379,786,harris_climate,climate_projection,Unweighted 2010-tract precipitation summary. Warming-window extremes are not calendar-year flood-frequency multipliers.
MIROC6,ssp126,1.0,2026,2016,2035,16,3,2021,2021-07-04,2021-07-06,212.11836005089057,210.82,786,harris_climate,climate_projection,Unweighted 2010-tract precipitation summary. Warming-window extremes are not calendar-year flood-frequency multipliers.
MIROC6,ssp126,1.0,2026,2016,2035,16,4,2023,2023-09-26,2023-09-28,175.9026933842239,174.76100000000002,786,harris_climate,climate_projection,Unweighted 2010-tract precipitation summary. Warming-window extremes are not calendar-year flood-frequency multipliers.
MIROC6,ssp126,1.0,2026,2016,2035,16,5,2025,2025-11-14,2025-11-16,166.2913765903308,167.285,786,harris_climate,climate_projection,Unweighted 2010-tract precipitation summary. Warming-window extremes are not calendar-year flood-frequency multipliers.
MIROC6,ssp126,1.5,2063,2053,2072,20,1,2069,2069-09-04,2069-09-06,422.9442430025445,429.625,786,harris_climate,climate_projection,Unweighted 2010-tract precipitation summary. Warming-window extremes are not calendar-year flood-frequency multipliers.
MIROC6,ssp126,1.5,2063,2053,2072,20,2,2053,2053-09-10,2053-09-12,295.2394643765903,298.838,786,harris_climate,climate_projection,Unweighted 2010-tract precipitation summary. Warming-window extremes are not calendar-year flood-frequency multipliers.
MIROC6,ssp126,1.5,2063,2053,2072,20,3,2072,2072-07-01,2072-07-03,285.867272264631,283.633,786,harris_climate,climate_projection,Unweighted 2010-tract precipitation summary. Warming-window extremes are not calendar-year flood-frequency multipliers.
MIROC6,ssp126,1.5,2063,2053,2072,20,4,2071,2071-05-28,2071-05-30,214.0691768447837,215.84,786,harris_climate,climate_projection,Unweighted 2010-tract precipitation summary. Warming-window extremes are not calendar-year flood-frequency multipliers.
MIROC6,ssp126,1.5,2063,2053,2072,20,5,2060,2060-03-07,2060-03-09,197.48672900763358,196.406,786,harris_climate,climate_projection,Unweighted 2010-tract precipitation summary. Warming-window extremes are not calendar-year flood-frequency multipliers.
MIROC6,ssp245,1.0,2025,2015,2034,15,1,2023,2023-06-23,2023-06-25,381.11853435114506,382.52,786,harris_climate,climate_projection,Unweighted 2010-tract precipitation summary. Warming-window extremes are not calendar-year flood-frequency multipliers.
MIROC6,ssp245,1.0,2025,2015,2034,15,2,2032,2032-06-15,2032-06-17,252.41504707379136,253.099,786,harris_climate,climate_projection,Unweighted 2010-tract precipitation summary. Warming-window extremes are not calendar-year flood-frequency multipliers.
MIROC6,ssp245,1.0,2025,2015,2034,15,3,2025,2025-06-14,2025-06-16,245.6933600508906,245.312,786,harris_climate,climate_projection,Unweighted 2010-tract precipitation summary. Warming-window extremes are not calendar-year flood-frequency multipliers.
MIROC6,ssp245,1.0,2025,2015,2034,15,4,2028,2028-10-07,2028-10-09,206.35310559796437,203.906,786,harris_climate,climate_projection,Unweighted 2010-tract precipitation summary. Warming-window extremes are not calendar-year flood-frequency multipliers.
MIROC6,ssp245,1.0,2025,2015,2034,15,5,2025,2025-08-31,2025-09-02,196.44193129770994,195.312,786,harris_climate,climate_projection,Unweighted 2010-tract precipitation summary. Warming-window extremes are not calendar-year flood-frequency multipliers.
MIROC6,ssp245,1.5,2046,2036,2055,20,1,2038,2038-10-16,2038-10-18,319.0728842239186,316.953,786,harris_climate,climate_projection,Unweighted 2010-tract precipitation summary. Warming-window extremes are not calendar-year flood-frequency multipliers.
MIROC6,ssp245,1.5,2046,2036,2055,20,2,2048,2048-08-09,2048-08-11,259.06200636132314,260.586,786,harris_climate,climate_projection,Unweighted 2010-tract precipitation summary. Warming-window extremes are not calendar-year flood-frequency multipliers.
MIROC6,ssp245,1.5,2046,2036,2055,20,3,2050,2050-09-08,2050-09-10,249.5654592875318,247.988,786,harris_climate,climate_projection,Unweighted 2010-tract precipitation summary. Warming-window extremes are not calendar-year flood-frequency multipliers.
MIROC6,ssp245,1.5,2046,2036,2055,20,4,2048,2048-10-17,2048-10-19,207.06894656488552,208.652,786,harris_climate,climate_projection,Unweighted 2010-tract precipitation summary. Warming-window extremes are not calendar-year flood-frequency multipliers.
MIROC6,ssp245,1.5,2046,2036,2055,20,5,2038,2038-09-26,2038-09-28,187.14232569974553,186.006,786,harris_climate,climate_projection,Unweighted 2010-tract precipitation summary. Warming-window extremes are not calendar-year flood-frequency multipliers.
MIROC6,ssp245,2.0,2073,2063,2082,20,1,2073,2073-09-22,2073-09-24,533.2634631043256,526.25,786,harris_climate,climate_projection,Unweighted 2010-tract precipitation summary. Warming-window extremes are not calendar-year flood-frequency multipliers.
MIROC6,ssp245,2.0,2073,2063,2082,20,2,2067,2067-08-25,2067-08-27,363.25984860050886,363.701,786,harris_climate,climate_projection,Unweighted 2010-tract precipitation summary. Warming-window extremes are not calendar-year flood-frequency multipliers.
MIROC6,ssp245,2.0,2073,2063,2082,20,3,2080,2080-09-27,2080-09-29,276.19303435114506,277.90999999999997,786,harris_climate,climate_projection,Unweighted 2010-tract precipitation summary. Warming-window extremes are not calendar-year flood-frequency multipliers.
MIROC6,ssp245,2.0,2073,2063,2082,20,4,2071,2071-09-08,2071-09-10,281.32674681933844,284.492,786,harris_climate,climate_projection,Unweighted 2010-tract precipitation summary. Warming-window extremes are not calendar-year flood-frequency multipliers.
MIROC6,ssp245,2.0,2073,2063,2082,20,5,2065,2065-05-12,2065-05-14,239.39377735368956,240.898,786,harris_climate,climate_projection,Unweighted 2010-tract precipitation summary. Warming-window extremes are not calendar-year flood-frequency multipliers.
MIROC6,ssp370,1.0,2026,2016,2035,16,1,2026,2026-10-17,2026-10-19,293.39229770992364,294.756,786,harris_climate,climate_projection,Unweighted 2010-tract precipitation summary. Warming-window extremes are not calendar-year flood-frequency multipliers.
MIROC6,ssp370,1.0,2026,2016,2035,16,2,2028,2028-05-14,2028-05-16,221.28526717557253,220.938,786,harris_climate,climate_projection,Unweighted 2010-tract precipitation summary. Warming-window extremes are not calendar-year flood-frequency multipliers.
MIROC6,ssp370,1.0,2026,2016,2035,16,3,2027,2027-10-28,2027-10-30,198.92047201017812,196.367,786,harris_climate,climate_projection,Unweighted 2010-tract precipitation summary. Warming-window extremes are not calendar-year flood-frequency multipliers.
MIROC6,ssp370,1.0,2026,2016,2035,16,4,2027,2027-06-23,2027-06-25,203.42309160305342,201.5035,786,harris_climate,climate_projection,Unweighted 2010-tract precipitation summary. Warming-window extremes are not calendar-year flood-frequency multipliers.
MIROC6,ssp370,1.0,2026,2016,2035,16,5,2031,2031-09-22,2031-09-24,188.71460050890587,186.9435,786,harris_climate,climate_projection,Unweighted 2010-tract precipitation summary. Warming-window extremes are not calendar-year flood-frequency multipliers.
MIROC6,ssp370,1.5,2043,2033,2052,20,1,2044,2044-08-29,2044-08-31,648.2460572519084,654.2575,786,harris_climate,climate_projection,Unweighted 2010-tract precipitation summary. Warming-window extremes are not calendar-year flood-frequency multipliers.
MIROC6,ssp370,1.5,2043,2033,2052,20,2,2038,2038-09-18,2038-09-20,326.355393129771,330.771,786,harris_climate,climate_projection,Unweighted 2010-tract precipitation summary. Warming-window extremes are not calendar-year flood-frequency multipliers.
MIROC6,ssp370,1.5,2043,2033,2052,20,3,2044,2044-06-23,2044-06-25,293.22007888040713,295.3905,786,harris_climate,climate_projection,Unweighted 2010-tract precipitation summary. Warming-window extremes are not calendar-year flood-frequency multipliers.
MIROC6,ssp370,1.5,2043,2033,2052,20,4,2046,2046-05-11,2046-05-13,251.6756055979644,254.727,786,harris_climate,climate_projection,Unweighted 2010-tract precipitation summary. Warming-window extremes are not calendar-year flood-frequency multipliers.
MIROC6,ssp370,1.5,2043,2033,2052,20,5,2044,2044-06-26,2044-06-28,240.1559223918575,241.68650000000002,786,harris_climate,climate_projection,Unweighted 2010-tract precipitation summary. Warming-window extremes are not calendar-year flood-frequency multipliers.
MIROC6,ssp370,2.0,2059,2049,2068,20,1,2061,2061-09-24,2061-09-26,409.3425648854962,405.371,786,harris_climate,climate_projection,Unweighted 2010-tract precipitation summary. Warming-window extremes are not calendar-year flood-frequency multipliers.
MIROC6,ssp370,2.0,2059,2049,2068,20,2,2055,2055-08-01,2055-08-03,329.05990076335877,327.246,786,harris_climate,climate_projection,Unweighted 2010-tract precipitation summary. Warming-window extremes are not calendar-year flood-frequency multipliers.
MIROC6,ssp370,2.0,2059,2049,2068,20,3,2054,2054-08-21,2054-08-23,228.08945801526718,224.492,786,harris_climate,climate_projection,Unweighted 2010-tract precipitation summary. Warming-window extremes are not calendar-year flood-frequency multipliers.
MIROC6,ssp370,2.0,2059,2049,2068,20,4,2052,2052-04-27,2052-04-29,204.1992099236641,203.828,786,harris_climate,climate_projection,Unweighted 2010-tract precipitation summary. Warming-window extremes are not calendar-year flood-frequency multipliers.
MIROC6,ssp370,2.0,2059,2049,2068,20,5,2065,2065-09-29,2065-10-01,198.88667557251907,196.93349999999998,786,harris_climate,climate_projection,Unweighted 2010-tract precipitation summary. Warming-window extremes are not calendar-year flood-frequency multipliers.
MIROC6,ssp370,2.5,2076,2066,2085,20,1,2073,2073-06-24,2073-06-26,619.7535050890585,615.8199999999999,786,harris_climate,climate_projection,Unweighted 2010-tract precipitation summary. Warming-window extremes are not calendar-year flood-frequency multipliers.
MIROC6,ssp370,2.5,2076,2066,2085,20,2,2078,2078-10-03,2078-10-05,494.3096806615776,511.035,786,harris_climate,climate_projection,Unweighted 2010-tract precipitation summary. Warming-window extremes are not calendar-year flood-frequency multipliers.
MIROC6,ssp370,2.5,2076,2066,2085,20,3,2075,2075-09-09,2075-09-11,345.4903524173028,344.343,786,harris_climate,climate_projection,Unweighted 2010-tract precipitation summary. Warming-window extremes are not calendar-year flood-frequency multipliers.
MIROC6,ssp370,2.5,2076,2066,2085,20,4,2084,2084-05-31,2084-06-02,275.5515572519084,278.13800000000003,786,harris_climate,climate_projection,Unweighted 2010-tract precipitation summary. Warming-window extremes are not calendar-year flood-frequency multipliers.
MIROC6,ssp370,2.5,2076,2066,2085,20,5,2078,2078-06-26,2078-06-28,255.24031679389313,255.078,786,harris_climate,climate_projection,Unweighted 2010-tract precipitation summary. Warming-window extremes are not calendar-year flood-frequency multipliers.
MIROC6,ssp585,1.0,2023,2013,2032,13,1,2020,2020-11-09,2020-11-11,227.64909796437658,226.367,786,harris_climate,climate_projection,Unweighted 2010-tract precipitation summary. Warming-window extremes are not calendar-year flood-frequency multipliers.
MIROC6,ssp585,1.0,2023,2013,2032,13,2,2021,2021-05-06,2021-05-08,219.41370229007634,216.74099999999999,786,harris_climate,climate_projection,Unweighted 2010-tract precipitation summary. Warming-window extremes are not calendar-year flood-frequency multipliers.
MIROC6,ssp585,1.0,2023,2013,2032,13,3,2027,2027-06-07,2027-06-09,225.3607951653944,227.812,786,harris_climate,climate_projection,Unweighted 2010-tract precipitation summary. Warming-window extremes are not calendar-year flood-frequency multipliers.
MIROC6,ssp585,1.0,2023,2013,2032,13,4,2027,2027-07-02,2027-07-04,220.15923027989822,220.6005,786,harris_climate,climate_projection,Unweighted 2010-tract precipitation summary. Warming-window extremes are not calendar-year flood-frequency multipliers.
MIROC6,ssp585,1.0,2023,2013,2032,13,5,2021,2021-05-24,2021-05-26,216.10701399491094,217.148,786,harris_climate,climate_projection,Unweighted 2010-tract precipitation summary. Warming-window extremes are not calendar-year flood-frequency multipliers.
MIROC6,ssp585,1.5,2040,2030,2049,20,1,2046,2046-09-04,2046-09-06,823.7240776081425,832.8415,786,harris_climate,climate_projection,Unweighted 2010-tract precipitation summary. Warming-window extremes are not calendar-year flood-frequency multipliers.
MIROC6,ssp585,1.5,2040,2030,2049,20,2,2037,2037-06-09,2037-06-11,301.85586641221374,301.543,786,harris_climate,climate_projection,Unweighted 2010-tract precipitation summary. Warming-window extremes are not calendar-year flood-frequency multipliers.
MIROC6,ssp585,1.5,2040,2030,2049,20,3,2042,2042-09-05,2042-09-07,295.9623040712468,300.664,786,harris_climate,climate_projection,Unweighted 2010-tract precipitation summary. Warming-window extremes are not calendar-year flood-frequency multipliers.
MIROC6,ssp585,1.5,2040,2030,2049,20,4,2041,2041-09-05,2041-09-07,269.01838167938934,267.734,786,harris_climate,climate_projection,Unweighted 2010-tract precipitation summary. Warming-window extremes are not calendar-year flood-frequency multipliers.
MIROC6,ssp585,1.5,2040,2030,2049,20,5,2046,2046-09-01,2046-09-03,253.00410178117048,248.877,786,harris_climate,climate_projection,Unweighted 2010-tract precipitation summary. Warming-window extremes are not calendar-year flood-frequency multipliers.
MIROC6,ssp585,2.0,2053,2043,2062,20,1,2046,2046-09-04,2046-09-06,823.7240776081425,832.8415,786,harris_climate,climate_projection,Unweighted 2010-tract precipitation summary. Warming-window extremes are not calendar-year flood-frequency multipliers.
MIROC6,ssp585,2.0,2053,2043,2062,20,2,2046,2046-09-01,2046-09-03,253.00410178117048,248.877,786,harris_climate,climate_projection,Unweighted 2010-tract precipitation summary. Warming-window extremes are not calendar-year flood-frequency multipliers.
MIROC6,ssp585,2.0,2053,2043,2062,20,3,2053,2053-09-14,2053-09-16,247.07811450381678,247.695,786,harris_climate,climate_projection,Unweighted 2010-tract precipitation summary. Warming-window extremes are not calendar-year flood-frequency multipliers.
MIROC6,ssp585,2.0,2053,2043,2062,20,4,2050,2050-06-20,2050-06-22,254.45628498727737,251.7305,786,harris_climate,climate_projection,Unweighted 2010-tract precipitation summary. Warming-window extremes are not calendar-year flood-frequency multipliers.
MIROC6,ssp585,2.0,2053,2043,2062,20,5,2053,2053-03-22,2053-03-24,230.86834605597963,234.463,786,harris_climate,climate_projection,Unweighted 2010-tract precipitation summary. Warming-window extremes are not calendar-year flood-frequency multipliers.
MIROC6,ssp585,2.5,2065,2055,2074,20,1,2069,2069-05-04,2069-05-06,303.4882290076336,306.406,786,harris_climate,climate_projection,Unweighted 2010-tract precipitation summary. Warming-window extremes are not calendar-year flood-frequency multipliers.
MIROC6,ssp585,2.5,2065,2055,2074,20,2,2066,2066-10-02,2066-10-04,233.44541475826972,230.156,786,harris_climate,climate_projection,Unweighted 2010-tract precipitation summary. Warming-window extremes are not calendar-year flood-frequency multipliers.
MIROC6,ssp585,2.5,2065,2055,2074,20,3,2062,2062-09-11,2062-09-13,216.3476475826972,216.123,786,harris_climate,climate_projection,Unweighted 2010-tract precipitation summary. Warming-window extremes are not calendar-year flood-frequency multipliers.
MIROC6,ssp585,2.5,2065,2055,2074,20,4,2059,2059-05-19,2059-05-21,229.30200763358778,232.018,786,harris_climate,climate_projection,Unweighted 2010-tract precipitation summary. Warming-window extremes are not calendar-year flood-frequency multipliers.
MIROC6,ssp585,2.5,2065,2055,2074,20,5,2074,2074-09-20,2074-09-22,222.01926844783713,223.9015,786,harris_climate,climate_projection,Unweighted 2010-tract precipitation summary. Warming-window extremes are not calendar-year flood-frequency multipliers.
MIROC6,ssp585,3.0,2076,2066,2085,20,1,2079,2079-05-23,2079-05-25,387.22599491094144,390.352,786,harris_climate,climate_projection,Unweighted 2010-tract precipitation summary. Warming-window extremes are not calendar-year flood-frequency multipliers.
MIROC6,ssp585,3.0,2076,2066,2085,20,2,2069,2069-05-04,2069-05-06,303.4882290076336,306.406,786,harris_climate,climate_projection,Unweighted 2010-tract precipitation summary. Warming-window extremes are not calendar-year flood-frequency multipliers.
MIROC6,ssp585,3.0,2076,2066,2085,20,3,2085,2085-08-04,2085-08-06,249.81028498727736,246.78699999999998,786,harris_climate,climate_projection,Unweighted 2010-tract precipitation summary. Warming-window extremes are not calendar-year flood-frequency multipliers.
MIROC6,ssp585,3.0,2076,2066,2085,20,4,2066,2066-10-02,2066-10-04,233.44541475826972,230.156,786,harris_climate,climate_projection,Unweighted 2010-tract precipitation summary. Warming-window extremes are not calendar-year flood-frequency multipliers.
MIROC6,ssp585,3.0,2076,2066,2085,20,5,2074,2074-09-20,2074-09-22,222.01926844783713,223.9015,786,harris_climate,climate_projection,Unweighted 2010-tract precipitation summary. Warming-window extremes are not calendar-year flood-frequency multipliers.
MIROC6,ssp585,3.5,2086,2076,2095,20,1,2095,2095-10-11,2095-10-13,426.9792175572519,422.881,786,harris_climate,climate_projection,Unweighted 2010-tract precipitation summary. Warming-window extremes are not calendar-year flood-frequency multipliers.
MIROC6,ssp585,3.5,2086,2076,2095,20,2,2079,2079-05-23,2079-05-25,387.22599491094144,390.352,786,harris_climate,climate_projection,Unweighted 2010-tract precipitation summary. Warming-window extremes are not calendar-year flood-frequency multipliers.
MIROC6,ssp585,3.5,2086,2076,2095,20,3,2095,2095-09-07,2095-09-09,342.3558282442748,335.195,786,harris_climate,climate_projection,Unweighted 2010-tract precipitation summary. Warming-window extremes are not calendar-year flood-frequency multipliers.
MIROC6,ssp585,3.5,2086,2076,2095,20,4,2085,2085-08-04,2085-08-06,249.81028498727736,246.78699999999998,786,harris_climate,climate_projection,Unweighted 2010-tract precipitation summary. Warming-window extremes are not calendar-year flood-frequency multipliers.
MIROC6,ssp585,3.5,2086,2076,2095,20,5,2090,2090-08-11,2090-08-13,246.75484732824427,245.332,786,harris_climate,climate_projection,Unweighted 2010-tract precipitation summary. Warming-window extremes are not calendar-year flood-frequency multipliers.
MPI-ESM1-2-HR,ssp126,1.0,2012,2002,2021,2,1,2020,2020-11-06,2020-11-08,201.3068816793893,201.875,786,harris_climate,climate_projection,Unweighted 2010-tract precipitation summary. Warming-window extremes are not calendar-year flood-frequency multipliers.
MPI-ESM1-2-HR,ssp126,1.0,2012,2002,2021,2,2,2020,2020-09-22,2020-09-24,128.47625699745547,127.383,786,harris_climate,climate_projection,Unweighted 2010-tract precipitation summary. Warming-window extremes are not calendar-year flood-frequency multipliers.
MPI-ESM1-2-HR,ssp126,1.0,2012,2002,2021,2,3,2020,2020-03-21,2020-03-23,118.61635877862595,117.77350000000001,786,harris_climate,climate_projection,Unweighted 2010-tract precipitation summary. Warming-window extremes are not calendar-year flood-frequency multipliers.
MPI-ESM1-2-HR,ssp126,1.0,2012,2002,2021,2,4,2020,2020-09-07,2020-09-09,98.85023282442748,98.086,786,harris_climate,climate_projection,Unweighted 2010-tract precipitation summary. Warming-window extremes are not calendar-year flood-frequency multipliers.
MPI-ESM1-2-HR,ssp126,1.0,2012,2002,2021,2,5,2021,2021-05-01,2021-05-03,97.18257888040712,97.422,786,harris_climate,climate_projection,Unweighted 2010-tract precipitation summary. Warming-window extremes are not calendar-year flood-frequency multipliers.
MPI-ESM1-2-HR,ssp126,1.5,2042,2032,2051,20,1,2037,2037-05-21,2037-05-23,269.14413740458014,271.367,786,harris_climate,climate_projection,Unweighted 2010-tract precipitation summary. Warming-window extremes are not calendar-year flood-frequency multipliers.
MPI-ESM1-2-HR,ssp126,1.5,2042,2032,2051,20,2,2033,2033-11-07,2033-11-09,204.55128753180662,204.46949999999998,786,harris_climate,climate_projection,Unweighted 2010-tract precipitation summary. Warming-window extremes are not calendar-year flood-frequency multipliers.
MPI-ESM1-2-HR,ssp126,1.5,2042,2032,2051,20,3,2038,2038-06-06,2038-06-08,185.68293765903306,184.40449999999998,786,harris_climate,climate_projection,Unweighted 2010-tract precipitation summary. Warming-window extremes are not calendar-year flood-frequency multipliers.
MPI-ESM1-2-HR,ssp126,1.5,2042,2032,2051,20,4,2048,2048-08-24,2048-08-26,177.2130699745547,177.266,786,harris_climate,climate_projection,Unweighted 2010-tract precipitation summary. Warming-window extremes are not calendar-year flood-frequency multipliers.
MPI-ESM1-2-HR,ssp126,1.5,2042,2032,2051,20,5,2048,2048-05-30,2048-06-01,172.6796921119593,178.4965,786,harris_climate,climate_projection,Unweighted 2010-tract precipitation summary. Warming-window extremes are not calendar-year flood-frequency multipliers.
MPI-ESM1-2-HR,ssp245,1.0,2012,2002,2021,2,1,2020,2020-09-17,2020-09-19,173.89723155216282,169.18,786,harris_climate,climate_projection,Unweighted 2010-tract precipitation summary. Warming-window extremes are not calendar-year flood-frequency multipliers.
MPI-ESM1-2-HR,ssp245,1.0,2012,2002,2021,2,2,2020,2020-02-23,2020-02-25,135.89021119592877,136.758,786,harris_climate,climate_projection,Unweighted 2010-tract precipitation summary. Warming-window extremes are not calendar-year flood-frequency multipliers.
MPI-ESM1-2-HR,ssp245,1.0,2012,2002,2021,2,3,2020,2020-01-30,2020-02-01,134.4375368956743,135.586,786,harris_climate,climate_projection,Unweighted 2010-tract precipitation summary. Warming-window extremes are not calendar-year flood-frequency multipliers.
MPI-ESM1-2-HR,ssp245,1.0,2012,2002,2021,2,4,2020,2020-04-25,2020-04-27,103.52934351145038,103.291,786,harris_climate,climate_projection,Unweighted 2010-tract precipitation summary. Warming-window extremes are not calendar-year flood-frequency multipliers.
MPI-ESM1-2-HR,ssp245,1.0,2012,2002,2021,2,5,2020,2020-05-08,2020-05-10,107.05029643765903,104.94149999999999,786,harris_climate,climate_projection,Unweighted 2010-tract precipitation summary. Warming-window extremes are not calendar-year flood-frequency multipliers.
MPI-ESM1-2-HR,ssp245,1.5,2037,2027,2046,20,1,2038,2038-09-05,2038-09-07,254.50352035623408,254.3995,786,harris_climate,climate_projection,Unweighted 2010-tract precipitation summary. Warming-window extremes are not calendar-year flood-frequency multipliers.
MPI-ESM1-2-HR,ssp245,1.5,2037,2027,2046,20,2,2045,2045-06-14,2045-06-16,184.67705089058526,185.96699999999998,786,harris_climate,climate_projection,Unweighted 2010-tract precipitation summary. Warming-window extremes are not calendar-year flood-frequency multipliers.
MPI-ESM1-2-HR,ssp245,1.5,2037,2027,2046,20,3,2032,2032-05-18,2032-05-20,176.2840521628499,175.7165,786,harris_climate,climate_projection,Unweighted 2010-tract precipitation summary. Warming-window extremes are not calendar-year flood-frequency multipliers.
MPI-ESM1-2-HR,ssp245,1.5,2037,2027,2046,20,4,2032,2032-03-29,2032-03-31,161.50438422391858,161.465,786,harris_climate,climate_projection,Unweighted 2010-tract precipitation summary. Warming-window extremes are not calendar-year flood-frequency multipliers.
MPI-ESM1-2-HR,ssp245,1.5,2037,2027,2046,20,5,2036,2036-06-02,2036-06-04,164.91577608142495,169.199,786,harris_climate,climate_projection,Unweighted 2010-tract precipitation summary. Warming-window extremes are not calendar-year flood-frequency multipliers.
MPI-ESM1-2-HR,ssp245,2.0,2064,2054,2073,20,1,2062,2062-11-07,2062-11-09,186.53168956743002,188.125,786,harris_climate,climate_projection,Unweighted 2010-tract precipitation summary. Warming-window extremes are not calendar-year flood-frequency multipliers.
MPI-ESM1-2-HR,ssp245,2.0,2064,2054,2073,20,2,2063,2063-12-19,2063-12-21,166.6445165394402,166.5655,786,harris_climate,climate_projection,Unweighted 2010-tract precipitation summary. Warming-window extremes are not calendar-year flood-frequency multipliers.
MPI-ESM1-2-HR,ssp245,2.0,2064,2054,2073,20,3,2058,2058-11-27,2058-11-29,154.59792366412213,156.38,786,harris_climate,climate_projection,Unweighted 2010-tract precipitation summary. Warming-window extremes are not calendar-year flood-frequency multipliers.
MPI-ESM1-2-HR,ssp245,2.0,2064,2054,2073,20,4,2061,2061-10-13,2061-10-15,159.5410203562341,159.219,786,harris_climate,climate_projection,Unweighted 2010-tract precipitation summary. Warming-window extremes are not calendar-year flood-frequency multipliers.
MPI-ESM1-2-HR,ssp245,2.0,2064,2054,2073,20,5,2067,2067-08-15,2067-08-17,157.7063320610687,163.9305,786,harris_climate,climate_projection,Unweighted 2010-tract precipitation summary. Warming-window extremes are not calendar-year flood-frequency multipliers.
MPI-ESM1-2-HR,ssp370,1.0,2011,2001,2020,1,1,2020,2020-05-10,2020-05-12,278.3622697201018,282.52,786,harris_climate,climate_projection,Unweighted 2010-tract precipitation summary. Warming-window extremes are not calendar-year flood-frequency multipliers.
MPI-ESM1-2-HR,ssp370,1.0,2011,2001,2020,1,2,2020,2020-04-27,2020-04-29,122.70132951653943,123.369,786,harris_climate,climate_projection,Unweighted 2010-tract precipitation summary. Warming-window extremes are not calendar-year flood-frequency multipliers.
MPI-ESM1-2-HR,ssp370,1.0,2011,2001,2020,1,3,2020,2020-04-09,2020-04-11,110.77006488549617,108.8185,786,harris_climate,climate_projection,Unweighted 2010-tract precipitation summary. Warming-window extremes are not calendar-year flood-frequency multipliers.
MPI-ESM1-2-HR,ssp370,1.0,2011,2001,2020,1,4,2020,2020-09-13,2020-09-15,58.454203562340965,57.6905,786,harris_climate,climate_projection,Unweighted 2010-tract precipitation summary. Warming-window extremes are not calendar-year flood-frequency multipliers.
MPI-ESM1-2-HR,ssp370,1.0,2011,2001,2020,1,5,2020,2020-12-19,2020-12-21,46.614137404580156,46.7805,786,harris_climate,climate_projection,Unweighted 2010-tract precipitation summary. Warming-window extremes are not calendar-year flood-frequency multipliers.
MPI-ESM1-2-HR,ssp370,1.5,2034,2024,2043,20,1,2028,2028-05-24,2028-05-26,274.83493256997457,276.8245,786,harris_climate,climate_projection,Unweighted 2010-tract precipitation summary. Warming-window extremes are not calendar-year flood-frequency multipliers.
MPI-ESM1-2-HR,ssp370,1.5,2034,2024,2043,20,2,2043,2043-10-30,2043-11-01,238.22892366412214,239.31650000000002,786,harris_climate,climate_projection,Unweighted 2010-tract precipitation summary. Warming-window extremes are not calendar-year flood-frequency multipliers.
MPI-ESM1-2-HR,ssp370,1.5,2034,2024,2043,20,3,2031,2031-06-04,2031-06-06,220.08650381679388,225.1915,786,harris_climate,climate_projection,Unweighted 2010-tract precipitation summary. Warming-window extremes are not calendar-year flood-frequency multipliers.
MPI-ESM1-2-HR,ssp370,1.5,2034,2024,2043,20,4,2034,2034-09-05,2034-09-07,198.9839465648855,205.117,786,harris_climate,climate_projection,Unweighted 2010-tract precipitation summary. Warming-window extremes are not calendar-year flood-frequency multipliers.
MPI-ESM1-2-HR,ssp370,1.5,2034,2024,2043,20,5,2039,2039-08-20,2039-08-22,201.08203053435113,196.4955,786,harris_climate,climate_projection,Unweighted 2010-tract precipitation summary. Warming-window extremes are not calendar-year flood-frequency multipliers.
MPI-ESM1-2-HR,ssp370,2.0,2050,2040,2059,20,1,2043,2043-10-30,2043-11-01,238.22892366412214,239.31650000000002,786,harris_climate,climate_projection,Unweighted 2010-tract precipitation summary. Warming-window extremes are not calendar-year flood-frequency multipliers.
MPI-ESM1-2-HR,ssp370,2.0,2050,2040,2059,20,2,2058,2058-12-19,2058-12-21,172.4741030534351,172.5,786,harris_climate,climate_projection,Unweighted 2010-tract precipitation summary. Warming-window extremes are not calendar-year flood-frequency multipliers.
MPI-ESM1-2-HR,ssp370,2.0,2050,2040,2059,20,3,2056,2056-11-19,2056-11-21,160.00892111959288,161.25,786,harris_climate,climate_projection,Unweighted 2010-tract precipitation summary. Warming-window extremes are not calendar-year flood-frequency multipliers.
MPI-ESM1-2-HR,ssp370,2.0,2050,2040,2059,20,4,2057,2057-11-16,2057-11-18,151.88799872773538,151.055,786,harris_climate,climate_projection,Unweighted 2010-tract precipitation summary. Warming-window extremes are not calendar-year flood-frequency multipliers.
MPI-ESM1-2-HR,ssp370,2.0,2050,2040,2059,20,5,2050,2050-04-04,2050-04-06,148.45559160305345,147.676,786,harris_climate,climate_projection,Unweighted 2010-tract precipitation summary. Warming-window extremes are not calendar-year flood-frequency multipliers.
MPI-ESM1-2-HR,ssp370,2.5,2066,2056,2075,20,1,2058,2058-12-19,2058-12-21,172.4741030534351,172.5,786,harris_climate,climate_projection,Unweighted 2010-tract precipitation summary. Warming-window extremes are not calendar-year flood-frequency multipliers.
MPI-ESM1-2-HR,ssp370,2.5,2066,2056,2075,20,2,2067,2067-09-15,2067-09-17,167.0170865139949,170.7745,786,harris_climate,climate_projection,Unweighted 2010-tract precipitation summary. Warming-window extremes are not calendar-year flood-frequency multipliers.
MPI-ESM1-2-HR,ssp370,2.5,2066,2056,2075,20,3,2061,2061-05-08,2061-05-10,166.28120229007632,163.46699999999998,786,harris_climate,climate_projection,Unweighted 2010-tract precipitation summary. Warming-window extremes are not calendar-year flood-frequency multipliers.
MPI-ESM1-2-HR,ssp370,2.5,2066,2056,2075,20,4,2056,2056-11-19,2056-11-21,160.00892111959288,161.25,786,harris_climate,climate_projection,Unweighted 2010-tract precipitation summary. Warming-window extremes are not calendar-year flood-frequency multipliers.
MPI-ESM1-2-HR,ssp370,2.5,2066,2056,2075,20,5,2070,2070-03-06,2070-03-08,154.05587913486005,152.78,786,harris_climate,climate_projection,Unweighted 2010-tract precipitation summary. Warming-window extremes are not calendar-year flood-frequency multipliers.
MPI-ESM1-2-HR,ssp370,3.0,2082,2072,2091,20,1,2087,2087-01-02,2087-01-04,250.6750165394402,252.6025,786,harris_climate,climate_projection,Unweighted 2010-tract precipitation summary. Warming-window extremes are not calendar-year flood-frequency multipliers.
MPI-ESM1-2-HR,ssp370,3.0,2082,2072,2091,20,2,2078,2078-11-12,2078-11-14,212.32656743002545,212.0765,786,harris_climate,climate_projection,Unweighted 2010-tract precipitation summary. Warming-window extremes are not calendar-year flood-frequency multipliers.
MPI-ESM1-2-HR,ssp370,3.0,2082,2072,2091,20,3,2078,2078-07-03,2078-07-05,229.4672913486005,225.566,786,harris_climate,climate_projection,Unweighted 2010-tract precipitation summary. Warming-window extremes are not calendar-year flood-frequency multipliers.
MPI-ESM1-2-HR,ssp370,3.0,2082,2072,2091,20,4,2091,2091-10-04,2091-10-06,162.11010305343513,153.364,786,harris_climate,climate_projection,Unweighted 2010-tract precipitation summary. Warming-window extremes are not calendar-year flood-frequency multipliers.
MPI-ESM1-2-HR,ssp370,3.0,2082,2072,2091,20,5,2077,2077-10-05,2077-10-07,154.848237913486,156.006,786,harris_climate,climate_projection,Unweighted 2010-tract precipitation summary. Warming-window extremes are not calendar-year flood-frequency multipliers.
MPI-ESM1-2-HR,ssp585,1.0,2011,2001,2020,1,1,2020,2020-08-19,2020-08-21,156.98050254452926,160.856,786,harris_climate,climate_projection,Unweighted 2010-tract precipitation summary. Warming-window extremes are not calendar-year flood-frequency multipliers.
MPI-ESM1-2-HR,ssp585,1.0,2011,2001,2020,1,2,2020,2020-02-10,2020-02-12,129.2179580152672,130.039,786,harris_climate,climate_projection,Unweighted 2010-tract precipitation summary. Warming-window extremes are not calendar-year flood-frequency multipliers.
MPI-ESM1-2-HR,ssp585,1.0,2011,2001,2020,1,3,2020,2020-08-23,2020-08-25,71.34028880407125,72.363,786,harris_climate,climate_projection,Unweighted 2010-tract precipitation summary. Warming-window extremes are not calendar-year flood-frequency multipliers.
MPI-ESM1-2-HR,ssp585,1.0,2011,2001,2020,1,4,2020,2020-12-06,2020-12-08,65.65220865139949,66.8685,786,harris_climate,climate_projection,Unweighted 2010-tract precipitation summary. Warming-window extremes are not calendar-year flood-frequency multipliers.
MPI-ESM1-2-HR,ssp585,1.0,2011,2001,2020,1,5,2020,2020-09-24,2020-09-26,64.58833969465648,63.867000000000004,786,harris_climate,climate_projection,Unweighted 2010-tract precipitation summary. Warming-window extremes are not calendar-year flood-frequency multipliers.
MPI-ESM1-2-HR,ssp585,1.5,2033,2023,2042,20,1,2042,2042-09-03,2042-09-05,331.85964249363866,321.504,786,harris_climate,climate_projection,Unweighted 2010-tract precipitation summary. Warming-window extremes are not calendar-year flood-frequency multipliers.
MPI-ESM1-2-HR,ssp585,1.5,2033,2023,2042,20,2,2038,2038-07-14,2038-07-16,241.6633893129771,241.016,786,harris_climate,climate_projection,Unweighted 2010-tract precipitation summary. Warming-window extremes are not calendar-year flood-frequency multipliers.
MPI-ESM1-2-HR,ssp585,1.5,2033,2023,2042,20,3,2023,2023-05-02,2023-05-04,172.06639058524172,170.098,786,harris_climate,climate_projection,Unweighted 2010-tract precipitation summary. Warming-window extremes are not calendar-year flood-frequency multipliers.
MPI-ESM1-2-HR,ssp585,1.5,2033,2023,2042,20,4,2037,2037-04-30,2037-05-02,155.91027989821882,154.922,786,harris_climate,climate_projection,Unweighted 2010-tract precipitation summary. Warming-window extremes are not calendar-year flood-frequency multipliers.
MPI-ESM1-2-HR,ssp585,1.5,2033,2023,2042,20,5,2031,2031-06-13,2031-06-15,157.95227989821882,160.13150000000002,786,harris_climate,climate_projection,Unweighted 2010-tract precipitation summary. Warming-window extremes are not calendar-year flood-frequency multipliers.
MPI-ESM1-2-HR,ssp585,2.0,2049,2039,2058,20,1,2042,2042-09-03,2042-09-05,331.85964249363866,321.504,786,harris_climate,climate_projection,Unweighted 2010-tract precipitation summary. Warming-window extremes are not calendar-year flood-frequency multipliers.
MPI-ESM1-2-HR,ssp585,2.0,2049,2039,2058,20,2,2049,2049-08-12,2049-08-14,249.07552798982186,249.14249999999998,786,harris_climate,climate_projection,Unweighted 2010-tract precipitation summary. Warming-window extremes are not calendar-year flood-frequency multipliers.
MPI-ESM1-2-HR,ssp585,2.0,2049,2039,2058,20,3,2057,2057-11-10,2057-11-12,198.7731424936387,199.375,786,harris_climate,climate_projection,Unweighted 2010-tract precipitation summary. Warming-window extremes are not calendar-year flood-frequency multipliers.
MPI-ESM1-2-HR,ssp585,2.0,2049,2039,2058,20,4,2049,2049-10-01,2049-10-03,208.7816234096692,214.6285,786,harris_climate,climate_projection,Unweighted 2010-tract precipitation summary. Warming-window extremes are not calendar-year flood-frequency multipliers.
MPI-ESM1-2-HR,ssp585,2.0,2049,2039,2058,20,5,2043,2043-12-09,2043-12-11,185.2983969465649,184.668,786,harris_climate,climate_projection,Unweighted 2010-tract precipitation summary. Warming-window extremes are not calendar-year flood-frequency multipliers.
MPI-ESM1-2-HR,ssp585,2.5,2062,2052,2071,20,1,2065,2065-04-29,2065-05-01,326.3223193384224,322.6855,786,harris_climate,climate_projection,Unweighted 2010-tract precipitation summary. Warming-window extremes are not calendar-year flood-frequency multipliers.
MPI-ESM1-2-HR,ssp585,2.5,2062,2052,2071,20,2,2061,2061-06-28,2061-06-30,230.88116921119592,229.65800000000002,786,harris_climate,climate_projection,Unweighted 2010-tract precipitation summary. Warming-window extremes are not calendar-year flood-frequency multipliers.
MPI-ESM1-2-HR,ssp585,2.5,2062,2052,2071,20,3,2070,2070-03-31,2070-04-02,214.89714503816793,214.336,786,harris_climate,climate_projection,Unweighted 2010-tract precipitation summary. Warming-window extremes are not calendar-year flood-frequency multipliers.
MPI-ESM1-2-HR,ssp585,2.5,2062,2052,2071,20,4,2057,2057-11-10,2057-11-12,198.7731424936387,199.375,786,harris_climate,climate_projection,Unweighted 2010-tract precipitation summary. Warming-window extremes are not calendar-year flood-frequency multipliers.
MPI-ESM1-2-HR,ssp585,2.5,2062,2052,2071,20,5,2058,2058-09-12,2058-09-14,184.28839312977098,179.98,786,harris_climate,climate_projection,Unweighted 2010-tract precipitation summary. Warming-window extremes are not calendar-year flood-frequency multipliers.
MPI-ESM1-2-HR,ssp585,3.0,2074,2064,2083,20,1,2065,2065-04-29,2065-05-01,326.3223193384224,322.6855,786,harris_climate,climate_projection,Unweighted 2010-tract precipitation summary. Warming-window extremes are not calendar-year flood-frequency multipliers.
MPI-ESM1-2-HR,ssp585,3.0,2074,2064,2083,20,2,2078,2078-06-13,2078-06-15,216.48930025445293,219.336,786,harris_climate,climate_projection,Unweighted 2010-tract precipitation summary. Warming-window extremes are not calendar-year flood-frequency multipliers.
MPI-ESM1-2-HR,ssp585,3.0,2074,2064,2083,20,3,2070,2070-03-31,2070-04-02,214.89714503816793,214.336,786,harris_climate,climate_projection,Unweighted 2010-tract precipitation summary. Warming-window extremes are not calendar-year flood-frequency multipliers.
MPI-ESM1-2-HR,ssp585,3.0,2074,2064,2083,20,4,2069,2069-07-09,2069-07-11,197.5575254452926,193.438,786,harris_climate,climate_projection,Unweighted 2010-tract precipitation summary. Warming-window extremes are not calendar-year flood-frequency multipliers.
MPI-ESM1-2-HR,ssp585,3.0,2074,2064,2083,20,5,2070,2070-06-21,2070-06-23,181.21374045801528,178.467,786,harris_climate,climate_projection,Unweighted 2010-tract precipitation summary. Warming-window extremes are not calendar-year flood-frequency multipliers.
MPI-ESM1-2-HR,ssp585,3.5,2084,2074,2093,20,1,2091,2091-06-20,2091-06-22,246.78279262086514,247.344,786,harris_climate,climate_projection,Unweighted 2010-tract precipitation summary. Warming-window extremes are not calendar-year flood-frequency multipliers.
MPI-ESM1-2-HR,ssp585,3.5,2084,2074,2093,20,2,2078,2078-06-13,2078-06-15,216.48930025445293,219.336,786,harris_climate,climate_projection,Unweighted 2010-tract precipitation summary. Warming-window extremes are not calendar-year flood-frequency multipliers.
MPI-ESM1-2-HR,ssp585,3.5,2084,2074,2093,20,3,2082,2082-12-10,2082-12-12,168.30690330788804,169.26749999999998,786,harris_climate,climate_projection,Unweighted 2010-tract precipitation summary. Warming-window extremes are not calendar-year flood-frequency multipliers.
MPI-ESM1-2-HR,ssp585,3.5,2084,2074,2093,20,4,2090,2090-10-05,2090-10-07,164.50766921119595,158.711,786,harris_climate,climate_projection,Unweighted 2010-tract precipitation summary. Warming-window extremes are not calendar-year flood-frequency multipliers.
MPI-ESM1-2-HR,ssp585,3.5,2084,2074,2093,20,5,2078,2078-12-02,2078-12-04,147.1969223918575,147.84699999999998,786,harris_climate,climate_projection,Unweighted 2010-tract precipitation summary. Warming-window extremes are not calendar-year flood-frequency multipliers.
NESM3,ssp126,1.5,2021,2011,2030,11,1,2024,2024-11-02,2024-11-04,299.59968829516544,299.2305,786,harris_climate,climate_projection,Unweighted 2010-tract precipitation summary. Warming-window extremes are not calendar-year flood-frequency multipliers.
NESM3,ssp126,1.5,2021,2011,2030,11,2,2030,2030-12-07,2030-12-09,241.55870865139948,240.752,786,harris_climate,climate_projection,Unweighted 2010-tract precipitation summary. Warming-window extremes are not calendar-year flood-frequency multipliers.
NESM3,ssp126,1.5,2021,2011,2030,11,3,2021,2021-07-28,2021-07-30,217.4987824427481,210.82049999999998,786,harris_climate,climate_projection,Unweighted 2010-tract precipitation summary. Warming-window extremes are not calendar-year flood-frequency multipliers.
NESM3,ssp126,1.5,2021,2011,2030,11,4,2021,2021-08-28,2021-08-30,209.4302951653944,207.399,786,harris_climate,climate_projection,Unweighted 2010-tract precipitation summary. Warming-window extremes are not calendar-year flood-frequency multipliers.
NESM3,ssp126,1.5,2021,2011,2030,11,5,2022,2022-10-03,2022-10-05,194.4345203562341,194.277,786,harris_climate,climate_projection,Unweighted 2010-tract precipitation summary. Warming-window extremes are not calendar-year flood-frequency multipliers.
NESM3,ssp126,2.0,2050,2040,2059,20,1,2057,2057-10-04,2057-10-06,330.9202010178117,330.394,786,harris_climate,climate_projection,Unweighted 2010-tract precipitation summary. Warming-window extremes are not calendar-year flood-frequency multipliers.
NESM3,ssp126,2.0,2050,2040,2059,20,2,2046,2046-09-18,2046-09-20,316.13704834605596,310.852,786,harris_climate,climate_projection,Unweighted 2010-tract precipitation summary. Warming-window extremes are not calendar-year flood-frequency multipliers.
NESM3,ssp126,2.0,2050,2040,2059,20,3,2058,2058-05-19,2058-05-21,245.41610050890586,245.469,786,harris_climate,climate_projection,Unweighted 2010-tract precipitation summary. Warming-window extremes are not calendar-year flood-frequency multipliers.
NESM3,ssp126,2.0,2050,2040,2059,20,4,2047,2047-11-26,2047-11-28,202.71773918575064,203.03699999999998,786,harris_climate,climate_projection,Unweighted 2010-tract precipitation summary. Warming-window extremes are not calendar-year flood-frequency multipliers.
NESM3,ssp126,2.0,2050,2040,2059,20,5,2048,2048-09-17,2048-09-19,198.1364427480916,196.836,786,harris_climate,climate_projection,Unweighted 2010-tract precipitation summary. Warming-window extremes are not calendar-year flood-frequency multipliers.
NESM3,ssp245,1.5,2025,2015,2034,15,1,2034,2034-09-03,2034-09-05,230.16487913486006,228.06599999999997,786,harris_climate,climate_projection,Unweighted 2010-tract precipitation summary. Warming-window extremes are not calendar-year flood-frequency multipliers.
NESM3,ssp245,1.5,2025,2015,2034,15,2,2022,2022-09-10,2022-09-12,213.76287659033082,213.356,786,harris_climate,climate_projection,Unweighted 2010-tract precipitation summary. Warming-window extremes are not calendar-year flood-frequency multipliers.
NESM3,ssp245,1.5,2025,2015,2034,15,3,2021,2021-09-23,2021-09-25,198.38606743002543,195.82,786,harris_climate,climate_projection,Unweighted 2010-tract precipitation summary. Warming-window extremes are not calendar-year flood-frequency multipliers.
NESM3,ssp245,1.5,2025,2015,2034,15,4,2022,2022-05-25,2022-05-27,203.49011323155216,206.836,786,harris_climate,climate_projection,Unweighted 2010-tract precipitation summary. Warming-window extremes are not calendar-year flood-frequency multipliers.
NESM3,ssp245,1.5,2025,2015,2034,15,5,2027,2027-09-30,2027-10-02,165.37175826972012,164.707,786,harris_climate,climate_projection,Unweighted 2010-tract precipitation summary. Warming-window extremes are not calendar-year flood-frequency multipliers.
NESM3,ssp245,2.0,2043,2033,2052,20,1,2052,2052-10-05,2052-10-07,270.0455178117048,269.83900000000006,786,harris_climate,climate_projection,Unweighted 2010-tract precipitation summary. Warming-window extremes are not calendar-year flood-frequency multipliers.
NESM3,ssp245,2.0,2043,2033,2052,20,2,2051,2051-06-11,2051-06-13,261.9481997455471,262.012,786,harris_climate,climate_projection,Unweighted 2010-tract precipitation summary. Warming-window extremes are not calendar-year flood-frequency multipliers.
NESM3,ssp245,2.0,2043,2033,2052,20,3,2034,2034-09-03,2034-09-05,230.16487913486006,228.06599999999997,786,harris_climate,climate_projection,Unweighted 2010-tract precipitation summary. Warming-window extremes are not calendar-year flood-frequency multipliers.
NESM3,ssp245,2.0,2043,2033,2052,20,4,2040,2040-09-09,2040-09-11,231.5033117048346,233.4715,786,harris_climate,climate_projection,Unweighted 2010-tract precipitation summary. Warming-window extremes are not calendar-year flood-frequency multipliers.
NESM3,ssp245,2.0,2043,2033,2052,20,5,2043,2043-09-17,2043-09-19,216.8039007633588,219.609,786,harris_climate,climate_projection,Unweighted 2010-tract precipitation summary. Warming-window extremes are not calendar-year flood-frequency multipliers.
NESM3,ssp245,2.5,2062,2052,2071,20,1,2052,2052-10-05,2052-10-07,270.0455178117048,269.83900000000006,786,harris_climate,climate_projection,Unweighted 2010-tract precipitation summary. Warming-window extremes are not calendar-year flood-frequency multipliers.
NESM3,ssp245,2.5,2062,2052,2071,20,2,2063,2063-06-20,2063-06-22,216.69473664122137,216.4065,786,harris_climate,climate_projection,Unweighted 2010-tract precipitation summary. Warming-window extremes are not calendar-year flood-frequency multipliers.
NESM3,ssp245,2.5,2062,2052,2071,20,3,2071,2071-07-04,2071-07-06,206.58449745547074,204.6905,786,harris_climate,climate_projection,Unweighted 2010-tract precipitation summary. Warming-window extremes are not calendar-year flood-frequency multipliers.
NESM3,ssp245,2.5,2062,2052,2071,20,4,2068,2068-12-02,2068-12-04,185.70185877862593,185.4785,786,harris_climate,climate_projection,Unweighted 2010-tract precipitation summary. Warming-window extremes are not calendar-year flood-frequency multipliers.
NESM3,ssp245,2.5,2062,2052,2071,20,5,2055,2055-01-29,2055-01-31,160.15125572519085,160.04899999999998,786,harris_climate,climate_projection,Unweighted 2010-tract precipitation summary. Warming-window extremes are not calendar-year flood-frequency multipliers.
NESM3,ssp585,1.5,2021,2011,2030,11,1,2020,2020-06-18,2020-06-20,285.8187340966921,283.555,786,harris_climate,climate_projection,Unweighted 2010-tract precipitation summary. Warming-window extremes are not calendar-year flood-frequency multipliers.
NESM3,ssp585,1.5,2021,2011,2030,11,2,2025,2025-06-12,2025-06-14,201.94112849872775,203.385,786,harris_climate,climate_projection,Unweighted 2010-tract precipitation summary. Warming-window extremes are not calendar-year flood-frequency multipliers.
NESM3,ssp585,1.5,2021,2011,2030,11,3,2023,2023-08-18,2023-08-20,179.4636386768448,178.867,786,harris_climate,climate_projection,Unweighted 2010-tract precipitation summary. Warming-window extremes are not calendar-year flood-frequency multipliers.
NESM3,ssp585,1.5,2021,2011,2030,11,4,2025,2025-10-05,2025-10-07,176.21037659033078,174.375,786,harris_climate,climate_projection,Unweighted 2010-tract precipitation summary. Warming-window extremes are not calendar-year flood-frequency multipliers.
NESM3,ssp585,1.5,2021,2011,2030,11,5,2027,2027-08-09,2027-08-11,185.83105725190842,188.047,786,harris_climate,climate_projection,Unweighted 2010-tract precipitation summary. Warming-window extremes are not calendar-year flood-frequency multipliers.
NESM3,ssp585,2.0,2034,2024,2043,20,1,2034,2034-10-12,2034-10-14,306.0325534351145,303.711,786,harris_climate,climate_projection,Unweighted 2010-tract precipitation summary. Warming-window extremes are not calendar-year flood-frequency multipliers.
NESM3,ssp585,2.0,2034,2024,2043,20,2,2032,2032-12-23,2032-12-25,219.41218447837153,217.8055,786,harris_climate,climate_projection,Unweighted 2010-tract precipitation summary. Warming-window extremes are not calendar-year flood-frequency multipliers.
NESM3,ssp585,2.0,2034,2024,2043,20,3,2031,2031-08-13,2031-08-15,209.0608396946565,206.836,786,harris_climate,climate_projection,Unweighted 2010-tract precipitation summary. Warming-window extremes are not calendar-year flood-frequency multipliers.
NESM3,ssp585,2.0,2034,2024,2043,20,4,2025,2025-06-12,2025-06-14,201.94112849872775,203.385,786,harris_climate,climate_projection,Unweighted 2010-tract precipitation summary. Warming-window extremes are not calendar-year flood-frequency multipliers.
NESM3,ssp585,2.0,2034,2024,2043,20,5,2040,2040-06-15,2040-06-17,188.1981119592875,182.1385,786,harris_climate,climate_projection,Unweighted 2010-tract precipitation summary. Warming-window extremes are not calendar-year flood-frequency multipliers.
NESM3,ssp585,2.5,2044,2034,2053,20,1,2049,2049-09-09,2049-09-11,360.4392544529262,363.5905,786,harris_climate,climate_projection,Unweighted 2010-tract precipitation summary. Warming-window extremes are not calendar-year flood-frequency multipliers.
NESM3,ssp585,2.5,2044,2034,2053,20,2,2034,2034-10-12,2034-10-14,306.0325534351145,303.711,786,harris_climate,climate_projection,Unweighted 2010-tract precipitation summary. Warming-window extremes are not calendar-year flood-frequency multipliers.
NESM3,ssp585,2.5,2044,2034,2053,20,3,2046,2046-05-05,2046-05-07,188.30445165394403,188.2565,786,harris_climate,climate_projection,Unweighted 2010-tract precipitation summary. Warming-window extremes are not calendar-year flood-frequency multipliers.
NESM3,ssp585,2.5,2044,2034,2053,20,4,2040,2040-06-15,2040-06-17,188.1981119592875,182.1385,786,harris_climate,climate_projection,Unweighted 2010-tract precipitation summary. Warming-window extremes are not calendar-year flood-frequency multipliers.
NESM3,ssp585,2.5,2044,2034,2053,20,5,2048,2048-10-08,2048-10-10,185.78047709923663,182.324,786,harris_climate,climate_projection,Unweighted 2010-tract precipitation summary. Warming-window extremes are not calendar-year flood-frequency multipliers.
NESM3,ssp585,3.0,2054,2044,2063,20,1,2049,2049-09-09,2049-09-11,360.4392544529262,363.5905,786,harris_climate,climate_projection,Unweighted 2010-tract precipitation summary. Warming-window extremes are not calendar-year flood-frequency multipliers.
NESM3,ssp585,3.0,2054,2044,2063,20,2,2062,2062-09-10,2062-09-12,239.17613231552164,234.609,786,harris_climate,climate_projection,Unweighted 2010-tract precipitation summary. Warming-window extremes are not calendar-year flood-frequency multipliers.
NESM3,ssp585,3.0,2054,2044,2063,20,3,2058,2058-09-08,2058-09-10,208.42397201017812,208.19650000000001,786,harris_climate,climate_projection,Unweighted 2010-tract precipitation summary. Warming-window extremes are not calendar-year flood-frequency multipliers.
NESM3,ssp585,3.0,2054,2044,2063,20,4,2046,2046-05-05,2046-05-07,188.30445165394403,188.2565,786,harris_climate,climate_projection,Unweighted 2010-tract precipitation summary. Warming-window extremes are not calendar-year flood-frequency multipliers.
NESM3,ssp585,3.0,2054,2044,2063,20,5,2048,2048-10-08,2048-10-10,185.78047709923663,182.324,786,harris_climate,climate_projection,Unweighted 2010-tract precipitation summary. Warming-window extremes are not calendar-year flood-frequency multipliers.
NESM3,ssp585,3.5,2063,2053,2072,20,1,2062,2062-09-10,2062-09-12,239.17613231552164,234.609,786,harris_climate,climate_projection,Unweighted 2010-tract precipitation summary. Warming-window extremes are not calendar-year flood-frequency multipliers.
NESM3,ssp585,3.5,2063,2053,2072,20,2,2065,2065-09-30,2065-10-02,227.97945419847326,223.809,786,harris_climate,climate_projection,Unweighted 2010-tract precipitation summary. Warming-window extremes are not calendar-year flood-frequency multipliers.
NESM3,ssp585,3.5,2063,2053,2072,20,3,2064,2064-11-04,2064-11-06,225.76974300254454,225.78300000000002,786,harris_climate,climate_projection,Unweighted 2010-tract precipitation summary. Warming-window extremes are not calendar-year flood-frequency multipliers.
NESM3,ssp585,3.5,2063,2053,2072,20,4,2058,2058-09-08,2058-09-10,208.42397201017812,208.19650000000001,786,harris_climate,climate_projection,Unweighted 2010-tract precipitation summary. Warming-window extremes are not calendar-year flood-frequency multipliers.
NESM3,ssp585,3.5,2063,2053,2072,20,5,2066,2066-06-04,2066-06-06,200.1467213740458,202.246,786,harris_climate,climate_projection,Unweighted 2010-tract precipitation summary. Warming-window extremes are not calendar-year flood-frequency multipliers.
NESM3,ssp585,4.0,2072,2062,2081,20,1,2079,2079-10-12,2079-10-14,254.57658524173027,251.172,786,harris_climate,climate_projection,Unweighted 2010-tract precipitation summary. Warming-window extremes are not calendar-year flood-frequency multipliers.
NESM3,ssp585,4.0,2072,2062,2081,20,2,2062,2062-09-10,2062-09-12,239.17613231552164,234.609,786,harris_climate,climate_projection,Unweighted 2010-tract precipitation summary. Warming-window extremes are not calendar-year flood-frequency multipliers.
NESM3,ssp585,4.0,2072,2062,2081,20,3,2065,2065-09-30,2065-10-02,227.97945419847326,223.809,786,harris_climate,climate_projection,Unweighted 2010-tract precipitation summary. Warming-window extremes are not calendar-year flood-frequency multipliers.
NESM3,ssp585,4.0,2072,2062,2081,20,4,2064,2064-11-04,2064-11-06,225.76974300254454,225.78300000000002,786,harris_climate,climate_projection,Unweighted 2010-tract precipitation summary. Warming-window extremes are not calendar-year flood-frequency multipliers.
NESM3,ssp585,4.0,2072,2062,2081,20,5,2066,2066-06-04,2066-06-06,200.1467213740458,202.246,786,harris_climate,climate_projection,Unweighted 2010-tract precipitation summary. Warming-window extremes are not calendar-year flood-frequency multipliers.
NorESM2-MM,ssp126,1.0,2023,2013,2032,13,1,2029,2029-09-08,2029-09-10,461.5743486005089,462.9425,786,harris_climate,climate_projection,Unweighted 2010-tract precipitation summary. Warming-window extremes are not calendar-year flood-frequency multipliers.
NorESM2-MM,ssp126,1.0,2023,2013,2032,13,2,2023,2023-04-19,2023-04-21,183.5838969465649,185.3715,786,harris_climate,climate_projection,Unweighted 2010-tract precipitation summary. Warming-window extremes are not calendar-year flood-frequency multipliers.
NorESM2-MM,ssp126,1.0,2023,2013,2032,13,3,2032,2032-08-18,2032-08-20,188.95674300254453,185.625,786,harris_climate,climate_projection,Unweighted 2010-tract precipitation summary. Warming-window extremes are not calendar-year flood-frequency multipliers.
NorESM2-MM,ssp126,1.0,2023,2013,2032,13,4,2032,2032-09-04,2032-09-06,183.10435877862596,183.506,786,harris_climate,climate_projection,Unweighted 2010-tract precipitation summary. Warming-window extremes are not calendar-year flood-frequency multipliers.
NorESM2-MM,ssp126,1.0,2023,2013,2032,13,5,2032,2032-05-02,2032-05-04,181.46706234096692,179.36,786,harris_climate,climate_projection,Unweighted 2010-tract precipitation summary. Warming-window extremes are not calendar-year flood-frequency multipliers.
NorESM2-MM,ssp245,1.0,2028,2018,2037,18,1,2035,2035-09-15,2035-09-17,297.17662977099235,297.412,786,harris_climate,climate_projection,Unweighted 2010-tract precipitation summary. Warming-window extremes are not calendar-year flood-frequency multipliers.
NorESM2-MM,ssp245,1.0,2028,2018,2037,18,2,2028,2028-07-04,2028-07-06,224.7767875318066,226.24,786,harris_climate,climate_projection,Unweighted 2010-tract precipitation summary. Warming-window extremes are not calendar-year flood-frequency multipliers.
NorESM2-MM,ssp245,1.0,2028,2018,2037,18,3,2023,2023-09-05,2023-09-07,215.15276463104325,215.664,786,harris_climate,climate_projection,Unweighted 2010-tract precipitation summary. Warming-window extremes are not calendar-year flood-frequency multipliers.
NorESM2-MM,ssp245,1.0,2028,2018,2037,18,4,2027,2027-09-12,2027-09-14,206.42976463104327,205.137,786,harris_climate,climate_projection,Unweighted 2010-tract precipitation summary. Warming-window extremes are not calendar-year flood-frequency multipliers.
NorESM2-MM,ssp245,1.0,2028,2018,2037,18,5,2027,2027-06-26,2027-06-28,190.77196183206107,191.309,786,harris_climate,climate_projection,Unweighted 2010-tract precipitation summary. Warming-window extremes are not calendar-year flood-frequency multipliers.
NorESM2-MM,ssp245,1.5,2047,2037,2056,20,1,2039,2039-08-30,2039-09-01,217.59207251908398,222.1095,786,harris_climate,climate_projection,Unweighted 2010-tract precipitation summary. Warming-window extremes are not calendar-year flood-frequency multipliers.
NorESM2-MM,ssp245,1.5,2047,2037,2056,20,2,2048,2048-07-02,2048-07-04,198.45228371501273,197.793,786,harris_climate,climate_projection,Unweighted 2010-tract precipitation summary. Warming-window extremes are not calendar-year flood-frequency multipliers.
NorESM2-MM,ssp245,1.5,2047,2037,2056,20,3,2044,2044-08-12,2044-08-14,180.8749300254453,178.3965,786,harris_climate,climate_projection,Unweighted 2010-tract precipitation summary. Warming-window extremes are not calendar-year flood-frequency multipliers.
NorESM2-MM,ssp245,1.5,2047,2037,2056,20,4,2051,2051-09-23,2051-09-25,172.72805725190838,172.207,786,harris_climate,climate_projection,Unweighted 2010-tract precipitation summary. Warming-window extremes are not calendar-year flood-frequency multipliers.
NorESM2-MM,ssp245,1.5,2047,2037,2056,20,5,2038,2038-10-11,2038-10-13,164.6424707379135,164.141,786,harris_climate,climate_projection,Unweighted 2010-tract precipitation summary. Warming-window extremes are not calendar-year flood-frequency multipliers.
NorESM2-MM,ssp245,2.0,2078,2068,2087,20,1,2075,2075-06-16,2075-06-18,236.916,236.69549999999998,786,harris_climate,climate_projection,Unweighted 2010-tract precipitation summary. Warming-window extremes are not calendar-year flood-frequency multipliers.
NorESM2-MM,ssp245,2.0,2078,2068,2087,20,2,2072,2072-06-18,2072-06-20,237.55681170483462,233.8735,786,harris_climate,climate_projection,Unweighted 2010-tract precipitation summary. Warming-window extremes are not calendar-year flood-frequency multipliers.
NorESM2-MM,ssp245,2.0,2078,2068,2087,20,3,2068,2068-08-23,2068-08-25,215.91046055979643,215.0165,786,harris_climate,climate_projection,Unweighted 2010-tract precipitation summary. Warming-window extremes are not calendar-year flood-frequency multipliers.
NorESM2-MM,ssp245,2.0,2078,2068,2087,20,4,2084,2084-10-18,2084-10-20,201.9986679389313,200.3125,786,harris_climate,climate_projection,Unweighted 2010-tract precipitation summary. Warming-window extremes are not calendar-year flood-frequency multipliers.
NorESM2-MM,ssp245,2.0,2078,2068,2087,20,5,2082,2082-10-05,2082-10-07,196.3203027989822,197.207,786,harris_climate,climate_projection,Unweighted 2010-tract precipitation summary. Warming-window extremes are not calendar-year flood-frequency multipliers.
NorESM2-MM,ssp370,1.0,2031,2021,2040,20,1,2028,2028-07-01,2028-07-03,354.571024173028,349.746,786,harris_climate,climate_projection,Unweighted 2010-tract precipitation summary. Warming-window extremes are not calendar-year flood-frequency multipliers.
NorESM2-MM,ssp370,1.0,2031,2021,2040,20,2,2024,2024-10-07,2024-10-09,336.08861832061064,337.871,786,harris_climate,climate_projection,Unweighted 2010-tract precipitation summary. Warming-window extremes are not calendar-year flood-frequency multipliers.
NorESM2-MM,ssp370,1.0,2031,2021,2040,20,3,2040,2040-06-17,2040-06-19,300.0937290076336,298.584,786,harris_climate,climate_projection,Unweighted 2010-tract precipitation summary. Warming-window extremes are not calendar-year flood-frequency multipliers.
NorESM2-MM,ssp370,1.0,2031,2021,2040,20,4,2025,2025-08-23,2025-08-25,264.9976475826972,266.23699999999997,786,harris_climate,climate_projection,Unweighted 2010-tract precipitation summary. Warming-window extremes are not calendar-year flood-frequency multipliers.
NorESM2-MM,ssp370,1.0,2031,2021,2040,20,5,2038,2038-06-11,2038-06-13,235.05033460559795,233.86399999999998,786,harris_climate,climate_projection,Unweighted 2010-tract precipitation summary. Warming-window extremes are not calendar-year flood-frequency multipliers.
NorESM2-MM,ssp370,1.5,2047,2037,2056,20,1,2040,2040-06-17,2040-06-19,300.0937290076336,298.584,786,harris_climate,climate_projection,Unweighted 2010-tract precipitation summary. Warming-window extremes are not calendar-year flood-frequency multipliers.
NorESM2-MM,ssp370,1.5,2047,2037,2056,20,2,2054,2054-10-13,2054-10-15,274.43459923664125,271.079,786,harris_climate,climate_projection,Unweighted 2010-tract precipitation summary. Warming-window extremes are not calendar-year flood-frequency multipliers.
NorESM2-MM,ssp370,1.5,2047,2037,2056,20,3,2044,2044-09-14,2044-09-16,252.57501781170484,250.013,786,harris_climate,climate_projection,Unweighted 2010-tract precipitation summary. Warming-window extremes are not calendar-year flood-frequency multipliers.
NorESM2-MM,ssp370,1.5,2047,2037,2056,20,4,2045,2045-08-15,2045-08-17,250.31372264631045,247.87099999999998,786,harris_climate,climate_projection,Unweighted 2010-tract precipitation summary. Warming-window extremes are not calendar-year flood-frequency multipliers.
NorESM2-MM,ssp370,1.5,2047,2037,2056,20,5,2038,2038-06-11,2038-06-13,235.05033460559795,233.86399999999998,786,harris_climate,climate_projection,Unweighted 2010-tract precipitation summary. Warming-window extremes are not calendar-year flood-frequency multipliers.
NorESM2-MM,ssp370,2.0,2062,2052,2071,20,1,2069,2069-09-29,2069-10-01,285.87878880407123,284.8405,786,harris_climate,climate_projection,Unweighted 2010-tract precipitation summary. Warming-window extremes are not calendar-year flood-frequency multipliers.
NorESM2-MM,ssp370,2.0,2062,2052,2071,20,2,2063,2063-10-13,2063-10-15,275.2308129770992,280.14649999999995,786,harris_climate,climate_projection,Unweighted 2010-tract precipitation summary. Warming-window extremes are not calendar-year flood-frequency multipliers.
NorESM2-MM,ssp370,2.0,2062,2052,2071,20,3,2054,2054-10-13,2054-10-15,274.43459923664125,271.079,786,harris_climate,climate_projection,Unweighted 2010-tract precipitation summary. Warming-window extremes are not calendar-year flood-frequency multipliers.
NorESM2-MM,ssp370,2.0,2062,2052,2071,20,4,2055,2055-06-20,2055-06-22,219.48780534351147,216.641,786,harris_climate,climate_projection,Unweighted 2010-tract precipitation summary. Warming-window extremes are not calendar-year flood-frequency multipliers.
NorESM2-MM,ssp370,2.0,2062,2052,2071,20,5,2062,2062-05-05,2062-05-07,205.6396017811705,205.9915,786,harris_climate,climate_projection,Unweighted 2010-tract precipitation summary. Warming-window extremes are not calendar-year flood-frequency multipliers.
NorESM2-MM,ssp370,2.5,2078,2068,2087,20,1,2079,2079-09-22,2079-09-24,291.01921246819336,290.804,786,harris_climate,climate_projection,Unweighted 2010-tract precipitation summary. Warming-window extremes are not calendar-year flood-frequency multipliers.
NorESM2-MM,ssp370,2.5,2078,2068,2087,20,2,2069,2069-09-29,2069-10-01,285.87878880407123,284.8405,786,harris_climate,climate_projection,Unweighted 2010-tract precipitation summary. Warming-window extremes are not calendar-year flood-frequency multipliers.
NorESM2-MM,ssp370,2.5,2078,2068,2087,20,3,2084,2084-05-10,2084-05-12,262.42791603053433,263.291,786,harris_climate,climate_projection,Unweighted 2010-tract precipitation summary. Warming-window extremes are not calendar-year flood-frequency multipliers.
NorESM2-MM,ssp370,2.5,2078,2068,2087,20,4,2075,2075-11-08,2075-11-10,235.67498854961832,235.996,786,harris_climate,climate_projection,Unweighted 2010-tract precipitation summary. Warming-window extremes are not calendar-year flood-frequency multipliers.
NorESM2-MM,ssp370,2.5,2078,2068,2087,20,5,2084,2084-07-30,2084-08-01,237.07623536895676,237.305,786,harris_climate,climate_projection,Unweighted 2010-tract precipitation summary. Warming-window extremes are not calendar-year flood-frequency multipliers.
NorESM2-MM,ssp585,1.0,2025,2015,2034,15,1,2029,2029-10-07,2029-10-09,237.65000127226466,239.1245,786,harris_climate,climate_projection,Unweighted 2010-tract precipitation summary. Warming-window extremes are not calendar-year flood-frequency multipliers.
NorESM2-MM,ssp585,1.0,2025,2015,2034,15,2,2029,2029-09-13,2029-09-15,207.10485114503817,205.703,786,harris_climate,climate_projection,Unweighted 2010-tract precipitation summary. Warming-window extremes are not calendar-year flood-frequency multipliers.
NorESM2-MM,ssp585,1.0,2025,2015,2034,15,3,2021,2021-06-07,2021-06-09,205.54022391857507,206.291,786,harris_climate,climate_projection,Unweighted 2010-tract precipitation summary. Warming-window extremes are not calendar-year flood-frequency multipliers.
NorESM2-MM,ssp585,1.0,2025,2015,2034,15,4,2026,2026-10-04,2026-10-06,199.1892175572519,198.9745,786,harris_climate,climate_projection,Unweighted 2010-tract precipitation summary. Warming-window extremes are not calendar-year flood-frequency multipliers.
NorESM2-MM,ssp585,1.0,2025,2015,2034,15,5,2029,2029-06-12,2029-06-14,143.84452671755724,146.1265,786,harris_climate,climate_projection,Unweighted 2010-tract precipitation summary. Warming-window extremes are not calendar-year flood-frequency multipliers.
NorESM2-MM,ssp585,1.5,2040,2030,2049,20,1,2037,2037-09-21,2037-09-23,380.22976081424935,389.009,786,harris_climate,climate_projection,Unweighted 2010-tract precipitation summary. Warming-window extremes are not calendar-year flood-frequency multipliers.
NorESM2-MM,ssp585,1.5,2040,2030,2049,20,2,2044,2044-09-30,2044-10-02,272.9959300254453,271.45899999999995,786,harris_climate,climate_projection,Unweighted 2010-tract precipitation summary. Warming-window extremes are not calendar-year flood-frequency multipliers.
NorESM2-MM,ssp585,1.5,2040,2030,2049,20,3,2043,2043-08-15,2043-08-17,274.683165394402,272.041,786,harris_climate,climate_projection,Unweighted 2010-tract precipitation summary. Warming-window extremes are not calendar-year flood-frequency multipliers.
NorESM2-MM,ssp585,1.5,2040,2030,2049,20,4,2039,2039-10-19,2039-10-21,271.3013244274809,267.38800000000003,786,harris_climate,climate_projection,Unweighted 2010-tract precipitation summary. Warming-window extremes are not calendar-year flood-frequency multipliers.
NorESM2-MM,ssp585,1.5,2040,2030,2049,20,5,2043,2043-09-19,2043-09-21,217.69481043257,216.797,786,harris_climate,climate_projection,Unweighted 2010-tract precipitation summary. Warming-window extremes are not calendar-year flood-frequency multipliers.
NorESM2-MM,ssp585,2.0,2054,2044,2063,20,1,2061,2061-08-17,2061-08-19,403.39903562340965,402.695,786,harris_climate,climate_projection,Unweighted 2010-tract precipitation summary. Warming-window extremes are not calendar-year flood-frequency multipliers.
NorESM2-MM,ssp585,2.0,2054,2044,2063,20,2,2059,2059-05-08,2059-05-10,325.10459160305345,324.889,786,harris_climate,climate_projection,Unweighted 2010-tract precipitation summary. Warming-window extremes are not calendar-year flood-frequency multipliers.
NorESM2-MM,ssp585,2.0,2054,2044,2063,20,3,2044,2044-09-30,2044-10-02,272.9959300254453,271.45899999999995,786,harris_climate,climate_projection,Unweighted 2010-tract precipitation summary. Warming-window extremes are not calendar-year flood-frequency multipliers.
NorESM2-MM,ssp585,2.0,2054,2044,2063,20,4,2060,2060-06-17,2060-06-19,228.1891882951654,227.1195,786,harris_climate,climate_projection,Unweighted 2010-tract precipitation summary. Warming-window extremes are not calendar-year flood-frequency multipliers.
NorESM2-MM,ssp585,2.0,2054,2044,2063,20,5,2056,2056-10-12,2056-10-14,214.366179389313,216.875,786,harris_climate,climate_projection,Unweighted 2010-tract precipitation summary. Warming-window extremes are not calendar-year flood-frequency multipliers.
NorESM2-MM,ssp585,2.5,2067,2057,2076,20,1,2061,2061-08-17,2061-08-19,403.39903562340965,402.695,786,harris_climate,climate_projection,Unweighted 2010-tract precipitation summary. Warming-window extremes are not calendar-year flood-frequency multipliers.
NorESM2-MM,ssp585,2.5,2067,2057,2076,20,2,2069,2069-06-26,2069-06-28,388.0262773536895,390.678,786,harris_climate,climate_projection,Unweighted 2010-tract precipitation summary. Warming-window extremes are not calendar-year flood-frequency multipliers.
NorESM2-MM,ssp585,2.5,2067,2057,2076,20,3,2074,2074-09-11,2074-09-13,354.18568575063614,354.077,786,harris_climate,climate_projection,Unweighted 2010-tract precipitation summary. Warming-window extremes are not calendar-year flood-frequency multipliers.
NorESM2-MM,ssp585,2.5,2067,2057,2076,20,4,2059,2059-05-08,2059-05-10,325.10459160305345,324.889,786,harris_climate,climate_projection,Unweighted 2010-tract precipitation summary. Warming-window extremes are not calendar-year flood-frequency multipliers.
NorESM2-MM,ssp585,2.5,2067,2057,2076,20,5,2067,2067-08-27,2067-08-29,313.0458486005089,317.286,786,harris_climate,climate_projection,Unweighted 2010-tract precipitation summary. Warming-window extremes are not calendar-year flood-frequency multipliers.
NorESM2-MM,ssp585,3.0,2076,2066,2085,20,1,2069,2069-06-26,2069-06-28,388.0262773536895,390.678,786,harris_climate,climate_projection,Unweighted 2010-tract precipitation summary. Warming-window extremes are not calendar-year flood-frequency multipliers.
NorESM2-MM,ssp585,3.0,2076,2066,2085,20,2,2074,2074-09-11,2074-09-13,354.18568575063614,354.077,786,harris_climate,climate_projection,Unweighted 2010-tract precipitation summary. Warming-window extremes are not calendar-year flood-frequency multipliers.
NorESM2-MM,ssp585,3.0,2076,2066,2085,20,3,2067,2067-08-27,2067-08-29,313.0458486005089,317.286,786,harris_climate,climate_projection,Unweighted 2010-tract precipitation summary. Warming-window extremes are not calendar-year flood-frequency multipliers.
NorESM2-MM,ssp585,3.0,2076,2066,2085,20,4,2079,2079-08-21,2079-08-23,229.72186259541982,231.67000000000002,786,harris_climate,climate_projection,Unweighted 2010-tract precipitation summary. Warming-window extremes are not calendar-year flood-frequency multipliers.
NorESM2-MM,ssp585,3.0,2076,2066,2085,20,5,2067,2067-08-19,2067-08-21,237.48707506361325,235.41,786,harris_climate,climate_projection,Unweighted 2010-tract precipitation summary. Warming-window extremes are not calendar-year flood-frequency multipliers.
NorESM2-MM,ssp585,3.5,2086,2076,2095,20,1,2093,2093-11-13,2093-11-15,231.97597709923662,231.77100000000002,786,harris_climate,climate_projection,Unweighted 2010-tract precipitation summary. Warming-window extremes are not calendar-year flood-frequency multipliers.
NorESM2-MM,ssp585,3.5,2086,2076,2095,20,2,2079,2079-08-21,2079-08-23,229.72186259541982,231.67000000000002,786,harris_climate,climate_projection,Unweighted 2010-tract precipitation summary. Warming-window extremes are not calendar-year flood-frequency multipliers.
NorESM2-MM,ssp585,3.5,2086,2076,2095,20,3,2094,2094-05-10,2094-05-12,213.64873664122138,214.863,786,harris_climate,climate_projection,Unweighted 2010-tract precipitation summary. Warming-window extremes are not calendar-year flood-frequency multipliers.
NorESM2-MM,ssp585,3.5,2086,2076,2095,20,4,2083,2083-09-07,2083-09-09,203.15792493638676,200.791,786,harris_climate,climate_projection,Unweighted 2010-tract precipitation summary. Warming-window extremes are not calendar-year flood-frequency multipliers.
NorESM2-MM,ssp585,3.5,2086,2076,2095,20,5,2082,2082-09-23,2082-09-25,198.3754923664122,197.148,786,harris_climate,climate_projection,Unweighted 2010-tract precipitation summary. Warming-window extremes are not calendar-year flood-frequency multipliers.
