date,year,entity,measure,value,unit,amount_basis,source_id,source_page,evidence_status,note,grant_number,activity_number
2024-09-30,2024,HCD_Harvey_mandatory_residential,allocation,205440000.0,USD_nominal,snapshot/cumulative,hcd_buyout_2024q3,1,observed_rounded,Program-specific amount; not unrestricted cash. Do not add to the same GLO activity amounts.,,
2024-09-30,2024,HCD_Harvey_mandatory_residential,obligated_approx,179950000.0,USD_nominal,snapshot/cumulative,hcd_buyout_2024q3,1,observed_rounded,Program-specific amount; not unrestricted cash. Do not add to the same GLO activity amounts.,,
2024-09-30,2024,HCD_Harvey_mandatory_residential,unobligated_approx,25490000.0,USD_nominal,snapshot/cumulative,hcd_buyout_2024q3,1,observed_rounded,Program-specific amount; not unrestricted cash. Do not add to the same GLO activity amounts.,,
2024-09-30,2024,HCD_Harvey_mandatory_residential,spent_cumulative,183720000.0,USD_nominal,snapshot/cumulative,hcd_buyout_2024q3,1,observed_rounded,Program-specific amount; not unrestricted cash. Do not add to the same GLO activity amounts.,,
2024-09-30,2024,HCD_Harvey_mandatory_residential,unspent_reported,21720000.0,USD_nominal,snapshot/cumulative,hcd_buyout_2024q3,1,observed_rounded,Program-specific amount; not unrestricted cash. Do not add to the same GLO activity amounts.,,
2025-06-30,2025,HCD_Harvey_mandatory_residential,allocation,205370000.0,USD_nominal,snapshot/cumulative,hcd_buyout_2025q2,1,observed_rounded,Program-specific amount; not unrestricted cash. Do not add to the same GLO activity amounts.,,
2025-06-30,2025,HCD_Harvey_mandatory_residential,obligated_approx,206800000.0,USD_nominal,snapshot/cumulative,hcd_buyout_2025q2,1,observed_rounded,Program-specific amount; not unrestricted cash. Do not add to the same GLO activity amounts.,,
2025-06-30,2025,HCD_Harvey_mandatory_residential,unobligated_approx,-1430000.0,USD_nominal,snapshot/cumulative,hcd_buyout_2025q2,1,observed_rounded,Program-specific amount; not unrestricted cash. Do not add to the same GLO activity amounts.,,
2025-06-30,2025,HCD_Harvey_mandatory_residential,spent_cumulative,198100000.0,USD_nominal,snapshot/cumulative,hcd_buyout_2025q2,1,observed_rounded,Program-specific amount; not unrestricted cash. Do not add to the same GLO activity amounts.,,
2025-06-30,2025,HCD_Harvey_mandatory_residential,unspent_reported,7280000.0,USD_nominal,snapshot/cumulative,hcd_buyout_2025q2,1,observed_rounded,Program-specific amount; not unrestricted cash. Do not add to the same GLO activity amounts.,,
2021-07-01,2021,HCD_Harvey_mandatory_residential,obligated_usd,1750000.0,USD_nominal,reported_period_amount,glo_financial,,observed_parsed,Do not cumulate a stock or double-count expenditures and disbursements. Reconcile with F31 before cash-flow calibration.,B-17-DM-48-0001,HCBP_DA_LMH_19-147-002-B490_HA
2021-07-01,2021,HCD_Harvey_mandatory_residential,expended_usd,0.0,USD_nominal,reported_period_amount,glo_financial,,observed_parsed,Do not cumulate a stock or double-count expenditures and disbursements. Reconcile with F31 before cash-flow calibration.,B-17-DM-48-0001,HCBP_DA_LMH_19-147-002-B490_HA
2021-07-01,2021,HCD_Harvey_mandatory_residential,disbursed_usd,0.0,USD_nominal,reported_period_amount,glo_financial,,observed_parsed,Do not cumulate a stock or double-count expenditures and disbursements. Reconcile with F31 before cash-flow calibration.,B-17-DM-48-0001,HCBP_DA_LMH_19-147-002-B490_HA
2021-07-01,2021,HCD_Harvey_mandatory_residential,program_income_disbursed_usd,0.0,USD_nominal,reported_period_amount,glo_financial,,observed_parsed,Do not cumulate a stock or double-count expenditures and disbursements. Reconcile with F31 before cash-flow calibration.,B-17-DM-48-0001,HCBP_DA_LMH_19-147-002-B490_HA
2021-07-01,2021,HCD_Harvey_mandatory_residential,program_income_received_usd,0.0,USD_nominal,reported_period_amount,glo_financial,,observed_parsed,Do not cumulate a stock or double-count expenditures and disbursements. Reconcile with F31 before cash-flow calibration.,B-17-DM-48-0001,HCBP_DA_LMH_19-147-002-B490_HA
2022-04-01,2022,HCD_Harvey_mandatory_residential,obligated_usd,-1505000.0,USD_nominal,reported_period_amount,glo_financial,,observed_parsed,Do not cumulate a stock or double-count expenditures and disbursements. Reconcile with F31 before cash-flow calibration.,B-17-DM-48-0001,HCBP_DA_LMH_19-147-002-B490_HA
2022-04-01,2022,HCD_Harvey_mandatory_residential,expended_usd,0.0,USD_nominal,reported_period_amount,glo_financial,,observed_parsed,Do not cumulate a stock or double-count expenditures and disbursements. Reconcile with F31 before cash-flow calibration.,B-17-DM-48-0001,HCBP_DA_LMH_19-147-002-B490_HA
2022-04-01,2022,HCD_Harvey_mandatory_residential,disbursed_usd,0.0,USD_nominal,reported_period_amount,glo_financial,,observed_parsed,Do not cumulate a stock or double-count expenditures and disbursements. Reconcile with F31 before cash-flow calibration.,B-17-DM-48-0001,HCBP_DA_LMH_19-147-002-B490_HA
2022-04-01,2022,HCD_Harvey_mandatory_residential,program_income_disbursed_usd,0.0,USD_nominal,reported_period_amount,glo_financial,,observed_parsed,Do not cumulate a stock or double-count expenditures and disbursements. Reconcile with F31 before cash-flow calibration.,B-17-DM-48-0001,HCBP_DA_LMH_19-147-002-B490_HA
2022-04-01,2022,HCD_Harvey_mandatory_residential,program_income_received_usd,0.0,USD_nominal,reported_period_amount,glo_financial,,observed_parsed,Do not cumulate a stock or double-count expenditures and disbursements. Reconcile with F31 before cash-flow calibration.,B-17-DM-48-0001,HCBP_DA_LMH_19-147-002-B490_HA
2023-01-01,2023,HCD_Harvey_mandatory_residential,obligated_usd,0.0,USD_nominal,reported_period_amount,glo_financial,,observed_parsed,Do not cumulate a stock or double-count expenditures and disbursements. Reconcile with F31 before cash-flow calibration.,B-17-DM-48-0001,HCBP_DA_LMH_19-147-002-B490_HA
2023-01-01,2023,HCD_Harvey_mandatory_residential,expended_usd,210.09,USD_nominal,reported_period_amount,glo_financial,,observed_parsed,Do not cumulate a stock or double-count expenditures and disbursements. Reconcile with F31 before cash-flow calibration.,B-17-DM-48-0001,HCBP_DA_LMH_19-147-002-B490_HA
2023-01-01,2023,HCD_Harvey_mandatory_residential,disbursed_usd,210.09,USD_nominal,reported_period_amount,glo_financial,,observed_parsed,Do not cumulate a stock or double-count expenditures and disbursements. Reconcile with F31 before cash-flow calibration.,B-17-DM-48-0001,HCBP_DA_LMH_19-147-002-B490_HA
2023-01-01,2023,HCD_Harvey_mandatory_residential,program_income_disbursed_usd,0.0,USD_nominal,reported_period_amount,glo_financial,,observed_parsed,Do not cumulate a stock or double-count expenditures and disbursements. Reconcile with F31 before cash-flow calibration.,B-17-DM-48-0001,HCBP_DA_LMH_19-147-002-B490_HA
2023-01-01,2023,HCD_Harvey_mandatory_residential,program_income_received_usd,0.0,USD_nominal,reported_period_amount,glo_financial,,observed_parsed,Do not cumulate a stock or double-count expenditures and disbursements. Reconcile with F31 before cash-flow calibration.,B-17-DM-48-0001,HCBP_DA_LMH_19-147-002-B490_HA
2023-04-01,2023,HCD_Harvey_mandatory_residential,obligated_usd,0.0,USD_nominal,reported_period_amount,glo_financial,,observed_parsed,Do not cumulate a stock or double-count expenditures and disbursements. Reconcile with F31 before cash-flow calibration.,B-17-DM-48-0001,HCBP_DA_LMH_19-147-002-B490_HA
2023-04-01,2023,HCD_Harvey_mandatory_residential,expended_usd,763.67,USD_nominal,reported_period_amount,glo_financial,,observed_parsed,Do not cumulate a stock or double-count expenditures and disbursements. Reconcile with F31 before cash-flow calibration.,B-17-DM-48-0001,HCBP_DA_LMH_19-147-002-B490_HA
2023-04-01,2023,HCD_Harvey_mandatory_residential,disbursed_usd,763.67,USD_nominal,reported_period_amount,glo_financial,,observed_parsed,Do not cumulate a stock or double-count expenditures and disbursements. Reconcile with F31 before cash-flow calibration.,B-17-DM-48-0001,HCBP_DA_LMH_19-147-002-B490_HA
2023-04-01,2023,HCD_Harvey_mandatory_residential,program_income_disbursed_usd,0.0,USD_nominal,reported_period_amount,glo_financial,,observed_parsed,Do not cumulate a stock or double-count expenditures and disbursements. Reconcile with F31 before cash-flow calibration.,B-17-DM-48-0001,HCBP_DA_LMH_19-147-002-B490_HA
2023-04-01,2023,HCD_Harvey_mandatory_residential,program_income_received_usd,0.0,USD_nominal,reported_period_amount,glo_financial,,observed_parsed,Do not cumulate a stock or double-count expenditures and disbursements. Reconcile with F31 before cash-flow calibration.,B-17-DM-48-0001,HCBP_DA_LMH_19-147-002-B490_HA
2023-07-01,2023,HCD_Harvey_mandatory_residential,obligated_usd,0.0,USD_nominal,reported_period_amount,glo_financial,,observed_parsed,Do not cumulate a stock or double-count expenditures and disbursements. Reconcile with F31 before cash-flow calibration.,B-17-DM-48-0001,HCBP_DA_LMH_19-147-002-B490_HA
2023-07-01,2023,HCD_Harvey_mandatory_residential,expended_usd,312.05,USD_nominal,reported_period_amount,glo_financial,,observed_parsed,Do not cumulate a stock or double-count expenditures and disbursements. Reconcile with F31 before cash-flow calibration.,B-17-DM-48-0001,HCBP_DA_LMH_19-147-002-B490_HA
2023-07-01,2023,HCD_Harvey_mandatory_residential,disbursed_usd,312.05,USD_nominal,reported_period_amount,glo_financial,,observed_parsed,Do not cumulate a stock or double-count expenditures and disbursements. Reconcile with F31 before cash-flow calibration.,B-17-DM-48-0001,HCBP_DA_LMH_19-147-002-B490_HA
2023-07-01,2023,HCD_Harvey_mandatory_residential,program_income_disbursed_usd,0.0,USD_nominal,reported_period_amount,glo_financial,,observed_parsed,Do not cumulate a stock or double-count expenditures and disbursements. Reconcile with F31 before cash-flow calibration.,B-17-DM-48-0001,HCBP_DA_LMH_19-147-002-B490_HA
2023-07-01,2023,HCD_Harvey_mandatory_residential,program_income_received_usd,0.0,USD_nominal,reported_period_amount,glo_financial,,observed_parsed,Do not cumulate a stock or double-count expenditures and disbursements. Reconcile with F31 before cash-flow calibration.,B-17-DM-48-0001,HCBP_DA_LMH_19-147-002-B490_HA
2023-10-01,2023,HCD_Harvey_mandatory_residential,obligated_usd,0.0,USD_nominal,reported_period_amount,glo_financial,,observed_parsed,Do not cumulate a stock or double-count expenditures and disbursements. Reconcile with F31 before cash-flow calibration.,B-17-DM-48-0001,HCBP_DA_LMH_19-147-002-B490_HA
2023-10-01,2023,HCD_Harvey_mandatory_residential,expended_usd,1453.83,USD_nominal,reported_period_amount,glo_financial,,observed_parsed,Do not cumulate a stock or double-count expenditures and disbursements. Reconcile with F31 before cash-flow calibration.,B-17-DM-48-0001,HCBP_DA_LMH_19-147-002-B490_HA
2023-10-01,2023,HCD_Harvey_mandatory_residential,disbursed_usd,1453.83,USD_nominal,reported_period_amount,glo_financial,,observed_parsed,Do not cumulate a stock or double-count expenditures and disbursements. Reconcile with F31 before cash-flow calibration.,B-17-DM-48-0001,HCBP_DA_LMH_19-147-002-B490_HA
2023-10-01,2023,HCD_Harvey_mandatory_residential,program_income_disbursed_usd,0.0,USD_nominal,reported_period_amount,glo_financial,,observed_parsed,Do not cumulate a stock or double-count expenditures and disbursements. Reconcile with F31 before cash-flow calibration.,B-17-DM-48-0001,HCBP_DA_LMH_19-147-002-B490_HA
2023-10-01,2023,HCD_Harvey_mandatory_residential,program_income_received_usd,0.0,USD_nominal,reported_period_amount,glo_financial,,observed_parsed,Do not cumulate a stock or double-count expenditures and disbursements. Reconcile with F31 before cash-flow calibration.,B-17-DM-48-0001,HCBP_DA_LMH_19-147-002-B490_HA
2024-01-01,2024,HCD_Harvey_mandatory_residential,obligated_usd,0.0,USD_nominal,reported_period_amount,glo_financial,,observed_parsed,Do not cumulate a stock or double-count expenditures and disbursements. Reconcile with F31 before cash-flow calibration.,B-17-DM-48-0001,HCBP_DA_LMH_19-147-002-B490_HA
2024-01-01,2024,HCD_Harvey_mandatory_residential,expended_usd,988.88,USD_nominal,reported_period_amount,glo_financial,,observed_parsed,Do not cumulate a stock or double-count expenditures and disbursements. Reconcile with F31 before cash-flow calibration.,B-17-DM-48-0001,HCBP_DA_LMH_19-147-002-B490_HA
2024-01-01,2024,HCD_Harvey_mandatory_residential,disbursed_usd,988.88,USD_nominal,reported_period_amount,glo_financial,,observed_parsed,Do not cumulate a stock or double-count expenditures and disbursements. Reconcile with F31 before cash-flow calibration.,B-17-DM-48-0001,HCBP_DA_LMH_19-147-002-B490_HA
2024-01-01,2024,HCD_Harvey_mandatory_residential,program_income_disbursed_usd,0.0,USD_nominal,reported_period_amount,glo_financial,,observed_parsed,Do not cumulate a stock or double-count expenditures and disbursements. Reconcile with F31 before cash-flow calibration.,B-17-DM-48-0001,HCBP_DA_LMH_19-147-002-B490_HA
2024-01-01,2024,HCD_Harvey_mandatory_residential,program_income_received_usd,0.0,USD_nominal,reported_period_amount,glo_financial,,observed_parsed,Do not cumulate a stock or double-count expenditures and disbursements. Reconcile with F31 before cash-flow calibration.,B-17-DM-48-0001,HCBP_DA_LMH_19-147-002-B490_HA
2024-07-01,2024,HCD_Harvey_mandatory_residential,obligated_usd,-221240.52,USD_nominal,reported_period_amount,glo_financial,,observed_parsed,Do not cumulate a stock or double-count expenditures and disbursements. Reconcile with F31 before cash-flow calibration.,B-17-DM-48-0001,HCBP_DA_LMH_19-147-002-B490_HA
2024-07-01,2024,HCD_Harvey_mandatory_residential,expended_usd,87.09,USD_nominal,reported_period_amount,glo_financial,,observed_parsed,Do not cumulate a stock or double-count expenditures and disbursements. Reconcile with F31 before cash-flow calibration.,B-17-DM-48-0001,HCBP_DA_LMH_19-147-002-B490_HA
2024-07-01,2024,HCD_Harvey_mandatory_residential,disbursed_usd,87.09,USD_nominal,reported_period_amount,glo_financial,,observed_parsed,Do not cumulate a stock or double-count expenditures and disbursements. Reconcile with F31 before cash-flow calibration.,B-17-DM-48-0001,HCBP_DA_LMH_19-147-002-B490_HA
2024-07-01,2024,HCD_Harvey_mandatory_residential,program_income_disbursed_usd,0.0,USD_nominal,reported_period_amount,glo_financial,,observed_parsed,Do not cumulate a stock or double-count expenditures and disbursements. Reconcile with F31 before cash-flow calibration.,B-17-DM-48-0001,HCBP_DA_LMH_19-147-002-B490_HA
2024-07-01,2024,HCD_Harvey_mandatory_residential,program_income_received_usd,0.0,USD_nominal,reported_period_amount,glo_financial,,observed_parsed,Do not cumulate a stock or double-count expenditures and disbursements. Reconcile with F31 before cash-flow calibration.,B-17-DM-48-0001,HCBP_DA_LMH_19-147-002-B490_HA
2021-07-01,2021,HCD_Harvey_mandatory_residential,obligated_usd,2600000.0,USD_nominal,reported_period_amount,glo_financial,,observed_parsed,Do not cumulate a stock or double-count expenditures and disbursements. Reconcile with F31 before cash-flow calibration.,B-17-DM-48-0001,HCBP_DA_LMHI_19-147-002-B490_HI
2021-07-01,2021,HCD_Harvey_mandatory_residential,expended_usd,0.0,USD_nominal,reported_period_amount,glo_financial,,observed_parsed,Do not cumulate a stock or double-count expenditures and disbursements. Reconcile with F31 before cash-flow calibration.,B-17-DM-48-0001,HCBP_DA_LMHI_19-147-002-B490_HI
2021-07-01,2021,HCD_Harvey_mandatory_residential,disbursed_usd,0.0,USD_nominal,reported_period_amount,glo_financial,,observed_parsed,Do not cumulate a stock or double-count expenditures and disbursements. Reconcile with F31 before cash-flow calibration.,B-17-DM-48-0001,HCBP_DA_LMHI_19-147-002-B490_HI
2021-07-01,2021,HCD_Harvey_mandatory_residential,program_income_disbursed_usd,0.0,USD_nominal,reported_period_amount,glo_financial,,observed_parsed,Do not cumulate a stock or double-count expenditures and disbursements. Reconcile with F31 before cash-flow calibration.,B-17-DM-48-0001,HCBP_DA_LMHI_19-147-002-B490_HI
2021-07-01,2021,HCD_Harvey_mandatory_residential,program_income_received_usd,0.0,USD_nominal,reported_period_amount,glo_financial,,observed_parsed,Do not cumulate a stock or double-count expenditures and disbursements. Reconcile with F31 before cash-flow calibration.,B-17-DM-48-0001,HCBP_DA_LMHI_19-147-002-B490_HI
2022-04-01,2022,HCD_Harvey_mandatory_residential,obligated_usd,-600000.0,USD_nominal,reported_period_amount,glo_financial,,observed_parsed,Do not cumulate a stock or double-count expenditures and disbursements. Reconcile with F31 before cash-flow calibration.,B-17-DM-48-0001,HCBP_DA_LMHI_19-147-002-B490_HI
2022-04-01,2022,HCD_Harvey_mandatory_residential,expended_usd,0.0,USD_nominal,reported_period_amount,glo_financial,,observed_parsed,Do not cumulate a stock or double-count expenditures and disbursements. Reconcile with F31 before cash-flow calibration.,B-17-DM-48-0001,HCBP_DA_LMHI_19-147-002-B490_HI
2022-04-01,2022,HCD_Harvey_mandatory_residential,disbursed_usd,0.0,USD_nominal,reported_period_amount,glo_financial,,observed_parsed,Do not cumulate a stock or double-count expenditures and disbursements. Reconcile with F31 before cash-flow calibration.,B-17-DM-48-0001,HCBP_DA_LMHI_19-147-002-B490_HI
2022-04-01,2022,HCD_Harvey_mandatory_residential,program_income_disbursed_usd,0.0,USD_nominal,reported_period_amount,glo_financial,,observed_parsed,Do not cumulate a stock or double-count expenditures and disbursements. Reconcile with F31 before cash-flow calibration.,B-17-DM-48-0001,HCBP_DA_LMHI_19-147-002-B490_HI
2022-04-01,2022,HCD_Harvey_mandatory_residential,program_income_received_usd,0.0,USD_nominal,reported_period_amount,glo_financial,,observed_parsed,Do not cumulate a stock or double-count expenditures and disbursements. Reconcile with F31 before cash-flow calibration.,B-17-DM-48-0001,HCBP_DA_LMHI_19-147-002-B490_HI
2023-01-01,2023,HCD_Harvey_mandatory_residential,obligated_usd,0.0,USD_nominal,reported_period_amount,glo_financial,,observed_parsed,Do not cumulate a stock or double-count expenditures and disbursements. Reconcile with F31 before cash-flow calibration.,B-17-DM-48-0001,HCBP_DA_LMHI_19-147-002-B490_HI
2023-01-01,2023,HCD_Harvey_mandatory_residential,expended_usd,11631.85,USD_nominal,reported_period_amount,glo_financial,,observed_parsed,Do not cumulate a stock or double-count expenditures and disbursements. Reconcile with F31 before cash-flow calibration.,B-17-DM-48-0001,HCBP_DA_LMHI_19-147-002-B490_HI
2023-01-01,2023,HCD_Harvey_mandatory_residential,disbursed_usd,11631.85,USD_nominal,reported_period_amount,glo_financial,,observed_parsed,Do not cumulate a stock or double-count expenditures and disbursements. Reconcile with F31 before cash-flow calibration.,B-17-DM-48-0001,HCBP_DA_LMHI_19-147-002-B490_HI
2023-01-01,2023,HCD_Harvey_mandatory_residential,program_income_disbursed_usd,0.0,USD_nominal,reported_period_amount,glo_financial,,observed_parsed,Do not cumulate a stock or double-count expenditures and disbursements. Reconcile with F31 before cash-flow calibration.,B-17-DM-48-0001,HCBP_DA_LMHI_19-147-002-B490_HI
2023-01-01,2023,HCD_Harvey_mandatory_residential,program_income_received_usd,0.0,USD_nominal,reported_period_amount,glo_financial,,observed_parsed,Do not cumulate a stock or double-count expenditures and disbursements. Reconcile with F31 before cash-flow calibration.,B-17-DM-48-0001,HCBP_DA_LMHI_19-147-002-B490_HI
2023-04-01,2023,HCD_Harvey_mandatory_residential,obligated_usd,0.0,USD_nominal,reported_period_amount,glo_financial,,observed_parsed,Do not cumulate a stock or double-count expenditures and disbursements. Reconcile with F31 before cash-flow calibration.,B-17-DM-48-0001,HCBP_DA_LMHI_19-147-002-B490_HI
2023-04-01,2023,HCD_Harvey_mandatory_residential,expended_usd,43176.31,USD_nominal,reported_period_amount,glo_financial,,observed_parsed,Do not cumulate a stock or double-count expenditures and disbursements. Reconcile with F31 before cash-flow calibration.,B-17-DM-48-0001,HCBP_DA_LMHI_19-147-002-B490_HI
2023-04-01,2023,HCD_Harvey_mandatory_residential,disbursed_usd,43176.31,USD_nominal,reported_period_amount,glo_financial,,observed_parsed,Do not cumulate a stock or double-count expenditures and disbursements. Reconcile with F31 before cash-flow calibration.,B-17-DM-48-0001,HCBP_DA_LMHI_19-147-002-B490_HI
2023-04-01,2023,HCD_Harvey_mandatory_residential,program_income_disbursed_usd,0.0,USD_nominal,reported_period_amount,glo_financial,,observed_parsed,Do not cumulate a stock or double-count expenditures and disbursements. Reconcile with F31 before cash-flow calibration.,B-17-DM-48-0001,HCBP_DA_LMHI_19-147-002-B490_HI
2023-04-01,2023,HCD_Harvey_mandatory_residential,program_income_received_usd,0.0,USD_nominal,reported_period_amount,glo_financial,,observed_parsed,Do not cumulate a stock or double-count expenditures and disbursements. Reconcile with F31 before cash-flow calibration.,B-17-DM-48-0001,HCBP_DA_LMHI_19-147-002-B490_HI
2023-07-01,2023,HCD_Harvey_mandatory_residential,obligated_usd,0.0,USD_nominal,reported_period_amount,glo_financial,,observed_parsed,Do not cumulate a stock or double-count expenditures and disbursements. Reconcile with F31 before cash-flow calibration.,B-17-DM-48-0001,HCBP_DA_LMHI_19-147-002-B490_HI
2023-07-01,2023,HCD_Harvey_mandatory_residential,expended_usd,27798.12,USD_nominal,reported_period_amount,glo_financial,,observed_parsed,Do not cumulate a stock or double-count expenditures and disbursements. Reconcile with F31 before cash-flow calibration.,B-17-DM-48-0001,HCBP_DA_LMHI_19-147-002-B490_HI
2023-07-01,2023,HCD_Harvey_mandatory_residential,disbursed_usd,27798.12,USD_nominal,reported_period_amount,glo_financial,,observed_parsed,Do not cumulate a stock or double-count expenditures and disbursements. Reconcile with F31 before cash-flow calibration.,B-17-DM-48-0001,HCBP_DA_LMHI_19-147-002-B490_HI
2023-07-01,2023,HCD_Harvey_mandatory_residential,program_income_disbursed_usd,0.0,USD_nominal,reported_period_amount,glo_financial,,observed_parsed,Do not cumulate a stock or double-count expenditures and disbursements. Reconcile with F31 before cash-flow calibration.,B-17-DM-48-0001,HCBP_DA_LMHI_19-147-002-B490_HI
2023-07-01,2023,HCD_Harvey_mandatory_residential,program_income_received_usd,0.0,USD_nominal,reported_period_amount,glo_financial,,observed_parsed,Do not cumulate a stock or double-count expenditures and disbursements. Reconcile with F31 before cash-flow calibration.,B-17-DM-48-0001,HCBP_DA_LMHI_19-147-002-B490_HI
2023-10-01,2023,HCD_Harvey_mandatory_residential,obligated_usd,0.0,USD_nominal,reported_period_amount,glo_financial,,observed_parsed,Do not cumulate a stock or double-count expenditures and disbursements. Reconcile with F31 before cash-flow calibration.,B-17-DM-48-0001,HCBP_DA_LMHI_19-147-002-B490_HI
2023-10-01,2023,HCD_Harvey_mandatory_residential,expended_usd,124476.76,USD_nominal,reported_period_amount,glo_financial,,observed_parsed,Do not cumulate a stock or double-count expenditures and disbursements. Reconcile with F31 before cash-flow calibration.,B-17-DM-48-0001,HCBP_DA_LMHI_19-147-002-B490_HI
2023-10-01,2023,HCD_Harvey_mandatory_residential,disbursed_usd,124476.76,USD_nominal,reported_period_amount,glo_financial,,observed_parsed,Do not cumulate a stock or double-count expenditures and disbursements. Reconcile with F31 before cash-flow calibration.,B-17-DM-48-0001,HCBP_DA_LMHI_19-147-002-B490_HI
2023-10-01,2023,HCD_Harvey_mandatory_residential,program_income_disbursed_usd,0.0,USD_nominal,reported_period_amount,glo_financial,,observed_parsed,Do not cumulate a stock or double-count expenditures and disbursements. Reconcile with F31 before cash-flow calibration.,B-17-DM-48-0001,HCBP_DA_LMHI_19-147-002-B490_HI
2023-10-01,2023,HCD_Harvey_mandatory_residential,program_income_received_usd,0.0,USD_nominal,reported_period_amount,glo_financial,,observed_parsed,Do not cumulate a stock or double-count expenditures and disbursements. Reconcile with F31 before cash-flow calibration.,B-17-DM-48-0001,HCBP_DA_LMHI_19-147-002-B490_HI
2024-01-01,2024,HCD_Harvey_mandatory_residential,obligated_usd,0.0,USD_nominal,reported_period_amount,glo_financial,,observed_parsed,Do not cumulate a stock or double-count expenditures and disbursements. Reconcile with F31 before cash-flow calibration.,B-17-DM-48-0001,HCBP_DA_LMHI_19-147-002-B490_HI
2024-01-01,2024,HCD_Harvey_mandatory_residential,expended_usd,219603.86,USD_nominal,reported_period_amount,glo_financial,,observed_parsed,Do not cumulate a stock or double-count expenditures and disbursements. Reconcile with F31 before cash-flow calibration.,B-17-DM-48-0001,HCBP_DA_LMHI_19-147-002-B490_HI
2024-01-01,2024,HCD_Harvey_mandatory_residential,disbursed_usd,219603.86,USD_nominal,reported_period_amount,glo_financial,,observed_parsed,Do not cumulate a stock or double-count expenditures and disbursements. Reconcile with F31 before cash-flow calibration.,B-17-DM-48-0001,HCBP_DA_LMHI_19-147-002-B490_HI
2024-01-01,2024,HCD_Harvey_mandatory_residential,program_income_disbursed_usd,0.0,USD_nominal,reported_period_amount,glo_financial,,observed_parsed,Do not cumulate a stock or double-count expenditures and disbursements. Reconcile with F31 before cash-flow calibration.,B-17-DM-48-0001,HCBP_DA_LMHI_19-147-002-B490_HI
2024-01-01,2024,HCD_Harvey_mandatory_residential,program_income_received_usd,0.0,USD_nominal,reported_period_amount,glo_financial,,observed_parsed,Do not cumulate a stock or double-count expenditures and disbursements. Reconcile with F31 before cash-flow calibration.,B-17-DM-48-0001,HCBP_DA_LMHI_19-147-002-B490_HI
2024-04-01,2024,HCD_Harvey_mandatory_residential,obligated_usd,372312.0,USD_nominal,reported_period_amount,glo_financial,,observed_parsed,Do not cumulate a stock or double-count expenditures and disbursements. Reconcile with F31 before cash-flow calibration.,B-17-DM-48-0001,HCBP_DA_LMHI_19-147-002-B490_HI
2024-04-01,2024,HCD_Harvey_mandatory_residential,expended_usd,793984.58,USD_nominal,reported_period_amount,glo_financial,,observed_parsed,Do not cumulate a stock or double-count expenditures and disbursements. Reconcile with F31 before cash-flow calibration.,B-17-DM-48-0001,HCBP_DA_LMHI_19-147-002-B490_HI
2024-04-01,2024,HCD_Harvey_mandatory_residential,disbursed_usd,793984.58,USD_nominal,reported_period_amount,glo_financial,,observed_parsed,Do not cumulate a stock or double-count expenditures and disbursements. Reconcile with F31 before cash-flow calibration.,B-17-DM-48-0001,HCBP_DA_LMHI_19-147-002-B490_HI
2024-04-01,2024,HCD_Harvey_mandatory_residential,program_income_disbursed_usd,0.0,USD_nominal,reported_period_amount,glo_financial,,observed_parsed,Do not cumulate a stock or double-count expenditures and disbursements. Reconcile with F31 before cash-flow calibration.,B-17-DM-48-0001,HCBP_DA_LMHI_19-147-002-B490_HI
2024-04-01,2024,HCD_Harvey_mandatory_residential,program_income_received_usd,0.0,USD_nominal,reported_period_amount,glo_financial,,observed_parsed,Do not cumulate a stock or double-count expenditures and disbursements. Reconcile with F31 before cash-flow calibration.,B-17-DM-48-0001,HCBP_DA_LMHI_19-147-002-B490_HI
2024-07-01,2024,HCD_Harvey_mandatory_residential,obligated_usd,686827.65,USD_nominal,reported_period_amount,glo_financial,,observed_parsed,Do not cumulate a stock or double-count expenditures and disbursements. Reconcile with F31 before cash-flow calibration.,B-17-DM-48-0001,HCBP_DA_LMHI_19-147-002-B490_HI
2024-07-01,2024,HCD_Harvey_mandatory_residential,expended_usd,1194990.32,USD_nominal,reported_period_amount,glo_financial,,observed_parsed,Do not cumulate a stock or double-count expenditures and disbursements. Reconcile with F31 before cash-flow calibration.,B-17-DM-48-0001,HCBP_DA_LMHI_19-147-002-B490_HI
2024-07-01,2024,HCD_Harvey_mandatory_residential,disbursed_usd,1194990.32,USD_nominal,reported_period_amount,glo_financial,,observed_parsed,Do not cumulate a stock or double-count expenditures and disbursements. Reconcile with F31 before cash-flow calibration.,B-17-DM-48-0001,HCBP_DA_LMHI_19-147-002-B490_HI
2024-07-01,2024,HCD_Harvey_mandatory_residential,program_income_disbursed_usd,0.0,USD_nominal,reported_period_amount,glo_financial,,observed_parsed,Do not cumulate a stock or double-count expenditures and disbursements. Reconcile with F31 before cash-flow calibration.,B-17-DM-48-0001,HCBP_DA_LMHI_19-147-002-B490_HI
2024-07-01,2024,HCD_Harvey_mandatory_residential,program_income_received_usd,0.0,USD_nominal,reported_period_amount,glo_financial,,observed_parsed,Do not cumulate a stock or double-count expenditures and disbursements. Reconcile with F31 before cash-flow calibration.,B-17-DM-48-0001,HCBP_DA_LMHI_19-147-002-B490_HI
2024-10-01,2024,HCD_Harvey_mandatory_residential,obligated_usd,0.0,USD_nominal,reported_period_amount,glo_financial,,observed_parsed,Do not cumulate a stock or double-count expenditures and disbursements. Reconcile with F31 before cash-flow calibration.,B-17-DM-48-0001,HCBP_DA_LMHI_19-147-002-B490_HI
2024-10-01,2024,HCD_Harvey_mandatory_residential,expended_usd,642755.15,USD_nominal,reported_period_amount,glo_financial,,observed_parsed,Do not cumulate a stock or double-count expenditures and disbursements. Reconcile with F31 before cash-flow calibration.,B-17-DM-48-0001,HCBP_DA_LMHI_19-147-002-B490_HI
2024-10-01,2024,HCD_Harvey_mandatory_residential,disbursed_usd,642755.15,USD_nominal,reported_period_amount,glo_financial,,observed_parsed,Do not cumulate a stock or double-count expenditures and disbursements. Reconcile with F31 before cash-flow calibration.,B-17-DM-48-0001,HCBP_DA_LMHI_19-147-002-B490_HI
2024-10-01,2024,HCD_Harvey_mandatory_residential,program_income_disbursed_usd,0.0,USD_nominal,reported_period_amount,glo_financial,,observed_parsed,Do not cumulate a stock or double-count expenditures and disbursements. Reconcile with F31 before cash-flow calibration.,B-17-DM-48-0001,HCBP_DA_LMHI_19-147-002-B490_HI
2024-10-01,2024,HCD_Harvey_mandatory_residential,program_income_received_usd,0.0,USD_nominal,reported_period_amount,glo_financial,,observed_parsed,Do not cumulate a stock or double-count expenditures and disbursements. Reconcile with F31 before cash-flow calibration.,B-17-DM-48-0001,HCBP_DA_LMHI_19-147-002-B490_HI
2025-01-01,2025,HCD_Harvey_mandatory_residential,obligated_usd,0.0,USD_nominal,reported_period_amount,glo_financial,,observed_parsed,Do not cumulate a stock or double-count expenditures and disbursements. Reconcile with F31 before cash-flow calibration.,B-17-DM-48-0001,HCBP_DA_LMHI_19-147-002-B490_HI
2025-01-01,2025,HCD_Harvey_mandatory_residential,expended_usd,722.7,USD_nominal,reported_period_amount,glo_financial,,observed_parsed,Do not cumulate a stock or double-count expenditures and disbursements. Reconcile with F31 before cash-flow calibration.,B-17-DM-48-0001,HCBP_DA_LMHI_19-147-002-B490_HI
2025-01-01,2025,HCD_Harvey_mandatory_residential,disbursed_usd,722.7,USD_nominal,reported_period_amount,glo_financial,,observed_parsed,Do not cumulate a stock or double-count expenditures and disbursements. Reconcile with F31 before cash-flow calibration.,B-17-DM-48-0001,HCBP_DA_LMHI_19-147-002-B490_HI
2025-01-01,2025,HCD_Harvey_mandatory_residential,program_income_disbursed_usd,0.0,USD_nominal,reported_period_amount,glo_financial,,observed_parsed,Do not cumulate a stock or double-count expenditures and disbursements. Reconcile with F31 before cash-flow calibration.,B-17-DM-48-0001,HCBP_DA_LMHI_19-147-002-B490_HI
2025-01-01,2025,HCD_Harvey_mandatory_residential,program_income_received_usd,0.0,USD_nominal,reported_period_amount,glo_financial,,observed_parsed,Do not cumulate a stock or double-count expenditures and disbursements. Reconcile with F31 before cash-flow calibration.,B-17-DM-48-0001,HCBP_DA_LMHI_19-147-002-B490_HI
2025-04-01,2025,HCD_Harvey_mandatory_residential,obligated_usd,1365000.0,USD_nominal,reported_period_amount,glo_financial,,observed_parsed,Do not cumulate a stock or double-count expenditures and disbursements. Reconcile with F31 before cash-flow calibration.,B-17-DM-48-0001,HCBP_DA_LMHI_19-147-002-B490_HI
2025-04-01,2025,HCD_Harvey_mandatory_residential,expended_usd,128068.55,USD_nominal,reported_period_amount,glo_financial,,observed_parsed,Do not cumulate a stock or double-count expenditures and disbursements. Reconcile with F31 before cash-flow calibration.,B-17-DM-48-0001,HCBP_DA_LMHI_19-147-002-B490_HI
2025-04-01,2025,HCD_Harvey_mandatory_residential,disbursed_usd,128068.55,USD_nominal,reported_period_amount,glo_financial,,observed_parsed,Do not cumulate a stock or double-count expenditures and disbursements. Reconcile with F31 before cash-flow calibration.,B-17-DM-48-0001,HCBP_DA_LMHI_19-147-002-B490_HI
2025-04-01,2025,HCD_Harvey_mandatory_residential,program_income_disbursed_usd,0.0,USD_nominal,reported_period_amount,glo_financial,,observed_parsed,Do not cumulate a stock or double-count expenditures and disbursements. Reconcile with F31 before cash-flow calibration.,B-17-DM-48-0001,HCBP_DA_LMHI_19-147-002-B490_HI
2025-04-01,2025,HCD_Harvey_mandatory_residential,program_income_received_usd,0.0,USD_nominal,reported_period_amount,glo_financial,,observed_parsed,Do not cumulate a stock or double-count expenditures and disbursements. Reconcile with F31 before cash-flow calibration.,B-17-DM-48-0001,HCBP_DA_LMHI_19-147-002-B490_HI
2025-07-01,2025,HCD_Harvey_mandatory_residential,obligated_usd,0.0,USD_nominal,reported_period_amount,glo_financial,,observed_parsed,Do not cumulate a stock or double-count expenditures and disbursements. Reconcile with F31 before cash-flow calibration.,B-17-DM-48-0001,HCBP_DA_LMHI_19-147-002-B490_HI
2025-07-01,2025,HCD_Harvey_mandatory_residential,expended_usd,586911.47,USD_nominal,reported_period_amount,glo_financial,,observed_parsed,Do not cumulate a stock or double-count expenditures and disbursements. Reconcile with F31 before cash-flow calibration.,B-17-DM-48-0001,HCBP_DA_LMHI_19-147-002-B490_HI
2025-07-01,2025,HCD_Harvey_mandatory_residential,disbursed_usd,586911.47,USD_nominal,reported_period_amount,glo_financial,,observed_parsed,Do not cumulate a stock or double-count expenditures and disbursements. Reconcile with F31 before cash-flow calibration.,B-17-DM-48-0001,HCBP_DA_LMHI_19-147-002-B490_HI
2025-07-01,2025,HCD_Harvey_mandatory_residential,program_income_disbursed_usd,0.0,USD_nominal,reported_period_amount,glo_financial,,observed_parsed,Do not cumulate a stock or double-count expenditures and disbursements. Reconcile with F31 before cash-flow calibration.,B-17-DM-48-0001,HCBP_DA_LMHI_19-147-002-B490_HI
2025-07-01,2025,HCD_Harvey_mandatory_residential,program_income_received_usd,0.0,USD_nominal,reported_period_amount,glo_financial,,observed_parsed,Do not cumulate a stock or double-count expenditures and disbursements. Reconcile with F31 before cash-flow calibration.,B-17-DM-48-0001,HCBP_DA_LMHI_19-147-002-B490_HI
2025-10-01,2025,HCD_Harvey_mandatory_residential,obligated_usd,0.0,USD_nominal,reported_period_amount,glo_financial,,observed_parsed,Do not cumulate a stock or double-count expenditures and disbursements. Reconcile with F31 before cash-flow calibration.,B-17-DM-48-0001,HCBP_DA_LMHI_19-147-002-B490_HI
2025-10-01,2025,HCD_Harvey_mandatory_residential,expended_usd,187322.03,USD_nominal,reported_period_amount,glo_financial,,observed_parsed,Do not cumulate a stock or double-count expenditures and disbursements. Reconcile with F31 before cash-flow calibration.,B-17-DM-48-0001,HCBP_DA_LMHI_19-147-002-B490_HI
2025-10-01,2025,HCD_Harvey_mandatory_residential,disbursed_usd,187322.03,USD_nominal,reported_period_amount,glo_financial,,observed_parsed,Do not cumulate a stock or double-count expenditures and disbursements. Reconcile with F31 before cash-flow calibration.,B-17-DM-48-0001,HCBP_DA_LMHI_19-147-002-B490_HI
2025-10-01,2025,HCD_Harvey_mandatory_residential,program_income_disbursed_usd,0.0,USD_nominal,reported_period_amount,glo_financial,,observed_parsed,Do not cumulate a stock or double-count expenditures and disbursements. Reconcile with F31 before cash-flow calibration.,B-17-DM-48-0001,HCBP_DA_LMHI_19-147-002-B490_HI
2025-10-01,2025,HCD_Harvey_mandatory_residential,program_income_received_usd,0.0,USD_nominal,reported_period_amount,glo_financial,,observed_parsed,Do not cumulate a stock or double-count expenditures and disbursements. Reconcile with F31 before cash-flow calibration.,B-17-DM-48-0001,HCBP_DA_LMHI_19-147-002-B490_HI
2019-04-01,2019,HCD_Harvey_mandatory_residential,obligated_usd,136111111.0,USD_nominal,reported_period_amount,glo_financial,,observed_parsed,Do not cumulate a stock or double-count expenditures and disbursements. Reconcile with F31 before cash-flow calibration.,B-17-DM-48-0001,HCBP_DA_LMI_19-147-002-B490_ACQ
2019-04-01,2019,HCD_Harvey_mandatory_residential,expended_usd,0.0,USD_nominal,reported_period_amount,glo_financial,,observed_parsed,Do not cumulate a stock or double-count expenditures and disbursements. Reconcile with F31 before cash-flow calibration.,B-17-DM-48-0001,HCBP_DA_LMI_19-147-002-B490_ACQ
2019-04-01,2019,HCD_Harvey_mandatory_residential,disbursed_usd,0.0,USD_nominal,reported_period_amount,glo_financial,,observed_parsed,Do not cumulate a stock or double-count expenditures and disbursements. Reconcile with F31 before cash-flow calibration.,B-17-DM-48-0001,HCBP_DA_LMI_19-147-002-B490_ACQ
2019-04-01,2019,HCD_Harvey_mandatory_residential,program_income_disbursed_usd,0.0,USD_nominal,reported_period_amount,glo_financial,,observed_parsed,Do not cumulate a stock or double-count expenditures and disbursements. Reconcile with F31 before cash-flow calibration.,B-17-DM-48-0001,HCBP_DA_LMI_19-147-002-B490_ACQ
2019-04-01,2019,HCD_Harvey_mandatory_residential,program_income_received_usd,0.0,USD_nominal,reported_period_amount,glo_financial,,observed_parsed,Do not cumulate a stock or double-count expenditures and disbursements. Reconcile with F31 before cash-flow calibration.,B-17-DM-48-0001,HCBP_DA_LMI_19-147-002-B490_ACQ
2020-04-01,2020,HCD_Harvey_mandatory_residential,obligated_usd,0.0,USD_nominal,reported_period_amount,glo_financial,,observed_parsed,Do not cumulate a stock or double-count expenditures and disbursements. Reconcile with F31 before cash-flow calibration.,B-17-DM-48-0001,HCBP_DA_LMI_19-147-002-B490_ACQ
2020-04-01,2020,HCD_Harvey_mandatory_residential,expended_usd,1789255.83,USD_nominal,reported_period_amount,glo_financial,,observed_parsed,Do not cumulate a stock or double-count expenditures and disbursements. Reconcile with F31 before cash-flow calibration.,B-17-DM-48-0001,HCBP_DA_LMI_19-147-002-B490_ACQ
2020-04-01,2020,HCD_Harvey_mandatory_residential,disbursed_usd,1789255.83,USD_nominal,reported_period_amount,glo_financial,,observed_parsed,Do not cumulate a stock or double-count expenditures and disbursements. Reconcile with F31 before cash-flow calibration.,B-17-DM-48-0001,HCBP_DA_LMI_19-147-002-B490_ACQ
2020-04-01,2020,HCD_Harvey_mandatory_residential,program_income_disbursed_usd,0.0,USD_nominal,reported_period_amount,glo_financial,,observed_parsed,Do not cumulate a stock or double-count expenditures and disbursements. Reconcile with F31 before cash-flow calibration.,B-17-DM-48-0001,HCBP_DA_LMI_19-147-002-B490_ACQ
2020-04-01,2020,HCD_Harvey_mandatory_residential,program_income_received_usd,0.0,USD_nominal,reported_period_amount,glo_financial,,observed_parsed,Do not cumulate a stock or double-count expenditures and disbursements. Reconcile with F31 before cash-flow calibration.,B-17-DM-48-0001,HCBP_DA_LMI_19-147-002-B490_ACQ
2021-01-01,2021,HCD_Harvey_mandatory_residential,obligated_usd,-4861111.0,USD_nominal,reported_period_amount,glo_financial,,observed_parsed,Do not cumulate a stock or double-count expenditures and disbursements. Reconcile with F31 before cash-flow calibration.,B-17-DM-48-0001,HCBP_DA_LMI_19-147-002-B490_ACQ
2021-01-01,2021,HCD_Harvey_mandatory_residential,expended_usd,0.0,USD_nominal,reported_period_amount,glo_financial,,observed_parsed,Do not cumulate a stock or double-count expenditures and disbursements. Reconcile with F31 before cash-flow calibration.,B-17-DM-48-0001,HCBP_DA_LMI_19-147-002-B490_ACQ
2021-01-01,2021,HCD_Harvey_mandatory_residential,disbursed_usd,0.0,USD_nominal,reported_period_amount,glo_financial,,observed_parsed,Do not cumulate a stock or double-count expenditures and disbursements. Reconcile with F31 before cash-flow calibration.,B-17-DM-48-0001,HCBP_DA_LMI_19-147-002-B490_ACQ
2021-01-01,2021,HCD_Harvey_mandatory_residential,program_income_disbursed_usd,0.0,USD_nominal,reported_period_amount,glo_financial,,observed_parsed,Do not cumulate a stock or double-count expenditures and disbursements. Reconcile with F31 before cash-flow calibration.,B-17-DM-48-0001,HCBP_DA_LMI_19-147-002-B490_ACQ
2021-01-01,2021,HCD_Harvey_mandatory_residential,program_income_received_usd,0.0,USD_nominal,reported_period_amount,glo_financial,,observed_parsed,Do not cumulate a stock or double-count expenditures and disbursements. Reconcile with F31 before cash-flow calibration.,B-17-DM-48-0001,HCBP_DA_LMI_19-147-002-B490_ACQ
2021-04-01,2021,HCD_Harvey_mandatory_residential,obligated_usd,0.0,USD_nominal,reported_period_amount,glo_financial,,observed_parsed,Do not cumulate a stock or double-count expenditures and disbursements. Reconcile with F31 before cash-flow calibration.,B-17-DM-48-0001,HCBP_DA_LMI_19-147-002-B490_ACQ
2021-04-01,2021,HCD_Harvey_mandatory_residential,expended_usd,206881.25,USD_nominal,reported_period_amount,glo_financial,,observed_parsed,Do not cumulate a stock or double-count expenditures and disbursements. Reconcile with F31 before cash-flow calibration.,B-17-DM-48-0001,HCBP_DA_LMI_19-147-002-B490_ACQ
2021-04-01,2021,HCD_Harvey_mandatory_residential,disbursed_usd,206881.25,USD_nominal,reported_period_amount,glo_financial,,observed_parsed,Do not cumulate a stock or double-count expenditures and disbursements. Reconcile with F31 before cash-flow calibration.,B-17-DM-48-0001,HCBP_DA_LMI_19-147-002-B490_ACQ
2021-04-01,2021,HCD_Harvey_mandatory_residential,program_income_disbursed_usd,0.0,USD_nominal,reported_period_amount,glo_financial,,observed_parsed,Do not cumulate a stock or double-count expenditures and disbursements. Reconcile with F31 before cash-flow calibration.,B-17-DM-48-0001,HCBP_DA_LMI_19-147-002-B490_ACQ
2021-04-01,2021,HCD_Harvey_mandatory_residential,program_income_received_usd,0.0,USD_nominal,reported_period_amount,glo_financial,,observed_parsed,Do not cumulate a stock or double-count expenditures and disbursements. Reconcile with F31 before cash-flow calibration.,B-17-DM-48-0001,HCBP_DA_LMI_19-147-002-B490_ACQ
2021-07-01,2021,HCD_Harvey_mandatory_residential,obligated_usd,-63970994.93,USD_nominal,reported_period_amount,glo_financial,,observed_parsed,Do not cumulate a stock or double-count expenditures and disbursements. Reconcile with F31 before cash-flow calibration.,B-17-DM-48-0001,HCBP_DA_LMI_19-147-002-B490_ACQ
2021-07-01,2021,HCD_Harvey_mandatory_residential,expended_usd,0.0,USD_nominal,reported_period_amount,glo_financial,,observed_parsed,Do not cumulate a stock or double-count expenditures and disbursements. Reconcile with F31 before cash-flow calibration.,B-17-DM-48-0001,HCBP_DA_LMI_19-147-002-B490_ACQ
2021-07-01,2021,HCD_Harvey_mandatory_residential,disbursed_usd,0.0,USD_nominal,reported_period_amount,glo_financial,,observed_parsed,Do not cumulate a stock or double-count expenditures and disbursements. Reconcile with F31 before cash-flow calibration.,B-17-DM-48-0001,HCBP_DA_LMI_19-147-002-B490_ACQ
2021-07-01,2021,HCD_Harvey_mandatory_residential,program_income_disbursed_usd,0.0,USD_nominal,reported_period_amount,glo_financial,,observed_parsed,Do not cumulate a stock or double-count expenditures and disbursements. Reconcile with F31 before cash-flow calibration.,B-17-DM-48-0001,HCBP_DA_LMI_19-147-002-B490_ACQ
2021-07-01,2021,HCD_Harvey_mandatory_residential,program_income_received_usd,0.0,USD_nominal,reported_period_amount,glo_financial,,observed_parsed,Do not cumulate a stock or double-count expenditures and disbursements. Reconcile with F31 before cash-flow calibration.,B-17-DM-48-0001,HCBP_DA_LMI_19-147-002-B490_ACQ
2021-10-01,2021,HCD_Harvey_mandatory_residential,obligated_usd,0.0,USD_nominal,reported_period_amount,glo_financial,,observed_parsed,Do not cumulate a stock or double-count expenditures and disbursements. Reconcile with F31 before cash-flow calibration.,B-17-DM-48-0001,HCBP_DA_LMI_19-147-002-B490_ACQ
2021-10-01,2021,HCD_Harvey_mandatory_residential,expended_usd,871247.32,USD_nominal,reported_period_amount,glo_financial,,observed_parsed,Do not cumulate a stock or double-count expenditures and disbursements. Reconcile with F31 before cash-flow calibration.,B-17-DM-48-0001,HCBP_DA_LMI_19-147-002-B490_ACQ
2021-10-01,2021,HCD_Harvey_mandatory_residential,disbursed_usd,871247.32,USD_nominal,reported_period_amount,glo_financial,,observed_parsed,Do not cumulate a stock or double-count expenditures and disbursements. Reconcile with F31 before cash-flow calibration.,B-17-DM-48-0001,HCBP_DA_LMI_19-147-002-B490_ACQ
2021-10-01,2021,HCD_Harvey_mandatory_residential,program_income_disbursed_usd,0.0,USD_nominal,reported_period_amount,glo_financial,,observed_parsed,Do not cumulate a stock or double-count expenditures and disbursements. Reconcile with F31 before cash-flow calibration.,B-17-DM-48-0001,HCBP_DA_LMI_19-147-002-B490_ACQ
2021-10-01,2021,HCD_Harvey_mandatory_residential,program_income_received_usd,0.0,USD_nominal,reported_period_amount,glo_financial,,observed_parsed,Do not cumulate a stock or double-count expenditures and disbursements. Reconcile with F31 before cash-flow calibration.,B-17-DM-48-0001,HCBP_DA_LMI_19-147-002-B490_ACQ
2022-01-01,2022,HCD_Harvey_mandatory_residential,obligated_usd,0.0,USD_nominal,reported_period_amount,glo_financial,,observed_parsed,Do not cumulate a stock or double-count expenditures and disbursements. Reconcile with F31 before cash-flow calibration.,B-17-DM-48-0001,HCBP_DA_LMI_19-147-002-B490_ACQ
2022-01-01,2022,HCD_Harvey_mandatory_residential,expended_usd,3122.49,USD_nominal,reported_period_amount,glo_financial,,observed_parsed,Do not cumulate a stock or double-count expenditures and disbursements. Reconcile with F31 before cash-flow calibration.,B-17-DM-48-0001,HCBP_DA_LMI_19-147-002-B490_ACQ
2022-01-01,2022,HCD_Harvey_mandatory_residential,disbursed_usd,3122.49,USD_nominal,reported_period_amount,glo_financial,,observed_parsed,Do not cumulate a stock or double-count expenditures and disbursements. Reconcile with F31 before cash-flow calibration.,B-17-DM-48-0001,HCBP_DA_LMI_19-147-002-B490_ACQ
2022-01-01,2022,HCD_Harvey_mandatory_residential,program_income_disbursed_usd,0.0,USD_nominal,reported_period_amount,glo_financial,,observed_parsed,Do not cumulate a stock or double-count expenditures and disbursements. Reconcile with F31 before cash-flow calibration.,B-17-DM-48-0001,HCBP_DA_LMI_19-147-002-B490_ACQ
2022-01-01,2022,HCD_Harvey_mandatory_residential,program_income_received_usd,0.0,USD_nominal,reported_period_amount,glo_financial,,observed_parsed,Do not cumulate a stock or double-count expenditures and disbursements. Reconcile with F31 before cash-flow calibration.,B-17-DM-48-0001,HCBP_DA_LMI_19-147-002-B490_ACQ
2022-04-01,2022,HCD_Harvey_mandatory_residential,obligated_usd,14231823.93,USD_nominal,reported_period_amount,glo_financial,,observed_parsed,Do not cumulate a stock or double-count expenditures and disbursements. Reconcile with F31 before cash-flow calibration.,B-17-DM-48-0001,HCBP_DA_LMI_19-147-002-B490_ACQ
2022-04-01,2022,HCD_Harvey_mandatory_residential,expended_usd,81556.42,USD_nominal,reported_period_amount,glo_financial,,observed_parsed,Do not cumulate a stock or double-count expenditures and disbursements. Reconcile with F31 before cash-flow calibration.,B-17-DM-48-0001,HCBP_DA_LMI_19-147-002-B490_ACQ
2022-04-01,2022,HCD_Harvey_mandatory_residential,disbursed_usd,81556.42,USD_nominal,reported_period_amount,glo_financial,,observed_parsed,Do not cumulate a stock or double-count expenditures and disbursements. Reconcile with F31 before cash-flow calibration.,B-17-DM-48-0001,HCBP_DA_LMI_19-147-002-B490_ACQ
2022-04-01,2022,HCD_Harvey_mandatory_residential,program_income_disbursed_usd,0.0,USD_nominal,reported_period_amount,glo_financial,,observed_parsed,Do not cumulate a stock or double-count expenditures and disbursements. Reconcile with F31 before cash-flow calibration.,B-17-DM-48-0001,HCBP_DA_LMI_19-147-002-B490_ACQ
2022-04-01,2022,HCD_Harvey_mandatory_residential,program_income_received_usd,0.0,USD_nominal,reported_period_amount,glo_financial,,observed_parsed,Do not cumulate a stock or double-count expenditures and disbursements. Reconcile with F31 before cash-flow calibration.,B-17-DM-48-0001,HCBP_DA_LMI_19-147-002-B490_ACQ
2022-07-01,2022,HCD_Harvey_mandatory_residential,obligated_usd,0.0,USD_nominal,reported_period_amount,glo_financial,,observed_parsed,Do not cumulate a stock or double-count expenditures and disbursements. Reconcile with F31 before cash-flow calibration.,B-17-DM-48-0001,HCBP_DA_LMI_19-147-002-B490_ACQ
2022-07-01,2022,HCD_Harvey_mandatory_residential,expended_usd,113069.62,USD_nominal,reported_period_amount,glo_financial,,observed_parsed,Do not cumulate a stock or double-count expenditures and disbursements. Reconcile with F31 before cash-flow calibration.,B-17-DM-48-0001,HCBP_DA_LMI_19-147-002-B490_ACQ
2022-07-01,2022,HCD_Harvey_mandatory_residential,disbursed_usd,113069.62,USD_nominal,reported_period_amount,glo_financial,,observed_parsed,Do not cumulate a stock or double-count expenditures and disbursements. Reconcile with F31 before cash-flow calibration.,B-17-DM-48-0001,HCBP_DA_LMI_19-147-002-B490_ACQ
2022-07-01,2022,HCD_Harvey_mandatory_residential,program_income_disbursed_usd,0.0,USD_nominal,reported_period_amount,glo_financial,,observed_parsed,Do not cumulate a stock or double-count expenditures and disbursements. Reconcile with F31 before cash-flow calibration.,B-17-DM-48-0001,HCBP_DA_LMI_19-147-002-B490_ACQ
2022-07-01,2022,HCD_Harvey_mandatory_residential,program_income_received_usd,0.0,USD_nominal,reported_period_amount,glo_financial,,observed_parsed,Do not cumulate a stock or double-count expenditures and disbursements. Reconcile with F31 before cash-flow calibration.,B-17-DM-48-0001,HCBP_DA_LMI_19-147-002-B490_ACQ
2022-10-01,2022,HCD_Harvey_mandatory_residential,obligated_usd,0.0,USD_nominal,reported_period_amount,glo_financial,,observed_parsed,Do not cumulate a stock or double-count expenditures and disbursements. Reconcile with F31 before cash-flow calibration.,B-17-DM-48-0001,HCBP_DA_LMI_19-147-002-B490_ACQ
2022-10-01,2022,HCD_Harvey_mandatory_residential,expended_usd,310070.32,USD_nominal,reported_period_amount,glo_financial,,observed_parsed,Do not cumulate a stock or double-count expenditures and disbursements. Reconcile with F31 before cash-flow calibration.,B-17-DM-48-0001,HCBP_DA_LMI_19-147-002-B490_ACQ
2022-10-01,2022,HCD_Harvey_mandatory_residential,disbursed_usd,310070.32,USD_nominal,reported_period_amount,glo_financial,,observed_parsed,Do not cumulate a stock or double-count expenditures and disbursements. Reconcile with F31 before cash-flow calibration.,B-17-DM-48-0001,HCBP_DA_LMI_19-147-002-B490_ACQ
2022-10-01,2022,HCD_Harvey_mandatory_residential,program_income_disbursed_usd,0.0,USD_nominal,reported_period_amount,glo_financial,,observed_parsed,Do not cumulate a stock or double-count expenditures and disbursements. Reconcile with F31 before cash-flow calibration.,B-17-DM-48-0001,HCBP_DA_LMI_19-147-002-B490_ACQ
2022-10-01,2022,HCD_Harvey_mandatory_residential,program_income_received_usd,0.0,USD_nominal,reported_period_amount,glo_financial,,observed_parsed,Do not cumulate a stock or double-count expenditures and disbursements. Reconcile with F31 before cash-flow calibration.,B-17-DM-48-0001,HCBP_DA_LMI_19-147-002-B490_ACQ
2023-01-01,2023,HCD_Harvey_mandatory_residential,obligated_usd,0.0,USD_nominal,reported_period_amount,glo_financial,,observed_parsed,Do not cumulate a stock or double-count expenditures and disbursements. Reconcile with F31 before cash-flow calibration.,B-17-DM-48-0001,HCBP_DA_LMI_19-147-002-B490_ACQ
2023-01-01,2023,HCD_Harvey_mandatory_residential,expended_usd,5803081.14,USD_nominal,reported_period_amount,glo_financial,,observed_parsed,Do not cumulate a stock or double-count expenditures and disbursements. Reconcile with F31 before cash-flow calibration.,B-17-DM-48-0001,HCBP_DA_LMI_19-147-002-B490_ACQ
2023-01-01,2023,HCD_Harvey_mandatory_residential,disbursed_usd,5803081.14,USD_nominal,reported_period_amount,glo_financial,,observed_parsed,Do not cumulate a stock or double-count expenditures and disbursements. Reconcile with F31 before cash-flow calibration.,B-17-DM-48-0001,HCBP_DA_LMI_19-147-002-B490_ACQ
2023-01-01,2023,HCD_Harvey_mandatory_residential,program_income_disbursed_usd,0.0,USD_nominal,reported_period_amount,glo_financial,,observed_parsed,Do not cumulate a stock or double-count expenditures and disbursements. Reconcile with F31 before cash-flow calibration.,B-17-DM-48-0001,HCBP_DA_LMI_19-147-002-B490_ACQ
2023-01-01,2023,HCD_Harvey_mandatory_residential,program_income_received_usd,0.0,USD_nominal,reported_period_amount,glo_financial,,observed_parsed,Do not cumulate a stock or double-count expenditures and disbursements. Reconcile with F31 before cash-flow calibration.,B-17-DM-48-0001,HCBP_DA_LMI_19-147-002-B490_ACQ
2023-04-01,2023,HCD_Harvey_mandatory_residential,obligated_usd,0.0,USD_nominal,reported_period_amount,glo_financial,,observed_parsed,Do not cumulate a stock or double-count expenditures and disbursements. Reconcile with F31 before cash-flow calibration.,B-17-DM-48-0001,HCBP_DA_LMI_19-147-002-B490_ACQ
2023-04-01,2023,HCD_Harvey_mandatory_residential,expended_usd,12209486.51,USD_nominal,reported_period_amount,glo_financial,,observed_parsed,Do not cumulate a stock or double-count expenditures and disbursements. Reconcile with F31 before cash-flow calibration.,B-17-DM-48-0001,HCBP_DA_LMI_19-147-002-B490_ACQ
2023-04-01,2023,HCD_Harvey_mandatory_residential,disbursed_usd,12209486.51,USD_nominal,reported_period_amount,glo_financial,,observed_parsed,Do not cumulate a stock or double-count expenditures and disbursements. Reconcile with F31 before cash-flow calibration.,B-17-DM-48-0001,HCBP_DA_LMI_19-147-002-B490_ACQ
2023-04-01,2023,HCD_Harvey_mandatory_residential,program_income_disbursed_usd,0.0,USD_nominal,reported_period_amount,glo_financial,,observed_parsed,Do not cumulate a stock or double-count expenditures and disbursements. Reconcile with F31 before cash-flow calibration.,B-17-DM-48-0001,HCBP_DA_LMI_19-147-002-B490_ACQ
2023-04-01,2023,HCD_Harvey_mandatory_residential,program_income_received_usd,0.0,USD_nominal,reported_period_amount,glo_financial,,observed_parsed,Do not cumulate a stock or double-count expenditures and disbursements. Reconcile with F31 before cash-flow calibration.,B-17-DM-48-0001,HCBP_DA_LMI_19-147-002-B490_ACQ
2023-07-01,2023,HCD_Harvey_mandatory_residential,obligated_usd,0.0,USD_nominal,reported_period_amount,glo_financial,,observed_parsed,Do not cumulate a stock or double-count expenditures and disbursements. Reconcile with F31 before cash-flow calibration.,B-17-DM-48-0001,HCBP_DA_LMI_19-147-002-B490_ACQ
2023-07-01,2023,HCD_Harvey_mandatory_residential,expended_usd,27071477.44,USD_nominal,reported_period_amount,glo_financial,,observed_parsed,Do not cumulate a stock or double-count expenditures and disbursements. Reconcile with F31 before cash-flow calibration.,B-17-DM-48-0001,HCBP_DA_LMI_19-147-002-B490_ACQ
2023-07-01,2023,HCD_Harvey_mandatory_residential,disbursed_usd,27071477.44,USD_nominal,reported_period_amount,glo_financial,,observed_parsed,Do not cumulate a stock or double-count expenditures and disbursements. Reconcile with F31 before cash-flow calibration.,B-17-DM-48-0001,HCBP_DA_LMI_19-147-002-B490_ACQ
2023-07-01,2023,HCD_Harvey_mandatory_residential,program_income_disbursed_usd,0.0,USD_nominal,reported_period_amount,glo_financial,,observed_parsed,Do not cumulate a stock or double-count expenditures and disbursements. Reconcile with F31 before cash-flow calibration.,B-17-DM-48-0001,HCBP_DA_LMI_19-147-002-B490_ACQ
2023-07-01,2023,HCD_Harvey_mandatory_residential,program_income_received_usd,0.0,USD_nominal,reported_period_amount,glo_financial,,observed_parsed,Do not cumulate a stock or double-count expenditures and disbursements. Reconcile with F31 before cash-flow calibration.,B-17-DM-48-0001,HCBP_DA_LMI_19-147-002-B490_ACQ
2023-10-01,2023,HCD_Harvey_mandatory_residential,obligated_usd,0.0,USD_nominal,reported_period_amount,glo_financial,,observed_parsed,Do not cumulate a stock or double-count expenditures and disbursements. Reconcile with F31 before cash-flow calibration.,B-17-DM-48-0001,HCBP_DA_LMI_19-147-002-B490_ACQ
2023-10-01,2023,HCD_Harvey_mandatory_residential,expended_usd,2255361.7,USD_nominal,reported_period_amount,glo_financial,,observed_parsed,Do not cumulate a stock or double-count expenditures and disbursements. Reconcile with F31 before cash-flow calibration.,B-17-DM-48-0001,HCBP_DA_LMI_19-147-002-B490_ACQ
2023-10-01,2023,HCD_Harvey_mandatory_residential,disbursed_usd,2255361.7,USD_nominal,reported_period_amount,glo_financial,,observed_parsed,Do not cumulate a stock or double-count expenditures and disbursements. Reconcile with F31 before cash-flow calibration.,B-17-DM-48-0001,HCBP_DA_LMI_19-147-002-B490_ACQ
2023-10-01,2023,HCD_Harvey_mandatory_residential,program_income_disbursed_usd,0.0,USD_nominal,reported_period_amount,glo_financial,,observed_parsed,Do not cumulate a stock or double-count expenditures and disbursements. Reconcile with F31 before cash-flow calibration.,B-17-DM-48-0001,HCBP_DA_LMI_19-147-002-B490_ACQ
2023-10-01,2023,HCD_Harvey_mandatory_residential,program_income_received_usd,0.0,USD_nominal,reported_period_amount,glo_financial,,observed_parsed,Do not cumulate a stock or double-count expenditures and disbursements. Reconcile with F31 before cash-flow calibration.,B-17-DM-48-0001,HCBP_DA_LMI_19-147-002-B490_ACQ
2024-01-01,2024,HCD_Harvey_mandatory_residential,obligated_usd,0.0,USD_nominal,reported_period_amount,glo_financial,,observed_parsed,Do not cumulate a stock or double-count expenditures and disbursements. Reconcile with F31 before cash-flow calibration.,B-17-DM-48-0001,HCBP_DA_LMI_19-147-002-B490_ACQ
2024-01-01,2024,HCD_Harvey_mandatory_residential,expended_usd,6664872.73,USD_nominal,reported_period_amount,glo_financial,,observed_parsed,Do not cumulate a stock or double-count expenditures and disbursements. Reconcile with F31 before cash-flow calibration.,B-17-DM-48-0001,HCBP_DA_LMI_19-147-002-B490_ACQ
2024-01-01,2024,HCD_Harvey_mandatory_residential,disbursed_usd,6664872.73,USD_nominal,reported_period_amount,glo_financial,,observed_parsed,Do not cumulate a stock or double-count expenditures and disbursements. Reconcile with F31 before cash-flow calibration.,B-17-DM-48-0001,HCBP_DA_LMI_19-147-002-B490_ACQ
2024-01-01,2024,HCD_Harvey_mandatory_residential,program_income_disbursed_usd,0.0,USD_nominal,reported_period_amount,glo_financial,,observed_parsed,Do not cumulate a stock or double-count expenditures and disbursements. Reconcile with F31 before cash-flow calibration.,B-17-DM-48-0001,HCBP_DA_LMI_19-147-002-B490_ACQ
2024-01-01,2024,HCD_Harvey_mandatory_residential,program_income_received_usd,0.0,USD_nominal,reported_period_amount,glo_financial,,observed_parsed,Do not cumulate a stock or double-count expenditures and disbursements. Reconcile with F31 before cash-flow calibration.,B-17-DM-48-0001,HCBP_DA_LMI_19-147-002-B490_ACQ
2024-04-01,2024,HCD_Harvey_mandatory_residential,obligated_usd,0.0,USD_nominal,reported_period_amount,glo_financial,,observed_parsed,Do not cumulate a stock or double-count expenditures and disbursements. Reconcile with F31 before cash-flow calibration.,B-17-DM-48-0001,HCBP_DA_LMI_19-147-002-B490_ACQ
2024-04-01,2024,HCD_Harvey_mandatory_residential,expended_usd,11990875.63,USD_nominal,reported_period_amount,glo_financial,,observed_parsed,Do not cumulate a stock or double-count expenditures and disbursements. Reconcile with F31 before cash-flow calibration.,B-17-DM-48-0001,HCBP_DA_LMI_19-147-002-B490_ACQ
2024-04-01,2024,HCD_Harvey_mandatory_residential,disbursed_usd,11990875.63,USD_nominal,reported_period_amount,glo_financial,,observed_parsed,Do not cumulate a stock or double-count expenditures and disbursements. Reconcile with F31 before cash-flow calibration.,B-17-DM-48-0001,HCBP_DA_LMI_19-147-002-B490_ACQ
2024-04-01,2024,HCD_Harvey_mandatory_residential,program_income_disbursed_usd,0.0,USD_nominal,reported_period_amount,glo_financial,,observed_parsed,Do not cumulate a stock or double-count expenditures and disbursements. Reconcile with F31 before cash-flow calibration.,B-17-DM-48-0001,HCBP_DA_LMI_19-147-002-B490_ACQ
2024-04-01,2024,HCD_Harvey_mandatory_residential,program_income_received_usd,0.0,USD_nominal,reported_period_amount,glo_financial,,observed_parsed,Do not cumulate a stock or double-count expenditures and disbursements. Reconcile with F31 before cash-flow calibration.,B-17-DM-48-0001,HCBP_DA_LMI_19-147-002-B490_ACQ
2024-07-01,2024,HCD_Harvey_mandatory_residential,obligated_usd,719336.68,USD_nominal,reported_period_amount,glo_financial,,observed_parsed,Do not cumulate a stock or double-count expenditures and disbursements. Reconcile with F31 before cash-flow calibration.,B-17-DM-48-0001,HCBP_DA_LMI_19-147-002-B490_ACQ
2024-07-01,2024,HCD_Harvey_mandatory_residential,expended_usd,7087311.7,USD_nominal,reported_period_amount,glo_financial,,observed_parsed,Do not cumulate a stock or double-count expenditures and disbursements. Reconcile with F31 before cash-flow calibration.,B-17-DM-48-0001,HCBP_DA_LMI_19-147-002-B490_ACQ
2024-07-01,2024,HCD_Harvey_mandatory_residential,disbursed_usd,7087311.7,USD_nominal,reported_period_amount,glo_financial,,observed_parsed,Do not cumulate a stock or double-count expenditures and disbursements. Reconcile with F31 before cash-flow calibration.,B-17-DM-48-0001,HCBP_DA_LMI_19-147-002-B490_ACQ
2024-07-01,2024,HCD_Harvey_mandatory_residential,program_income_disbursed_usd,0.0,USD_nominal,reported_period_amount,glo_financial,,observed_parsed,Do not cumulate a stock or double-count expenditures and disbursements. Reconcile with F31 before cash-flow calibration.,B-17-DM-48-0001,HCBP_DA_LMI_19-147-002-B490_ACQ
2024-07-01,2024,HCD_Harvey_mandatory_residential,program_income_received_usd,0.0,USD_nominal,reported_period_amount,glo_financial,,observed_parsed,Do not cumulate a stock or double-count expenditures and disbursements. Reconcile with F31 before cash-flow calibration.,B-17-DM-48-0001,HCBP_DA_LMI_19-147-002-B490_ACQ
2024-10-01,2024,HCD_Harvey_mandatory_residential,obligated_usd,-409702.84,USD_nominal,reported_period_amount,glo_financial,,observed_parsed,Do not cumulate a stock or double-count expenditures and disbursements. Reconcile with F31 before cash-flow calibration.,B-17-DM-48-0001,HCBP_DA_LMI_19-147-002-B490_ACQ
2024-10-01,2024,HCD_Harvey_mandatory_residential,expended_usd,4099940.92,USD_nominal,reported_period_amount,glo_financial,,observed_parsed,Do not cumulate a stock or double-count expenditures and disbursements. Reconcile with F31 before cash-flow calibration.,B-17-DM-48-0001,HCBP_DA_LMI_19-147-002-B490_ACQ
2024-10-01,2024,HCD_Harvey_mandatory_residential,disbursed_usd,4099940.92,USD_nominal,reported_period_amount,glo_financial,,observed_parsed,Do not cumulate a stock or double-count expenditures and disbursements. Reconcile with F31 before cash-flow calibration.,B-17-DM-48-0001,HCBP_DA_LMI_19-147-002-B490_ACQ
2024-10-01,2024,HCD_Harvey_mandatory_residential,program_income_disbursed_usd,0.0,USD_nominal,reported_period_amount,glo_financial,,observed_parsed,Do not cumulate a stock or double-count expenditures and disbursements. Reconcile with F31 before cash-flow calibration.,B-17-DM-48-0001,HCBP_DA_LMI_19-147-002-B490_ACQ
2024-10-01,2024,HCD_Harvey_mandatory_residential,program_income_received_usd,0.0,USD_nominal,reported_period_amount,glo_financial,,observed_parsed,Do not cumulate a stock or double-count expenditures and disbursements. Reconcile with F31 before cash-flow calibration.,B-17-DM-48-0001,HCBP_DA_LMI_19-147-002-B490_ACQ
2025-01-01,2025,HCD_Harvey_mandatory_residential,obligated_usd,0.0,USD_nominal,reported_period_amount,glo_financial,,observed_parsed,Do not cumulate a stock or double-count expenditures and disbursements. Reconcile with F31 before cash-flow calibration.,B-17-DM-48-0001,HCBP_DA_LMI_19-147-002-B490_ACQ
2025-01-01,2025,HCD_Harvey_mandatory_residential,expended_usd,1102446.59,USD_nominal,reported_period_amount,glo_financial,,observed_parsed,Do not cumulate a stock or double-count expenditures and disbursements. Reconcile with F31 before cash-flow calibration.,B-17-DM-48-0001,HCBP_DA_LMI_19-147-002-B490_ACQ
2025-01-01,2025,HCD_Harvey_mandatory_residential,disbursed_usd,1102446.59,USD_nominal,reported_period_amount,glo_financial,,observed_parsed,Do not cumulate a stock or double-count expenditures and disbursements. Reconcile with F31 before cash-flow calibration.,B-17-DM-48-0001,HCBP_DA_LMI_19-147-002-B490_ACQ
2025-01-01,2025,HCD_Harvey_mandatory_residential,program_income_disbursed_usd,0.0,USD_nominal,reported_period_amount,glo_financial,,observed_parsed,Do not cumulate a stock or double-count expenditures and disbursements. Reconcile with F31 before cash-flow calibration.,B-17-DM-48-0001,HCBP_DA_LMI_19-147-002-B490_ACQ
2025-01-01,2025,HCD_Harvey_mandatory_residential,program_income_received_usd,353366.0,USD_nominal,reported_period_amount,glo_financial,,observed_parsed,Do not cumulate a stock or double-count expenditures and disbursements. Reconcile with F31 before cash-flow calibration.,B-17-DM-48-0001,HCBP_DA_LMI_19-147-002-B490_ACQ
2025-04-01,2025,HCD_Harvey_mandatory_residential,obligated_usd,0.0,USD_nominal,reported_period_amount,glo_financial,,observed_parsed,Do not cumulate a stock or double-count expenditures and disbursements. Reconcile with F31 before cash-flow calibration.,B-17-DM-48-0001,HCBP_DA_LMI_19-147-002-B490_ACQ
2025-04-01,2025,HCD_Harvey_mandatory_residential,expended_usd,160405.23,USD_nominal,reported_period_amount,glo_financial,,observed_parsed,Do not cumulate a stock or double-count expenditures and disbursements. Reconcile with F31 before cash-flow calibration.,B-17-DM-48-0001,HCBP_DA_LMI_19-147-002-B490_ACQ
2025-04-01,2025,HCD_Harvey_mandatory_residential,disbursed_usd,160405.23,USD_nominal,reported_period_amount,glo_financial,,observed_parsed,Do not cumulate a stock or double-count expenditures and disbursements. Reconcile with F31 before cash-flow calibration.,B-17-DM-48-0001,HCBP_DA_LMI_19-147-002-B490_ACQ
2025-04-01,2025,HCD_Harvey_mandatory_residential,program_income_disbursed_usd,0.0,USD_nominal,reported_period_amount,glo_financial,,observed_parsed,Do not cumulate a stock or double-count expenditures and disbursements. Reconcile with F31 before cash-flow calibration.,B-17-DM-48-0001,HCBP_DA_LMI_19-147-002-B490_ACQ
2025-04-01,2025,HCD_Harvey_mandatory_residential,program_income_received_usd,0.0,USD_nominal,reported_period_amount,glo_financial,,observed_parsed,Do not cumulate a stock or double-count expenditures and disbursements. Reconcile with F31 before cash-flow calibration.,B-17-DM-48-0001,HCBP_DA_LMI_19-147-002-B490_ACQ
2025-10-01,2025,HCD_Harvey_mandatory_residential,obligated_usd,11079.37,USD_nominal,reported_period_amount,glo_financial,,observed_parsed,Do not cumulate a stock or double-count expenditures and disbursements. Reconcile with F31 before cash-flow calibration.,B-17-DM-48-0001,HCBP_DA_LMI_19-147-002-B490_ACQ
2025-10-01,2025,HCD_Harvey_mandatory_residential,expended_usd,6404.98,USD_nominal,reported_period_amount,glo_financial,,observed_parsed,Do not cumulate a stock or double-count expenditures and disbursements. Reconcile with F31 before cash-flow calibration.,B-17-DM-48-0001,HCBP_DA_LMI_19-147-002-B490_ACQ
2025-10-01,2025,HCD_Harvey_mandatory_residential,disbursed_usd,6404.98,USD_nominal,reported_period_amount,glo_financial,,observed_parsed,Do not cumulate a stock or double-count expenditures and disbursements. Reconcile with F31 before cash-flow calibration.,B-17-DM-48-0001,HCBP_DA_LMI_19-147-002-B490_ACQ
2025-10-01,2025,HCD_Harvey_mandatory_residential,program_income_disbursed_usd,0.0,USD_nominal,reported_period_amount,glo_financial,,observed_parsed,Do not cumulate a stock or double-count expenditures and disbursements. Reconcile with F31 before cash-flow calibration.,B-17-DM-48-0001,HCBP_DA_LMI_19-147-002-B490_ACQ
2025-10-01,2025,HCD_Harvey_mandatory_residential,program_income_received_usd,0.0,USD_nominal,reported_period_amount,glo_financial,,observed_parsed,Do not cumulate a stock or double-count expenditures and disbursements. Reconcile with F31 before cash-flow calibration.,B-17-DM-48-0001,HCBP_DA_LMI_19-147-002-B490_ACQ
2026-01-01,2026,HCD_Harvey_mandatory_residential,obligated_usd,0.0,USD_nominal,reported_period_amount,glo_financial,,observed_parsed,Do not cumulate a stock or double-count expenditures and disbursements. Reconcile with F31 before cash-flow calibration.,B-17-DM-48-0001,HCBP_DA_LMI_19-147-002-B490_ACQ
2026-01-01,2026,HCD_Harvey_mandatory_residential,expended_usd,0.0,USD_nominal,reported_period_amount,glo_financial,,observed_parsed,Do not cumulate a stock or double-count expenditures and disbursements. Reconcile with F31 before cash-flow calibration.,B-17-DM-48-0001,HCBP_DA_LMI_19-147-002-B490_ACQ
2026-01-01,2026,HCD_Harvey_mandatory_residential,disbursed_usd,-28271.88,USD_nominal,reported_period_amount,glo_financial,,observed_parsed,Do not cumulate a stock or double-count expenditures and disbursements. Reconcile with F31 before cash-flow calibration.,B-17-DM-48-0001,HCBP_DA_LMI_19-147-002-B490_ACQ
2026-01-01,2026,HCD_Harvey_mandatory_residential,program_income_disbursed_usd,0.0,USD_nominal,reported_period_amount,glo_financial,,observed_parsed,Do not cumulate a stock or double-count expenditures and disbursements. Reconcile with F31 before cash-flow calibration.,B-17-DM-48-0001,HCBP_DA_LMI_19-147-002-B490_ACQ
2026-01-01,2026,HCD_Harvey_mandatory_residential,program_income_received_usd,0.0,USD_nominal,reported_period_amount,glo_financial,,observed_parsed,Do not cumulate a stock or double-count expenditures and disbursements. Reconcile with F31 before cash-flow calibration.,B-17-DM-48-0001,HCBP_DA_LMI_19-147-002-B490_ACQ
2021-07-01,2021,HCD_Harvey_mandatory_residential,obligated_usd,120965000.0,USD_nominal,reported_period_amount,glo_financial,,observed_parsed,Do not cumulate a stock or double-count expenditures and disbursements. Reconcile with F31 before cash-flow calibration.,B-17-DM-48-0001,HCBP_DA_LMI_19-147-002-B490_RA
2021-07-01,2021,HCD_Harvey_mandatory_residential,expended_usd,0.0,USD_nominal,reported_period_amount,glo_financial,,observed_parsed,Do not cumulate a stock or double-count expenditures and disbursements. Reconcile with F31 before cash-flow calibration.,B-17-DM-48-0001,HCBP_DA_LMI_19-147-002-B490_RA
2021-07-01,2021,HCD_Harvey_mandatory_residential,disbursed_usd,0.0,USD_nominal,reported_period_amount,glo_financial,,observed_parsed,Do not cumulate a stock or double-count expenditures and disbursements. Reconcile with F31 before cash-flow calibration.,B-17-DM-48-0001,HCBP_DA_LMI_19-147-002-B490_RA
2021-07-01,2021,HCD_Harvey_mandatory_residential,program_income_disbursed_usd,0.0,USD_nominal,reported_period_amount,glo_financial,,observed_parsed,Do not cumulate a stock or double-count expenditures and disbursements. Reconcile with F31 before cash-flow calibration.,B-17-DM-48-0001,HCBP_DA_LMI_19-147-002-B490_RA
2021-07-01,2021,HCD_Harvey_mandatory_residential,program_income_received_usd,0.0,USD_nominal,reported_period_amount,glo_financial,,observed_parsed,Do not cumulate a stock or double-count expenditures and disbursements. Reconcile with F31 before cash-flow calibration.,B-17-DM-48-0001,HCBP_DA_LMI_19-147-002-B490_RA
2022-04-01,2022,HCD_Harvey_mandatory_residential,obligated_usd,-90710000.0,USD_nominal,reported_period_amount,glo_financial,,observed_parsed,Do not cumulate a stock or double-count expenditures and disbursements. Reconcile with F31 before cash-flow calibration.,B-17-DM-48-0001,HCBP_DA_LMI_19-147-002-B490_RA
2022-04-01,2022,HCD_Harvey_mandatory_residential,expended_usd,0.0,USD_nominal,reported_period_amount,glo_financial,,observed_parsed,Do not cumulate a stock or double-count expenditures and disbursements. Reconcile with F31 before cash-flow calibration.,B-17-DM-48-0001,HCBP_DA_LMI_19-147-002-B490_RA
2022-04-01,2022,HCD_Harvey_mandatory_residential,disbursed_usd,0.0,USD_nominal,reported_period_amount,glo_financial,,observed_parsed,Do not cumulate a stock or double-count expenditures and disbursements. Reconcile with F31 before cash-flow calibration.,B-17-DM-48-0001,HCBP_DA_LMI_19-147-002-B490_RA
2022-04-01,2022,HCD_Harvey_mandatory_residential,program_income_disbursed_usd,0.0,USD_nominal,reported_period_amount,glo_financial,,observed_parsed,Do not cumulate a stock or double-count expenditures and disbursements. Reconcile with F31 before cash-flow calibration.,B-17-DM-48-0001,HCBP_DA_LMI_19-147-002-B490_RA
2022-04-01,2022,HCD_Harvey_mandatory_residential,program_income_received_usd,0.0,USD_nominal,reported_period_amount,glo_financial,,observed_parsed,Do not cumulate a stock or double-count expenditures and disbursements. Reconcile with F31 before cash-flow calibration.,B-17-DM-48-0001,HCBP_DA_LMI_19-147-002-B490_RA
2022-10-01,2022,HCD_Harvey_mandatory_residential,obligated_usd,0.0,USD_nominal,reported_period_amount,glo_financial,,observed_parsed,Do not cumulate a stock or double-count expenditures and disbursements. Reconcile with F31 before cash-flow calibration.,B-17-DM-48-0001,HCBP_DA_LMI_19-147-002-B490_RA
2022-10-01,2022,HCD_Harvey_mandatory_residential,expended_usd,795.0,USD_nominal,reported_period_amount,glo_financial,,observed_parsed,Do not cumulate a stock or double-count expenditures and disbursements. Reconcile with F31 before cash-flow calibration.,B-17-DM-48-0001,HCBP_DA_LMI_19-147-002-B490_RA
2022-10-01,2022,HCD_Harvey_mandatory_residential,disbursed_usd,795.0,USD_nominal,reported_period_amount,glo_financial,,observed_parsed,Do not cumulate a stock or double-count expenditures and disbursements. Reconcile with F31 before cash-flow calibration.,B-17-DM-48-0001,HCBP_DA_LMI_19-147-002-B490_RA
2022-10-01,2022,HCD_Harvey_mandatory_residential,program_income_disbursed_usd,0.0,USD_nominal,reported_period_amount,glo_financial,,observed_parsed,Do not cumulate a stock or double-count expenditures and disbursements. Reconcile with F31 before cash-flow calibration.,B-17-DM-48-0001,HCBP_DA_LMI_19-147-002-B490_RA
2022-10-01,2022,HCD_Harvey_mandatory_residential,program_income_received_usd,0.0,USD_nominal,reported_period_amount,glo_financial,,observed_parsed,Do not cumulate a stock or double-count expenditures and disbursements. Reconcile with F31 before cash-flow calibration.,B-17-DM-48-0001,HCBP_DA_LMI_19-147-002-B490_RA
2023-01-01,2023,HCD_Harvey_mandatory_residential,obligated_usd,0.0,USD_nominal,reported_period_amount,glo_financial,,observed_parsed,Do not cumulate a stock or double-count expenditures and disbursements. Reconcile with F31 before cash-flow calibration.,B-17-DM-48-0001,HCBP_DA_LMI_19-147-002-B490_RA
2023-01-01,2023,HCD_Harvey_mandatory_residential,expended_usd,17437.67,USD_nominal,reported_period_amount,glo_financial,,observed_parsed,Do not cumulate a stock or double-count expenditures and disbursements. Reconcile with F31 before cash-flow calibration.,B-17-DM-48-0001,HCBP_DA_LMI_19-147-002-B490_RA
2023-01-01,2023,HCD_Harvey_mandatory_residential,disbursed_usd,17437.67,USD_nominal,reported_period_amount,glo_financial,,observed_parsed,Do not cumulate a stock or double-count expenditures and disbursements. Reconcile with F31 before cash-flow calibration.,B-17-DM-48-0001,HCBP_DA_LMI_19-147-002-B490_RA
2023-01-01,2023,HCD_Harvey_mandatory_residential,program_income_disbursed_usd,0.0,USD_nominal,reported_period_amount,glo_financial,,observed_parsed,Do not cumulate a stock or double-count expenditures and disbursements. Reconcile with F31 before cash-flow calibration.,B-17-DM-48-0001,HCBP_DA_LMI_19-147-002-B490_RA
2023-01-01,2023,HCD_Harvey_mandatory_residential,program_income_received_usd,0.0,USD_nominal,reported_period_amount,glo_financial,,observed_parsed,Do not cumulate a stock or double-count expenditures and disbursements. Reconcile with F31 before cash-flow calibration.,B-17-DM-48-0001,HCBP_DA_LMI_19-147-002-B490_RA
2023-04-01,2023,HCD_Harvey_mandatory_residential,obligated_usd,0.0,USD_nominal,reported_period_amount,glo_financial,,observed_parsed,Do not cumulate a stock or double-count expenditures and disbursements. Reconcile with F31 before cash-flow calibration.,B-17-DM-48-0001,HCBP_DA_LMI_19-147-002-B490_RA
2023-04-01,2023,HCD_Harvey_mandatory_residential,expended_usd,310344.03,USD_nominal,reported_period_amount,glo_financial,,observed_parsed,Do not cumulate a stock or double-count expenditures and disbursements. Reconcile with F31 before cash-flow calibration.,B-17-DM-48-0001,HCBP_DA_LMI_19-147-002-B490_RA
2023-04-01,2023,HCD_Harvey_mandatory_residential,disbursed_usd,310344.03,USD_nominal,reported_period_amount,glo_financial,,observed_parsed,Do not cumulate a stock or double-count expenditures and disbursements. Reconcile with F31 before cash-flow calibration.,B-17-DM-48-0001,HCBP_DA_LMI_19-147-002-B490_RA
2023-04-01,2023,HCD_Harvey_mandatory_residential,program_income_disbursed_usd,0.0,USD_nominal,reported_period_amount,glo_financial,,observed_parsed,Do not cumulate a stock or double-count expenditures and disbursements. Reconcile with F31 before cash-flow calibration.,B-17-DM-48-0001,HCBP_DA_LMI_19-147-002-B490_RA
2023-04-01,2023,HCD_Harvey_mandatory_residential,program_income_received_usd,0.0,USD_nominal,reported_period_amount,glo_financial,,observed_parsed,Do not cumulate a stock or double-count expenditures and disbursements. Reconcile with F31 before cash-flow calibration.,B-17-DM-48-0001,HCBP_DA_LMI_19-147-002-B490_RA
2023-07-01,2023,HCD_Harvey_mandatory_residential,obligated_usd,0.0,USD_nominal,reported_period_amount,glo_financial,,observed_parsed,Do not cumulate a stock or double-count expenditures and disbursements. Reconcile with F31 before cash-flow calibration.,B-17-DM-48-0001,HCBP_DA_LMI_19-147-002-B490_RA
2023-07-01,2023,HCD_Harvey_mandatory_residential,expended_usd,7699236.54,USD_nominal,reported_period_amount,glo_financial,,observed_parsed,Do not cumulate a stock or double-count expenditures and disbursements. Reconcile with F31 before cash-flow calibration.,B-17-DM-48-0001,HCBP_DA_LMI_19-147-002-B490_RA
2023-07-01,2023,HCD_Harvey_mandatory_residential,disbursed_usd,7699236.54,USD_nominal,reported_period_amount,glo_financial,,observed_parsed,Do not cumulate a stock or double-count expenditures and disbursements. Reconcile with F31 before cash-flow calibration.,B-17-DM-48-0001,HCBP_DA_LMI_19-147-002-B490_RA
2023-07-01,2023,HCD_Harvey_mandatory_residential,program_income_disbursed_usd,0.0,USD_nominal,reported_period_amount,glo_financial,,observed_parsed,Do not cumulate a stock or double-count expenditures and disbursements. Reconcile with F31 before cash-flow calibration.,B-17-DM-48-0001,HCBP_DA_LMI_19-147-002-B490_RA
2023-07-01,2023,HCD_Harvey_mandatory_residential,program_income_received_usd,0.0,USD_nominal,reported_period_amount,glo_financial,,observed_parsed,Do not cumulate a stock or double-count expenditures and disbursements. Reconcile with F31 before cash-flow calibration.,B-17-DM-48-0001,HCBP_DA_LMI_19-147-002-B490_RA
2023-10-01,2023,HCD_Harvey_mandatory_residential,obligated_usd,-255000.0,USD_nominal,reported_period_amount,glo_financial,,observed_parsed,Do not cumulate a stock or double-count expenditures and disbursements. Reconcile with F31 before cash-flow calibration.,B-17-DM-48-0001,HCBP_DA_LMI_19-147-002-B490_RA
2023-10-01,2023,HCD_Harvey_mandatory_residential,expended_usd,14014979.52,USD_nominal,reported_period_amount,glo_financial,,observed_parsed,Do not cumulate a stock or double-count expenditures and disbursements. Reconcile with F31 before cash-flow calibration.,B-17-DM-48-0001,HCBP_DA_LMI_19-147-002-B490_RA
2023-10-01,2023,HCD_Harvey_mandatory_residential,disbursed_usd,14014979.52,USD_nominal,reported_period_amount,glo_financial,,observed_parsed,Do not cumulate a stock or double-count expenditures and disbursements. Reconcile with F31 before cash-flow calibration.,B-17-DM-48-0001,HCBP_DA_LMI_19-147-002-B490_RA
2023-10-01,2023,HCD_Harvey_mandatory_residential,program_income_disbursed_usd,0.0,USD_nominal,reported_period_amount,glo_financial,,observed_parsed,Do not cumulate a stock or double-count expenditures and disbursements. Reconcile with F31 before cash-flow calibration.,B-17-DM-48-0001,HCBP_DA_LMI_19-147-002-B490_RA
2023-10-01,2023,HCD_Harvey_mandatory_residential,program_income_received_usd,0.0,USD_nominal,reported_period_amount,glo_financial,,observed_parsed,Do not cumulate a stock or double-count expenditures and disbursements. Reconcile with F31 before cash-flow calibration.,B-17-DM-48-0001,HCBP_DA_LMI_19-147-002-B490_RA
2024-01-01,2024,HCD_Harvey_mandatory_residential,obligated_usd,0.0,USD_nominal,reported_period_amount,glo_financial,,observed_parsed,Do not cumulate a stock or double-count expenditures and disbursements. Reconcile with F31 before cash-flow calibration.,B-17-DM-48-0001,HCBP_DA_LMI_19-147-002-B490_RA
2024-01-01,2024,HCD_Harvey_mandatory_residential,expended_usd,5086145.79,USD_nominal,reported_period_amount,glo_financial,,observed_parsed,Do not cumulate a stock or double-count expenditures and disbursements. Reconcile with F31 before cash-flow calibration.,B-17-DM-48-0001,HCBP_DA_LMI_19-147-002-B490_RA
2024-01-01,2024,HCD_Harvey_mandatory_residential,disbursed_usd,5086145.79,USD_nominal,reported_period_amount,glo_financial,,observed_parsed,Do not cumulate a stock or double-count expenditures and disbursements. Reconcile with F31 before cash-flow calibration.,B-17-DM-48-0001,HCBP_DA_LMI_19-147-002-B490_RA
2024-01-01,2024,HCD_Harvey_mandatory_residential,program_income_disbursed_usd,0.0,USD_nominal,reported_period_amount,glo_financial,,observed_parsed,Do not cumulate a stock or double-count expenditures and disbursements. Reconcile with F31 before cash-flow calibration.,B-17-DM-48-0001,HCBP_DA_LMI_19-147-002-B490_RA
2024-01-01,2024,HCD_Harvey_mandatory_residential,program_income_received_usd,0.0,USD_nominal,reported_period_amount,glo_financial,,observed_parsed,Do not cumulate a stock or double-count expenditures and disbursements. Reconcile with F31 before cash-flow calibration.,B-17-DM-48-0001,HCBP_DA_LMI_19-147-002-B490_RA
2024-04-01,2024,HCD_Harvey_mandatory_residential,obligated_usd,9383164.0,USD_nominal,reported_period_amount,glo_financial,,observed_parsed,Do not cumulate a stock or double-count expenditures and disbursements. Reconcile with F31 before cash-flow calibration.,B-17-DM-48-0001,HCBP_DA_LMI_19-147-002-B490_RA
2024-04-01,2024,HCD_Harvey_mandatory_residential,expended_usd,10420571.39,USD_nominal,reported_period_amount,glo_financial,,observed_parsed,Do not cumulate a stock or double-count expenditures and disbursements. Reconcile with F31 before cash-flow calibration.,B-17-DM-48-0001,HCBP_DA_LMI_19-147-002-B490_RA
2024-04-01,2024,HCD_Harvey_mandatory_residential,disbursed_usd,10420571.39,USD_nominal,reported_period_amount,glo_financial,,observed_parsed,Do not cumulate a stock or double-count expenditures and disbursements. Reconcile with F31 before cash-flow calibration.,B-17-DM-48-0001,HCBP_DA_LMI_19-147-002-B490_RA
2024-04-01,2024,HCD_Harvey_mandatory_residential,program_income_disbursed_usd,0.0,USD_nominal,reported_period_amount,glo_financial,,observed_parsed,Do not cumulate a stock or double-count expenditures and disbursements. Reconcile with F31 before cash-flow calibration.,B-17-DM-48-0001,HCBP_DA_LMI_19-147-002-B490_RA
2024-04-01,2024,HCD_Harvey_mandatory_residential,program_income_received_usd,0.0,USD_nominal,reported_period_amount,glo_financial,,observed_parsed,Do not cumulate a stock or double-count expenditures and disbursements. Reconcile with F31 before cash-flow calibration.,B-17-DM-48-0001,HCBP_DA_LMI_19-147-002-B490_RA
2024-07-01,2024,HCD_Harvey_mandatory_residential,obligated_usd,1086977.4,USD_nominal,reported_period_amount,glo_financial,,observed_parsed,Do not cumulate a stock or double-count expenditures and disbursements. Reconcile with F31 before cash-flow calibration.,B-17-DM-48-0001,HCBP_DA_LMI_19-147-002-B490_RA
2024-07-01,2024,HCD_Harvey_mandatory_residential,expended_usd,3041837.46,USD_nominal,reported_period_amount,glo_financial,,observed_parsed,Do not cumulate a stock or double-count expenditures and disbursements. Reconcile with F31 before cash-flow calibration.,B-17-DM-48-0001,HCBP_DA_LMI_19-147-002-B490_RA
2024-07-01,2024,HCD_Harvey_mandatory_residential,disbursed_usd,3041837.46,USD_nominal,reported_period_amount,glo_financial,,observed_parsed,Do not cumulate a stock or double-count expenditures and disbursements. Reconcile with F31 before cash-flow calibration.,B-17-DM-48-0001,HCBP_DA_LMI_19-147-002-B490_RA
2024-07-01,2024,HCD_Harvey_mandatory_residential,program_income_disbursed_usd,0.0,USD_nominal,reported_period_amount,glo_financial,,observed_parsed,Do not cumulate a stock or double-count expenditures and disbursements. Reconcile with F31 before cash-flow calibration.,B-17-DM-48-0001,HCBP_DA_LMI_19-147-002-B490_RA
2024-07-01,2024,HCD_Harvey_mandatory_residential,program_income_received_usd,0.0,USD_nominal,reported_period_amount,glo_financial,,observed_parsed,Do not cumulate a stock or double-count expenditures and disbursements. Reconcile with F31 before cash-flow calibration.,B-17-DM-48-0001,HCBP_DA_LMI_19-147-002-B490_RA
2024-10-01,2024,HCD_Harvey_mandatory_residential,obligated_usd,409702.84,USD_nominal,reported_period_amount,glo_financial,,observed_parsed,Do not cumulate a stock or double-count expenditures and disbursements. Reconcile with F31 before cash-flow calibration.,B-17-DM-48-0001,HCBP_DA_LMI_19-147-002-B490_RA
2024-10-01,2024,HCD_Harvey_mandatory_residential,expended_usd,409702.84,USD_nominal,reported_period_amount,glo_financial,,observed_parsed,Do not cumulate a stock or double-count expenditures and disbursements. Reconcile with F31 before cash-flow calibration.,B-17-DM-48-0001,HCBP_DA_LMI_19-147-002-B490_RA
2024-10-01,2024,HCD_Harvey_mandatory_residential,disbursed_usd,409702.84,USD_nominal,reported_period_amount,glo_financial,,observed_parsed,Do not cumulate a stock or double-count expenditures and disbursements. Reconcile with F31 before cash-flow calibration.,B-17-DM-48-0001,HCBP_DA_LMI_19-147-002-B490_RA
2024-10-01,2024,HCD_Harvey_mandatory_residential,program_income_disbursed_usd,0.0,USD_nominal,reported_period_amount,glo_financial,,observed_parsed,Do not cumulate a stock or double-count expenditures and disbursements. Reconcile with F31 before cash-flow calibration.,B-17-DM-48-0001,HCBP_DA_LMI_19-147-002-B490_RA
2024-10-01,2024,HCD_Harvey_mandatory_residential,program_income_received_usd,0.0,USD_nominal,reported_period_amount,glo_financial,,observed_parsed,Do not cumulate a stock or double-count expenditures and disbursements. Reconcile with F31 before cash-flow calibration.,B-17-DM-48-0001,HCBP_DA_LMI_19-147-002-B490_RA
2025-04-01,2025,HCD_Harvey_mandatory_residential,obligated_usd,5266206.0,USD_nominal,reported_period_amount,glo_financial,,observed_parsed,Do not cumulate a stock or double-count expenditures and disbursements. Reconcile with F31 before cash-flow calibration.,B-17-DM-48-0001,HCBP_DA_LMI_19-147-002-B490_RA
2025-04-01,2025,HCD_Harvey_mandatory_residential,expended_usd,1157664.87,USD_nominal,reported_period_amount,glo_financial,,observed_parsed,Do not cumulate a stock or double-count expenditures and disbursements. Reconcile with F31 before cash-flow calibration.,B-17-DM-48-0001,HCBP_DA_LMI_19-147-002-B490_RA
2025-04-01,2025,HCD_Harvey_mandatory_residential,disbursed_usd,1157664.87,USD_nominal,reported_period_amount,glo_financial,,observed_parsed,Do not cumulate a stock or double-count expenditures and disbursements. Reconcile with F31 before cash-flow calibration.,B-17-DM-48-0001,HCBP_DA_LMI_19-147-002-B490_RA
2025-04-01,2025,HCD_Harvey_mandatory_residential,program_income_disbursed_usd,0.0,USD_nominal,reported_period_amount,glo_financial,,observed_parsed,Do not cumulate a stock or double-count expenditures and disbursements. Reconcile with F31 before cash-flow calibration.,B-17-DM-48-0001,HCBP_DA_LMI_19-147-002-B490_RA
2025-04-01,2025,HCD_Harvey_mandatory_residential,program_income_received_usd,0.0,USD_nominal,reported_period_amount,glo_financial,,observed_parsed,Do not cumulate a stock or double-count expenditures and disbursements. Reconcile with F31 before cash-flow calibration.,B-17-DM-48-0001,HCBP_DA_LMI_19-147-002-B490_RA
2025-07-01,2025,HCD_Harvey_mandatory_residential,obligated_usd,0.0,USD_nominal,reported_period_amount,glo_financial,,observed_parsed,Do not cumulate a stock or double-count expenditures and disbursements. Reconcile with F31 before cash-flow calibration.,B-17-DM-48-0001,HCBP_DA_LMI_19-147-002-B490_RA
2025-07-01,2025,HCD_Harvey_mandatory_residential,expended_usd,3986235.65,USD_nominal,reported_period_amount,glo_financial,,observed_parsed,Do not cumulate a stock or double-count expenditures and disbursements. Reconcile with F31 before cash-flow calibration.,B-17-DM-48-0001,HCBP_DA_LMI_19-147-002-B490_RA
2025-07-01,2025,HCD_Harvey_mandatory_residential,disbursed_usd,3986235.65,USD_nominal,reported_period_amount,glo_financial,,observed_parsed,Do not cumulate a stock or double-count expenditures and disbursements. Reconcile with F31 before cash-flow calibration.,B-17-DM-48-0001,HCBP_DA_LMI_19-147-002-B490_RA
2025-07-01,2025,HCD_Harvey_mandatory_residential,program_income_disbursed_usd,0.0,USD_nominal,reported_period_amount,glo_financial,,observed_parsed,Do not cumulate a stock or double-count expenditures and disbursements. Reconcile with F31 before cash-flow calibration.,B-17-DM-48-0001,HCBP_DA_LMI_19-147-002-B490_RA
2025-07-01,2025,HCD_Harvey_mandatory_residential,program_income_received_usd,0.0,USD_nominal,reported_period_amount,glo_financial,,observed_parsed,Do not cumulate a stock or double-count expenditures and disbursements. Reconcile with F31 before cash-flow calibration.,B-17-DM-48-0001,HCBP_DA_LMI_19-147-002-B490_RA
2025-10-01,2025,HCD_Harvey_mandatory_residential,obligated_usd,0.0,USD_nominal,reported_period_amount,glo_financial,,observed_parsed,Do not cumulate a stock or double-count expenditures and disbursements. Reconcile with F31 before cash-flow calibration.,B-17-DM-48-0001,HCBP_DA_LMI_19-147-002-B490_RA
2025-10-01,2025,HCD_Harvey_mandatory_residential,expended_usd,1099.48,USD_nominal,reported_period_amount,glo_financial,,observed_parsed,Do not cumulate a stock or double-count expenditures and disbursements. Reconcile with F31 before cash-flow calibration.,B-17-DM-48-0001,HCBP_DA_LMI_19-147-002-B490_RA
2025-10-01,2025,HCD_Harvey_mandatory_residential,disbursed_usd,1099.48,USD_nominal,reported_period_amount,glo_financial,,observed_parsed,Do not cumulate a stock or double-count expenditures and disbursements. Reconcile with F31 before cash-flow calibration.,B-17-DM-48-0001,HCBP_DA_LMI_19-147-002-B490_RA
2025-10-01,2025,HCD_Harvey_mandatory_residential,program_income_disbursed_usd,0.0,USD_nominal,reported_period_amount,glo_financial,,observed_parsed,Do not cumulate a stock or double-count expenditures and disbursements. Reconcile with F31 before cash-flow calibration.,B-17-DM-48-0001,HCBP_DA_LMI_19-147-002-B490_RA
2025-10-01,2025,HCD_Harvey_mandatory_residential,program_income_received_usd,0.0,USD_nominal,reported_period_amount,glo_financial,,observed_parsed,Do not cumulate a stock or double-count expenditures and disbursements. Reconcile with F31 before cash-flow calibration.,B-17-DM-48-0001,HCBP_DA_LMI_19-147-002-B490_RA
2024-07-01,2024,HCD_Harvey_mandatory_residential,obligated_usd,5922.34,USD_nominal,reported_period_amount,glo_financial,,observed_parsed,Do not cumulate a stock or double-count expenditures and disbursements. Reconcile with F31 before cash-flow calibration.,B-17-DM-48-0001,HCBP_DA_UN_19-147-002-B490_HI
2024-07-01,2024,HCD_Harvey_mandatory_residential,expended_usd,305.19,USD_nominal,reported_period_amount,glo_financial,,observed_parsed,Do not cumulate a stock or double-count expenditures and disbursements. Reconcile with F31 before cash-flow calibration.,B-17-DM-48-0001,HCBP_DA_UN_19-147-002-B490_HI
2024-07-01,2024,HCD_Harvey_mandatory_residential,disbursed_usd,305.19,USD_nominal,reported_period_amount,glo_financial,,observed_parsed,Do not cumulate a stock or double-count expenditures and disbursements. Reconcile with F31 before cash-flow calibration.,B-17-DM-48-0001,HCBP_DA_UN_19-147-002-B490_HI
2024-07-01,2024,HCD_Harvey_mandatory_residential,program_income_disbursed_usd,0.0,USD_nominal,reported_period_amount,glo_financial,,observed_parsed,Do not cumulate a stock or double-count expenditures and disbursements. Reconcile with F31 before cash-flow calibration.,B-17-DM-48-0001,HCBP_DA_UN_19-147-002-B490_HI
2024-07-01,2024,HCD_Harvey_mandatory_residential,program_income_received_usd,0.0,USD_nominal,reported_period_amount,glo_financial,,observed_parsed,Do not cumulate a stock or double-count expenditures and disbursements. Reconcile with F31 before cash-flow calibration.,B-17-DM-48-0001,HCBP_DA_UN_19-147-002-B490_HI
2024-10-01,2024,HCD_Harvey_mandatory_residential,obligated_usd,0.0,USD_nominal,reported_period_amount,glo_financial,,observed_parsed,Do not cumulate a stock or double-count expenditures and disbursements. Reconcile with F31 before cash-flow calibration.,B-17-DM-48-0001,HCBP_DA_UN_19-147-002-B490_HI
2024-10-01,2024,HCD_Harvey_mandatory_residential,expended_usd,1151.03,USD_nominal,reported_period_amount,glo_financial,,observed_parsed,Do not cumulate a stock or double-count expenditures and disbursements. Reconcile with F31 before cash-flow calibration.,B-17-DM-48-0001,HCBP_DA_UN_19-147-002-B490_HI
2024-10-01,2024,HCD_Harvey_mandatory_residential,disbursed_usd,1151.03,USD_nominal,reported_period_amount,glo_financial,,observed_parsed,Do not cumulate a stock or double-count expenditures and disbursements. Reconcile with F31 before cash-flow calibration.,B-17-DM-48-0001,HCBP_DA_UN_19-147-002-B490_HI
2024-10-01,2024,HCD_Harvey_mandatory_residential,program_income_disbursed_usd,0.0,USD_nominal,reported_period_amount,glo_financial,,observed_parsed,Do not cumulate a stock or double-count expenditures and disbursements. Reconcile with F31 before cash-flow calibration.,B-17-DM-48-0001,HCBP_DA_UN_19-147-002-B490_HI
2024-10-01,2024,HCD_Harvey_mandatory_residential,program_income_received_usd,0.0,USD_nominal,reported_period_amount,glo_financial,,observed_parsed,Do not cumulate a stock or double-count expenditures and disbursements. Reconcile with F31 before cash-flow calibration.,B-17-DM-48-0001,HCBP_DA_UN_19-147-002-B490_HI
2025-01-01,2025,HCD_Harvey_mandatory_residential,obligated_usd,0.0,USD_nominal,reported_period_amount,glo_financial,,observed_parsed,Do not cumulate a stock or double-count expenditures and disbursements. Reconcile with F31 before cash-flow calibration.,B-17-DM-48-0001,HCBP_DA_UN_19-147-002-B490_HI
2025-01-01,2025,HCD_Harvey_mandatory_residential,expended_usd,1076.47,USD_nominal,reported_period_amount,glo_financial,,observed_parsed,Do not cumulate a stock or double-count expenditures and disbursements. Reconcile with F31 before cash-flow calibration.,B-17-DM-48-0001,HCBP_DA_UN_19-147-002-B490_HI
2025-01-01,2025,HCD_Harvey_mandatory_residential,disbursed_usd,1076.47,USD_nominal,reported_period_amount,glo_financial,,observed_parsed,Do not cumulate a stock or double-count expenditures and disbursements. Reconcile with F31 before cash-flow calibration.,B-17-DM-48-0001,HCBP_DA_UN_19-147-002-B490_HI
2025-01-01,2025,HCD_Harvey_mandatory_residential,program_income_disbursed_usd,0.0,USD_nominal,reported_period_amount,glo_financial,,observed_parsed,Do not cumulate a stock or double-count expenditures and disbursements. Reconcile with F31 before cash-flow calibration.,B-17-DM-48-0001,HCBP_DA_UN_19-147-002-B490_HI
2025-01-01,2025,HCD_Harvey_mandatory_residential,program_income_received_usd,0.0,USD_nominal,reported_period_amount,glo_financial,,observed_parsed,Do not cumulate a stock or double-count expenditures and disbursements. Reconcile with F31 before cash-flow calibration.,B-17-DM-48-0001,HCBP_DA_UN_19-147-002-B490_HI
2025-04-01,2025,HCD_Harvey_mandatory_residential,obligated_usd,0.0,USD_nominal,reported_period_amount,glo_financial,,observed_parsed,Do not cumulate a stock or double-count expenditures and disbursements. Reconcile with F31 before cash-flow calibration.,B-17-DM-48-0001,HCBP_DA_UN_19-147-002-B490_HI
2025-04-01,2025,HCD_Harvey_mandatory_residential,expended_usd,1690.58,USD_nominal,reported_period_amount,glo_financial,,observed_parsed,Do not cumulate a stock or double-count expenditures and disbursements. Reconcile with F31 before cash-flow calibration.,B-17-DM-48-0001,HCBP_DA_UN_19-147-002-B490_HI
2025-04-01,2025,HCD_Harvey_mandatory_residential,disbursed_usd,1690.58,USD_nominal,reported_period_amount,glo_financial,,observed_parsed,Do not cumulate a stock or double-count expenditures and disbursements. Reconcile with F31 before cash-flow calibration.,B-17-DM-48-0001,HCBP_DA_UN_19-147-002-B490_HI
2025-04-01,2025,HCD_Harvey_mandatory_residential,program_income_disbursed_usd,0.0,USD_nominal,reported_period_amount,glo_financial,,observed_parsed,Do not cumulate a stock or double-count expenditures and disbursements. Reconcile with F31 before cash-flow calibration.,B-17-DM-48-0001,HCBP_DA_UN_19-147-002-B490_HI
2025-04-01,2025,HCD_Harvey_mandatory_residential,program_income_received_usd,0.0,USD_nominal,reported_period_amount,glo_financial,,observed_parsed,Do not cumulate a stock or double-count expenditures and disbursements. Reconcile with F31 before cash-flow calibration.,B-17-DM-48-0001,HCBP_DA_UN_19-147-002-B490_HI
2025-07-01,2025,HCD_Harvey_mandatory_residential,obligated_usd,0.0,USD_nominal,reported_period_amount,glo_financial,,observed_parsed,Do not cumulate a stock or double-count expenditures and disbursements. Reconcile with F31 before cash-flow calibration.,B-17-DM-48-0001,HCBP_DA_UN_19-147-002-B490_HI
2025-07-01,2025,HCD_Harvey_mandatory_residential,expended_usd,1073.59,USD_nominal,reported_period_amount,glo_financial,,observed_parsed,Do not cumulate a stock or double-count expenditures and disbursements. Reconcile with F31 before cash-flow calibration.,B-17-DM-48-0001,HCBP_DA_UN_19-147-002-B490_HI
2025-07-01,2025,HCD_Harvey_mandatory_residential,disbursed_usd,1073.59,USD_nominal,reported_period_amount,glo_financial,,observed_parsed,Do not cumulate a stock or double-count expenditures and disbursements. Reconcile with F31 before cash-flow calibration.,B-17-DM-48-0001,HCBP_DA_UN_19-147-002-B490_HI
2025-07-01,2025,HCD_Harvey_mandatory_residential,program_income_disbursed_usd,0.0,USD_nominal,reported_period_amount,glo_financial,,observed_parsed,Do not cumulate a stock or double-count expenditures and disbursements. Reconcile with F31 before cash-flow calibration.,B-17-DM-48-0001,HCBP_DA_UN_19-147-002-B490_HI
2025-07-01,2025,HCD_Harvey_mandatory_residential,program_income_received_usd,0.0,USD_nominal,reported_period_amount,glo_financial,,observed_parsed,Do not cumulate a stock or double-count expenditures and disbursements. Reconcile with F31 before cash-flow calibration.,B-17-DM-48-0001,HCBP_DA_UN_19-147-002-B490_HI
2025-10-01,2025,HCD_Harvey_mandatory_residential,obligated_usd,0.0,USD_nominal,reported_period_amount,glo_financial,,observed_parsed,Do not cumulate a stock or double-count expenditures and disbursements. Reconcile with F31 before cash-flow calibration.,B-17-DM-48-0001,HCBP_DA_UN_19-147-002-B490_HI
2025-10-01,2025,HCD_Harvey_mandatory_residential,expended_usd,625.48,USD_nominal,reported_period_amount,glo_financial,,observed_parsed,Do not cumulate a stock or double-count expenditures and disbursements. Reconcile with F31 before cash-flow calibration.,B-17-DM-48-0001,HCBP_DA_UN_19-147-002-B490_HI
2025-10-01,2025,HCD_Harvey_mandatory_residential,disbursed_usd,625.48,USD_nominal,reported_period_amount,glo_financial,,observed_parsed,Do not cumulate a stock or double-count expenditures and disbursements. Reconcile with F31 before cash-flow calibration.,B-17-DM-48-0001,HCBP_DA_UN_19-147-002-B490_HI
2025-10-01,2025,HCD_Harvey_mandatory_residential,program_income_disbursed_usd,0.0,USD_nominal,reported_period_amount,glo_financial,,observed_parsed,Do not cumulate a stock or double-count expenditures and disbursements. Reconcile with F31 before cash-flow calibration.,B-17-DM-48-0001,HCBP_DA_UN_19-147-002-B490_HI
2025-10-01,2025,HCD_Harvey_mandatory_residential,program_income_received_usd,0.0,USD_nominal,reported_period_amount,glo_financial,,observed_parsed,Do not cumulate a stock or double-count expenditures and disbursements. Reconcile with F31 before cash-flow calibration.,B-17-DM-48-0001,HCBP_DA_UN_19-147-002-B490_HI
2019-04-01,2019,HCD_Harvey_mandatory_residential,obligated_usd,58333333.0,USD_nominal,reported_period_amount,glo_financial,,observed_parsed,Do not cumulate a stock or double-count expenditures and disbursements. Reconcile with F31 before cash-flow calibration.,B-17-DM-48-0001,HCBP_DA_UN_19-147-002-B490_ACQ-12032021094158
2019-04-01,2019,HCD_Harvey_mandatory_residential,expended_usd,0.0,USD_nominal,reported_period_amount,glo_financial,,observed_parsed,Do not cumulate a stock or double-count expenditures and disbursements. Reconcile with F31 before cash-flow calibration.,B-17-DM-48-0001,HCBP_DA_UN_19-147-002-B490_ACQ-12032021094158
2019-04-01,2019,HCD_Harvey_mandatory_residential,disbursed_usd,0.0,USD_nominal,reported_period_amount,glo_financial,,observed_parsed,Do not cumulate a stock or double-count expenditures and disbursements. Reconcile with F31 before cash-flow calibration.,B-17-DM-48-0001,HCBP_DA_UN_19-147-002-B490_ACQ-12032021094158
2019-04-01,2019,HCD_Harvey_mandatory_residential,program_income_disbursed_usd,0.0,USD_nominal,reported_period_amount,glo_financial,,observed_parsed,Do not cumulate a stock or double-count expenditures and disbursements. Reconcile with F31 before cash-flow calibration.,B-17-DM-48-0001,HCBP_DA_UN_19-147-002-B490_ACQ-12032021094158
2019-04-01,2019,HCD_Harvey_mandatory_residential,program_income_received_usd,0.0,USD_nominal,reported_period_amount,glo_financial,,observed_parsed,Do not cumulate a stock or double-count expenditures and disbursements. Reconcile with F31 before cash-flow calibration.,B-17-DM-48-0001,HCBP_DA_UN_19-147-002-B490_ACQ-12032021094158
2020-04-01,2020,HCD_Harvey_mandatory_residential,obligated_usd,0.0,USD_nominal,reported_period_amount,glo_financial,,observed_parsed,Do not cumulate a stock or double-count expenditures and disbursements. Reconcile with F31 before cash-flow calibration.,B-17-DM-48-0001,HCBP_DA_UN_19-147-002-B490_ACQ-12032021094158
2020-04-01,2020,HCD_Harvey_mandatory_residential,expended_usd,766823.93,USD_nominal,reported_period_amount,glo_financial,,observed_parsed,Do not cumulate a stock or double-count expenditures and disbursements. Reconcile with F31 before cash-flow calibration.,B-17-DM-48-0001,HCBP_DA_UN_19-147-002-B490_ACQ-12032021094158
2020-04-01,2020,HCD_Harvey_mandatory_residential,disbursed_usd,766823.93,USD_nominal,reported_period_amount,glo_financial,,observed_parsed,Do not cumulate a stock or double-count expenditures and disbursements. Reconcile with F31 before cash-flow calibration.,B-17-DM-48-0001,HCBP_DA_UN_19-147-002-B490_ACQ-12032021094158
2020-04-01,2020,HCD_Harvey_mandatory_residential,program_income_disbursed_usd,0.0,USD_nominal,reported_period_amount,glo_financial,,observed_parsed,Do not cumulate a stock or double-count expenditures and disbursements. Reconcile with F31 before cash-flow calibration.,B-17-DM-48-0001,HCBP_DA_UN_19-147-002-B490_ACQ-12032021094158
2020-04-01,2020,HCD_Harvey_mandatory_residential,program_income_received_usd,0.0,USD_nominal,reported_period_amount,glo_financial,,observed_parsed,Do not cumulate a stock or double-count expenditures and disbursements. Reconcile with F31 before cash-flow calibration.,B-17-DM-48-0001,HCBP_DA_UN_19-147-002-B490_ACQ-12032021094158
2021-01-01,2021,HCD_Harvey_mandatory_residential,obligated_usd,-2083333.0,USD_nominal,reported_period_amount,glo_financial,,observed_parsed,Do not cumulate a stock or double-count expenditures and disbursements. Reconcile with F31 before cash-flow calibration.,B-17-DM-48-0001,HCBP_DA_UN_19-147-002-B490_ACQ-12032021094158
2021-01-01,2021,HCD_Harvey_mandatory_residential,expended_usd,0.0,USD_nominal,reported_period_amount,glo_financial,,observed_parsed,Do not cumulate a stock or double-count expenditures and disbursements. Reconcile with F31 before cash-flow calibration.,B-17-DM-48-0001,HCBP_DA_UN_19-147-002-B490_ACQ-12032021094158
2021-01-01,2021,HCD_Harvey_mandatory_residential,disbursed_usd,0.0,USD_nominal,reported_period_amount,glo_financial,,observed_parsed,Do not cumulate a stock or double-count expenditures and disbursements. Reconcile with F31 before cash-flow calibration.,B-17-DM-48-0001,HCBP_DA_UN_19-147-002-B490_ACQ-12032021094158
2021-01-01,2021,HCD_Harvey_mandatory_residential,program_income_disbursed_usd,0.0,USD_nominal,reported_period_amount,glo_financial,,observed_parsed,Do not cumulate a stock or double-count expenditures and disbursements. Reconcile with F31 before cash-flow calibration.,B-17-DM-48-0001,HCBP_DA_UN_19-147-002-B490_ACQ-12032021094158
2021-01-01,2021,HCD_Harvey_mandatory_residential,program_income_received_usd,0.0,USD_nominal,reported_period_amount,glo_financial,,observed_parsed,Do not cumulate a stock or double-count expenditures and disbursements. Reconcile with F31 before cash-flow calibration.,B-17-DM-48-0001,HCBP_DA_UN_19-147-002-B490_ACQ-12032021094158
2021-07-01,2021,HCD_Harvey_mandatory_residential,obligated_usd,-55394512.68,USD_nominal,reported_period_amount,glo_financial,,observed_parsed,Do not cumulate a stock or double-count expenditures and disbursements. Reconcile with F31 before cash-flow calibration.,B-17-DM-48-0001,HCBP_DA_UN_19-147-002-B490_ACQ-12032021094158
2021-07-01,2021,HCD_Harvey_mandatory_residential,expended_usd,88663.39,USD_nominal,reported_period_amount,glo_financial,,observed_parsed,Do not cumulate a stock or double-count expenditures and disbursements. Reconcile with F31 before cash-flow calibration.,B-17-DM-48-0001,HCBP_DA_UN_19-147-002-B490_ACQ-12032021094158
2021-07-01,2021,HCD_Harvey_mandatory_residential,disbursed_usd,88663.39,USD_nominal,reported_period_amount,glo_financial,,observed_parsed,Do not cumulate a stock or double-count expenditures and disbursements. Reconcile with F31 before cash-flow calibration.,B-17-DM-48-0001,HCBP_DA_UN_19-147-002-B490_ACQ-12032021094158
2021-07-01,2021,HCD_Harvey_mandatory_residential,program_income_disbursed_usd,0.0,USD_nominal,reported_period_amount,glo_financial,,observed_parsed,Do not cumulate a stock or double-count expenditures and disbursements. Reconcile with F31 before cash-flow calibration.,B-17-DM-48-0001,HCBP_DA_UN_19-147-002-B490_ACQ-12032021094158
2021-07-01,2021,HCD_Harvey_mandatory_residential,program_income_received_usd,0.0,USD_nominal,reported_period_amount,glo_financial,,observed_parsed,Do not cumulate a stock or double-count expenditures and disbursements. Reconcile with F31 before cash-flow calibration.,B-17-DM-48-0001,HCBP_DA_UN_19-147-002-B490_ACQ-12032021094158
2021-10-01,2021,HCD_Harvey_mandatory_residential,obligated_usd,-855487.32,USD_nominal,reported_period_amount,glo_financial,,observed_parsed,Do not cumulate a stock or double-count expenditures and disbursements. Reconcile with F31 before cash-flow calibration.,B-17-DM-48-0001,HCBP_DA_UN_19-147-002-B490_ACQ-12032021094158
2021-10-01,2021,HCD_Harvey_mandatory_residential,expended_usd,-855487.32,USD_nominal,reported_period_amount,glo_financial,,observed_parsed,Do not cumulate a stock or double-count expenditures and disbursements. Reconcile with F31 before cash-flow calibration.,B-17-DM-48-0001,HCBP_DA_UN_19-147-002-B490_ACQ-12032021094158
2021-10-01,2021,HCD_Harvey_mandatory_residential,disbursed_usd,-855487.32,USD_nominal,reported_period_amount,glo_financial,,observed_parsed,Do not cumulate a stock or double-count expenditures and disbursements. Reconcile with F31 before cash-flow calibration.,B-17-DM-48-0001,HCBP_DA_UN_19-147-002-B490_ACQ-12032021094158
2021-10-01,2021,HCD_Harvey_mandatory_residential,program_income_disbursed_usd,0.0,USD_nominal,reported_period_amount,glo_financial,,observed_parsed,Do not cumulate a stock or double-count expenditures and disbursements. Reconcile with F31 before cash-flow calibration.,B-17-DM-48-0001,HCBP_DA_UN_19-147-002-B490_ACQ-12032021094158
2021-10-01,2021,HCD_Harvey_mandatory_residential,program_income_received_usd,0.0,USD_nominal,reported_period_amount,glo_financial,,observed_parsed,Do not cumulate a stock or double-count expenditures and disbursements. Reconcile with F31 before cash-flow calibration.,B-17-DM-48-0001,HCBP_DA_UN_19-147-002-B490_ACQ-12032021094158
2024-04-01,2024,HCD_Harvey_mandatory_residential,obligated_usd,2721244.0,USD_nominal,reported_period_amount,glo_financial,,observed_parsed,Do not cumulate a stock or double-count expenditures and disbursements. Reconcile with F31 before cash-flow calibration.,B-18-DP-48-0001,HCBP_DA_LMHI_19-147-002-B490_HI
2024-04-01,2024,HCD_Harvey_mandatory_residential,expended_usd,0.0,USD_nominal,reported_period_amount,glo_financial,,observed_parsed,Do not cumulate a stock or double-count expenditures and disbursements. Reconcile with F31 before cash-flow calibration.,B-18-DP-48-0001,HCBP_DA_LMHI_19-147-002-B490_HI
2024-04-01,2024,HCD_Harvey_mandatory_residential,disbursed_usd,0.0,USD_nominal,reported_period_amount,glo_financial,,observed_parsed,Do not cumulate a stock or double-count expenditures and disbursements. Reconcile with F31 before cash-flow calibration.,B-18-DP-48-0001,HCBP_DA_LMHI_19-147-002-B490_HI
2024-04-01,2024,HCD_Harvey_mandatory_residential,program_income_disbursed_usd,0.0,USD_nominal,reported_period_amount,glo_financial,,observed_parsed,Do not cumulate a stock or double-count expenditures and disbursements. Reconcile with F31 before cash-flow calibration.,B-18-DP-48-0001,HCBP_DA_LMHI_19-147-002-B490_HI
2024-04-01,2024,HCD_Harvey_mandatory_residential,program_income_received_usd,0.0,USD_nominal,reported_period_amount,glo_financial,,observed_parsed,Do not cumulate a stock or double-count expenditures and disbursements. Reconcile with F31 before cash-flow calibration.,B-18-DP-48-0001,HCBP_DA_LMHI_19-147-002-B490_HI
2024-07-01,2024,HCD_Harvey_mandatory_residential,obligated_usd,-10480.52,USD_nominal,reported_period_amount,glo_financial,,observed_parsed,Do not cumulate a stock or double-count expenditures and disbursements. Reconcile with F31 before cash-flow calibration.,B-18-DP-48-0001,HCBP_DA_LMHI_19-147-002-B490_HI
2024-07-01,2024,HCD_Harvey_mandatory_residential,expended_usd,19875.0,USD_nominal,reported_period_amount,glo_financial,,observed_parsed,Do not cumulate a stock or double-count expenditures and disbursements. Reconcile with F31 before cash-flow calibration.,B-18-DP-48-0001,HCBP_DA_LMHI_19-147-002-B490_HI
2024-07-01,2024,HCD_Harvey_mandatory_residential,disbursed_usd,19875.0,USD_nominal,reported_period_amount,glo_financial,,observed_parsed,Do not cumulate a stock or double-count expenditures and disbursements. Reconcile with F31 before cash-flow calibration.,B-18-DP-48-0001,HCBP_DA_LMHI_19-147-002-B490_HI
2024-07-01,2024,HCD_Harvey_mandatory_residential,program_income_disbursed_usd,0.0,USD_nominal,reported_period_amount,glo_financial,,observed_parsed,Do not cumulate a stock or double-count expenditures and disbursements. Reconcile with F31 before cash-flow calibration.,B-18-DP-48-0001,HCBP_DA_LMHI_19-147-002-B490_HI
2024-07-01,2024,HCD_Harvey_mandatory_residential,program_income_received_usd,0.0,USD_nominal,reported_period_amount,glo_financial,,observed_parsed,Do not cumulate a stock or double-count expenditures and disbursements. Reconcile with F31 before cash-flow calibration.,B-18-DP-48-0001,HCBP_DA_LMHI_19-147-002-B490_HI
2025-01-01,2025,HCD_Harvey_mandatory_residential,obligated_usd,0.0,USD_nominal,reported_period_amount,glo_financial,,observed_parsed,Do not cumulate a stock or double-count expenditures and disbursements. Reconcile with F31 before cash-flow calibration.,B-18-DP-48-0001,HCBP_DA_LMHI_19-147-002-B490_HI
2025-01-01,2025,HCD_Harvey_mandatory_residential,expended_usd,1331569.31,USD_nominal,reported_period_amount,glo_financial,,observed_parsed,Do not cumulate a stock or double-count expenditures and disbursements. Reconcile with F31 before cash-flow calibration.,B-18-DP-48-0001,HCBP_DA_LMHI_19-147-002-B490_HI
2025-01-01,2025,HCD_Harvey_mandatory_residential,disbursed_usd,1331569.31,USD_nominal,reported_period_amount,glo_financial,,observed_parsed,Do not cumulate a stock or double-count expenditures and disbursements. Reconcile with F31 before cash-flow calibration.,B-18-DP-48-0001,HCBP_DA_LMHI_19-147-002-B490_HI
2025-01-01,2025,HCD_Harvey_mandatory_residential,program_income_disbursed_usd,0.0,USD_nominal,reported_period_amount,glo_financial,,observed_parsed,Do not cumulate a stock or double-count expenditures and disbursements. Reconcile with F31 before cash-flow calibration.,B-18-DP-48-0001,HCBP_DA_LMHI_19-147-002-B490_HI
2025-01-01,2025,HCD_Harvey_mandatory_residential,program_income_received_usd,0.0,USD_nominal,reported_period_amount,glo_financial,,observed_parsed,Do not cumulate a stock or double-count expenditures and disbursements. Reconcile with F31 before cash-flow calibration.,B-18-DP-48-0001,HCBP_DA_LMHI_19-147-002-B490_HI
2025-04-01,2025,HCD_Harvey_mandatory_residential,obligated_usd,805000.0,USD_nominal,reported_period_amount,glo_financial,,observed_parsed,Do not cumulate a stock or double-count expenditures and disbursements. Reconcile with F31 before cash-flow calibration.,B-18-DP-48-0001,HCBP_DA_LMHI_19-147-002-B490_HI
2025-04-01,2025,HCD_Harvey_mandatory_residential,expended_usd,1667535.3,USD_nominal,reported_period_amount,glo_financial,,observed_parsed,Do not cumulate a stock or double-count expenditures and disbursements. Reconcile with F31 before cash-flow calibration.,B-18-DP-48-0001,HCBP_DA_LMHI_19-147-002-B490_HI
2025-04-01,2025,HCD_Harvey_mandatory_residential,disbursed_usd,1667535.3,USD_nominal,reported_period_amount,glo_financial,,observed_parsed,Do not cumulate a stock or double-count expenditures and disbursements. Reconcile with F31 before cash-flow calibration.,B-18-DP-48-0001,HCBP_DA_LMHI_19-147-002-B490_HI
2025-04-01,2025,HCD_Harvey_mandatory_residential,program_income_disbursed_usd,0.0,USD_nominal,reported_period_amount,glo_financial,,observed_parsed,Do not cumulate a stock or double-count expenditures and disbursements. Reconcile with F31 before cash-flow calibration.,B-18-DP-48-0001,HCBP_DA_LMHI_19-147-002-B490_HI
2025-04-01,2025,HCD_Harvey_mandatory_residential,program_income_received_usd,0.0,USD_nominal,reported_period_amount,glo_financial,,observed_parsed,Do not cumulate a stock or double-count expenditures and disbursements. Reconcile with F31 before cash-flow calibration.,B-18-DP-48-0001,HCBP_DA_LMHI_19-147-002-B490_HI
2025-07-01,2025,HCD_Harvey_mandatory_residential,obligated_usd,0.0,USD_nominal,reported_period_amount,glo_financial,,observed_parsed,Do not cumulate a stock or double-count expenditures and disbursements. Reconcile with F31 before cash-flow calibration.,B-18-DP-48-0001,HCBP_DA_LMHI_19-147-002-B490_HI
2025-07-01,2025,HCD_Harvey_mandatory_residential,expended_usd,350783.3,USD_nominal,reported_period_amount,glo_financial,,observed_parsed,Do not cumulate a stock or double-count expenditures and disbursements. Reconcile with F31 before cash-flow calibration.,B-18-DP-48-0001,HCBP_DA_LMHI_19-147-002-B490_HI
2025-07-01,2025,HCD_Harvey_mandatory_residential,disbursed_usd,350783.3,USD_nominal,reported_period_amount,glo_financial,,observed_parsed,Do not cumulate a stock or double-count expenditures and disbursements. Reconcile with F31 before cash-flow calibration.,B-18-DP-48-0001,HCBP_DA_LMHI_19-147-002-B490_HI
2025-07-01,2025,HCD_Harvey_mandatory_residential,program_income_disbursed_usd,0.0,USD_nominal,reported_period_amount,glo_financial,,observed_parsed,Do not cumulate a stock or double-count expenditures and disbursements. Reconcile with F31 before cash-flow calibration.,B-18-DP-48-0001,HCBP_DA_LMHI_19-147-002-B490_HI
2025-07-01,2025,HCD_Harvey_mandatory_residential,program_income_received_usd,0.0,USD_nominal,reported_period_amount,glo_financial,,observed_parsed,Do not cumulate a stock or double-count expenditures and disbursements. Reconcile with F31 before cash-flow calibration.,B-18-DP-48-0001,HCBP_DA_LMHI_19-147-002-B490_HI
2025-10-01,2025,HCD_Harvey_mandatory_residential,obligated_usd,189318.86,USD_nominal,reported_period_amount,glo_financial,,observed_parsed,Do not cumulate a stock or double-count expenditures and disbursements. Reconcile with F31 before cash-flow calibration.,B-18-DP-48-0001,HCBP_DA_LMHI_19-147-002-B490_HI
2025-10-01,2025,HCD_Harvey_mandatory_residential,expended_usd,252068.0,USD_nominal,reported_period_amount,glo_financial,,observed_parsed,Do not cumulate a stock or double-count expenditures and disbursements. Reconcile with F31 before cash-flow calibration.,B-18-DP-48-0001,HCBP_DA_LMHI_19-147-002-B490_HI
2025-10-01,2025,HCD_Harvey_mandatory_residential,disbursed_usd,252068.0,USD_nominal,reported_period_amount,glo_financial,,observed_parsed,Do not cumulate a stock or double-count expenditures and disbursements. Reconcile with F31 before cash-flow calibration.,B-18-DP-48-0001,HCBP_DA_LMHI_19-147-002-B490_HI
2025-10-01,2025,HCD_Harvey_mandatory_residential,program_income_disbursed_usd,0.0,USD_nominal,reported_period_amount,glo_financial,,observed_parsed,Do not cumulate a stock or double-count expenditures and disbursements. Reconcile with F31 before cash-flow calibration.,B-18-DP-48-0001,HCBP_DA_LMHI_19-147-002-B490_HI
2025-10-01,2025,HCD_Harvey_mandatory_residential,program_income_received_usd,0.0,USD_nominal,reported_period_amount,glo_financial,,observed_parsed,Do not cumulate a stock or double-count expenditures and disbursements. Reconcile with F31 before cash-flow calibration.,B-18-DP-48-0001,HCBP_DA_LMHI_19-147-002-B490_HI
2024-04-01,2024,HCD_Harvey_mandatory_residential,obligated_usd,6985476.0,USD_nominal,reported_period_amount,glo_financial,,observed_parsed,Do not cumulate a stock or double-count expenditures and disbursements. Reconcile with F31 before cash-flow calibration.,B-18-DP-48-0001,HCBP_DA_LMI_19-147-002-B490_ACQ
2024-04-01,2024,HCD_Harvey_mandatory_residential,expended_usd,0.0,USD_nominal,reported_period_amount,glo_financial,,observed_parsed,Do not cumulate a stock or double-count expenditures and disbursements. Reconcile with F31 before cash-flow calibration.,B-18-DP-48-0001,HCBP_DA_LMI_19-147-002-B490_ACQ
2024-04-01,2024,HCD_Harvey_mandatory_residential,disbursed_usd,0.0,USD_nominal,reported_period_amount,glo_financial,,observed_parsed,Do not cumulate a stock or double-count expenditures and disbursements. Reconcile with F31 before cash-flow calibration.,B-18-DP-48-0001,HCBP_DA_LMI_19-147-002-B490_ACQ
2024-04-01,2024,HCD_Harvey_mandatory_residential,program_income_disbursed_usd,0.0,USD_nominal,reported_period_amount,glo_financial,,observed_parsed,Do not cumulate a stock or double-count expenditures and disbursements. Reconcile with F31 before cash-flow calibration.,B-18-DP-48-0001,HCBP_DA_LMI_19-147-002-B490_ACQ
2024-04-01,2024,HCD_Harvey_mandatory_residential,program_income_received_usd,0.0,USD_nominal,reported_period_amount,glo_financial,,observed_parsed,Do not cumulate a stock or double-count expenditures and disbursements. Reconcile with F31 before cash-flow calibration.,B-18-DP-48-0001,HCBP_DA_LMI_19-147-002-B490_ACQ
2024-07-01,2024,HCD_Harvey_mandatory_residential,obligated_usd,0.0,USD_nominal,reported_period_amount,glo_financial,,observed_parsed,Do not cumulate a stock or double-count expenditures and disbursements. Reconcile with F31 before cash-flow calibration.,B-18-DP-48-0001,HCBP_DA_LMI_19-147-002-B490_ACQ
2024-07-01,2024,HCD_Harvey_mandatory_residential,expended_usd,237922.9,USD_nominal,reported_period_amount,glo_financial,,observed_parsed,Do not cumulate a stock or double-count expenditures and disbursements. Reconcile with F31 before cash-flow calibration.,B-18-DP-48-0001,HCBP_DA_LMI_19-147-002-B490_ACQ
2024-07-01,2024,HCD_Harvey_mandatory_residential,disbursed_usd,237922.9,USD_nominal,reported_period_amount,glo_financial,,observed_parsed,Do not cumulate a stock or double-count expenditures and disbursements. Reconcile with F31 before cash-flow calibration.,B-18-DP-48-0001,HCBP_DA_LMI_19-147-002-B490_ACQ
2024-07-01,2024,HCD_Harvey_mandatory_residential,program_income_disbursed_usd,0.0,USD_nominal,reported_period_amount,glo_financial,,observed_parsed,Do not cumulate a stock or double-count expenditures and disbursements. Reconcile with F31 before cash-flow calibration.,B-18-DP-48-0001,HCBP_DA_LMI_19-147-002-B490_ACQ
2024-07-01,2024,HCD_Harvey_mandatory_residential,program_income_received_usd,0.0,USD_nominal,reported_period_amount,glo_financial,,observed_parsed,Do not cumulate a stock or double-count expenditures and disbursements. Reconcile with F31 before cash-flow calibration.,B-18-DP-48-0001,HCBP_DA_LMI_19-147-002-B490_ACQ
2024-10-01,2024,HCD_Harvey_mandatory_residential,obligated_usd,0.0,USD_nominal,reported_period_amount,glo_financial,,observed_parsed,Do not cumulate a stock or double-count expenditures and disbursements. Reconcile with F31 before cash-flow calibration.,B-18-DP-48-0001,HCBP_DA_LMI_19-147-002-B490_ACQ
2024-10-01,2024,HCD_Harvey_mandatory_residential,expended_usd,252621.21,USD_nominal,reported_period_amount,glo_financial,,observed_parsed,Do not cumulate a stock or double-count expenditures and disbursements. Reconcile with F31 before cash-flow calibration.,B-18-DP-48-0001,HCBP_DA_LMI_19-147-002-B490_ACQ
2024-10-01,2024,HCD_Harvey_mandatory_residential,disbursed_usd,252621.21,USD_nominal,reported_period_amount,glo_financial,,observed_parsed,Do not cumulate a stock or double-count expenditures and disbursements. Reconcile with F31 before cash-flow calibration.,B-18-DP-48-0001,HCBP_DA_LMI_19-147-002-B490_ACQ
2024-10-01,2024,HCD_Harvey_mandatory_residential,program_income_disbursed_usd,0.0,USD_nominal,reported_period_amount,glo_financial,,observed_parsed,Do not cumulate a stock or double-count expenditures and disbursements. Reconcile with F31 before cash-flow calibration.,B-18-DP-48-0001,HCBP_DA_LMI_19-147-002-B490_ACQ
2024-10-01,2024,HCD_Harvey_mandatory_residential,program_income_received_usd,0.0,USD_nominal,reported_period_amount,glo_financial,,observed_parsed,Do not cumulate a stock or double-count expenditures and disbursements. Reconcile with F31 before cash-flow calibration.,B-18-DP-48-0001,HCBP_DA_LMI_19-147-002-B490_ACQ
2025-01-01,2025,HCD_Harvey_mandatory_residential,obligated_usd,0.0,USD_nominal,reported_period_amount,glo_financial,,observed_parsed,Do not cumulate a stock or double-count expenditures and disbursements. Reconcile with F31 before cash-flow calibration.,B-18-DP-48-0001,HCBP_DA_LMI_19-147-002-B490_ACQ
2025-01-01,2025,HCD_Harvey_mandatory_residential,expended_usd,4530140.22,USD_nominal,reported_period_amount,glo_financial,,observed_parsed,Do not cumulate a stock or double-count expenditures and disbursements. Reconcile with F31 before cash-flow calibration.,B-18-DP-48-0001,HCBP_DA_LMI_19-147-002-B490_ACQ
2025-01-01,2025,HCD_Harvey_mandatory_residential,disbursed_usd,4530140.22,USD_nominal,reported_period_amount,glo_financial,,observed_parsed,Do not cumulate a stock or double-count expenditures and disbursements. Reconcile with F31 before cash-flow calibration.,B-18-DP-48-0001,HCBP_DA_LMI_19-147-002-B490_ACQ
2025-01-01,2025,HCD_Harvey_mandatory_residential,program_income_disbursed_usd,0.0,USD_nominal,reported_period_amount,glo_financial,,observed_parsed,Do not cumulate a stock or double-count expenditures and disbursements. Reconcile with F31 before cash-flow calibration.,B-18-DP-48-0001,HCBP_DA_LMI_19-147-002-B490_ACQ
2025-01-01,2025,HCD_Harvey_mandatory_residential,program_income_received_usd,0.0,USD_nominal,reported_period_amount,glo_financial,,observed_parsed,Do not cumulate a stock or double-count expenditures and disbursements. Reconcile with F31 before cash-flow calibration.,B-18-DP-48-0001,HCBP_DA_LMI_19-147-002-B490_ACQ
2025-04-01,2025,HCD_Harvey_mandatory_residential,obligated_usd,18306000.0,USD_nominal,reported_period_amount,glo_financial,,observed_parsed,Do not cumulate a stock or double-count expenditures and disbursements. Reconcile with F31 before cash-flow calibration.,B-18-DP-48-0001,HCBP_DA_LMI_19-147-002-B490_ACQ
2025-04-01,2025,HCD_Harvey_mandatory_residential,expended_usd,7621609.76,USD_nominal,reported_period_amount,glo_financial,,observed_parsed,Do not cumulate a stock or double-count expenditures and disbursements. Reconcile with F31 before cash-flow calibration.,B-18-DP-48-0001,HCBP_DA_LMI_19-147-002-B490_ACQ
2025-04-01,2025,HCD_Harvey_mandatory_residential,disbursed_usd,7621609.76,USD_nominal,reported_period_amount,glo_financial,,observed_parsed,Do not cumulate a stock or double-count expenditures and disbursements. Reconcile with F31 before cash-flow calibration.,B-18-DP-48-0001,HCBP_DA_LMI_19-147-002-B490_ACQ
2025-04-01,2025,HCD_Harvey_mandatory_residential,program_income_disbursed_usd,0.0,USD_nominal,reported_period_amount,glo_financial,,observed_parsed,Do not cumulate a stock or double-count expenditures and disbursements. Reconcile with F31 before cash-flow calibration.,B-18-DP-48-0001,HCBP_DA_LMI_19-147-002-B490_ACQ
2025-04-01,2025,HCD_Harvey_mandatory_residential,program_income_received_usd,0.0,USD_nominal,reported_period_amount,glo_financial,,observed_parsed,Do not cumulate a stock or double-count expenditures and disbursements. Reconcile with F31 before cash-flow calibration.,B-18-DP-48-0001,HCBP_DA_LMI_19-147-002-B490_ACQ
2025-07-01,2025,HCD_Harvey_mandatory_residential,obligated_usd,0.0,USD_nominal,reported_period_amount,glo_financial,,observed_parsed,Do not cumulate a stock or double-count expenditures and disbursements. Reconcile with F31 before cash-flow calibration.,B-18-DP-48-0001,HCBP_DA_LMI_19-147-002-B490_ACQ
2025-07-01,2025,HCD_Harvey_mandatory_residential,expended_usd,4802210.38,USD_nominal,reported_period_amount,glo_financial,,observed_parsed,Do not cumulate a stock or double-count expenditures and disbursements. Reconcile with F31 before cash-flow calibration.,B-18-DP-48-0001,HCBP_DA_LMI_19-147-002-B490_ACQ
2025-07-01,2025,HCD_Harvey_mandatory_residential,disbursed_usd,4802210.38,USD_nominal,reported_period_amount,glo_financial,,observed_parsed,Do not cumulate a stock or double-count expenditures and disbursements. Reconcile with F31 before cash-flow calibration.,B-18-DP-48-0001,HCBP_DA_LMI_19-147-002-B490_ACQ
2025-07-01,2025,HCD_Harvey_mandatory_residential,program_income_disbursed_usd,0.0,USD_nominal,reported_period_amount,glo_financial,,observed_parsed,Do not cumulate a stock or double-count expenditures and disbursements. Reconcile with F31 before cash-flow calibration.,B-18-DP-48-0001,HCBP_DA_LMI_19-147-002-B490_ACQ
2025-07-01,2025,HCD_Harvey_mandatory_residential,program_income_received_usd,0.0,USD_nominal,reported_period_amount,glo_financial,,observed_parsed,Do not cumulate a stock or double-count expenditures and disbursements. Reconcile with F31 before cash-flow calibration.,B-18-DP-48-0001,HCBP_DA_LMI_19-147-002-B490_ACQ
2025-10-01,2025,HCD_Harvey_mandatory_residential,obligated_usd,1562781.82,USD_nominal,reported_period_amount,glo_financial,,observed_parsed,Do not cumulate a stock or double-count expenditures and disbursements. Reconcile with F31 before cash-flow calibration.,B-18-DP-48-0001,HCBP_DA_LMI_19-147-002-B490_ACQ
2025-10-01,2025,HCD_Harvey_mandatory_residential,expended_usd,4075730.46,USD_nominal,reported_period_amount,glo_financial,,observed_parsed,Do not cumulate a stock or double-count expenditures and disbursements. Reconcile with F31 before cash-flow calibration.,B-18-DP-48-0001,HCBP_DA_LMI_19-147-002-B490_ACQ
2025-10-01,2025,HCD_Harvey_mandatory_residential,disbursed_usd,4075730.46,USD_nominal,reported_period_amount,glo_financial,,observed_parsed,Do not cumulate a stock or double-count expenditures and disbursements. Reconcile with F31 before cash-flow calibration.,B-18-DP-48-0001,HCBP_DA_LMI_19-147-002-B490_ACQ
2025-10-01,2025,HCD_Harvey_mandatory_residential,program_income_disbursed_usd,0.0,USD_nominal,reported_period_amount,glo_financial,,observed_parsed,Do not cumulate a stock or double-count expenditures and disbursements. Reconcile with F31 before cash-flow calibration.,B-18-DP-48-0001,HCBP_DA_LMI_19-147-002-B490_ACQ
2025-10-01,2025,HCD_Harvey_mandatory_residential,program_income_received_usd,0.0,USD_nominal,reported_period_amount,glo_financial,,observed_parsed,Do not cumulate a stock or double-count expenditures and disbursements. Reconcile with F31 before cash-flow calibration.,B-18-DP-48-0001,HCBP_DA_LMI_19-147-002-B490_ACQ
2026-01-01,2026,HCD_Harvey_mandatory_residential,obligated_usd,0.0,USD_nominal,reported_period_amount,glo_financial,,observed_parsed,Do not cumulate a stock or double-count expenditures and disbursements. Reconcile with F31 before cash-flow calibration.,B-18-DP-48-0001,HCBP_DA_LMI_19-147-002-B490_ACQ
2026-01-01,2026,HCD_Harvey_mandatory_residential,expended_usd,0.0,USD_nominal,reported_period_amount,glo_financial,,observed_parsed,Do not cumulate a stock or double-count expenditures and disbursements. Reconcile with F31 before cash-flow calibration.,B-18-DP-48-0001,HCBP_DA_LMI_19-147-002-B490_ACQ
2026-01-01,2026,HCD_Harvey_mandatory_residential,disbursed_usd,481086.05,USD_nominal,reported_period_amount,glo_financial,,observed_parsed,Do not cumulate a stock or double-count expenditures and disbursements. Reconcile with F31 before cash-flow calibration.,B-18-DP-48-0001,HCBP_DA_LMI_19-147-002-B490_ACQ
2026-01-01,2026,HCD_Harvey_mandatory_residential,program_income_disbursed_usd,0.0,USD_nominal,reported_period_amount,glo_financial,,observed_parsed,Do not cumulate a stock or double-count expenditures and disbursements. Reconcile with F31 before cash-flow calibration.,B-18-DP-48-0001,HCBP_DA_LMI_19-147-002-B490_ACQ
2026-01-01,2026,HCD_Harvey_mandatory_residential,program_income_received_usd,0.0,USD_nominal,reported_period_amount,glo_financial,,observed_parsed,Do not cumulate a stock or double-count expenditures and disbursements. Reconcile with F31 before cash-flow calibration.,B-18-DP-48-0001,HCBP_DA_LMI_19-147-002-B490_ACQ
2022-04-01,2022,HCD_Harvey_mandatory_residential,obligated_usd,80000000.0,USD_nominal,reported_period_amount,glo_financial,,observed_parsed,Do not cumulate a stock or double-count expenditures and disbursements. Reconcile with F31 before cash-flow calibration.,B-18-DP-48-0001,HCBP_DA_LMI_19-147-002-B490_RA
2022-04-01,2022,HCD_Harvey_mandatory_residential,expended_usd,0.0,USD_nominal,reported_period_amount,glo_financial,,observed_parsed,Do not cumulate a stock or double-count expenditures and disbursements. Reconcile with F31 before cash-flow calibration.,B-18-DP-48-0001,HCBP_DA_LMI_19-147-002-B490_RA
2022-04-01,2022,HCD_Harvey_mandatory_residential,disbursed_usd,0.0,USD_nominal,reported_period_amount,glo_financial,,observed_parsed,Do not cumulate a stock or double-count expenditures and disbursements. Reconcile with F31 before cash-flow calibration.,B-18-DP-48-0001,HCBP_DA_LMI_19-147-002-B490_RA
2022-04-01,2022,HCD_Harvey_mandatory_residential,program_income_disbursed_usd,0.0,USD_nominal,reported_period_amount,glo_financial,,observed_parsed,Do not cumulate a stock or double-count expenditures and disbursements. Reconcile with F31 before cash-flow calibration.,B-18-DP-48-0001,HCBP_DA_LMI_19-147-002-B490_RA
2022-04-01,2022,HCD_Harvey_mandatory_residential,program_income_received_usd,0.0,USD_nominal,reported_period_amount,glo_financial,,observed_parsed,Do not cumulate a stock or double-count expenditures and disbursements. Reconcile with F31 before cash-flow calibration.,B-18-DP-48-0001,HCBP_DA_LMI_19-147-002-B490_RA
2023-01-01,2023,HCD_Harvey_mandatory_residential,obligated_usd,-80000000.0,USD_nominal,reported_period_amount,glo_financial,,observed_parsed,Do not cumulate a stock or double-count expenditures and disbursements. Reconcile with F31 before cash-flow calibration.,B-18-DP-48-0001,HCBP_DA_LMI_19-147-002-B490_RA
2023-01-01,2023,HCD_Harvey_mandatory_residential,expended_usd,0.0,USD_nominal,reported_period_amount,glo_financial,,observed_parsed,Do not cumulate a stock or double-count expenditures and disbursements. Reconcile with F31 before cash-flow calibration.,B-18-DP-48-0001,HCBP_DA_LMI_19-147-002-B490_RA
2023-01-01,2023,HCD_Harvey_mandatory_residential,disbursed_usd,0.0,USD_nominal,reported_period_amount,glo_financial,,observed_parsed,Do not cumulate a stock or double-count expenditures and disbursements. Reconcile with F31 before cash-flow calibration.,B-18-DP-48-0001,HCBP_DA_LMI_19-147-002-B490_RA
2023-01-01,2023,HCD_Harvey_mandatory_residential,program_income_disbursed_usd,0.0,USD_nominal,reported_period_amount,glo_financial,,observed_parsed,Do not cumulate a stock or double-count expenditures and disbursements. Reconcile with F31 before cash-flow calibration.,B-18-DP-48-0001,HCBP_DA_LMI_19-147-002-B490_RA
2023-01-01,2023,HCD_Harvey_mandatory_residential,program_income_received_usd,0.0,USD_nominal,reported_period_amount,glo_financial,,observed_parsed,Do not cumulate a stock or double-count expenditures and disbursements. Reconcile with F31 before cash-flow calibration.,B-18-DP-48-0001,HCBP_DA_LMI_19-147-002-B490_RA
2024-04-01,2024,HCD_Harvey_mandatory_residential,obligated_usd,70000000.0,USD_nominal,reported_period_amount,glo_financial,,observed_parsed,Do not cumulate a stock or double-count expenditures and disbursements. Reconcile with F31 before cash-flow calibration.,B-18-DP-48-0001,HCBP_DA_LMI_19-147-002-B490_RA
2024-04-01,2024,HCD_Harvey_mandatory_residential,expended_usd,0.0,USD_nominal,reported_period_amount,glo_financial,,observed_parsed,Do not cumulate a stock or double-count expenditures and disbursements. Reconcile with F31 before cash-flow calibration.,B-18-DP-48-0001,HCBP_DA_LMI_19-147-002-B490_RA
2024-04-01,2024,HCD_Harvey_mandatory_residential,disbursed_usd,0.0,USD_nominal,reported_period_amount,glo_financial,,observed_parsed,Do not cumulate a stock or double-count expenditures and disbursements. Reconcile with F31 before cash-flow calibration.,B-18-DP-48-0001,HCBP_DA_LMI_19-147-002-B490_RA
2024-04-01,2024,HCD_Harvey_mandatory_residential,program_income_disbursed_usd,0.0,USD_nominal,reported_period_amount,glo_financial,,observed_parsed,Do not cumulate a stock or double-count expenditures and disbursements. Reconcile with F31 before cash-flow calibration.,B-18-DP-48-0001,HCBP_DA_LMI_19-147-002-B490_RA
2024-04-01,2024,HCD_Harvey_mandatory_residential,program_income_received_usd,0.0,USD_nominal,reported_period_amount,glo_financial,,observed_parsed,Do not cumulate a stock or double-count expenditures and disbursements. Reconcile with F31 before cash-flow calibration.,B-18-DP-48-0001,HCBP_DA_LMI_19-147-002-B490_RA
2024-07-01,2024,HCD_Harvey_mandatory_residential,obligated_usd,-12423160.45,USD_nominal,reported_period_amount,glo_financial,,observed_parsed,Do not cumulate a stock or double-count expenditures and disbursements. Reconcile with F31 before cash-flow calibration.,B-18-DP-48-0001,HCBP_DA_LMI_19-147-002-B490_RA
2024-07-01,2024,HCD_Harvey_mandatory_residential,expended_usd,5334853.99,USD_nominal,reported_period_amount,glo_financial,,observed_parsed,Do not cumulate a stock or double-count expenditures and disbursements. Reconcile with F31 before cash-flow calibration.,B-18-DP-48-0001,HCBP_DA_LMI_19-147-002-B490_RA
2024-07-01,2024,HCD_Harvey_mandatory_residential,disbursed_usd,5334853.99,USD_nominal,reported_period_amount,glo_financial,,observed_parsed,Do not cumulate a stock or double-count expenditures and disbursements. Reconcile with F31 before cash-flow calibration.,B-18-DP-48-0001,HCBP_DA_LMI_19-147-002-B490_RA
2024-07-01,2024,HCD_Harvey_mandatory_residential,program_income_disbursed_usd,0.0,USD_nominal,reported_period_amount,glo_financial,,observed_parsed,Do not cumulate a stock or double-count expenditures and disbursements. Reconcile with F31 before cash-flow calibration.,B-18-DP-48-0001,HCBP_DA_LMI_19-147-002-B490_RA
2024-07-01,2024,HCD_Harvey_mandatory_residential,program_income_received_usd,0.0,USD_nominal,reported_period_amount,glo_financial,,observed_parsed,Do not cumulate a stock or double-count expenditures and disbursements. Reconcile with F31 before cash-flow calibration.,B-18-DP-48-0001,HCBP_DA_LMI_19-147-002-B490_RA
2024-10-01,2024,HCD_Harvey_mandatory_residential,obligated_usd,0.0,USD_nominal,reported_period_amount,glo_financial,,observed_parsed,Do not cumulate a stock or double-count expenditures and disbursements. Reconcile with F31 before cash-flow calibration.,B-18-DP-48-0001,HCBP_DA_LMI_19-147-002-B490_RA
2024-10-01,2024,HCD_Harvey_mandatory_residential,expended_usd,11525057.3,USD_nominal,reported_period_amount,glo_financial,,observed_parsed,Do not cumulate a stock or double-count expenditures and disbursements. Reconcile with F31 before cash-flow calibration.,B-18-DP-48-0001,HCBP_DA_LMI_19-147-002-B490_RA
2024-10-01,2024,HCD_Harvey_mandatory_residential,disbursed_usd,11525057.3,USD_nominal,reported_period_amount,glo_financial,,observed_parsed,Do not cumulate a stock or double-count expenditures and disbursements. Reconcile with F31 before cash-flow calibration.,B-18-DP-48-0001,HCBP_DA_LMI_19-147-002-B490_RA
2024-10-01,2024,HCD_Harvey_mandatory_residential,program_income_disbursed_usd,0.0,USD_nominal,reported_period_amount,glo_financial,,observed_parsed,Do not cumulate a stock or double-count expenditures and disbursements. Reconcile with F31 before cash-flow calibration.,B-18-DP-48-0001,HCBP_DA_LMI_19-147-002-B490_RA
2024-10-01,2024,HCD_Harvey_mandatory_residential,program_income_received_usd,0.0,USD_nominal,reported_period_amount,glo_financial,,observed_parsed,Do not cumulate a stock or double-count expenditures and disbursements. Reconcile with F31 before cash-flow calibration.,B-18-DP-48-0001,HCBP_DA_LMI_19-147-002-B490_RA
2025-01-01,2025,HCD_Harvey_mandatory_residential,obligated_usd,0.0,USD_nominal,reported_period_amount,glo_financial,,observed_parsed,Do not cumulate a stock or double-count expenditures and disbursements. Reconcile with F31 before cash-flow calibration.,B-18-DP-48-0001,HCBP_DA_LMI_19-147-002-B490_RA
2025-01-01,2025,HCD_Harvey_mandatory_residential,expended_usd,13821503.78,USD_nominal,reported_period_amount,glo_financial,,observed_parsed,Do not cumulate a stock or double-count expenditures and disbursements. Reconcile with F31 before cash-flow calibration.,B-18-DP-48-0001,HCBP_DA_LMI_19-147-002-B490_RA
2025-01-01,2025,HCD_Harvey_mandatory_residential,disbursed_usd,13821503.78,USD_nominal,reported_period_amount,glo_financial,,observed_parsed,Do not cumulate a stock or double-count expenditures and disbursements. Reconcile with F31 before cash-flow calibration.,B-18-DP-48-0001,HCBP_DA_LMI_19-147-002-B490_RA
2025-01-01,2025,HCD_Harvey_mandatory_residential,program_income_disbursed_usd,0.0,USD_nominal,reported_period_amount,glo_financial,,observed_parsed,Do not cumulate a stock or double-count expenditures and disbursements. Reconcile with F31 before cash-flow calibration.,B-18-DP-48-0001,HCBP_DA_LMI_19-147-002-B490_RA
2025-01-01,2025,HCD_Harvey_mandatory_residential,program_income_received_usd,0.0,USD_nominal,reported_period_amount,glo_financial,,observed_parsed,Do not cumulate a stock or double-count expenditures and disbursements. Reconcile with F31 before cash-flow calibration.,B-18-DP-48-0001,HCBP_DA_LMI_19-147-002-B490_RA
2025-04-01,2025,HCD_Harvey_mandatory_residential,obligated_usd,-3831000.0,USD_nominal,reported_period_amount,glo_financial,,observed_parsed,Do not cumulate a stock or double-count expenditures and disbursements. Reconcile with F31 before cash-flow calibration.,B-18-DP-48-0001,HCBP_DA_LMI_19-147-002-B490_RA
2025-04-01,2025,HCD_Harvey_mandatory_residential,expended_usd,6283186.31,USD_nominal,reported_period_amount,glo_financial,,observed_parsed,Do not cumulate a stock or double-count expenditures and disbursements. Reconcile with F31 before cash-flow calibration.,B-18-DP-48-0001,HCBP_DA_LMI_19-147-002-B490_RA
2025-04-01,2025,HCD_Harvey_mandatory_residential,disbursed_usd,6283186.31,USD_nominal,reported_period_amount,glo_financial,,observed_parsed,Do not cumulate a stock or double-count expenditures and disbursements. Reconcile with F31 before cash-flow calibration.,B-18-DP-48-0001,HCBP_DA_LMI_19-147-002-B490_RA
2025-04-01,2025,HCD_Harvey_mandatory_residential,program_income_disbursed_usd,0.0,USD_nominal,reported_period_amount,glo_financial,,observed_parsed,Do not cumulate a stock or double-count expenditures and disbursements. Reconcile with F31 before cash-flow calibration.,B-18-DP-48-0001,HCBP_DA_LMI_19-147-002-B490_RA
2025-04-01,2025,HCD_Harvey_mandatory_residential,program_income_received_usd,0.0,USD_nominal,reported_period_amount,glo_financial,,observed_parsed,Do not cumulate a stock or double-count expenditures and disbursements. Reconcile with F31 before cash-flow calibration.,B-18-DP-48-0001,HCBP_DA_LMI_19-147-002-B490_RA
2025-07-01,2025,HCD_Harvey_mandatory_residential,obligated_usd,0.0,USD_nominal,reported_period_amount,glo_financial,,observed_parsed,Do not cumulate a stock or double-count expenditures and disbursements. Reconcile with F31 before cash-flow calibration.,B-18-DP-48-0001,HCBP_DA_LMI_19-147-002-B490_RA
2025-07-01,2025,HCD_Harvey_mandatory_residential,expended_usd,4567056.35,USD_nominal,reported_period_amount,glo_financial,,observed_parsed,Do not cumulate a stock or double-count expenditures and disbursements. Reconcile with F31 before cash-flow calibration.,B-18-DP-48-0001,HCBP_DA_LMI_19-147-002-B490_RA
2025-07-01,2025,HCD_Harvey_mandatory_residential,disbursed_usd,4567056.35,USD_nominal,reported_period_amount,glo_financial,,observed_parsed,Do not cumulate a stock or double-count expenditures and disbursements. Reconcile with F31 before cash-flow calibration.,B-18-DP-48-0001,HCBP_DA_LMI_19-147-002-B490_RA
2025-07-01,2025,HCD_Harvey_mandatory_residential,program_income_disbursed_usd,0.0,USD_nominal,reported_period_amount,glo_financial,,observed_parsed,Do not cumulate a stock or double-count expenditures and disbursements. Reconcile with F31 before cash-flow calibration.,B-18-DP-48-0001,HCBP_DA_LMI_19-147-002-B490_RA
2025-07-01,2025,HCD_Harvey_mandatory_residential,program_income_received_usd,0.0,USD_nominal,reported_period_amount,glo_financial,,observed_parsed,Do not cumulate a stock or double-count expenditures and disbursements. Reconcile with F31 before cash-flow calibration.,B-18-DP-48-0001,HCBP_DA_LMI_19-147-002-B490_RA
2025-10-01,2025,HCD_Harvey_mandatory_residential,obligated_usd,169981.56,USD_nominal,reported_period_amount,glo_financial,,observed_parsed,Do not cumulate a stock or double-count expenditures and disbursements. Reconcile with F31 before cash-flow calibration.,B-18-DP-48-0001,HCBP_DA_LMI_19-147-002-B490_RA
2025-10-01,2025,HCD_Harvey_mandatory_residential,expended_usd,5617495.75,USD_nominal,reported_period_amount,glo_financial,,observed_parsed,Do not cumulate a stock or double-count expenditures and disbursements. Reconcile with F31 before cash-flow calibration.,B-18-DP-48-0001,HCBP_DA_LMI_19-147-002-B490_RA
2025-10-01,2025,HCD_Harvey_mandatory_residential,disbursed_usd,5617495.75,USD_nominal,reported_period_amount,glo_financial,,observed_parsed,Do not cumulate a stock or double-count expenditures and disbursements. Reconcile with F31 before cash-flow calibration.,B-18-DP-48-0001,HCBP_DA_LMI_19-147-002-B490_RA
2025-10-01,2025,HCD_Harvey_mandatory_residential,program_income_disbursed_usd,0.0,USD_nominal,reported_period_amount,glo_financial,,observed_parsed,Do not cumulate a stock or double-count expenditures and disbursements. Reconcile with F31 before cash-flow calibration.,B-18-DP-48-0001,HCBP_DA_LMI_19-147-002-B490_RA
2025-10-01,2025,HCD_Harvey_mandatory_residential,program_income_received_usd,0.0,USD_nominal,reported_period_amount,glo_financial,,observed_parsed,Do not cumulate a stock or double-count expenditures and disbursements. Reconcile with F31 before cash-flow calibration.,B-18-DP-48-0001,HCBP_DA_LMI_19-147-002-B490_RA
2026-01-01,2026,HCD_Harvey_mandatory_residential,obligated_usd,0.0,USD_nominal,reported_period_amount,glo_financial,,observed_parsed,Do not cumulate a stock or double-count expenditures and disbursements. Reconcile with F31 before cash-flow calibration.,B-18-DP-48-0001,HCBP_DA_LMI_19-147-002-B490_RA
2026-01-01,2026,HCD_Harvey_mandatory_residential,expended_usd,0.0,USD_nominal,reported_period_amount,glo_financial,,observed_parsed,Do not cumulate a stock or double-count expenditures and disbursements. Reconcile with F31 before cash-flow calibration.,B-18-DP-48-0001,HCBP_DA_LMI_19-147-002-B490_RA
2026-01-01,2026,HCD_Harvey_mandatory_residential,disbursed_usd,-1134.7,USD_nominal,reported_period_amount,glo_financial,,observed_parsed,Do not cumulate a stock or double-count expenditures and disbursements. Reconcile with F31 before cash-flow calibration.,B-18-DP-48-0001,HCBP_DA_LMI_19-147-002-B490_RA
2026-01-01,2026,HCD_Harvey_mandatory_residential,program_income_disbursed_usd,0.0,USD_nominal,reported_period_amount,glo_financial,,observed_parsed,Do not cumulate a stock or double-count expenditures and disbursements. Reconcile with F31 before cash-flow calibration.,B-18-DP-48-0001,HCBP_DA_LMI_19-147-002-B490_RA
2026-01-01,2026,HCD_Harvey_mandatory_residential,program_income_received_usd,0.0,USD_nominal,reported_period_amount,glo_financial,,observed_parsed,Do not cumulate a stock or double-count expenditures and disbursements. Reconcile with F31 before cash-flow calibration.,B-18-DP-48-0001,HCBP_DA_LMI_19-147-002-B490_RA
2024-07-01,2024,HCD_Harvey_mandatory_residential,obligated_usd,685308.0,USD_nominal,reported_period_amount,glo_financial,,observed_parsed,Do not cumulate a stock or double-count expenditures and disbursements. Reconcile with F31 before cash-flow calibration.,B-18-DP-48-0001,HCBP_DA_UN_19-147-002-B490_HI
2024-07-01,2024,HCD_Harvey_mandatory_residential,expended_usd,12888.0,USD_nominal,reported_period_amount,glo_financial,,observed_parsed,Do not cumulate a stock or double-count expenditures and disbursements. Reconcile with F31 before cash-flow calibration.,B-18-DP-48-0001,HCBP_DA_UN_19-147-002-B490_HI
2024-07-01,2024,HCD_Harvey_mandatory_residential,disbursed_usd,12888.0,USD_nominal,reported_period_amount,glo_financial,,observed_parsed,Do not cumulate a stock or double-count expenditures and disbursements. Reconcile with F31 before cash-flow calibration.,B-18-DP-48-0001,HCBP_DA_UN_19-147-002-B490_HI
2024-07-01,2024,HCD_Harvey_mandatory_residential,program_income_disbursed_usd,0.0,USD_nominal,reported_period_amount,glo_financial,,observed_parsed,Do not cumulate a stock or double-count expenditures and disbursements. Reconcile with F31 before cash-flow calibration.,B-18-DP-48-0001,HCBP_DA_UN_19-147-002-B490_HI
2024-07-01,2024,HCD_Harvey_mandatory_residential,program_income_received_usd,0.0,USD_nominal,reported_period_amount,glo_financial,,observed_parsed,Do not cumulate a stock or double-count expenditures and disbursements. Reconcile with F31 before cash-flow calibration.,B-18-DP-48-0001,HCBP_DA_UN_19-147-002-B490_HI
2024-10-01,2024,HCD_Harvey_mandatory_residential,obligated_usd,0.0,USD_nominal,reported_period_amount,glo_financial,,observed_parsed,Do not cumulate a stock or double-count expenditures and disbursements. Reconcile with F31 before cash-flow calibration.,B-18-DP-48-0001,HCBP_DA_UN_19-147-002-B490_HI
2024-10-01,2024,HCD_Harvey_mandatory_residential,expended_usd,19875.0,USD_nominal,reported_period_amount,glo_financial,,observed_parsed,Do not cumulate a stock or double-count expenditures and disbursements. Reconcile with F31 before cash-flow calibration.,B-18-DP-48-0001,HCBP_DA_UN_19-147-002-B490_HI
2024-10-01,2024,HCD_Harvey_mandatory_residential,disbursed_usd,19875.0,USD_nominal,reported_period_amount,glo_financial,,observed_parsed,Do not cumulate a stock or double-count expenditures and disbursements. Reconcile with F31 before cash-flow calibration.,B-18-DP-48-0001,HCBP_DA_UN_19-147-002-B490_HI
2024-10-01,2024,HCD_Harvey_mandatory_residential,program_income_disbursed_usd,0.0,USD_nominal,reported_period_amount,glo_financial,,observed_parsed,Do not cumulate a stock or double-count expenditures and disbursements. Reconcile with F31 before cash-flow calibration.,B-18-DP-48-0001,HCBP_DA_UN_19-147-002-B490_HI
2024-10-01,2024,HCD_Harvey_mandatory_residential,program_income_received_usd,0.0,USD_nominal,reported_period_amount,glo_financial,,observed_parsed,Do not cumulate a stock or double-count expenditures and disbursements. Reconcile with F31 before cash-flow calibration.,B-18-DP-48-0001,HCBP_DA_UN_19-147-002-B490_HI
2025-01-01,2025,HCD_Harvey_mandatory_residential,obligated_usd,0.0,USD_nominal,reported_period_amount,glo_financial,,observed_parsed,Do not cumulate a stock or double-count expenditures and disbursements. Reconcile with F31 before cash-flow calibration.,B-18-DP-48-0001,HCBP_DA_UN_19-147-002-B490_HI
2025-01-01,2025,HCD_Harvey_mandatory_residential,expended_usd,6678.3,USD_nominal,reported_period_amount,glo_financial,,observed_parsed,Do not cumulate a stock or double-count expenditures and disbursements. Reconcile with F31 before cash-flow calibration.,B-18-DP-48-0001,HCBP_DA_UN_19-147-002-B490_HI
2025-01-01,2025,HCD_Harvey_mandatory_residential,disbursed_usd,6678.3,USD_nominal,reported_period_amount,glo_financial,,observed_parsed,Do not cumulate a stock or double-count expenditures and disbursements. Reconcile with F31 before cash-flow calibration.,B-18-DP-48-0001,HCBP_DA_UN_19-147-002-B490_HI
2025-01-01,2025,HCD_Harvey_mandatory_residential,program_income_disbursed_usd,0.0,USD_nominal,reported_period_amount,glo_financial,,observed_parsed,Do not cumulate a stock or double-count expenditures and disbursements. Reconcile with F31 before cash-flow calibration.,B-18-DP-48-0001,HCBP_DA_UN_19-147-002-B490_HI
2025-01-01,2025,HCD_Harvey_mandatory_residential,program_income_received_usd,0.0,USD_nominal,reported_period_amount,glo_financial,,observed_parsed,Do not cumulate a stock or double-count expenditures and disbursements. Reconcile with F31 before cash-flow calibration.,B-18-DP-48-0001,HCBP_DA_UN_19-147-002-B490_HI
2025-04-01,2025,HCD_Harvey_mandatory_residential,obligated_usd,-400000.0,USD_nominal,reported_period_amount,glo_financial,,observed_parsed,Do not cumulate a stock or double-count expenditures and disbursements. Reconcile with F31 before cash-flow calibration.,B-18-DP-48-0001,HCBP_DA_UN_19-147-002-B490_HI
2025-04-01,2025,HCD_Harvey_mandatory_residential,expended_usd,33306.0,USD_nominal,reported_period_amount,glo_financial,,observed_parsed,Do not cumulate a stock or double-count expenditures and disbursements. Reconcile with F31 before cash-flow calibration.,B-18-DP-48-0001,HCBP_DA_UN_19-147-002-B490_HI
2025-04-01,2025,HCD_Harvey_mandatory_residential,disbursed_usd,33306.0,USD_nominal,reported_period_amount,glo_financial,,observed_parsed,Do not cumulate a stock or double-count expenditures and disbursements. Reconcile with F31 before cash-flow calibration.,B-18-DP-48-0001,HCBP_DA_UN_19-147-002-B490_HI
2025-04-01,2025,HCD_Harvey_mandatory_residential,program_income_disbursed_usd,0.0,USD_nominal,reported_period_amount,glo_financial,,observed_parsed,Do not cumulate a stock or double-count expenditures and disbursements. Reconcile with F31 before cash-flow calibration.,B-18-DP-48-0001,HCBP_DA_UN_19-147-002-B490_HI
2025-04-01,2025,HCD_Harvey_mandatory_residential,program_income_received_usd,0.0,USD_nominal,reported_period_amount,glo_financial,,observed_parsed,Do not cumulate a stock or double-count expenditures and disbursements. Reconcile with F31 before cash-flow calibration.,B-18-DP-48-0001,HCBP_DA_UN_19-147-002-B490_HI
2025-07-01,2025,HCD_Harvey_mandatory_residential,obligated_usd,0.0,USD_nominal,reported_period_amount,glo_financial,,observed_parsed,Do not cumulate a stock or double-count expenditures and disbursements. Reconcile with F31 before cash-flow calibration.,B-18-DP-48-0001,HCBP_DA_UN_19-147-002-B490_HI
2025-07-01,2025,HCD_Harvey_mandatory_residential,expended_usd,51523.0,USD_nominal,reported_period_amount,glo_financial,,observed_parsed,Do not cumulate a stock or double-count expenditures and disbursements. Reconcile with F31 before cash-flow calibration.,B-18-DP-48-0001,HCBP_DA_UN_19-147-002-B490_HI
2025-07-01,2025,HCD_Harvey_mandatory_residential,disbursed_usd,51523.0,USD_nominal,reported_period_amount,glo_financial,,observed_parsed,Do not cumulate a stock or double-count expenditures and disbursements. Reconcile with F31 before cash-flow calibration.,B-18-DP-48-0001,HCBP_DA_UN_19-147-002-B490_HI
2025-07-01,2025,HCD_Harvey_mandatory_residential,program_income_disbursed_usd,0.0,USD_nominal,reported_period_amount,glo_financial,,observed_parsed,Do not cumulate a stock or double-count expenditures and disbursements. Reconcile with F31 before cash-flow calibration.,B-18-DP-48-0001,HCBP_DA_UN_19-147-002-B490_HI
2025-07-01,2025,HCD_Harvey_mandatory_residential,program_income_received_usd,0.0,USD_nominal,reported_period_amount,glo_financial,,observed_parsed,Do not cumulate a stock or double-count expenditures and disbursements. Reconcile with F31 before cash-flow calibration.,B-18-DP-48-0001,HCBP_DA_UN_19-147-002-B490_HI
2025-10-01,2025,HCD_Harvey_mandatory_residential,obligated_usd,743984.22,USD_nominal,reported_period_amount,glo_financial,,observed_parsed,Do not cumulate a stock or double-count expenditures and disbursements. Reconcile with F31 before cash-flow calibration.,B-18-DP-48-0001,HCBP_DA_UN_19-147-002-B490_HI
2025-10-01,2025,HCD_Harvey_mandatory_residential,expended_usd,40832.98,USD_nominal,reported_period_amount,glo_financial,,observed_parsed,Do not cumulate a stock or double-count expenditures and disbursements. Reconcile with F31 before cash-flow calibration.,B-18-DP-48-0001,HCBP_DA_UN_19-147-002-B490_HI
2025-10-01,2025,HCD_Harvey_mandatory_residential,disbursed_usd,40832.98,USD_nominal,reported_period_amount,glo_financial,,observed_parsed,Do not cumulate a stock or double-count expenditures and disbursements. Reconcile with F31 before cash-flow calibration.,B-18-DP-48-0001,HCBP_DA_UN_19-147-002-B490_HI
2025-10-01,2025,HCD_Harvey_mandatory_residential,program_income_disbursed_usd,0.0,USD_nominal,reported_period_amount,glo_financial,,observed_parsed,Do not cumulate a stock or double-count expenditures and disbursements. Reconcile with F31 before cash-flow calibration.,B-18-DP-48-0001,HCBP_DA_UN_19-147-002-B490_HI
2025-10-01,2025,HCD_Harvey_mandatory_residential,program_income_received_usd,0.0,USD_nominal,reported_period_amount,glo_financial,,observed_parsed,Do not cumulate a stock or double-count expenditures and disbursements. Reconcile with F31 before cash-flow calibration.,B-18-DP-48-0001,HCBP_DA_UN_19-147-002-B490_HI
2015-01-01,2015,Harris_County,original_certified_taxable_base,392000000000.0,USD_nominal,tax_year,county_budget_fy2026,24,observed_rounded,Original certified county tax base is rounded to billions; not the current revised HCAD real-property-only total.,,
2015-01-01,2015,Harris_County,new_construction_value,10800000000.0,USD_nominal,tax_year,county_budget_fy2026,24,observed_rounded,Original certified county tax base is rounded to billions; not the current revised HCAD real-property-only total.,,
2015-01-01,2015,Harris_County,total_adopted_tax_rate_per_100,0.41923,USD_per_100_USD,tax_year,county_budget_fy2025,27,observed,Original certified county tax base is rounded to billions; not the current revised HCAD real-property-only total.,,
2015-01-01,2015,HCFCD,total_adopted_tax_rate_per_100,0.02733,USD_per_100_USD,tax_year,county_budget_fy2025,27,observed,HCFCD is a separate taxing entity; same property dollars are not additive tax bases.,,
2016-01-01,2016,Harris_County,original_certified_taxable_base,421000000000.0,USD_nominal,tax_year,county_budget_fy2026,24,observed_rounded,Original certified county tax base is rounded to billions; not the current revised HCAD real-property-only total.,,
2016-01-01,2016,Harris_County,new_construction_value,12000000000.0,USD_nominal,tax_year,county_budget_fy2026,24,observed_rounded,Original certified county tax base is rounded to billions; not the current revised HCAD real-property-only total.,,
2016-01-01,2016,Harris_County,total_adopted_tax_rate_per_100,0.41656,USD_per_100_USD,tax_year,county_budget_fy2025,27,observed,Original certified county tax base is rounded to billions; not the current revised HCAD real-property-only total.,,
2016-01-01,2016,HCFCD,total_adopted_tax_rate_per_100,0.02829,USD_per_100_USD,tax_year,county_budget_fy2025,27,observed,HCFCD is a separate taxing entity; same property dollars are not additive tax bases.,,
2017-01-01,2017,Harris_County,original_certified_taxable_base,438000000000.0,USD_nominal,tax_year,county_budget_fy2026,24,observed_rounded,Original certified county tax base is rounded to billions; not the current revised HCAD real-property-only total.,,
2017-01-01,2017,Harris_County,new_construction_value,12000000000.0,USD_nominal,tax_year,county_budget_fy2026,24,observed_rounded,Original certified county tax base is rounded to billions; not the current revised HCAD real-property-only total.,,
2017-01-01,2017,Harris_County,total_adopted_tax_rate_per_100,0.41801,USD_per_100_USD,tax_year,county_budget_fy2025,27,observed,Original certified county tax base is rounded to billions; not the current revised HCAD real-property-only total.,,
2017-01-01,2017,HCFCD,total_adopted_tax_rate_per_100,0.02831,USD_per_100_USD,tax_year,county_budget_fy2025,27,observed,HCFCD is a separate taxing entity; same property dollars are not additive tax bases.,,
2018-01-01,2018,Harris_County,original_certified_taxable_base,450000000000.0,USD_nominal,tax_year,county_budget_fy2026,24,observed_rounded,Original certified county tax base is rounded to billions; not the current revised HCAD real-property-only total.,,
2018-01-01,2018,Harris_County,new_construction_value,10500000000.0,USD_nominal,tax_year,county_budget_fy2026,24,observed_rounded,Original certified county tax base is rounded to billions; not the current revised HCAD real-property-only total.,,
2018-01-01,2018,Harris_County,total_adopted_tax_rate_per_100,0.41858,USD_per_100_USD,tax_year,county_budget_fy2025,27,observed,Original certified county tax base is rounded to billions; not the current revised HCAD real-property-only total.,,
2018-01-01,2018,HCFCD,total_adopted_tax_rate_per_100,0.02877,USD_per_100_USD,tax_year,county_budget_fy2025,27,observed,HCFCD is a separate taxing entity; same property dollars are not additive tax bases.,,
2019-01-01,2019,Harris_County,original_certified_taxable_base,483000000000.0,USD_nominal,tax_year,county_budget_fy2026,24,observed_rounded,Original certified county tax base is rounded to billions; not the current revised HCAD real-property-only total.,,
2019-01-01,2019,Harris_County,new_construction_value,9900000000.0,USD_nominal,tax_year,county_budget_fy2026,24,observed_rounded,Original certified county tax base is rounded to billions; not the current revised HCAD real-property-only total.,,
2019-01-01,2019,Harris_County,total_adopted_tax_rate_per_100,0.40713,USD_per_100_USD,tax_year,county_budget_fy2025,27,observed,Original certified county tax base is rounded to billions; not the current revised HCAD real-property-only total.,,
2019-01-01,2019,HCFCD,total_adopted_tax_rate_per_100,0.02792,USD_per_100_USD,tax_year,county_budget_fy2025,27,observed,HCFCD is a separate taxing entity; same property dollars are not additive tax bases.,,
2020-01-01,2020,Harris_County,original_certified_taxable_base,505000000000.0,USD_nominal,tax_year,county_budget_fy2026,24,observed_rounded,Original certified county tax base is rounded to billions; not the current revised HCAD real-property-only total.,,
2020-01-01,2020,Harris_County,new_construction_value,12300000000.0,USD_nominal,tax_year,county_budget_fy2026,24,observed_rounded,Original certified county tax base is rounded to billions; not the current revised HCAD real-property-only total.,,
2020-01-01,2020,Harris_County,total_adopted_tax_rate_per_100,0.39116,USD_per_100_USD,tax_year,county_budget_fy2025,27,observed,Original certified county tax base is rounded to billions; not the current revised HCAD real-property-only total.,,
2020-01-01,2020,HCFCD,total_adopted_tax_rate_per_100,0.03142,USD_per_100_USD,tax_year,county_budget_fy2025,27,observed,HCFCD is a separate taxing entity; same property dollars are not additive tax bases.,,
2021-01-01,2021,Harris_County,original_certified_taxable_base,521000000000.0,USD_nominal,tax_year,county_budget_fy2026,24,observed_rounded,Original certified county tax base is rounded to billions; not the current revised HCAD real-property-only total.,,
2021-01-01,2021,Harris_County,new_construction_value,11200000000.0,USD_nominal,tax_year,county_budget_fy2026,24,observed_rounded,Original certified county tax base is rounded to billions; not the current revised HCAD real-property-only total.,,
2021-01-01,2021,Harris_County,total_adopted_tax_rate_per_100,0.37693,USD_per_100_USD,tax_year,county_budget_fy2025,27,observed,Original certified county tax base is rounded to billions; not the current revised HCAD real-property-only total.,,
2021-01-01,2021,HCFCD,total_adopted_tax_rate_per_100,0.03349,USD_per_100_USD,tax_year,county_budget_fy2025,27,observed,HCFCD is a separate taxing entity; same property dollars are not additive tax bases.,,
2022-01-01,2022,Harris_County,original_certified_taxable_base,586000000000.0,USD_nominal,tax_year,county_budget_fy2026,24,observed_rounded,Original certified county tax base is rounded to billions; not the current revised HCAD real-property-only total.,,
2022-01-01,2022,Harris_County,new_construction_value,12400000000.0,USD_nominal,tax_year,county_budget_fy2026,24,observed_rounded,Original certified county tax base is rounded to billions; not the current revised HCAD real-property-only total.,,
2022-01-01,2022,Harris_County,total_adopted_tax_rate_per_100,0.34373,USD_per_100_USD,tax_year,county_budget_fy2025,27,observed,Original certified county tax base is rounded to billions; not the current revised HCAD real-property-only total.,,
2022-01-01,2022,HCFCD,total_adopted_tax_rate_per_100,0.03055,USD_per_100_USD,tax_year,county_budget_fy2025,27,observed,HCFCD is a separate taxing entity; same property dollars are not additive tax bases.,,
2023-01-01,2023,Harris_County,original_certified_taxable_base,658000000000.0,USD_nominal,tax_year,county_budget_fy2026,24,observed_rounded,Original certified county tax base is rounded to billions; not the current revised HCAD real-property-only total.,,
2023-01-01,2023,Harris_County,new_construction_value,13800000000.0,USD_nominal,tax_year,county_budget_fy2026,24,observed_rounded,Original certified county tax base is rounded to billions; not the current revised HCAD real-property-only total.,,
2023-01-01,2023,Harris_County,total_adopted_tax_rate_per_100,0.35007,USD_per_100_USD,tax_year,county_budget_fy2025,27,observed,Original certified county tax base is rounded to billions; not the current revised HCAD real-property-only total.,,
2023-01-01,2023,HCFCD,total_adopted_tax_rate_per_100,0.03105,USD_per_100_USD,tax_year,county_budget_fy2025,27,observed,HCFCD is a separate taxing entity; same property dollars are not additive tax bases.,,
2024-01-01,2024,Harris_County,original_certified_taxable_base,665000000000.0,USD_nominal,tax_year,county_budget_fy2026,24,observed_rounded,Original certified county tax base is rounded to billions; not the current revised HCAD real-property-only total.,,
2024-01-01,2024,Harris_County,new_construction_value,15400000000.0,USD_nominal,tax_year,county_budget_fy2026,24,observed_rounded,Original certified county tax base is rounded to billions; not the current revised HCAD real-property-only total.,,
2024-01-01,2024,Harris_County,total_adopted_tax_rate_per_100,0.38529,USD_per_100_USD,tax_year,county_budget_fy2026,7,observed,Original certified county tax base is rounded to billions; not the current revised HCAD real-property-only total.,,
2024-01-01,2024,HCFCD,total_adopted_tax_rate_per_100,0.04897,USD_per_100_USD,tax_year,county_budget_fy2026,8,observed,HCFCD is a separate taxing entity; same property dollars are not additive tax bases.,,
