geoid_2020,year,population_people,owner_households,renter_households,people_below_poverty,poverty_universe_people,poverty_share,renter_share,source_id,evidence_status,note
48201100001,2024,5869.0,0.0,3379.0,554.0,4938.0,0.1121911705143783,1.0,hydro_acs,observed_context,"Tenure and poverty are contextual measures. They do not identify trust, willingness, social capital, wellbeing, or overlapping vulnerable-household unions."
48201210400,2024,3628.0,681.0,794.0,858.0,3628.0,0.2364939360529217,0.5383050847457627,hydro_acs,observed_context,"Tenure and poverty are contextual measures. They do not identify trust, willingness, social capital, wellbeing, or overlapping vulnerable-household unions."
48201210500,2024,4767.0,970.0,962.0,1071.0,4767.0,0.224669603524229,0.4979296066252588,hydro_acs,observed_context,"Tenure and poverty are contextual measures. They do not identify trust, willingness, social capital, wellbeing, or overlapping vulnerable-household unions."
48201210600,2024,5415.0,1316.0,1059.0,363.0,5415.0,0.0670360110803324,0.4458947368421053,hydro_acs,observed_context,"Tenure and poverty are contextual measures. They do not identify trust, willingness, social capital, wellbeing, or overlapping vulnerable-household unions."
48201210700,2024,2208.0,582.0,391.0,442.0,2199.0,0.20100045475216,0.40184994861253853,hydro_acs,observed_context,"Tenure and poverty are contextual measures. They do not identify trust, willingness, social capital, wellbeing, or overlapping vulnerable-household unions."
48201210800,2024,2250.0,287.0,683.0,690.0,2250.0,0.3066666666666666,0.7041237113402062,hydro_acs,observed_context,"Tenure and poverty are contextual measures. They do not identify trust, willingness, social capital, wellbeing, or overlapping vulnerable-household unions."
48201210900,2024,1812.0,259.0,414.0,603.0,1802.0,0.3346281908990011,0.6151560178306092,hydro_acs,observed_context,"Tenure and poverty are contextual measures. They do not identify trust, willingness, social capital, wellbeing, or overlapping vulnerable-household unions."
48201211000,2024,1674.0,337.0,373.0,448.0,1645.0,0.2723404255319149,0.5253521126760563,hydro_acs,observed_context,"Tenure and poverty are contextual measures. They do not identify trust, willingness, social capital, wellbeing, or overlapping vulnerable-household unions."
48201211101,2024,2954.0,375.0,558.0,1016.0,2947.0,0.344757380386834,0.5980707395498392,hydro_acs,observed_context,"Tenure and poverty are contextual measures. They do not identify trust, willingness, social capital, wellbeing, or overlapping vulnerable-household unions."
48201211102,2024,2401.0,347.0,384.0,1310.0,2401.0,0.5456059975010412,0.5253077975376197,hydro_acs,observed_context,"Tenure and poverty are contextual measures. They do not identify trust, willingness, social capital, wellbeing, or overlapping vulnerable-household unions."
48201211200,2024,2330.0,385.0,661.0,766.0,2329.0,0.3288965221124946,0.6319311663479924,hydro_acs,observed_context,"Tenure and poverty are contextual measures. They do not identify trust, willingness, social capital, wellbeing, or overlapping vulnerable-household unions."
48201211301,2024,2676.0,382.0,546.0,1300.0,2676.0,0.4857997010463378,0.5883620689655172,hydro_acs,observed_context,"Tenure and poverty are contextual measures. They do not identify trust, willingness, social capital, wellbeing, or overlapping vulnerable-household unions."
48201211302,2024,2075.0,346.0,819.0,709.0,2020.0,0.3509900990099009,0.7030042918454935,hydro_acs,observed_context,"Tenure and poverty are contextual measures. They do not identify trust, willingness, social capital, wellbeing, or overlapping vulnerable-household unions."
48201211400,2024,4291.0,918.0,849.0,856.0,4291.0,0.1994872989979025,0.48047538200339557,hydro_acs,observed_context,"Tenure and poverty are contextual measures. They do not identify trust, willingness, social capital, wellbeing, or overlapping vulnerable-household unions."
48201211501,2024,3129.0,409.0,570.0,1130.0,3129.0,0.3611377436880792,0.5822267620020429,hydro_acs,observed_context,"Tenure and poverty are contextual measures. They do not identify trust, willingness, social capital, wellbeing, or overlapping vulnerable-household unions."
48201211502,2024,2805.0,583.0,276.0,781.0,2805.0,0.2784313725490196,0.3213038416763679,hydro_acs,observed_context,"Tenure and poverty are contextual measures. They do not identify trust, willingness, social capital, wellbeing, or overlapping vulnerable-household unions."
48201211600,2024,2802.0,614.0,452.0,504.0,2802.0,0.1798715203426124,0.42401500938086306,hydro_acs,observed_context,"Tenure and poverty are contextual measures. They do not identify trust, willingness, social capital, wellbeing, or overlapping vulnerable-household unions."
48201211700,2024,3838.0,903.0,493.0,719.0,3718.0,0.1933835395373856,0.3531518624641834,hydro_acs,observed_context,"Tenure and poverty are contextual measures. They do not identify trust, willingness, social capital, wellbeing, or overlapping vulnerable-household unions."
48201211900,2024,4150.0,1169.0,424.0,484.0,4129.0,0.1172196657786388,0.26616446955430006,hydro_acs,observed_context,"Tenure and poverty are contextual measures. They do not identify trust, willingness, social capital, wellbeing, or overlapping vulnerable-household unions."
48201212300,2024,4731.0,798.0,1122.0,1195.0,4731.0,0.2525893045867681,0.584375,hydro_acs,observed_context,"Tenure and poverty are contextual measures. They do not identify trust, willingness, social capital, wellbeing, or overlapping vulnerable-household unions."
48201212400,2024,2871.0,538.0,354.0,843.0,2871.0,0.2936259143155695,0.3968609865470852,hydro_acs,observed_context,"Tenure and poverty are contextual measures. They do not identify trust, willingness, social capital, wellbeing, or overlapping vulnerable-household unions."
48201212500,2024,3456.0,1020.0,438.0,590.0,3456.0,0.1707175925925926,0.3004115226337449,hydro_acs,observed_context,"Tenure and poverty are contextual measures. They do not identify trust, willingness, social capital, wellbeing, or overlapping vulnerable-household unions."
48201220100,2024,1524.0,373.0,195.0,237.0,1524.0,0.155511811023622,0.34330985915492956,hydro_acs,observed_context,"Tenure and poverty are contextual measures. They do not identify trust, willingness, social capital, wellbeing, or overlapping vulnerable-household unions."
48201220200,2024,2405.0,392.0,352.0,681.0,2405.0,0.2831600831600832,0.4731182795698925,hydro_acs,observed_context,"Tenure and poverty are contextual measures. They do not identify trust, willingness, social capital, wellbeing, or overlapping vulnerable-household unions."
48201220300,2024,3773.0,676.0,591.0,1107.0,3773.0,0.2934004770739464,0.4664561957379637,hydro_acs,observed_context,"Tenure and poverty are contextual measures. They do not identify trust, willingness, social capital, wellbeing, or overlapping vulnerable-household unions."
48201220400,2024,4176.0,907.0,645.0,1230.0,4158.0,0.2958152958152958,0.41559278350515466,hydro_acs,observed_context,"Tenure and poverty are contextual measures. They do not identify trust, willingness, social capital, wellbeing, or overlapping vulnerable-household unions."
48201220500,2024,3429.0,416.0,1145.0,872.0,3371.0,0.2586769504598042,0.7335041639974376,hydro_acs,observed_context,"Tenure and poverty are contextual measures. They do not identify trust, willingness, social capital, wellbeing, or overlapping vulnerable-household unions."
48201220600,2024,3168.0,488.0,438.0,1170.0,3168.0,0.3693181818181818,0.47300215982721383,hydro_acs,observed_context,"Tenure and poverty are contextual measures. They do not identify trust, willingness, social capital, wellbeing, or overlapping vulnerable-household unions."
48201220701,2024,3498.0,323.0,666.0,841.0,3486.0,0.2412507171543316,0.673407482305359,hydro_acs,observed_context,"Tenure and poverty are contextual measures. They do not identify trust, willingness, social capital, wellbeing, or overlapping vulnerable-household unions."
48201220702,2024,3805.0,660.0,542.0,1268.0,3739.0,0.3391281091200855,0.4509151414309484,hydro_acs,observed_context,"Tenure and poverty are contextual measures. They do not identify trust, willingness, social capital, wellbeing, or overlapping vulnerable-household unions."
48201220800,2024,3927.0,255.0,939.0,1890.0,3927.0,0.481283422459893,0.7864321608040201,hydro_acs,observed_context,"Tenure and poverty are contextual measures. They do not identify trust, willingness, social capital, wellbeing, or overlapping vulnerable-household unions."
48201220900,2024,1790.0,284.0,388.0,688.0,1790.0,0.3843575418994413,0.5773809523809523,hydro_acs,observed_context,"Tenure and poverty are contextual measures. They do not identify trust, willingness, social capital, wellbeing, or overlapping vulnerable-household unions."
48201221000,2024,3508.0,396.0,628.0,1322.0,3508.0,0.3768529076396807,0.61328125,hydro_acs,observed_context,"Tenure and poverty are contextual measures. They do not identify trust, willingness, social capital, wellbeing, or overlapping vulnerable-household unions."
48201221100,2024,3233.0,622.0,366.0,362.0,3233.0,0.1119703062171357,0.37044534412955465,hydro_acs,observed_context,"Tenure and poverty are contextual measures. They do not identify trust, willingness, social capital, wellbeing, or overlapping vulnerable-household unions."
48201221200,2024,5407.0,1110.0,401.0,1053.0,5394.0,0.1952169076751946,0.26538716082064856,hydro_acs,observed_context,"Tenure and poverty are contextual measures. They do not identify trust, willingness, social capital, wellbeing, or overlapping vulnerable-household unions."
48201221301,2024,4052.0,991.0,129.0,912.0,4052.0,0.2250740375123396,0.11517857142857142,hydro_acs,observed_context,"Tenure and poverty are contextual measures. They do not identify trust, willingness, social capital, wellbeing, or overlapping vulnerable-household unions."
48201221302,2024,3464.0,547.0,356.0,363.0,3327.0,0.109107303877367,0.39424141749723146,hydro_acs,observed_context,"Tenure and poverty are contextual measures. They do not identify trust, willingness, social capital, wellbeing, or overlapping vulnerable-household unions."
48201221400,2024,5666.0,723.0,1118.0,2288.0,5666.0,0.4038122132015531,0.6072786529060293,hydro_acs,observed_context,"Tenure and poverty are contextual measures. They do not identify trust, willingness, social capital, wellbeing, or overlapping vulnerable-household unions."
48201221501,2024,4845.0,790.0,682.0,1300.0,4732.0,0.2747252747252747,0.4633152173913043,hydro_acs,observed_context,"Tenure and poverty are contextual measures. They do not identify trust, willingness, social capital, wellbeing, or overlapping vulnerable-household unions."
48201221502,2024,2953.0,95.0,835.0,887.0,2953.0,0.30037250253979,0.8978494623655914,hydro_acs,observed_context,"Tenure and poverty are contextual measures. They do not identify trust, willingness, social capital, wellbeing, or overlapping vulnerable-household unions."
48201221601,2024,3264.0,557.0,215.0,1332.0,3264.0,0.4080882352941176,0.27849740932642486,hydro_acs,observed_context,"Tenure and poverty are contextual measures. They do not identify trust, willingness, social capital, wellbeing, or overlapping vulnerable-household unions."
48201221602,2024,5586.0,1122.0,532.0,942.0,5586.0,0.1686358754027927,0.3216444981862152,hydro_acs,observed_context,"Tenure and poverty are contextual measures. They do not identify trust, willingness, social capital, wellbeing, or overlapping vulnerable-household unions."
48201221701,2024,5311.0,777.0,584.0,1529.0,5311.0,0.2878930521559028,0.429096252755327,hydro_acs,observed_context,"Tenure and poverty are contextual measures. They do not identify trust, willingness, social capital, wellbeing, or overlapping vulnerable-household unions."
48201221702,2024,2959.0,679.0,203.0,973.0,2959.0,0.3288273065224738,0.23015873015873015,hydro_acs,observed_context,"Tenure and poverty are contextual measures. They do not identify trust, willingness, social capital, wellbeing, or overlapping vulnerable-household unions."
48201221800,2024,4032.0,771.0,482.0,859.0,3998.0,0.2148574287143571,0.3846767757382282,hydro_acs,observed_context,"Tenure and poverty are contextual measures. They do not identify trust, willingness, social capital, wellbeing, or overlapping vulnerable-household unions."
48201221900,2024,4854.0,836.0,321.0,1607.0,4854.0,0.3310671611042439,0.27744165946413135,hydro_acs,observed_context,"Tenure and poverty are contextual measures. They do not identify trust, willingness, social capital, wellbeing, or overlapping vulnerable-household unions."
48201222000,2024,2028.0,341.0,196.0,569.0,2028.0,0.2805719921104536,0.3649906890130354,hydro_acs,observed_context,"Tenure and poverty are contextual measures. They do not identify trust, willingness, social capital, wellbeing, or overlapping vulnerable-household unions."
48201222100,2024,4972.0,978.0,428.0,898.0,4966.0,0.1808296415626258,0.30440967283072545,hydro_acs,observed_context,"Tenure and poverty are contextual measures. They do not identify trust, willingness, social capital, wellbeing, or overlapping vulnerable-household unions."
48201222200,2024,3378.0,448.0,856.0,1084.0,3378.0,0.3208999407933688,0.656441717791411,hydro_acs,observed_context,"Tenure and poverty are contextual measures. They do not identify trust, willingness, social capital, wellbeing, or overlapping vulnerable-household unions."
48201222300,2024,4725.0,1053.0,351.0,1425.0,4721.0,0.3018428299089176,0.25,hydro_acs,observed_context,"Tenure and poverty are contextual measures. They do not identify trust, willingness, social capital, wellbeing, or overlapping vulnerable-household unions."
48201222401,2024,3332.0,443.0,406.0,833.0,3317.0,0.2511305396442568,0.47820965842167257,hydro_acs,observed_context,"Tenure and poverty are contextual measures. They do not identify trust, willingness, social capital, wellbeing, or overlapping vulnerable-household unions."
48201222402,2024,7310.0,1355.0,680.0,2399.0,7301.0,0.3285851253252979,0.33415233415233414,hydro_acs,observed_context,"Tenure and poverty are contextual measures. They do not identify trust, willingness, social capital, wellbeing, or overlapping vulnerable-household unions."
48201222501,2024,3447.0,179.0,698.0,763.0,3447.0,0.2213519002030751,0.7958950969213227,hydro_acs,observed_context,"Tenure and poverty are contextual measures. They do not identify trust, willingness, social capital, wellbeing, or overlapping vulnerable-household unions."
48201222502,2024,3969.0,816.0,244.0,1062.0,3959.0,0.2682495579691841,0.23018867924528302,hydro_acs,observed_context,"Tenure and poverty are contextual measures. They do not identify trust, willingness, social capital, wellbeing, or overlapping vulnerable-household unions."
48201222504,2024,3340.0,4.0,936.0,1360.0,3340.0,0.4071856287425149,0.9957446808510638,hydro_acs,observed_context,"Tenure and poverty are contextual measures. They do not identify trust, willingness, social capital, wellbeing, or overlapping vulnerable-household unions."
48201222505,2024,3304.0,769.0,118.0,373.0,3280.0,0.1137195121951219,0.133032694475761,hydro_acs,observed_context,"Tenure and poverty are contextual measures. They do not identify trust, willingness, social capital, wellbeing, or overlapping vulnerable-household unions."
48201222601,2024,2269.0,0.0,618.0,1296.0,2269.0,0.5711767298369326,1.0,hydro_acs,observed_context,"Tenure and poverty are contextual measures. They do not identify trust, willingness, social capital, wellbeing, or overlapping vulnerable-household unions."
48201222602,2024,2320.0,0.0,1053.0,1141.0,2320.0,0.4918103448275862,1.0,hydro_acs,observed_context,"Tenure and poverty are contextual measures. They do not identify trust, willingness, social capital, wellbeing, or overlapping vulnerable-household unions."
48201222701,2024,2706.0,123.0,815.0,1389.0,2706.0,0.5133037694013304,0.8688699360341151,hydro_acs,observed_context,"Tenure and poverty are contextual measures. They do not identify trust, willingness, social capital, wellbeing, or overlapping vulnerable-household unions."
48201222702,2024,3218.0,116.0,1360.0,1337.0,3218.0,0.4154754505904288,0.9214092140921409,hydro_acs,observed_context,"Tenure and poverty are contextual measures. They do not identify trust, willingness, social capital, wellbeing, or overlapping vulnerable-household unions."
48201222800,2024,4090.0,585.0,355.0,929.0,4090.0,0.2271393643031785,0.3776595744680851,hydro_acs,observed_context,"Tenure and poverty are contextual measures. They do not identify trust, willingness, social capital, wellbeing, or overlapping vulnerable-household unions."
48201222900,2024,7872.0,1502.0,574.0,2350.0,7872.0,0.2985264227642276,0.2764932562620424,hydro_acs,observed_context,"Tenure and poverty are contextual measures. They do not identify trust, willingness, social capital, wellbeing, or overlapping vulnerable-household unions."
48201223001,2024,4050.0,817.0,250.0,908.0,4050.0,0.2241975308641975,0.23430178069353327,hydro_acs,observed_context,"Tenure and poverty are contextual measures. They do not identify trust, willingness, social capital, wellbeing, or overlapping vulnerable-household unions."
48201223002,2024,2739.0,454.0,532.0,222.0,2739.0,0.08105147864184,0.539553752535497,hydro_acs,observed_context,"Tenure and poverty are contextual measures. They do not identify trust, willingness, social capital, wellbeing, or overlapping vulnerable-household unions."
48201223100,2024,2160.0,533.0,75.0,341.0,2157.0,0.158089939731108,0.12335526315789473,hydro_acs,observed_context,"Tenure and poverty are contextual measures. They do not identify trust, willingness, social capital, wellbeing, or overlapping vulnerable-household unions."
48201230100,2024,1783.0,210.0,484.0,340.0,1783.0,0.1906898485698261,0.6974063400576369,hydro_acs,observed_context,"Tenure and poverty are contextual measures. They do not identify trust, willingness, social capital, wellbeing, or overlapping vulnerable-household unions."
48201230200,2024,5269.0,830.0,1072.0,1533.0,5233.0,0.2929485954519396,0.5636172450052577,hydro_acs,observed_context,"Tenure and poverty are contextual measures. They do not identify trust, willingness, social capital, wellbeing, or overlapping vulnerable-household unions."
48201230300,2024,2155.0,407.0,349.0,509.0,2147.0,0.2370749883558453,0.46164021164021163,hydro_acs,observed_context,"Tenure and poverty are contextual measures. They do not identify trust, willingness, social capital, wellbeing, or overlapping vulnerable-household unions."
48201230400,2024,4227.0,578.0,715.0,839.0,4116.0,0.2038386783284742,0.5529775715390565,hydro_acs,observed_context,"Tenure and poverty are contextual measures. They do not identify trust, willingness, social capital, wellbeing, or overlapping vulnerable-household unions."
48201230500,2024,3566.0,931.0,358.0,1139.0,3537.0,0.3220243143907266,0.27773467804499613,hydro_acs,observed_context,"Tenure and poverty are contextual measures. They do not identify trust, willingness, social capital, wellbeing, or overlapping vulnerable-household unions."
48201230600,2024,3076.0,634.0,316.0,601.0,3076.0,0.1953836150845253,0.33263157894736844,hydro_acs,observed_context,"Tenure and poverty are contextual measures. They do not identify trust, willingness, social capital, wellbeing, or overlapping vulnerable-household unions."
48201230700,2024,3446.0,375.0,744.0,1276.0,3446.0,0.3702843876958793,0.6648793565683646,hydro_acs,observed_context,"Tenure and poverty are contextual measures. They do not identify trust, willingness, social capital, wellbeing, or overlapping vulnerable-household unions."
48201230800,2024,2351.0,569.0,270.0,757.0,2351.0,0.3219906422798809,0.3218116805721097,hydro_acs,observed_context,"Tenure and poverty are contextual measures. They do not identify trust, willingness, social capital, wellbeing, or overlapping vulnerable-household unions."
48201230900,2024,4524.0,959.0,755.0,1624.0,4524.0,0.358974358974359,0.44049008168028003,hydro_acs,observed_context,"Tenure and poverty are contextual measures. They do not identify trust, willingness, social capital, wellbeing, or overlapping vulnerable-household unions."
48201231000,2024,6115.0,1182.0,452.0,1798.0,5902.0,0.3046424940698068,0.2766217870257038,hydro_acs,observed_context,"Tenure and poverty are contextual measures. They do not identify trust, willingness, social capital, wellbeing, or overlapping vulnerable-household unions."
48201231100,2024,5489.0,881.0,525.0,2070.0,5489.0,0.3771178721078521,0.37339971550497864,hydro_acs,observed_context,"Tenure and poverty are contextual measures. They do not identify trust, willingness, social capital, wellbeing, or overlapping vulnerable-household unions."
48201231200,2024,5432.0,1205.0,1356.0,2309.0,5432.0,0.4250736377025036,0.5294806716126513,hydro_acs,observed_context,"Tenure and poverty are contextual measures. They do not identify trust, willingness, social capital, wellbeing, or overlapping vulnerable-household unions."
48201231300,2024,5360.0,954.0,857.0,1275.0,5360.0,0.2378731343283582,0.4732192159028161,hydro_acs,observed_context,"Tenure and poverty are contextual measures. They do not identify trust, willingness, social capital, wellbeing, or overlapping vulnerable-household unions."
48201231400,2024,3699.0,1097.0,230.0,816.0,3644.0,0.2239297475301866,0.1733232856066315,hydro_acs,observed_context,"Tenure and poverty are contextual measures. They do not identify trust, willingness, social capital, wellbeing, or overlapping vulnerable-household unions."
48201231500,2024,3193.0,546.0,379.0,520.0,3193.0,0.1628562480425931,0.4097297297297297,hydro_acs,observed_context,"Tenure and poverty are contextual measures. They do not identify trust, willingness, social capital, wellbeing, or overlapping vulnerable-household unions."
48201231600,2024,2767.0,804.0,295.0,967.0,2767.0,0.3494759667509938,0.2684258416742493,hydro_acs,observed_context,"Tenure and poverty are contextual measures. They do not identify trust, willingness, social capital, wellbeing, or overlapping vulnerable-household unions."
48201231700,2024,4756.0,763.0,360.0,1142.0,4756.0,0.2401177460050462,0.3205699020480855,hydro_acs,observed_context,"Tenure and poverty are contextual measures. They do not identify trust, willingness, social capital, wellbeing, or overlapping vulnerable-household unions."
48201231800,2024,3251.0,576.0,330.0,794.0,3251.0,0.2442325438326668,0.36423841059602646,hydro_acs,observed_context,"Tenure and poverty are contextual measures. They do not identify trust, willingness, social capital, wellbeing, or overlapping vulnerable-household unions."
48201231900,2024,5744.0,1049.0,904.0,2239.0,5744.0,0.3897980501392757,0.46287762416794676,hydro_acs,observed_context,"Tenure and poverty are contextual measures. They do not identify trust, willingness, social capital, wellbeing, or overlapping vulnerable-household unions."
48201232000,2024,4849.0,888.0,491.0,1962.0,4849.0,0.4046195091771499,0.3560551124002901,hydro_acs,observed_context,"Tenure and poverty are contextual measures. They do not identify trust, willingness, social capital, wellbeing, or overlapping vulnerable-household unions."
48201232100,2024,3460.0,475.0,643.0,924.0,3460.0,0.2670520231213872,0.575134168157424,hydro_acs,observed_context,"Tenure and poverty are contextual measures. They do not identify trust, willingness, social capital, wellbeing, or overlapping vulnerable-household unions."
48201232201,2024,6726.0,1150.0,683.0,2625.0,6457.0,0.4065355428217438,0.37261320240043644,hydro_acs,observed_context,"Tenure and poverty are contextual measures. They do not identify trust, willingness, social capital, wellbeing, or overlapping vulnerable-household unions."
48201232202,2024,5736.0,1599.0,70.0,79.0,5736.0,0.0137726638772663,0.041941282204913125,hydro_acs,observed_context,"Tenure and poverty are contextual measures. They do not identify trust, willingness, social capital, wellbeing, or overlapping vulnerable-household unions."
48201232203,2024,5823.0,1167.0,1641.0,916.0,5823.0,0.1573072299501975,0.5844017094017094,hydro_acs,observed_context,"Tenure and poverty are contextual measures. They do not identify trust, willingness, social capital, wellbeing, or overlapping vulnerable-household unions."
48201232303,2024,5515.0,1234.0,577.0,1525.0,5482.0,0.2781831448376505,0.31860850358917725,hydro_acs,observed_context,"Tenure and poverty are contextual measures. They do not identify trust, willingness, social capital, wellbeing, or overlapping vulnerable-household unions."
48201232304,2024,7403.0,897.0,1420.0,2639.0,7234.0,0.3648050870887476,0.612861458782909,hydro_acs,observed_context,"Tenure and poverty are contextual measures. They do not identify trust, willingness, social capital, wellbeing, or overlapping vulnerable-household unions."
48201232305,2024,11986.0,3146.0,369.0,1827.0,11986.0,0.1524278324712164,0.10497866287339971,hydro_acs,observed_context,"Tenure and poverty are contextual measures. They do not identify trust, willingness, social capital, wellbeing, or overlapping vulnerable-household unions."
48201232306,2024,4202.0,842.0,250.0,763.0,4202.0,0.1815801999048072,0.22893772893772893,hydro_acs,observed_context,"Tenure and poverty are contextual measures. They do not identify trust, willingness, social capital, wellbeing, or overlapping vulnerable-household unions."
48201232402,2024,4646.0,719.0,582.0,1310.0,4625.0,0.2832432432432432,0.44734819369715606,hydro_acs,observed_context,"Tenure and poverty are contextual measures. They do not identify trust, willingness, social capital, wellbeing, or overlapping vulnerable-household unions."
48201232403,2024,4018.0,798.0,547.0,916.0,4018.0,0.2279741164758586,0.4066914498141264,hydro_acs,observed_context,"Tenure and poverty are contextual measures. They do not identify trust, willingness, social capital, wellbeing, or overlapping vulnerable-household unions."
48201232404,2024,3969.0,968.0,220.0,1409.0,3969.0,0.3550012597631645,0.18518518518518517,hydro_acs,observed_context,"Tenure and poverty are contextual measures. They do not identify trust, willingness, social capital, wellbeing, or overlapping vulnerable-household unions."
48201232405,2024,6431.0,1403.0,591.0,1093.0,6382.0,0.1712629269821372,0.29638916750250754,hydro_acs,observed_context,"Tenure and poverty are contextual measures. They do not identify trust, willingness, social capital, wellbeing, or overlapping vulnerable-household unions."
48201232500,2024,4397.0,606.0,386.0,1659.0,3860.0,0.4297927461139896,0.38911290322580644,hydro_acs,observed_context,"Tenure and poverty are contextual measures. They do not identify trust, willingness, social capital, wellbeing, or overlapping vulnerable-household unions."
48201232600,2024,2568.0,747.0,200.0,257.0,2568.0,0.1000778816199376,0.21119324181626187,hydro_acs,observed_context,"Tenure and poverty are contextual measures. They do not identify trust, willingness, social capital, wellbeing, or overlapping vulnerable-household unions."
48201232701,2024,7134.0,715.0,1663.0,2232.0,7088.0,0.3148984198645598,0.69932716568545,hydro_acs,observed_context,"Tenure and poverty are contextual measures. They do not identify trust, willingness, social capital, wellbeing, or overlapping vulnerable-household unions."
48201232703,2024,2693.0,37.0,813.0,925.0,2676.0,0.3456651718983557,0.9564705882352941,hydro_acs,observed_context,"Tenure and poverty are contextual measures. They do not identify trust, willingness, social capital, wellbeing, or overlapping vulnerable-household unions."
48201232704,2024,1906.0,361.0,412.0,184.0,1906.0,0.0965372507869884,0.5329883570504528,hydro_acs,observed_context,"Tenure and poverty are contextual measures. They do not identify trust, willingness, social capital, wellbeing, or overlapping vulnerable-household unions."
48201232801,2024,2807.0,293.0,742.0,287.0,2807.0,0.1022443890274314,0.7169082125603865,hydro_acs,observed_context,"Tenure and poverty are contextual measures. They do not identify trust, willingness, social capital, wellbeing, or overlapping vulnerable-household unions."
48201232802,2024,2832.0,435.0,513.0,209.0,2832.0,0.0737994350282486,0.5411392405063291,hydro_acs,observed_context,"Tenure and poverty are contextual measures. They do not identify trust, willingness, social capital, wellbeing, or overlapping vulnerable-household unions."
48201232901,2024,4348.0,670.0,985.0,183.0,4348.0,0.0420883164673413,0.595166163141994,hydro_acs,observed_context,"Tenure and poverty are contextual measures. They do not identify trust, willingness, social capital, wellbeing, or overlapping vulnerable-household unions."
48201232902,2024,4665.0,526.0,1063.0,415.0,4644.0,0.0893626184323858,0.6689741976085588,hydro_acs,observed_context,"Tenure and poverty are contextual measures. They do not identify trust, willingness, social capital, wellbeing, or overlapping vulnerable-household unions."
48201233001,2024,4148.0,401.0,874.0,788.0,4137.0,0.1904761904761904,0.6854901960784314,hydro_acs,observed_context,"Tenure and poverty are contextual measures. They do not identify trust, willingness, social capital, wellbeing, or overlapping vulnerable-household unions."
48201233002,2024,3994.0,1155.0,66.0,591.0,3994.0,0.1479719579369053,0.05405405405405406,hydro_acs,observed_context,"Tenure and poverty are contextual measures. They do not identify trust, willingness, social capital, wellbeing, or overlapping vulnerable-household unions."
48201233003,2024,2790.0,613.0,188.0,282.0,2790.0,0.1010752688172043,0.23470661672908863,hydro_acs,observed_context,"Tenure and poverty are contextual measures. They do not identify trust, willingness, social capital, wellbeing, or overlapping vulnerable-household unions."
48201233101,2024,4399.0,601.0,770.0,957.0,4323.0,0.2213740458015267,0.5616338439095551,hydro_acs,observed_context,"Tenure and poverty are contextual measures. They do not identify trust, willingness, social capital, wellbeing, or overlapping vulnerable-household unions."
48201233103,2024,5036.0,635.0,845.0,1356.0,5036.0,0.2692613185067514,0.5709459459459459,hydro_acs,observed_context,"Tenure and poverty are contextual measures. They do not identify trust, willingness, social capital, wellbeing, or overlapping vulnerable-household unions."
48201233104,2024,2554.0,430.0,319.0,832.0,2554.0,0.3257635082223962,0.4259012016021362,hydro_acs,observed_context,"Tenure and poverty are contextual measures. They do not identify trust, willingness, social capital, wellbeing, or overlapping vulnerable-household unions."
48201233105,2024,4595.0,540.0,531.0,1705.0,4595.0,0.3710554951033732,0.4957983193277311,hydro_acs,observed_context,"Tenure and poverty are contextual measures. They do not identify trust, willingness, social capital, wellbeing, or overlapping vulnerable-household unions."
48201233200,2024,6294.0,1503.0,335.0,1248.0,6294.0,0.1982840800762631,0.1822633297062024,hydro_acs,observed_context,"Tenure and poverty are contextual measures. They do not identify trust, willingness, social capital, wellbeing, or overlapping vulnerable-household unions."
48201233300,2024,4436.0,752.0,574.0,961.0,4436.0,0.2166366095581605,0.43288084464555054,hydro_acs,observed_context,"Tenure and poverty are contextual measures. They do not identify trust, willingness, social capital, wellbeing, or overlapping vulnerable-household unions."
48201233400,2024,2760.0,450.0,486.0,704.0,2760.0,0.2550724637681159,0.5192307692307693,hydro_acs,observed_context,"Tenure and poverty are contextual measures. They do not identify trust, willingness, social capital, wellbeing, or overlapping vulnerable-household unions."
48201233501,2024,3729.0,856.0,216.0,1016.0,3643.0,0.2788910238814164,0.20149253731343283,hydro_acs,observed_context,"Tenure and poverty are contextual measures. They do not identify trust, willingness, social capital, wellbeing, or overlapping vulnerable-household unions."
48201233502,2024,2943.0,649.0,318.0,817.0,2943.0,0.2776078831124702,0.32885211995863495,hydro_acs,observed_context,"Tenure and poverty are contextual measures. They do not identify trust, willingness, social capital, wellbeing, or overlapping vulnerable-household unions."
48201233600,2024,2115.0,483.0,242.0,960.0,2115.0,0.4539007092198581,0.33379310344827584,hydro_acs,observed_context,"Tenure and poverty are contextual measures. They do not identify trust, willingness, social capital, wellbeing, or overlapping vulnerable-household unions."
48201233701,2024,4630.0,1085.0,290.0,562.0,4537.0,0.1238703989420321,0.2109090909090909,hydro_acs,observed_context,"Tenure and poverty are contextual measures. They do not identify trust, willingness, social capital, wellbeing, or overlapping vulnerable-household unions."
48201233702,2024,3057.0,446.0,398.0,974.0,3057.0,0.3186130192999672,0.471563981042654,hydro_acs,observed_context,"Tenure and poverty are contextual measures. They do not identify trust, willingness, social capital, wellbeing, or overlapping vulnerable-household unions."
48201233703,2024,2699.0,631.0,221.0,596.0,2699.0,0.2208225268618006,0.25938967136150237,hydro_acs,observed_context,"Tenure and poverty are contextual measures. They do not identify trust, willingness, social capital, wellbeing, or overlapping vulnerable-household unions."
48201240101,2024,2243.0,0.0,720.0,911.0,2224.0,0.4096223021582734,1.0,hydro_acs,observed_context,"Tenure and poverty are contextual measures. They do not identify trust, willingness, social capital, wellbeing, or overlapping vulnerable-household unions."
48201240102,2024,1689.0,120.0,654.0,594.0,1689.0,0.3516873889875666,0.8449612403100775,hydro_acs,observed_context,"Tenure and poverty are contextual measures. They do not identify trust, willingness, social capital, wellbeing, or overlapping vulnerable-household unions."
48201240400,2024,7620.0,1807.0,945.0,1614.0,7473.0,0.2159775190686471,0.34338662790697677,hydro_acs,observed_context,"Tenure and poverty are contextual measures. They do not identify trust, willingness, social capital, wellbeing, or overlapping vulnerable-household unions."
48201240503,2024,2731.0,0.0,1195.0,941.0,2674.0,0.3519072550486163,1.0,hydro_acs,observed_context,"Tenure and poverty are contextual measures. They do not identify trust, willingness, social capital, wellbeing, or overlapping vulnerable-household unions."
48201240504,2024,2888.0,158.0,1118.0,707.0,2888.0,0.2448060941828254,0.8761755485893417,hydro_acs,observed_context,"Tenure and poverty are contextual measures. They do not identify trust, willingness, social capital, wellbeing, or overlapping vulnerable-household unions."
48201240505,2024,1556.0,0.0,606.0,640.0,1478.0,0.4330175913396482,1.0,hydro_acs,observed_context,"Tenure and poverty are contextual measures. They do not identify trust, willingness, social capital, wellbeing, or overlapping vulnerable-household unions."
48201240506,2024,5441.0,380.0,1594.0,2095.0,5441.0,0.3850395147950744,0.8074974670719351,hydro_acs,observed_context,"Tenure and poverty are contextual measures. They do not identify trust, willingness, social capital, wellbeing, or overlapping vulnerable-household unions."
48201240600,2024,3500.0,0.0,1196.0,1747.0,3500.0,0.4991428571428571,1.0,hydro_acs,observed_context,"Tenure and poverty are contextual measures. They do not identify trust, willingness, social capital, wellbeing, or overlapping vulnerable-household unions."
48201240703,2024,6277.0,935.0,829.0,1012.0,6277.0,0.1612235144177154,0.4699546485260771,hydro_acs,observed_context,"Tenure and poverty are contextual measures. They do not identify trust, willingness, social capital, wellbeing, or overlapping vulnerable-household unions."
48201240704,2024,4650.0,683.0,564.0,608.0,4650.0,0.130752688172043,0.45228548516439454,hydro_acs,observed_context,"Tenure and poverty are contextual measures. They do not identify trust, willingness, social capital, wellbeing, or overlapping vulnerable-household unions."
48201240705,2024,5463.0,1107.0,436.0,771.0,5463.0,0.1411312465678199,0.2825664290343487,hydro_acs,observed_context,"Tenure and poverty are contextual measures. They do not identify trust, willingness, social capital, wellbeing, or overlapping vulnerable-household unions."
48201240706,2024,11268.0,2416.0,737.0,1390.0,11222.0,0.1238638388878987,0.23374563907389787,hydro_acs,observed_context,"Tenure and poverty are contextual measures. They do not identify trust, willingness, social capital, wellbeing, or overlapping vulnerable-household unions."
48201240707,2024,5251.0,1331.0,177.0,442.0,5248.0,0.0842225609756097,0.11737400530503979,hydro_acs,observed_context,"Tenure and poverty are contextual measures. They do not identify trust, willingness, social capital, wellbeing, or overlapping vulnerable-household unions."
48201240802,2024,8990.0,1528.0,1305.0,2670.0,8904.0,0.2998652291105121,0.46064242852100246,hydro_acs,observed_context,"Tenure and poverty are contextual measures. They do not identify trust, willingness, social capital, wellbeing, or overlapping vulnerable-household unions."
48201240803,2024,2325.0,446.0,522.0,616.0,2303.0,0.2674772036474164,0.5392561983471075,hydro_acs,observed_context,"Tenure and poverty are contextual measures. They do not identify trust, willingness, social capital, wellbeing, or overlapping vulnerable-household unions."
48201240804,2024,2993.0,0.0,1232.0,772.0,2993.0,0.2579351820915469,1.0,hydro_acs,observed_context,"Tenure and poverty are contextual measures. They do not identify trust, willingness, social capital, wellbeing, or overlapping vulnerable-household unions."
48201240903,2024,6344.0,1585.0,357.0,851.0,6282.0,0.1354664119707099,0.18383110195674562,hydro_acs,observed_context,"Tenure and poverty are contextual measures. They do not identify trust, willingness, social capital, wellbeing, or overlapping vulnerable-household unions."
48201240904,2024,9142.0,1957.0,1329.0,846.0,9142.0,0.0925399256180267,0.40444309190505173,hydro_acs,observed_context,"Tenure and poverty are contextual measures. They do not identify trust, willingness, social capital, wellbeing, or overlapping vulnerable-household unions."
48201240905,2024,5370.0,507.0,1255.0,720.0,5370.0,0.1340782122905028,0.7122587968217934,hydro_acs,observed_context,"Tenure and poverty are contextual measures. They do not identify trust, willingness, social capital, wellbeing, or overlapping vulnerable-household unions."
48201240906,2024,8525.0,1952.0,680.0,1390.0,8525.0,0.163049853372434,0.25835866261398177,hydro_acs,observed_context,"Tenure and poverty are contextual measures. They do not identify trust, willingness, social capital, wellbeing, or overlapping vulnerable-household unions."
48201241001,2024,3587.0,795.0,565.0,344.0,3587.0,0.0959018678561472,0.41544117647058826,hydro_acs,observed_context,"Tenure and poverty are contextual measures. They do not identify trust, willingness, social capital, wellbeing, or overlapping vulnerable-household unions."
48201241002,2024,5504.0,1667.0,59.0,170.0,5504.0,0.0308866279069767,0.034183082271147164,hydro_acs,observed_context,"Tenure and poverty are contextual measures. They do not identify trust, willingness, social capital, wellbeing, or overlapping vulnerable-household unions."
48201241101,2024,4538.0,950.0,417.0,763.0,4494.0,0.1697819314641744,0.30504754937820044,hydro_acs,observed_context,"Tenure and poverty are contextual measures. They do not identify trust, willingness, social capital, wellbeing, or overlapping vulnerable-household unions."
48201241103,2024,5775.0,1375.0,718.0,598.0,5775.0,0.1035497835497835,0.34304825609173434,hydro_acs,observed_context,"Tenure and poverty are contextual measures. They do not identify trust, willingness, social capital, wellbeing, or overlapping vulnerable-household unions."
48201241104,2024,11688.0,2761.0,614.0,2156.0,11662.0,0.1848739495798319,0.18192592592592594,hydro_acs,observed_context,"Tenure and poverty are contextual measures. They do not identify trust, willingness, social capital, wellbeing, or overlapping vulnerable-household unions."
48201241105,2024,5514.0,963.0,673.0,752.0,5514.0,0.1363801233224519,0.41136919315403425,hydro_acs,observed_context,"Tenure and poverty are contextual measures. They do not identify trust, willingness, social capital, wellbeing, or overlapping vulnerable-household unions."
48201241201,2024,3062.0,652.0,397.0,197.0,3062.0,0.0643370346178968,0.3784556720686368,hydro_acs,observed_context,"Tenure and poverty are contextual measures. They do not identify trust, willingness, social capital, wellbeing, or overlapping vulnerable-household unions."
48201241202,2024,5511.0,1091.0,556.0,1046.0,5511.0,0.1898022137543095,0.33758348512446873,hydro_acs,observed_context,"Tenure and poverty are contextual measures. They do not identify trust, willingness, social capital, wellbeing, or overlapping vulnerable-household unions."
48201241301,2024,5161.0,1524.0,98.0,815.0,5161.0,0.1579151327262158,0.06041923551171394,hydro_acs,observed_context,"Tenure and poverty are contextual measures. They do not identify trust, willingness, social capital, wellbeing, or overlapping vulnerable-household unions."
48201241302,2024,8982.0,2530.0,678.0,168.0,8982.0,0.0187040748162992,0.21134663341645885,hydro_acs,observed_context,"Tenure and poverty are contextual measures. They do not identify trust, willingness, social capital, wellbeing, or overlapping vulnerable-household unions."
48201241400,2024,10417.0,2409.0,1474.0,415.0,10399.0,0.0399076834310991,0.37960339943342775,hydro_acs,observed_context,"Tenure and poverty are contextual measures. They do not identify trust, willingness, social capital, wellbeing, or overlapping vulnerable-household unions."
48201241501,2024,4295.0,418.0,1276.0,685.0,4135.0,0.1656590084643289,0.7532467532467533,hydro_acs,observed_context,"Tenure and poverty are contextual measures. They do not identify trust, willingness, social capital, wellbeing, or overlapping vulnerable-household unions."
48201241502,2024,2390.0,64.0,760.0,873.0,2390.0,0.3652719665271967,0.9223300970873787,hydro_acs,observed_context,"Tenure and poverty are contextual measures. They do not identify trust, willingness, social capital, wellbeing, or overlapping vulnerable-household unions."
48201241503,2024,2644.0,337.0,399.0,458.0,2618.0,0.174942704354469,0.5421195652173914,hydro_acs,observed_context,"Tenure and poverty are contextual measures. They do not identify trust, willingness, social capital, wellbeing, or overlapping vulnerable-household unions."
48201250101,2024,3983.0,935.0,416.0,389.0,3983.0,0.0976650765754456,0.307920059215396,hydro_acs,observed_context,"Tenure and poverty are contextual measures. They do not identify trust, willingness, social capital, wellbeing, or overlapping vulnerable-household unions."
48201250102,2024,5534.0,1279.0,259.0,230.0,5431.0,0.0423494752347633,0.1684005201560468,hydro_acs,observed_context,"Tenure and poverty are contextual measures. They do not identify trust, willingness, social capital, wellbeing, or overlapping vulnerable-household unions."
48201250201,2024,7894.0,1987.0,595.0,603.0,7894.0,0.0763871294654167,0.23044151820294345,hydro_acs,observed_context,"Tenure and poverty are contextual measures. They do not identify trust, willingness, social capital, wellbeing, or overlapping vulnerable-household unions."
48201250202,2024,2312.0,355.0,392.0,730.0,2312.0,0.3157439446366782,0.5247657295850067,hydro_acs,observed_context,"Tenure and poverty are contextual measures. They do not identify trust, willingness, social capital, wellbeing, or overlapping vulnerable-household unions."
48201250303,2024,3416.0,911.0,363.0,442.0,3416.0,0.1293911007025761,0.28492935635792777,hydro_acs,observed_context,"Tenure and poverty are contextual measures. They do not identify trust, willingness, social capital, wellbeing, or overlapping vulnerable-household unions."
48201250304,2024,11105.0,2120.0,561.0,431.0,8396.0,0.0513339685564554,0.2092502797463633,hydro_acs,observed_context,"Tenure and poverty are contextual measures. They do not identify trust, willingness, social capital, wellbeing, or overlapping vulnerable-household unions."
48201250305,2024,5769.0,1520.0,421.0,616.0,5769.0,0.1067776044375108,0.21689850592478105,hydro_acs,observed_context,"Tenure and poverty are contextual measures. They do not identify trust, willingness, social capital, wellbeing, or overlapping vulnerable-household unions."
48201250306,2024,3936.0,1227.0,179.0,502.0,3936.0,0.127540650406504,0.12731152204836416,hydro_acs,observed_context,"Tenure and poverty are contextual measures. They do not identify trust, willingness, social capital, wellbeing, or overlapping vulnerable-household unions."
48201250403,2024,4543.0,1148.0,541.0,376.0,4543.0,0.0827646929341844,0.320307874481942,hydro_acs,observed_context,"Tenure and poverty are contextual measures. They do not identify trust, willingness, social capital, wellbeing, or overlapping vulnerable-household unions."
48201250404,2024,5041.0,1603.0,136.0,152.0,5041.0,0.0301527474707399,0.078205865439908,hydro_acs,observed_context,"Tenure and poverty are contextual measures. They do not identify trust, willingness, social capital, wellbeing, or overlapping vulnerable-household unions."
48201250405,2024,9951.0,2242.0,676.0,951.0,9951.0,0.0955682845945131,0.23166552433173407,hydro_acs,observed_context,"Tenure and poverty are contextual measures. They do not identify trust, willingness, social capital, wellbeing, or overlapping vulnerable-household unions."
48201250406,2024,4836.0,1382.0,165.0,80.0,4823.0,0.0165871863985071,0.10665804783451842,hydro_acs,observed_context,"Tenure and poverty are contextual measures. They do not identify trust, willingness, social capital, wellbeing, or overlapping vulnerable-household unions."
48201250407,2024,10145.0,3207.0,65.0,40.0,10145.0,0.003942828979793,0.01986552567237164,hydro_acs,observed_context,"Tenure and poverty are contextual measures. They do not identify trust, willingness, social capital, wellbeing, or overlapping vulnerable-household unions."
48201250408,2024,17485.0,4507.0,1886.0,2207.0,17485.0,0.12622247640835,0.29501016737056157,hydro_acs,observed_context,"Tenure and poverty are contextual measures. They do not identify trust, willingness, social capital, wellbeing, or overlapping vulnerable-household unions."
48201250500,2024,5469.0,1141.0,1060.0,508.0,5469.0,0.0928871823002377,0.48159927305770106,hydro_acs,observed_context,"Tenure and poverty are contextual measures. They do not identify trust, willingness, social capital, wellbeing, or overlapping vulnerable-household unions."
48201250601,2024,3429.0,160.0,1431.0,592.0,3344.0,0.1770334928229665,0.8994343180389692,hydro_acs,observed_context,"Tenure and poverty are contextual measures. They do not identify trust, willingness, social capital, wellbeing, or overlapping vulnerable-household unions."
48201250602,2024,4634.0,550.0,1053.0,1819.0,4634.0,0.392533448424687,0.6568933250155957,hydro_acs,observed_context,"Tenure and poverty are contextual measures. They do not identify trust, willingness, social capital, wellbeing, or overlapping vulnerable-household unions."
48201250701,2024,7051.0,1895.0,360.0,730.0,7051.0,0.103531413983832,0.15964523281596452,hydro_acs,observed_context,"Tenure and poverty are contextual measures. They do not identify trust, willingness, social capital, wellbeing, or overlapping vulnerable-household unions."
48201250702,2024,4136.0,1409.0,165.0,219.0,4093.0,0.0535059858294649,0.1048284625158831,hydro_acs,observed_context,"Tenure and poverty are contextual measures. They do not identify trust, willingness, social capital, wellbeing, or overlapping vulnerable-household unions."
48201250801,2024,3576.0,1241.0,116.0,141.0,3543.0,0.0397967823878069,0.08548268238761975,hydro_acs,observed_context,"Tenure and poverty are contextual measures. They do not identify trust, willingness, social capital, wellbeing, or overlapping vulnerable-household unions."
48201250802,2024,4597.0,1428.0,129.0,585.0,4597.0,0.1272569066782684,0.08285163776493257,hydro_acs,observed_context,"Tenure and poverty are contextual measures. They do not identify trust, willingness, social capital, wellbeing, or overlapping vulnerable-household unions."
48201250901,2024,4067.0,1039.0,778.0,388.0,4067.0,0.095402016228178,0.42817831590533845,hydro_acs,observed_context,"Tenure and poverty are contextual measures. They do not identify trust, willingness, social capital, wellbeing, or overlapping vulnerable-household unions."
48201250902,2024,5784.0,1989.0,18.0,18.0,5784.0,0.0031120331950207,0.008968609865470852,hydro_acs,observed_context,"Tenure and poverty are contextual measures. They do not identify trust, willingness, social capital, wellbeing, or overlapping vulnerable-household unions."
48201251000,2024,3410.0,630.0,927.0,418.0,3410.0,0.1225806451612903,0.5953757225433526,hydro_acs,observed_context,"Tenure and poverty are contextual measures. They do not identify trust, willingness, social capital, wellbeing, or overlapping vulnerable-household unions."
48201251100,2024,7435.0,2124.0,374.0,264.0,7416.0,0.0355987055016181,0.14971977582065651,hydro_acs,observed_context,"Tenure and poverty are contextual measures. They do not identify trust, willingness, social capital, wellbeing, or overlapping vulnerable-household unions."
48201251200,2024,6260.0,1689.0,703.0,419.0,6260.0,0.0669329073482428,0.2938963210702341,hydro_acs,observed_context,"Tenure and poverty are contextual measures. They do not identify trust, willingness, social capital, wellbeing, or overlapping vulnerable-household unions."
48201251300,2024,7242.0,2059.0,446.0,207.0,7242.0,0.0285832642916321,0.17804391217564872,hydro_acs,observed_context,"Tenure and poverty are contextual measures. They do not identify trust, willingness, social capital, wellbeing, or overlapping vulnerable-household unions."
48201251401,2024,2975.0,782.0,86.0,277.0,2975.0,0.0931092436974789,0.09907834101382489,hydro_acs,observed_context,"Tenure and poverty are contextual measures. They do not identify trust, willingness, social capital, wellbeing, or overlapping vulnerable-household unions."
48201251402,2024,6730.0,1586.0,1065.0,1609.0,6699.0,0.2401851022540677,0.4017351942663146,hydro_acs,observed_context,"Tenure and poverty are contextual measures. They do not identify trust, willingness, social capital, wellbeing, or overlapping vulnerable-household unions."
48201251501,2024,6877.0,2011.0,71.0,139.0,6877.0,0.0202123018758179,0.034101825168107586,hydro_acs,observed_context,"Tenure and poverty are contextual measures. They do not identify trust, willingness, social capital, wellbeing, or overlapping vulnerable-household unions."
48201251503,2024,2767.0,628.0,230.0,10.0,2719.0,0.0036778227289444,0.2680652680652681,hydro_acs,observed_context,"Tenure and poverty are contextual measures. They do not identify trust, willingness, social capital, wellbeing, or overlapping vulnerable-household unions."
48201251504,2024,5612.0,1730.0,70.0,390.0,5396.0,0.0722757598220904,0.03888888888888889,hydro_acs,observed_context,"Tenure and poverty are contextual measures. They do not identify trust, willingness, social capital, wellbeing, or overlapping vulnerable-household unions."
48201251505,2024,3839.0,1308.0,176.0,175.0,3839.0,0.0455847877051315,0.11859838274932614,hydro_acs,observed_context,"Tenure and poverty are contextual measures. They do not identify trust, willingness, social capital, wellbeing, or overlapping vulnerable-household unions."
48201251600,2024,7420.0,2176.0,140.0,785.0,7420.0,0.1057951482479784,0.06044905008635579,hydro_acs,observed_context,"Tenure and poverty are contextual measures. They do not identify trust, willingness, social capital, wellbeing, or overlapping vulnerable-household unions."
48201251701,2024,4631.0,1149.0,277.0,802.0,4631.0,0.1731807385014035,0.19424964936886396,hydro_acs,observed_context,"Tenure and poverty are contextual measures. They do not identify trust, willingness, social capital, wellbeing, or overlapping vulnerable-household unions."
48201251702,2024,3949.0,810.0,607.0,530.0,3949.0,0.1342111927070144,0.42836979534227243,hydro_acs,observed_context,"Tenure and poverty are contextual measures. They do not identify trust, willingness, social capital, wellbeing, or overlapping vulnerable-household unions."
48201251800,2024,1813.0,573.0,39.0,157.0,1813.0,0.0865968008825151,0.06372549019607843,hydro_acs,observed_context,"Tenure and poverty are contextual measures. They do not identify trust, willingness, social capital, wellbeing, or overlapping vulnerable-household unions."
48201251902,2024,7899.0,2137.0,274.0,975.0,7872.0,0.1238567073170731,0.11364579012857735,hydro_acs,observed_context,"Tenure and poverty are contextual measures. They do not identify trust, willingness, social capital, wellbeing, or overlapping vulnerable-household unions."
48201251903,2024,4395.0,1574.0,61.0,97.0,4395.0,0.022070534698521,0.03730886850152905,hydro_acs,observed_context,"Tenure and poverty are contextual measures. They do not identify trust, willingness, social capital, wellbeing, or overlapping vulnerable-household unions."
48201251904,2024,7486.0,2131.0,122.0,487.0,7486.0,0.0650547689019503,0.05415002219263205,hydro_acs,observed_context,"Tenure and poverty are contextual measures. They do not identify trust, willingness, social capital, wellbeing, or overlapping vulnerable-household unions."
48201252001,2024,7718.0,1997.0,1121.0,468.0,7718.0,0.0606374708473697,0.3595253367543297,hydro_acs,observed_context,"Tenure and poverty are contextual measures. They do not identify trust, willingness, social capital, wellbeing, or overlapping vulnerable-household unions."
48201252002,2024,6630.0,1654.0,166.0,62.0,6618.0,0.0093683892414626,0.0912087912087912,hydro_acs,observed_context,"Tenure and poverty are contextual measures. They do not identify trust, willingness, social capital, wellbeing, or overlapping vulnerable-household unions."
48201252003,2024,10901.0,3190.0,283.0,58.0,10901.0,0.0053206127878176,0.08148574719262885,hydro_acs,observed_context,"Tenure and poverty are contextual measures. They do not identify trust, willingness, social capital, wellbeing, or overlapping vulnerable-household unions."
48201252100,2024,3992.0,827.0,199.0,652.0,3966.0,0.1643973777105395,0.19395711500974658,hydro_acs,observed_context,"Tenure and poverty are contextual measures. They do not identify trust, willingness, social capital, wellbeing, or overlapping vulnerable-household unions."
48201252201,2024,5108.0,667.0,1236.0,55.0,5108.0,0.0107674236491777,0.649500788229112,hydro_acs,observed_context,"Tenure and poverty are contextual measures. They do not identify trust, willingness, social capital, wellbeing, or overlapping vulnerable-household unions."
48201252202,2024,6921.0,1633.0,367.0,465.0,6905.0,0.0673425054308472,0.1835,hydro_acs,observed_context,"Tenure and poverty are contextual measures. They do not identify trust, willingness, social capital, wellbeing, or overlapping vulnerable-household unions."
48201252303,2024,5424.0,988.0,327.0,741.0,5424.0,0.1366150442477876,0.24866920152091254,hydro_acs,observed_context,"Tenure and poverty are contextual measures. They do not identify trust, willingness, social capital, wellbeing, or overlapping vulnerable-household unions."
48201252304,2024,4171.0,735.0,506.0,361.0,4171.0,0.086549988012467,0.40773569701853346,hydro_acs,observed_context,"Tenure and poverty are contextual measures. They do not identify trust, willingness, social capital, wellbeing, or overlapping vulnerable-household unions."
48201252305,2024,6067.0,1829.0,26.0,62.0,6006.0,0.0103230103230103,0.014016172506738544,hydro_acs,observed_context,"Tenure and poverty are contextual measures. They do not identify trust, willingness, social capital, wellbeing, or overlapping vulnerable-household unions."
48201252306,2024,10710.0,2010.0,662.0,3534.0,10710.0,0.3299719887955182,0.24775449101796407,hydro_acs,observed_context,"Tenure and poverty are contextual measures. They do not identify trust, willingness, social capital, wellbeing, or overlapping vulnerable-household unions."
48201252400,2024,6395.0,1614.0,495.0,1049.0,6395.0,0.1640344018764659,0.23470839260312945,hydro_acs,observed_context,"Tenure and poverty are contextual measures. They do not identify trust, willingness, social capital, wellbeing, or overlapping vulnerable-household unions."
48201252500,2024,4545.0,725.0,722.0,1306.0,4545.0,0.2873487348734873,0.49896337249481687,hydro_acs,observed_context,"Tenure and poverty are contextual measures. They do not identify trust, willingness, social capital, wellbeing, or overlapping vulnerable-household unions."
48201252601,2024,3589.0,668.0,608.0,1371.0,3589.0,0.3820005572582892,0.47648902821316613,hydro_acs,observed_context,"Tenure and poverty are contextual measures. They do not identify trust, willingness, social capital, wellbeing, or overlapping vulnerable-household unions."
48201252602,2024,3860.0,860.0,256.0,509.0,3860.0,0.1318652849740932,0.22939068100358423,hydro_acs,observed_context,"Tenure and poverty are contextual measures. They do not identify trust, willingness, social capital, wellbeing, or overlapping vulnerable-household unions."
48201252700,2024,5593.0,1532.0,453.0,1196.0,5593.0,0.2138387269801537,0.2282115869017632,hydro_acs,observed_context,"Tenure and poverty are contextual measures. They do not identify trust, willingness, social capital, wellbeing, or overlapping vulnerable-household unions."
48201252800,2024,6690.0,1731.0,634.0,1524.0,6689.0,0.227836746897892,0.26807610993657505,hydro_acs,observed_context,"Tenure and poverty are contextual measures. They do not identify trust, willingness, social capital, wellbeing, or overlapping vulnerable-household unions."
48201252901,2024,2268.0,653.0,254.0,454.0,2248.0,0.2019572953736654,0.28004410143329656,hydro_acs,observed_context,"Tenure and poverty are contextual measures. They do not identify trust, willingness, social capital, wellbeing, or overlapping vulnerable-household unions."
48201252902,2024,6326.0,1529.0,390.0,577.0,6326.0,0.0912108757508694,0.20323084940072955,hydro_acs,observed_context,"Tenure and poverty are contextual measures. They do not identify trust, willingness, social capital, wellbeing, or overlapping vulnerable-household unions."
48201253000,2024,4911.0,1104.0,740.0,1249.0,4911.0,0.2543270209733252,0.40130151843817785,hydro_acs,observed_context,"Tenure and poverty are contextual measures. They do not identify trust, willingness, social capital, wellbeing, or overlapping vulnerable-household unions."
48201253101,2024,6234.0,1435.0,651.0,463.0,6234.0,0.074270131536734,0.31208053691275167,hydro_acs,observed_context,"Tenure and poverty are contextual measures. They do not identify trust, willingness, social capital, wellbeing, or overlapping vulnerable-household unions."
48201253102,2024,8338.0,2165.0,279.0,563.0,8338.0,0.067522187574958,0.11415711947626841,hydro_acs,observed_context,"Tenure and poverty are contextual measures. They do not identify trust, willingness, social capital, wellbeing, or overlapping vulnerable-household unions."
48201253201,2024,6367.0,1858.0,417.0,281.0,6330.0,0.0443917851500789,0.1832967032967033,hydro_acs,observed_context,"Tenure and poverty are contextual measures. They do not identify trust, willingness, social capital, wellbeing, or overlapping vulnerable-household unions."
48201253202,2024,5206.0,813.0,1364.0,866.0,5206.0,0.1663465232424126,0.6265502985760221,hydro_acs,observed_context,"Tenure and poverty are contextual measures. They do not identify trust, willingness, social capital, wellbeing, or overlapping vulnerable-household unions."
48201253300,2024,3682.0,969.0,237.0,225.0,3682.0,0.061108093427485,0.19651741293532338,hydro_acs,observed_context,"Tenure and poverty are contextual measures. They do not identify trust, willingness, social capital, wellbeing, or overlapping vulnerable-household unions."
48201253501,2024,8875.0,1270.0,1824.0,1706.0,8781.0,0.1942831112629541,0.5895281189398837,hydro_acs,observed_context,"Tenure and poverty are contextual measures. They do not identify trust, willingness, social capital, wellbeing, or overlapping vulnerable-household unions."
48201253502,2024,3665.0,758.0,492.0,683.0,3665.0,0.1863574351978172,0.3936,hydro_acs,observed_context,"Tenure and poverty are contextual measures. They do not identify trust, willingness, social capital, wellbeing, or overlapping vulnerable-household unions."
48201253601,2024,4254.0,1009.0,878.0,80.0,4254.0,0.0188058298072402,0.4652888182299947,hydro_acs,observed_context,"Tenure and poverty are contextual measures. They do not identify trust, willingness, social capital, wellbeing, or overlapping vulnerable-household unions."
48201253602,2024,4180.0,105.0,1565.0,1413.0,4180.0,0.3380382775119617,0.937125748502994,hydro_acs,observed_context,"Tenure and poverty are contextual measures. They do not identify trust, willingness, social capital, wellbeing, or overlapping vulnerable-household unions."
48201253700,2024,6116.0,807.0,1318.0,872.0,5790.0,0.1506044905008635,0.6202352941176471,hydro_acs,observed_context,"Tenure and poverty are contextual measures. They do not identify trust, willingness, social capital, wellbeing, or overlapping vulnerable-household unions."
48201253800,2024,7805.0,1840.0,1045.0,2097.0,7805.0,0.2686739269698911,0.36221837088388215,hydro_acs,observed_context,"Tenure and poverty are contextual measures. They do not identify trust, willingness, social capital, wellbeing, or overlapping vulnerable-household unions."
48201253900,2024,4042.0,907.0,616.0,530.0,4019.0,0.1318736003981089,0.40446487196323044,hydro_acs,observed_context,"Tenure and poverty are contextual measures. They do not identify trust, willingness, social capital, wellbeing, or overlapping vulnerable-household unions."
48201254000,2024,3662.0,539.0,1001.0,900.0,3639.0,0.247320692497939,0.65,hydro_acs,observed_context,"Tenure and poverty are contextual measures. They do not identify trust, willingness, social capital, wellbeing, or overlapping vulnerable-household unions."
48201254100,2024,6168.0,876.0,1006.0,1355.0,6092.0,0.2224228496388706,0.5345377258235919,hydro_acs,observed_context,"Tenure and poverty are contextual measures. They do not identify trust, willingness, social capital, wellbeing, or overlapping vulnerable-household unions."
48201254200,2024,2570.0,522.0,331.0,656.0,2552.0,0.2570532915360501,0.388042203985932,hydro_acs,observed_context,"Tenure and poverty are contextual measures. They do not identify trust, willingness, social capital, wellbeing, or overlapping vulnerable-household unions."
48201254300,2024,5272.0,850.0,818.0,1281.0,5272.0,0.2429817905918057,0.4904076738609113,hydro_acs,observed_context,"Tenure and poverty are contextual measures. They do not identify trust, willingness, social capital, wellbeing, or overlapping vulnerable-household unions."
48201254400,2024,2594.0,620.0,377.0,652.0,2594.0,0.251349267540478,0.3781344032096289,hydro_acs,observed_context,"Tenure and poverty are contextual measures. They do not identify trust, willingness, social capital, wellbeing, or overlapping vulnerable-household unions."
48201254600,2024,3419.0,685.0,592.0,420.0,3419.0,0.1228429365311494,0.4635865309318716,hydro_acs,observed_context,"Tenure and poverty are contextual measures. They do not identify trust, willingness, social capital, wellbeing, or overlapping vulnerable-household unions."
48201254700,2024,2665.0,568.0,411.0,190.0,2665.0,0.0712945590994371,0.4198161389172625,hydro_acs,observed_context,"Tenure and poverty are contextual measures. They do not identify trust, willingness, social capital, wellbeing, or overlapping vulnerable-household unions."
48201254800,2024,2482.0,548.0,324.0,815.0,2367.0,0.3443177017321504,0.37155963302752293,hydro_acs,observed_context,"Tenure and poverty are contextual measures. They do not identify trust, willingness, social capital, wellbeing, or overlapping vulnerable-household unions."
48201310101,2024,2768.0,664.0,773.0,647.0,2760.0,0.2344202898550724,0.5379262352122477,hydro_acs,observed_context,"Tenure and poverty are contextual measures. They do not identify trust, willingness, social capital, wellbeing, or overlapping vulnerable-household unions."
48201310102,2024,2400.0,402.0,1010.0,585.0,2400.0,0.24375,0.7152974504249292,hydro_acs,observed_context,"Tenure and poverty are contextual measures. They do not identify trust, willingness, social capital, wellbeing, or overlapping vulnerable-household unions."
48201310200,2024,2129.0,759.0,572.0,274.0,2129.0,0.1286989196806012,0.4297520661157025,hydro_acs,observed_context,"Tenure and poverty are contextual measures. They do not identify trust, willingness, social capital, wellbeing, or overlapping vulnerable-household unions."
48201310300,2024,4058.0,910.0,1196.0,702.0,3958.0,0.1773623041940374,0.5679012345679012,hydro_acs,observed_context,"Tenure and poverty are contextual measures. They do not identify trust, willingness, social capital, wellbeing, or overlapping vulnerable-household unions."
48201310400,2024,3018.0,599.0,858.0,321.0,3018.0,0.1063618290258449,0.5888812628689087,hydro_acs,observed_context,"Tenure and poverty are contextual measures. They do not identify trust, willingness, social capital, wellbeing, or overlapping vulnerable-household unions."
48201310500,2024,3409.0,840.0,624.0,779.0,3409.0,0.2285127603402757,0.4262295081967213,hydro_acs,observed_context,"Tenure and poverty are contextual measures. They do not identify trust, willingness, social capital, wellbeing, or overlapping vulnerable-household unions."
48201310600,2024,4598.0,1040.0,1164.0,614.0,4577.0,0.1341490058990605,0.5281306715063521,hydro_acs,observed_context,"Tenure and poverty are contextual measures. They do not identify trust, willingness, social capital, wellbeing, or overlapping vulnerable-household unions."
48201310700,2024,3342.0,1072.0,487.0,287.0,3326.0,0.0862898376428141,0.31237973059653623,hydro_acs,observed_context,"Tenure and poverty are contextual measures. They do not identify trust, willingness, social capital, wellbeing, or overlapping vulnerable-household unions."
48201310800,2024,3124.0,411.0,831.0,465.0,3124.0,0.1488476312419974,0.6690821256038647,hydro_acs,observed_context,"Tenure and poverty are contextual measures. They do not identify trust, willingness, social capital, wellbeing, or overlapping vulnerable-household unions."
48201310900,2024,4145.0,742.0,1102.0,618.0,4110.0,0.1503649635036496,0.5976138828633406,hydro_acs,observed_context,"Tenure and poverty are contextual measures. They do not identify trust, willingness, social capital, wellbeing, or overlapping vulnerable-household unions."
48201311001,2024,2746.0,612.0,409.0,792.0,2746.0,0.2884195193008012,0.4005876591576885,hydro_acs,observed_context,"Tenure and poverty are contextual measures. They do not identify trust, willingness, social capital, wellbeing, or overlapping vulnerable-household unions."
48201311002,2024,3516.0,613.0,493.0,776.0,3516.0,0.2207053469852104,0.445750452079566,hydro_acs,observed_context,"Tenure and poverty are contextual measures. They do not identify trust, willingness, social capital, wellbeing, or overlapping vulnerable-household unions."
48201311100,2024,5091.0,768.0,1042.0,1000.0,5091.0,0.1964250638381457,0.5756906077348066,hydro_acs,observed_context,"Tenure and poverty are contextual measures. They do not identify trust, willingness, social capital, wellbeing, or overlapping vulnerable-household unions."
48201311200,2024,4523.0,719.0,936.0,387.0,4523.0,0.0855626796374088,0.565558912386707,hydro_acs,observed_context,"Tenure and poverty are contextual measures. They do not identify trust, willingness, social capital, wellbeing, or overlapping vulnerable-household unions."
48201311300,2024,4120.0,896.0,339.0,354.0,4120.0,0.0859223300970873,0.2744939271255061,hydro_acs,observed_context,"Tenure and poverty are contextual measures. They do not identify trust, willingness, social capital, wellbeing, or overlapping vulnerable-household unions."
48201311400,2024,1668.0,190.0,280.0,374.0,1668.0,0.224220623501199,0.5957446808510638,hydro_acs,observed_context,"Tenure and poverty are contextual measures. They do not identify trust, willingness, social capital, wellbeing, or overlapping vulnerable-household unions."
48201311501,2024,2464.0,616.0,360.0,361.0,2464.0,0.1465097402597402,0.36885245901639346,hydro_acs,observed_context,"Tenure and poverty are contextual measures. They do not identify trust, willingness, social capital, wellbeing, or overlapping vulnerable-household unions."
48201311502,2024,2610.0,514.0,524.0,1063.0,2610.0,0.40727969348659,0.5048169556840078,hydro_acs,observed_context,"Tenure and poverty are contextual measures. They do not identify trust, willingness, social capital, wellbeing, or overlapping vulnerable-household unions."
48201311600,2024,3614.0,4.0,1452.0,1591.0,3614.0,0.4402324294410625,0.9972527472527473,hydro_acs,observed_context,"Tenure and poverty are contextual measures. They do not identify trust, willingness, social capital, wellbeing, or overlapping vulnerable-household unions."
48201311701,2024,3554.0,470.0,704.0,719.0,3537.0,0.2032796154933559,0.5996592844974447,hydro_acs,observed_context,"Tenure and poverty are contextual measures. They do not identify trust, willingness, social capital, wellbeing, or overlapping vulnerable-household unions."
48201311702,2024,1917.0,26.0,655.0,810.0,1917.0,0.4225352112676056,0.9618208516886931,hydro_acs,observed_context,"Tenure and poverty are contextual measures. They do not identify trust, willingness, social capital, wellbeing, or overlapping vulnerable-household unions."
48201311800,2024,3646.0,567.0,764.0,957.0,3646.0,0.2624794295117937,0.5740045078888054,hydro_acs,observed_context,"Tenure and poverty are contextual measures. They do not identify trust, willingness, social capital, wellbeing, or overlapping vulnerable-household unions."
48201311900,2024,1629.0,299.0,273.0,275.0,1629.0,0.1688152240638428,0.4772727272727273,hydro_acs,observed_context,"Tenure and poverty are contextual measures. They do not identify trust, willingness, social capital, wellbeing, or overlapping vulnerable-household unions."
48201312000,2024,2970.0,466.0,245.0,182.0,1433.0,0.1270062805303559,0.34458509142053445,hydro_acs,observed_context,"Tenure and poverty are contextual measures. They do not identify trust, willingness, social capital, wellbeing, or overlapping vulnerable-household unions."
48201312200,2024,1609.0,128.0,592.0,654.0,1609.0,0.4064636420136731,0.8222222222222222,hydro_acs,observed_context,"Tenure and poverty are contextual measures. They do not identify trust, willingness, social capital, wellbeing, or overlapping vulnerable-household unions."
48201312300,2024,2733.0,527.0,653.0,696.0,2703.0,0.2574916759156492,0.5533898305084746,hydro_acs,observed_context,"Tenure and poverty are contextual measures. They do not identify trust, willingness, social capital, wellbeing, or overlapping vulnerable-household unions."
48201312400,2024,2048.0,360.0,670.0,1144.0,2048.0,0.55859375,0.6504854368932039,hydro_acs,observed_context,"Tenure and poverty are contextual measures. They do not identify trust, willingness, social capital, wellbeing, or overlapping vulnerable-household unions."
48201312501,2024,3348.0,734.0,924.0,390.0,3344.0,0.1166267942583732,0.5572979493365501,hydro_acs,observed_context,"Tenure and poverty are contextual measures. They do not identify trust, willingness, social capital, wellbeing, or overlapping vulnerable-household unions."
48201312502,2024,2089.0,281.0,758.0,527.0,2052.0,0.25682261208577,0.7295476419634264,hydro_acs,observed_context,"Tenure and poverty are contextual measures. They do not identify trust, willingness, social capital, wellbeing, or overlapping vulnerable-household unions."
48201312601,2024,3366.0,327.0,1637.0,868.0,3350.0,0.2591044776119403,0.8335030549898167,hydro_acs,observed_context,"Tenure and poverty are contextual measures. They do not identify trust, willingness, social capital, wellbeing, or overlapping vulnerable-household unions."
48201312602,2024,2519.0,669.0,645.0,282.0,2506.0,0.1125299281723862,0.4908675799086758,hydro_acs,observed_context,"Tenure and poverty are contextual measures. They do not identify trust, willingness, social capital, wellbeing, or overlapping vulnerable-household unions."
48201312603,2024,4160.0,862.0,1489.0,1428.0,4160.0,0.3432692307692307,0.6333475116971502,hydro_acs,observed_context,"Tenure and poverty are contextual measures. They do not identify trust, willingness, social capital, wellbeing, or overlapping vulnerable-household unions."
48201312700,2024,2293.0,560.0,628.0,309.0,2232.0,0.1384408602150537,0.5286195286195287,hydro_acs,observed_context,"Tenure and poverty are contextual measures. They do not identify trust, willingness, social capital, wellbeing, or overlapping vulnerable-household unions."
48201312800,2024,3752.0,73.0,777.0,919.0,1540.0,0.5967532467532467,0.9141176470588235,hydro_acs,observed_context,"Tenure and poverty are contextual measures. They do not identify trust, willingness, social capital, wellbeing, or overlapping vulnerable-household unions."
48201312901,2024,1869.0,150.0,597.0,520.0,1326.0,0.392156862745098,0.7991967871485943,hydro_acs,observed_context,"Tenure and poverty are contextual measures. They do not identify trust, willingness, social capital, wellbeing, or overlapping vulnerable-household unions."
48201312902,2024,2391.0,847.0,432.0,731.0,2366.0,0.308960270498732,0.3377638780297107,hydro_acs,observed_context,"Tenure and poverty are contextual measures. They do not identify trust, willingness, social capital, wellbeing, or overlapping vulnerable-household unions."
48201313000,2024,2401.0,480.0,879.0,495.0,2401.0,0.2061640982923781,0.6467991169977925,hydro_acs,observed_context,"Tenure and poverty are contextual measures. They do not identify trust, willingness, social capital, wellbeing, or overlapping vulnerable-household unions."
48201313101,2024,2555.0,206.0,931.0,612.0,2348.0,0.2606473594548552,0.8188214599824098,hydro_acs,observed_context,"Tenure and poverty are contextual measures. They do not identify trust, willingness, social capital, wellbeing, or overlapping vulnerable-household unions."
48201313102,2024,1789.0,311.0,680.0,354.0,1715.0,0.2064139941690962,0.686175580221998,hydro_acs,observed_context,"Tenure and poverty are contextual measures. They do not identify trust, willingness, social capital, wellbeing, or overlapping vulnerable-household unions."
48201313201,2024,1632.0,335.0,487.0,454.0,1632.0,0.2781862745098039,0.5924574209245742,hydro_acs,observed_context,"Tenure and poverty are contextual measures. They do not identify trust, willingness, social capital, wellbeing, or overlapping vulnerable-household unions."
48201313202,2024,2629.0,578.0,542.0,83.0,2513.0,0.0330282530839633,0.48392857142857143,hydro_acs,observed_context,"Tenure and poverty are contextual measures. They do not identify trust, willingness, social capital, wellbeing, or overlapping vulnerable-household unions."
48201313300,2024,2702.0,673.0,556.0,738.0,2695.0,0.2738404452690167,0.4524003254678601,hydro_acs,observed_context,"Tenure and poverty are contextual measures. They do not identify trust, willingness, social capital, wellbeing, or overlapping vulnerable-household unions."
48201313400,2024,3803.0,413.0,1185.0,1094.0,3803.0,0.2876676308177754,0.7415519399249061,hydro_acs,observed_context,"Tenure and poverty are contextual measures. They do not identify trust, willingness, social capital, wellbeing, or overlapping vulnerable-household unions."
48201313500,2024,1781.0,438.0,505.0,647.0,1781.0,0.3632790567097136,0.5355249204665959,hydro_acs,observed_context,"Tenure and poverty are contextual measures. They do not identify trust, willingness, social capital, wellbeing, or overlapping vulnerable-household unions."
48201313600,2024,4618.0,741.0,1056.0,2062.0,4618.0,0.4465136422693807,0.5876460767946577,hydro_acs,observed_context,"Tenure and poverty are contextual measures. They do not identify trust, willingness, social capital, wellbeing, or overlapping vulnerable-household unions."
48201313700,2024,2327.0,579.0,364.0,279.0,2315.0,0.1205183585313175,0.3860021208907741,hydro_acs,observed_context,"Tenure and poverty are contextual measures. They do not identify trust, willingness, social capital, wellbeing, or overlapping vulnerable-household unions."
48201313801,2024,1549.0,232.0,488.0,831.0,1549.0,0.5364751452550033,0.6777777777777778,hydro_acs,observed_context,"Tenure and poverty are contextual measures. They do not identify trust, willingness, social capital, wellbeing, or overlapping vulnerable-household unions."
48201313802,2024,2707.0,492.0,571.0,864.0,2644.0,0.3267776096822995,0.5371589840075258,hydro_acs,observed_context,"Tenure and poverty are contextual measures. They do not identify trust, willingness, social capital, wellbeing, or overlapping vulnerable-household unions."
48201313901,2024,3964.0,138.0,1939.0,419.0,3964.0,0.1057013118062563,0.9335580163697641,hydro_acs,observed_context,"Tenure and poverty are contextual measures. They do not identify trust, willingness, social capital, wellbeing, or overlapping vulnerable-household unions."
48201313902,2024,2706.0,312.0,1261.0,338.0,2706.0,0.1249076127124907,0.8016528925619835,hydro_acs,observed_context,"Tenure and poverty are contextual measures. They do not identify trust, willingness, social capital, wellbeing, or overlapping vulnerable-household unions."
48201314001,2024,3169.0,625.0,965.0,412.0,2758.0,0.1493836113125453,0.6069182389937107,hydro_acs,observed_context,"Tenure and poverty are contextual measures. They do not identify trust, willingness, social capital, wellbeing, or overlapping vulnerable-household unions."
48201314003,2024,2689.0,9.0,1435.0,883.0,2684.0,0.3289865871833085,0.9937673130193906,hydro_acs,observed_context,"Tenure and poverty are contextual measures. They do not identify trust, willingness, social capital, wellbeing, or overlapping vulnerable-household unions."
48201314004,2024,2183.0,0.0,1202.0,611.0,2183.0,0.2798900595510765,1.0,hydro_acs,observed_context,"Tenure and poverty are contextual measures. They do not identify trust, willingness, social capital, wellbeing, or overlapping vulnerable-household unions."
48201314005,2024,2679.0,329.0,1528.0,765.0,2632.0,0.2906534954407295,0.8228325255788906,hydro_acs,observed_context,"Tenure and poverty are contextual measures. They do not identify trust, willingness, social capital, wellbeing, or overlapping vulnerable-household unions."
48201314301,2024,2226.0,71.0,1338.0,437.0,2226.0,0.1963162623539982,0.9496096522356281,hydro_acs,observed_context,"Tenure and poverty are contextual measures. They do not identify trust, willingness, social capital, wellbeing, or overlapping vulnerable-household unions."
48201314302,2024,1650.0,93.0,1152.0,263.0,1650.0,0.1593939393939394,0.9253012048192771,hydro_acs,observed_context,"Tenure and poverty are contextual measures. They do not identify trust, willingness, social capital, wellbeing, or overlapping vulnerable-household unions."
48201314401,2024,1510.0,107.0,849.0,509.0,1510.0,0.3370860927152317,0.8880753138075314,hydro_acs,observed_context,"Tenure and poverty are contextual measures. They do not identify trust, willingness, social capital, wellbeing, or overlapping vulnerable-household unions."
48201314402,2024,2037.0,520.0,749.0,196.0,2037.0,0.0962199312714776,0.5902285263987391,hydro_acs,observed_context,"Tenure and poverty are contextual measures. They do not identify trust, willingness, social capital, wellbeing, or overlapping vulnerable-household unions."
48201320100,2024,2253.0,290.0,735.0,368.0,2252.0,0.1634103019538188,0.7170731707317073,hydro_acs,observed_context,"Tenure and poverty are contextual measures. They do not identify trust, willingness, social capital, wellbeing, or overlapping vulnerable-household unions."
48201320201,2024,2983.0,272.0,503.0,1393.0,2983.0,0.4669795507877975,0.6490322580645161,hydro_acs,observed_context,"Tenure and poverty are contextual measures. They do not identify trust, willingness, social capital, wellbeing, or overlapping vulnerable-household unions."
48201320202,2024,3033.0,513.0,834.0,507.0,2991.0,0.1695085255767301,0.6191536748329621,hydro_acs,observed_context,"Tenure and poverty are contextual measures. They do not identify trust, willingness, social capital, wellbeing, or overlapping vulnerable-household unions."
48201320500,2024,4097.0,1086.0,184.0,336.0,4097.0,0.0820112277276055,0.14488188976377953,hydro_acs,observed_context,"Tenure and poverty are contextual measures. They do not identify trust, willingness, social capital, wellbeing, or overlapping vulnerable-household unions."
48201320601,2024,2104.0,321.0,430.0,813.0,2104.0,0.3864068441064638,0.5725699067909454,hydro_acs,observed_context,"Tenure and poverty are contextual measures. They do not identify trust, willingness, social capital, wellbeing, or overlapping vulnerable-household unions."
48201320602,2024,4365.0,627.0,866.0,1280.0,4365.0,0.293241695303551,0.580040187541862,hydro_acs,observed_context,"Tenure and poverty are contextual measures. They do not identify trust, willingness, social capital, wellbeing, or overlapping vulnerable-household unions."
48201320700,2024,3397.0,402.0,1077.0,595.0,3383.0,0.1758793969849246,0.7281947261663286,hydro_acs,observed_context,"Tenure and poverty are contextual measures. They do not identify trust, willingness, social capital, wellbeing, or overlapping vulnerable-household unions."
48201320800,2024,4740.0,943.0,669.0,1248.0,4738.0,0.2634022794428028,0.4150124069478908,hydro_acs,observed_context,"Tenure and poverty are contextual measures. They do not identify trust, willingness, social capital, wellbeing, or overlapping vulnerable-household unions."
48201320901,2024,2816.0,536.0,579.0,475.0,2800.0,0.1696428571428571,0.5192825112107623,hydro_acs,observed_context,"Tenure and poverty are contextual measures. They do not identify trust, willingness, social capital, wellbeing, or overlapping vulnerable-household unions."
48201320902,2024,3685.0,842.0,318.0,245.0,3685.0,0.0664857530529172,0.27413793103448275,hydro_acs,observed_context,"Tenure and poverty are contextual measures. They do not identify trust, willingness, social capital, wellbeing, or overlapping vulnerable-household unions."
48201321001,2024,2805.0,418.0,637.0,1277.0,2805.0,0.4552584670231729,0.6037914691943128,hydro_acs,observed_context,"Tenure and poverty are contextual measures. They do not identify trust, willingness, social capital, wellbeing, or overlapping vulnerable-household unions."
48201321002,2024,5200.0,1225.0,569.0,706.0,5200.0,0.1357692307692307,0.3171683389074693,hydro_acs,observed_context,"Tenure and poverty are contextual measures. They do not identify trust, willingness, social capital, wellbeing, or overlapping vulnerable-household unions."
48201321101,2024,3896.0,608.0,987.0,624.0,3896.0,0.1601642710472279,0.618808777429467,hydro_acs,observed_context,"Tenure and poverty are contextual measures. They do not identify trust, willingness, social capital, wellbeing, or overlapping vulnerable-household unions."
48201321102,2024,4274.0,1097.0,97.0,189.0,4208.0,0.0449144486692015,0.0812395309882747,hydro_acs,observed_context,"Tenure and poverty are contextual measures. They do not identify trust, willingness, social capital, wellbeing, or overlapping vulnerable-household unions."
48201321200,2024,5008.0,346.0,1066.0,1799.0,5008.0,0.3592252396166134,0.7549575070821529,hydro_acs,observed_context,"Tenure and poverty are contextual measures. They do not identify trust, willingness, social capital, wellbeing, or overlapping vulnerable-household unions."
48201321301,2024,3718.0,49.0,1306.0,1567.0,3687.0,0.4250067805804177,0.9638376383763838,hydro_acs,observed_context,"Tenure and poverty are contextual measures. They do not identify trust, willingness, social capital, wellbeing, or overlapping vulnerable-household unions."
48201321302,2024,1929.0,365.0,172.0,481.0,1929.0,0.2493519958527734,0.3202979515828678,hydro_acs,observed_context,"Tenure and poverty are contextual measures. They do not identify trust, willingness, social capital, wellbeing, or overlapping vulnerable-household unions."
48201321401,2024,3726.0,757.0,317.0,1167.0,3726.0,0.3132045088566828,0.2951582867783985,hydro_acs,observed_context,"Tenure and poverty are contextual measures. They do not identify trust, willingness, social capital, wellbeing, or overlapping vulnerable-household unions."
48201321402,2024,4867.0,924.0,443.0,748.0,4863.0,0.153814517787374,0.324067300658376,hydro_acs,observed_context,"Tenure and poverty are contextual measures. They do not identify trust, willingness, social capital, wellbeing, or overlapping vulnerable-household unions."
48201321500,2024,2700.0,143.0,802.0,1017.0,2700.0,0.3766666666666666,0.8486772486772487,hydro_acs,observed_context,"Tenure and poverty are contextual measures. They do not identify trust, willingness, social capital, wellbeing, or overlapping vulnerable-household unions."
48201321600,2024,6937.0,1332.0,558.0,1081.0,6934.0,0.1558984713008364,0.29523809523809524,hydro_acs,observed_context,"Tenure and poverty are contextual measures. They do not identify trust, willingness, social capital, wellbeing, or overlapping vulnerable-household unions."
48201321700,2024,3202.0,922.0,105.0,403.0,3201.0,0.1258981568259918,0.10223953261927946,hydro_acs,observed_context,"Tenure and poverty are contextual measures. They do not identify trust, willingness, social capital, wellbeing, or overlapping vulnerable-household unions."
48201321800,2024,4101.0,846.0,303.0,1091.0,4074.0,0.2677957781050564,0.26370757180156656,hydro_acs,observed_context,"Tenure and poverty are contextual measures. They do not identify trust, willingness, social capital, wellbeing, or overlapping vulnerable-household unions."
48201321900,2024,5314.0,1056.0,370.0,977.0,5294.0,0.1845485455232338,0.2594670406732118,hydro_acs,observed_context,"Tenure and poverty are contextual measures. They do not identify trust, willingness, social capital, wellbeing, or overlapping vulnerable-household unions."
48201322000,2024,4240.0,59.0,1233.0,1608.0,4240.0,0.3792452830188679,0.9543343653250774,hydro_acs,observed_context,"Tenure and poverty are contextual measures. They do not identify trust, willingness, social capital, wellbeing, or overlapping vulnerable-household unions."
48201322100,2024,3883.0,568.0,792.0,1143.0,3883.0,0.2943600309039402,0.5823529411764706,hydro_acs,observed_context,"Tenure and poverty are contextual measures. They do not identify trust, willingness, social capital, wellbeing, or overlapping vulnerable-household unions."
48201322200,2024,1670.0,244.0,201.0,175.0,1670.0,0.1047904191616766,0.451685393258427,hydro_acs,observed_context,"Tenure and poverty are contextual measures. They do not identify trust, willingness, social capital, wellbeing, or overlapping vulnerable-household unions."
48201322600,2024,4985.0,1201.0,498.0,778.0,4985.0,0.1560682046138415,0.29311359623307826,hydro_acs,observed_context,"Tenure and poverty are contextual measures. They do not identify trust, willingness, social capital, wellbeing, or overlapping vulnerable-household unions."
48201322701,2024,2882.0,505.0,409.0,188.0,2882.0,0.0652324774462179,0.4474835886214442,hydro_acs,observed_context,"Tenure and poverty are contextual measures. They do not identify trust, willingness, social capital, wellbeing, or overlapping vulnerable-household unions."
48201322702,2024,4356.0,710.0,588.0,442.0,4356.0,0.1014692378328741,0.4530046224961479,hydro_acs,observed_context,"Tenure and poverty are contextual measures. They do not identify trust, willingness, social capital, wellbeing, or overlapping vulnerable-household unions."
48201322800,2024,5509.0,1069.0,474.0,1108.0,5492.0,0.2017479970866715,0.30719377835385614,hydro_acs,observed_context,"Tenure and poverty are contextual measures. They do not identify trust, willingness, social capital, wellbeing, or overlapping vulnerable-household unions."
48201322900,2024,3755.0,595.0,456.0,738.0,3755.0,0.1965379494007989,0.43387250237868696,hydro_acs,observed_context,"Tenure and poverty are contextual measures. They do not identify trust, willingness, social capital, wellbeing, or overlapping vulnerable-household unions."
48201323000,2024,6571.0,335.0,1797.0,1667.0,6548.0,0.2545815516188149,0.8428705440900562,hydro_acs,observed_context,"Tenure and poverty are contextual measures. They do not identify trust, willingness, social capital, wellbeing, or overlapping vulnerable-household unions."
48201323100,2024,3503.0,235.0,823.0,1296.0,3459.0,0.3746747614917606,0.777882797731569,hydro_acs,observed_context,"Tenure and poverty are contextual measures. They do not identify trust, willingness, social capital, wellbeing, or overlapping vulnerable-household unions."
48201323200,2024,6023.0,1278.0,617.0,1121.0,6023.0,0.1861198738170347,0.32559366754617414,hydro_acs,observed_context,"Tenure and poverty are contextual measures. They do not identify trust, willingness, social capital, wellbeing, or overlapping vulnerable-household unions."
48201323300,2024,3278.0,316.0,681.0,1603.0,3167.0,0.5061572466056204,0.683049147442327,hydro_acs,observed_context,"Tenure and poverty are contextual measures. They do not identify trust, willingness, social capital, wellbeing, or overlapping vulnerable-household unions."
48201323400,2024,6940.0,1175.0,983.0,1888.0,6940.0,0.2720461095100864,0.4555143651529194,hydro_acs,observed_context,"Tenure and poverty are contextual measures. They do not identify trust, willingness, social capital, wellbeing, or overlapping vulnerable-household unions."
48201323500,2024,5525.0,485.0,1236.0,2398.0,5513.0,0.4349718846363141,0.7181871005229518,hydro_acs,observed_context,"Tenure and poverty are contextual measures. They do not identify trust, willingness, social capital, wellbeing, or overlapping vulnerable-household unions."
48201323601,2024,4141.0,554.0,1146.0,577.0,4141.0,0.13933832407631,0.6741176470588235,hydro_acs,observed_context,"Tenure and poverty are contextual measures. They do not identify trust, willingness, social capital, wellbeing, or overlapping vulnerable-household unions."
48201323602,2024,4299.0,1498.0,115.0,112.0,4299.0,0.0260525703652012,0.0712957222566646,hydro_acs,observed_context,"Tenure and poverty are contextual measures. They do not identify trust, willingness, social capital, wellbeing, or overlapping vulnerable-household unions."
48201323701,2024,4269.0,483.0,1181.0,271.0,3886.0,0.0697375193000514,0.7097355769230769,hydro_acs,observed_context,"Tenure and poverty are contextual measures. They do not identify trust, willingness, social capital, wellbeing, or overlapping vulnerable-household unions."
48201323702,2024,3622.0,545.0,665.0,417.0,3622.0,0.1151297625621203,0.5495867768595041,hydro_acs,observed_context,"Tenure and poverty are contextual measures. They do not identify trust, willingness, social capital, wellbeing, or overlapping vulnerable-household unions."
48201323801,2024,4084.0,896.0,192.0,477.0,3985.0,0.1196988707653701,0.17647058823529413,hydro_acs,observed_context,"Tenure and poverty are contextual measures. They do not identify trust, willingness, social capital, wellbeing, or overlapping vulnerable-household unions."
48201323802,2024,5026.0,1028.0,520.0,1643.0,4994.0,0.328994793752503,0.3359173126614987,hydro_acs,observed_context,"Tenure and poverty are contextual measures. They do not identify trust, willingness, social capital, wellbeing, or overlapping vulnerable-household unions."
48201323900,2024,3268.0,301.0,930.0,919.0,3232.0,0.2843440594059406,0.7554833468724614,hydro_acs,observed_context,"Tenure and poverty are contextual measures. They do not identify trust, willingness, social capital, wellbeing, or overlapping vulnerable-household unions."
48201324000,2024,6065.0,1459.0,665.0,526.0,6029.0,0.0872449825841764,0.3130885122410546,hydro_acs,observed_context,"Tenure and poverty are contextual measures. They do not identify trust, willingness, social capital, wellbeing, or overlapping vulnerable-household unions."
48201324101,2024,5105.0,985.0,671.0,1246.0,5105.0,0.2440744368266405,0.40519323671497587,hydro_acs,observed_context,"Tenure and poverty are contextual measures. They do not identify trust, willingness, social capital, wellbeing, or overlapping vulnerable-household unions."
48201324102,2024,0.0,0.0,0.0,0.0,0.0,,,hydro_acs,observed_context,"Tenure and poverty are contextual measures. They do not identify trust, willingness, social capital, wellbeing, or overlapping vulnerable-household unions."
48201324200,2024,728.0,223.0,70.0,166.0,718.0,0.2311977715877437,0.23890784982935154,hydro_acs,observed_context,"Tenure and poverty are contextual measures. They do not identify trust, willingness, social capital, wellbeing, or overlapping vulnerable-household unions."
48201330101,2024,5251.0,994.0,668.0,895.0,5251.0,0.170443725004761,0.4019253910950662,hydro_acs,observed_context,"Tenure and poverty are contextual measures. They do not identify trust, willingness, social capital, wellbeing, or overlapping vulnerable-household unions."
48201330102,2024,2022.0,622.0,90.0,760.0,2022.0,0.3758654797230465,0.12640449438202248,hydro_acs,observed_context,"Tenure and poverty are contextual measures. They do not identify trust, willingness, social capital, wellbeing, or overlapping vulnerable-household unions."
48201330200,2024,6130.0,839.0,723.0,1801.0,6079.0,0.2962658331962494,0.46286811779769527,hydro_acs,observed_context,"Tenure and poverty are contextual measures. They do not identify trust, willingness, social capital, wellbeing, or overlapping vulnerable-household unions."
48201330301,2024,7924.0,1924.0,275.0,1560.0,7924.0,0.1968702675416456,0.1250568440200091,hydro_acs,observed_context,"Tenure and poverty are contextual measures. They do not identify trust, willingness, social capital, wellbeing, or overlapping vulnerable-household unions."
48201330302,2024,5141.0,1335.0,241.0,902.0,5095.0,0.1770363101079489,0.15291878172588833,hydro_acs,observed_context,"Tenure and poverty are contextual measures. They do not identify trust, willingness, social capital, wellbeing, or overlapping vulnerable-household unions."
48201330303,2024,4734.0,791.0,1312.0,619.0,4734.0,0.1307562315166878,0.6238706609605326,hydro_acs,observed_context,"Tenure and poverty are contextual measures. They do not identify trust, willingness, social capital, wellbeing, or overlapping vulnerable-household unions."
48201330400,2024,5047.0,840.0,734.0,1395.0,5047.0,0.2764018228650683,0.4663278271918678,hydro_acs,observed_context,"Tenure and poverty are contextual measures. They do not identify trust, willingness, social capital, wellbeing, or overlapping vulnerable-household unions."
48201330500,2024,5466.0,1293.0,478.0,1089.0,5466.0,0.199231613611416,0.26990400903444384,hydro_acs,observed_context,"Tenure and poverty are contextual measures. They do not identify trust, willingness, social capital, wellbeing, or overlapping vulnerable-household unions."
48201330600,2024,7148.0,1630.0,807.0,1598.0,7148.0,0.223559037493005,0.3311448502256873,hydro_acs,observed_context,"Tenure and poverty are contextual measures. They do not identify trust, willingness, social capital, wellbeing, or overlapping vulnerable-household unions."
48201330700,2024,8886.0,1421.0,1168.0,1440.0,8886.0,0.1620526671168129,0.4511394360757049,hydro_acs,observed_context,"Tenure and poverty are contextual measures. They do not identify trust, willingness, social capital, wellbeing, or overlapping vulnerable-household unions."
48201330801,2024,6752.0,1623.0,935.0,1613.0,6726.0,0.2398156407969075,0.3655199374511337,hydro_acs,observed_context,"Tenure and poverty are contextual measures. They do not identify trust, willingness, social capital, wellbeing, or overlapping vulnerable-household unions."
48201330802,2024,10276.0,3042.0,669.0,855.0,10273.0,0.0832278789058697,0.18027485852869846,hydro_acs,observed_context,"Tenure and poverty are contextual measures. They do not identify trust, willingness, social capital, wellbeing, or overlapping vulnerable-household unions."
48201330901,2024,10349.0,2917.0,1244.0,845.0,10349.0,0.081650401004928,0.2989665945686133,hydro_acs,observed_context,"Tenure and poverty are contextual measures. They do not identify trust, willingness, social capital, wellbeing, or overlapping vulnerable-household unions."
48201330902,2024,3665.0,598.0,465.0,1412.0,3665.0,0.3852660300136425,0.4374412041392286,hydro_acs,observed_context,"Tenure and poverty are contextual measures. They do not identify trust, willingness, social capital, wellbeing, or overlapping vulnerable-household unions."
48201331100,2024,4129.0,1025.0,634.0,1016.0,4120.0,0.2466019417475728,0.3821579264617239,hydro_acs,observed_context,"Tenure and poverty are contextual measures. They do not identify trust, willingness, social capital, wellbeing, or overlapping vulnerable-household unions."
48201331200,2024,5016.0,503.0,1362.0,1851.0,4997.0,0.3704222533520112,0.7302949061662198,hydro_acs,observed_context,"Tenure and poverty are contextual measures. They do not identify trust, willingness, social capital, wellbeing, or overlapping vulnerable-household unions."
48201331300,2024,5819.0,1086.0,823.0,1952.0,5777.0,0.337891639259131,0.4311157674174961,hydro_acs,observed_context,"Tenure and poverty are contextual measures. They do not identify trust, willingness, social capital, wellbeing, or overlapping vulnerable-household unions."
48201331400,2024,3353.0,24.0,961.0,2618.0,3353.0,0.7807933194154488,0.9756345177664975,hydro_acs,observed_context,"Tenure and poverty are contextual measures. They do not identify trust, willingness, social capital, wellbeing, or overlapping vulnerable-household unions."
48201331501,2024,4551.0,1173.0,289.0,653.0,4551.0,0.1434849483629971,0.19767441860465115,hydro_acs,observed_context,"Tenure and poverty are contextual measures. They do not identify trust, willingness, social capital, wellbeing, or overlapping vulnerable-household unions."
48201331502,2024,6146.0,1632.0,905.0,1261.0,6096.0,0.2068569553805774,0.35672053606621995,hydro_acs,observed_context,"Tenure and poverty are contextual measures. They do not identify trust, willingness, social capital, wellbeing, or overlapping vulnerable-household unions."
48201331602,2024,3337.0,550.0,673.0,490.0,3337.0,0.146838477674558,0.5502861815208504,hydro_acs,observed_context,"Tenure and poverty are contextual measures. They do not identify trust, willingness, social capital, wellbeing, or overlapping vulnerable-household unions."
48201331603,2024,4532.0,1044.0,442.0,1138.0,4532.0,0.2511032656663725,0.297442799461642,hydro_acs,observed_context,"Tenure and poverty are contextual measures. They do not identify trust, willingness, social capital, wellbeing, or overlapping vulnerable-household unions."
48201331604,2024,2690.0,459.0,451.0,789.0,2631.0,0.2998859749144812,0.4956043956043956,hydro_acs,observed_context,"Tenure and poverty are contextual measures. They do not identify trust, willingness, social capital, wellbeing, or overlapping vulnerable-household unions."
48201331700,2024,3840.0,704.0,596.0,1633.0,3840.0,0.4252604166666666,0.4584615384615385,hydro_acs,observed_context,"Tenure and poverty are contextual measures. They do not identify trust, willingness, social capital, wellbeing, or overlapping vulnerable-household unions."
48201331800,2024,4268.0,832.0,536.0,2226.0,4268.0,0.5215557638238051,0.391812865497076,hydro_acs,observed_context,"Tenure and poverty are contextual measures. They do not identify trust, willingness, social capital, wellbeing, or overlapping vulnerable-household unions."
48201331900,2024,3361.0,706.0,703.0,876.0,3361.0,0.2606367152633145,0.49893541518807666,hydro_acs,observed_context,"Tenure and poverty are contextual measures. They do not identify trust, willingness, social capital, wellbeing, or overlapping vulnerable-household unions."
48201332000,2024,5918.0,848.0,974.0,2681.0,5732.0,0.4677250523377529,0.5345773874862788,hydro_acs,observed_context,"Tenure and poverty are contextual measures. They do not identify trust, willingness, social capital, wellbeing, or overlapping vulnerable-household unions."
48201332100,2024,3173.0,481.0,422.0,1156.0,3173.0,0.3643239836117239,0.4673311184939092,hydro_acs,observed_context,"Tenure and poverty are contextual measures. They do not identify trust, willingness, social capital, wellbeing, or overlapping vulnerable-household unions."
48201332200,2024,4861.0,1073.0,520.0,1651.0,4828.0,0.341963545981773,0.32642812303829255,hydro_acs,observed_context,"Tenure and poverty are contextual measures. They do not identify trust, willingness, social capital, wellbeing, or overlapping vulnerable-household unions."
48201332300,2024,2910.0,680.0,307.0,437.0,2910.0,0.1501718213058419,0.3110435663627153,hydro_acs,observed_context,"Tenure and poverty are contextual measures. They do not identify trust, willingness, social capital, wellbeing, or overlapping vulnerable-household unions."
48201332400,2024,4057.0,960.0,287.0,434.0,4057.0,0.1069755977323145,0.2301523656776263,hydro_acs,observed_context,"Tenure and poverty are contextual measures. They do not identify trust, willingness, social capital, wellbeing, or overlapping vulnerable-household unions."
48201332500,2024,3410.0,1027.0,91.0,160.0,3410.0,0.0469208211143695,0.08139534883720931,hydro_acs,observed_context,"Tenure and poverty are contextual measures. They do not identify trust, willingness, social capital, wellbeing, or overlapping vulnerable-household unions."
48201332600,2024,6387.0,1210.0,1030.0,1244.0,6139.0,0.202638866264864,0.45982142857142855,hydro_acs,observed_context,"Tenure and poverty are contextual measures. They do not identify trust, willingness, social capital, wellbeing, or overlapping vulnerable-household unions."
48201332700,2024,2319.0,497.0,352.0,651.0,2319.0,0.2807244501940492,0.41460541813898705,hydro_acs,observed_context,"Tenure and poverty are contextual measures. They do not identify trust, willingness, social capital, wellbeing, or overlapping vulnerable-household unions."
48201332800,2024,4588.0,383.0,971.0,1285.0,4436.0,0.2896753832281334,0.7171344165435746,hydro_acs,observed_context,"Tenure and poverty are contextual measures. They do not identify trust, willingness, social capital, wellbeing, or overlapping vulnerable-household unions."
48201332900,2024,4635.0,683.0,824.0,1377.0,4493.0,0.3064767415980414,0.5467816854678168,hydro_acs,observed_context,"Tenure and poverty are contextual measures. They do not identify trust, willingness, social capital, wellbeing, or overlapping vulnerable-household unions."
48201333000,2024,3528.0,649.0,389.0,714.0,3528.0,0.2023809523809523,0.37475915221579964,hydro_acs,observed_context,"Tenure and poverty are contextual measures. They do not identify trust, willingness, social capital, wellbeing, or overlapping vulnerable-household unions."
48201333100,2024,3567.0,676.0,739.0,1040.0,3453.0,0.3011873732985809,0.5222614840989399,hydro_acs,observed_context,"Tenure and poverty are contextual measures. They do not identify trust, willingness, social capital, wellbeing, or overlapping vulnerable-household unions."
48201333201,2024,5266.0,740.0,1059.0,1006.0,5266.0,0.1910368401063426,0.5886603668704836,hydro_acs,observed_context,"Tenure and poverty are contextual measures. They do not identify trust, willingness, social capital, wellbeing, or overlapping vulnerable-household unions."
48201333203,2024,2171.0,347.0,604.0,274.0,2079.0,0.1317941317941318,0.6351209253417456,hydro_acs,observed_context,"Tenure and poverty are contextual measures. They do not identify trust, willingness, social capital, wellbeing, or overlapping vulnerable-household unions."
48201333204,2024,2338.0,0.0,843.0,581.0,2338.0,0.248502994011976,1.0,hydro_acs,observed_context,"Tenure and poverty are contextual measures. They do not identify trust, willingness, social capital, wellbeing, or overlapping vulnerable-household unions."
48201333205,2024,1384.0,13.0,647.0,473.0,1384.0,0.3417630057803468,0.9803030303030303,hydro_acs,observed_context,"Tenure and poverty are contextual measures. They do not identify trust, willingness, social capital, wellbeing, or overlapping vulnerable-household unions."
48201333301,2024,4541.0,145.0,1102.0,2166.0,4541.0,0.4769874476987448,0.8837209302325582,hydro_acs,observed_context,"Tenure and poverty are contextual measures. They do not identify trust, willingness, social capital, wellbeing, or overlapping vulnerable-household unions."
48201333302,2024,3515.0,545.0,478.0,634.0,3515.0,0.1803698435277382,0.46725317693059626,hydro_acs,observed_context,"Tenure and poverty are contextual measures. They do not identify trust, willingness, social capital, wellbeing, or overlapping vulnerable-household unions."
48201333501,2024,3311.0,320.0,866.0,788.0,3311.0,0.2379945635759589,0.730185497470489,hydro_acs,observed_context,"Tenure and poverty are contextual measures. They do not identify trust, willingness, social capital, wellbeing, or overlapping vulnerable-household unions."
48201333502,2024,2504.0,287.0,461.0,788.0,2504.0,0.3146964856230032,0.6163101604278075,hydro_acs,observed_context,"Tenure and poverty are contextual measures. They do not identify trust, willingness, social capital, wellbeing, or overlapping vulnerable-household unions."
48201333600,2024,3219.0,827.0,178.0,206.0,3168.0,0.0650252525252525,0.1771144278606965,hydro_acs,observed_context,"Tenure and poverty are contextual measures. They do not identify trust, willingness, social capital, wellbeing, or overlapping vulnerable-household unions."
48201333700,2024,4138.0,966.0,254.0,589.0,4138.0,0.1423392943450942,0.2081967213114754,hydro_acs,observed_context,"Tenure and poverty are contextual measures. They do not identify trust, willingness, social capital, wellbeing, or overlapping vulnerable-household unions."
48201333801,2024,4084.0,453.0,825.0,1273.0,4084.0,0.3117042115572968,0.6455399061032864,hydro_acs,observed_context,"Tenure and poverty are contextual measures. They do not identify trust, willingness, social capital, wellbeing, or overlapping vulnerable-household unions."
48201333802,2024,6105.0,1481.0,485.0,379.0,6105.0,0.062080262080262,0.2466937945066124,hydro_acs,observed_context,"Tenure and poverty are contextual measures. They do not identify trust, willingness, social capital, wellbeing, or overlapping vulnerable-household unions."
48201333903,2024,3720.0,629.0,668.0,734.0,3705.0,0.198110661268556,0.5150346954510409,hydro_acs,observed_context,"Tenure and poverty are contextual measures. They do not identify trust, willingness, social capital, wellbeing, or overlapping vulnerable-household unions."
48201333904,2024,6275.0,1036.0,1069.0,910.0,6275.0,0.1450199203187251,0.5078384798099762,hydro_acs,observed_context,"Tenure and poverty are contextual measures. They do not identify trust, willingness, social capital, wellbeing, or overlapping vulnerable-household unions."
48201333905,2024,3448.0,963.0,96.0,352.0,3411.0,0.1031955438287892,0.0906515580736544,hydro_acs,observed_context,"Tenure and poverty are contextual measures. They do not identify trust, willingness, social capital, wellbeing, or overlapping vulnerable-household unions."
48201333906,2024,5712.0,1482.0,58.0,324.0,5712.0,0.0567226890756302,0.03766233766233766,hydro_acs,observed_context,"Tenure and poverty are contextual measures. They do not identify trust, willingness, social capital, wellbeing, or overlapping vulnerable-household unions."
48201334001,2024,2880.0,273.0,819.0,433.0,2879.0,0.1503994442514762,0.75,hydro_acs,observed_context,"Tenure and poverty are contextual measures. They do not identify trust, willingness, social capital, wellbeing, or overlapping vulnerable-household unions."
48201334002,2024,2420.0,108.0,1012.0,143.0,2420.0,0.059090909090909,0.9035714285714286,hydro_acs,observed_context,"Tenure and poverty are contextual measures. They do not identify trust, willingness, social capital, wellbeing, or overlapping vulnerable-household unions."
48201334003,2024,5903.0,1060.0,1151.0,1731.0,5903.0,0.2932407250550568,0.5205789235639982,hydro_acs,observed_context,"Tenure and poverty are contextual measures. They do not identify trust, willingness, social capital, wellbeing, or overlapping vulnerable-household unions."
48201334101,2024,9558.0,908.0,4069.0,1087.0,9558.0,0.1137267210713538,0.8175607795860961,hydro_acs,observed_context,"Tenure and poverty are contextual measures. They do not identify trust, willingness, social capital, wellbeing, or overlapping vulnerable-household unions."
48201334102,2024,6742.0,1500.0,910.0,1465.0,6673.0,0.2195414356361456,0.3775933609958506,hydro_acs,observed_context,"Tenure and poverty are contextual measures. They do not identify trust, willingness, social capital, wellbeing, or overlapping vulnerable-household unions."
48201340101,2024,1610.0,49.0,751.0,132.0,1610.0,0.0819875776397515,0.93875,hydro_acs,observed_context,"Tenure and poverty are contextual measures. They do not identify trust, willingness, social capital, wellbeing, or overlapping vulnerable-household unions."
48201340102,2024,5498.0,1152.0,665.0,902.0,5466.0,0.1650201244054153,0.3659878921298844,hydro_acs,observed_context,"Tenure and poverty are contextual measures. They do not identify trust, willingness, social capital, wellbeing, or overlapping vulnerable-household unions."
48201340201,2024,0.0,0.0,0.0,0.0,0.0,,,hydro_acs,observed_context,"Tenure and poverty are contextual measures. They do not identify trust, willingness, social capital, wellbeing, or overlapping vulnerable-household unions."
48201340202,2024,8505.0,2605.0,314.0,367.0,8505.0,0.043151087595532,0.10757108598835217,hydro_acs,observed_context,"Tenure and poverty are contextual measures. They do not identify trust, willingness, social capital, wellbeing, or overlapping vulnerable-household unions."
48201340203,2024,4608.0,1234.0,793.0,146.0,4608.0,0.0316840277777777,0.3912185495806611,hydro_acs,observed_context,"Tenure and poverty are contextual measures. They do not identify trust, willingness, social capital, wellbeing, or overlapping vulnerable-household unions."
48201340301,2024,3541.0,1311.0,30.0,26.0,3541.0,0.0073425585992657,0.02237136465324385,hydro_acs,observed_context,"Tenure and poverty are contextual measures. They do not identify trust, willingness, social capital, wellbeing, or overlapping vulnerable-household unions."
48201340302,2024,6889.0,2426.0,89.0,346.0,6889.0,0.0502249963710262,0.035387673956262425,hydro_acs,observed_context,"Tenure and poverty are contextual measures. They do not identify trust, willingness, social capital, wellbeing, or overlapping vulnerable-household unions."
48201340400,2024,1070.0,460.0,0.0,76.0,1070.0,0.0710280373831775,0.0,hydro_acs,observed_context,"Tenure and poverty are contextual measures. They do not identify trust, willingness, social capital, wellbeing, or overlapping vulnerable-household unions."
48201340501,2024,3754.0,960.0,820.0,579.0,3732.0,0.155144694533762,0.4606741573033708,hydro_acs,observed_context,"Tenure and poverty are contextual measures. They do not identify trust, willingness, social capital, wellbeing, or overlapping vulnerable-household unions."
48201340502,2024,2216.0,190.0,835.0,599.0,2216.0,0.2703068592057762,0.8146341463414634,hydro_acs,observed_context,"Tenure and poverty are contextual measures. They do not identify trust, willingness, social capital, wellbeing, or overlapping vulnerable-household unions."
48201340600,2024,2463.0,932.0,56.0,52.0,2463.0,0.0211124644742184,0.05668016194331984,hydro_acs,observed_context,"Tenure and poverty are contextual measures. They do not identify trust, willingness, social capital, wellbeing, or overlapping vulnerable-household unions."
48201340701,2024,3918.0,1021.0,427.0,593.0,3918.0,0.1513527309851965,0.2948895027624309,hydro_acs,observed_context,"Tenure and poverty are contextual measures. They do not identify trust, willingness, social capital, wellbeing, or overlapping vulnerable-household unions."
48201340702,2024,3871.0,878.0,529.0,488.0,3871.0,0.1260656161198656,0.3759772565742715,hydro_acs,observed_context,"Tenure and poverty are contextual measures. They do not identify trust, willingness, social capital, wellbeing, or overlapping vulnerable-household unions."
48201340800,2024,6143.0,1803.0,222.0,315.0,6143.0,0.0512778772586684,0.10962962962962963,hydro_acs,observed_context,"Tenure and poverty are contextual measures. They do not identify trust, willingness, social capital, wellbeing, or overlapping vulnerable-household unions."
48201340900,2024,4640.0,366.0,1937.0,1150.0,4640.0,0.2478448275862069,0.8410768562744246,hydro_acs,observed_context,"Tenure and poverty are contextual measures. They do not identify trust, willingness, social capital, wellbeing, or overlapping vulnerable-household unions."
48201341001,2024,3973.0,126.0,2151.0,445.0,3973.0,0.1120060407752328,0.9446640316205533,hydro_acs,observed_context,"Tenure and poverty are contextual measures. They do not identify trust, willingness, social capital, wellbeing, or overlapping vulnerable-household unions."
48201341002,2024,3548.0,906.0,691.0,401.0,3548.0,0.113021420518602,0.43268628678772697,hydro_acs,observed_context,"Tenure and poverty are contextual measures. They do not identify trust, willingness, social capital, wellbeing, or overlapping vulnerable-household unions."
48201341101,2024,1956.0,220.0,475.0,357.0,1754.0,0.2035347776510832,0.6834532374100719,hydro_acs,observed_context,"Tenure and poverty are contextual measures. They do not identify trust, willingness, social capital, wellbeing, or overlapping vulnerable-household unions."
48201341102,2024,2143.0,0.0,1347.0,279.0,2048.0,0.13623046875,1.0,hydro_acs,observed_context,"Tenure and poverty are contextual measures. They do not identify trust, willingness, social capital, wellbeing, or overlapping vulnerable-household unions."
48201341201,2024,5291.0,735.0,1595.0,449.0,5050.0,0.0889108910891089,0.6845493562231759,hydro_acs,observed_context,"Tenure and poverty are contextual measures. They do not identify trust, willingness, social capital, wellbeing, or overlapping vulnerable-household unions."
48201341203,2024,2698.0,535.0,683.0,309.0,2698.0,0.114529280948851,0.5607553366174056,hydro_acs,observed_context,"Tenure and poverty are contextual measures. They do not identify trust, willingness, social capital, wellbeing, or overlapping vulnerable-household unions."
48201341204,2024,3504.0,896.0,947.0,431.0,3504.0,0.1230022831050228,0.5138361367335865,hydro_acs,observed_context,"Tenure and poverty are contextual measures. They do not identify trust, willingness, social capital, wellbeing, or overlapping vulnerable-household unions."
48201341302,2024,3368.0,272.0,1744.0,170.0,3368.0,0.0504750593824228,0.8650793650793651,hydro_acs,observed_context,"Tenure and poverty are contextual measures. They do not identify trust, willingness, social capital, wellbeing, or overlapping vulnerable-household unions."
48201341303,2024,2936.0,963.0,872.0,379.0,2923.0,0.1296613068764967,0.47520435967302455,hydro_acs,observed_context,"Tenure and poverty are contextual measures. They do not identify trust, willingness, social capital, wellbeing, or overlapping vulnerable-household unions."
48201341304,2024,1543.0,45.0,687.0,267.0,1446.0,0.1846473029045643,0.9385245901639344,hydro_acs,observed_context,"Tenure and poverty are contextual measures. They do not identify trust, willingness, social capital, wellbeing, or overlapping vulnerable-household unions."
48201341400,2024,5678.0,1912.0,267.0,207.0,5639.0,0.0367086362830289,0.12253327214318495,hydro_acs,observed_context,"Tenure and poverty are contextual measures. They do not identify trust, willingness, social capital, wellbeing, or overlapping vulnerable-household unions."
48201341501,2024,6275.0,1803.0,821.0,458.0,6275.0,0.0729880478087649,0.3128810975609756,hydro_acs,observed_context,"Tenure and poverty are contextual measures. They do not identify trust, willingness, social capital, wellbeing, or overlapping vulnerable-household unions."
48201341502,2024,5013.0,1382.0,982.0,164.0,5013.0,0.0327149411530021,0.41539763113367173,hydro_acs,observed_context,"Tenure and poverty are contextual measures. They do not identify trust, willingness, social capital, wellbeing, or overlapping vulnerable-household unions."
48201341600,2024,6841.0,2294.0,487.0,414.0,6812.0,0.0607751027598355,0.1751168644372528,hydro_acs,observed_context,"Tenure and poverty are contextual measures. They do not identify trust, willingness, social capital, wellbeing, or overlapping vulnerable-household unions."
48201341700,2024,3016.0,796.0,523.0,289.0,3016.0,0.0958222811671087,0.39651250947687644,hydro_acs,observed_context,"Tenure and poverty are contextual measures. They do not identify trust, willingness, social capital, wellbeing, or overlapping vulnerable-household unions."
48201341800,2024,2612.0,763.0,226.0,484.0,2612.0,0.1852986217457886,0.22851365015166836,hydro_acs,observed_context,"Tenure and poverty are contextual measures. They do not identify trust, willingness, social capital, wellbeing, or overlapping vulnerable-household unions."
48201342001,2024,6399.0,1917.0,241.0,584.0,6399.0,0.0912642600406313,0.11167747914735866,hydro_acs,observed_context,"Tenure and poverty are contextual measures. They do not identify trust, willingness, social capital, wellbeing, or overlapping vulnerable-household unions."
48201342002,2024,4221.0,928.0,765.0,450.0,4158.0,0.1082251082251082,0.4518606024808033,hydro_acs,observed_context,"Tenure and poverty are contextual measures. They do not identify trust, willingness, social capital, wellbeing, or overlapping vulnerable-household unions."
48201342100,2024,3964.0,1217.0,183.0,532.0,3937.0,0.1351282702565405,0.13071428571428573,hydro_acs,observed_context,"Tenure and poverty are contextual measures. They do not identify trust, willingness, social capital, wellbeing, or overlapping vulnerable-household unions."
48201342200,2024,4011.0,838.0,525.0,606.0,3772.0,0.1606574761399788,0.38517975055025677,hydro_acs,observed_context,"Tenure and poverty are contextual measures. They do not identify trust, willingness, social capital, wellbeing, or overlapping vulnerable-household unions."
48201342300,2024,7114.0,1503.0,1068.0,1462.0,7114.0,0.2055102614562833,0.41540256709451573,hydro_acs,observed_context,"Tenure and poverty are contextual measures. They do not identify trust, willingness, social capital, wellbeing, or overlapping vulnerable-household unions."
48201342400,2024,3524.0,583.0,752.0,150.0,3496.0,0.0429061784897025,0.5632958801498127,hydro_acs,observed_context,"Tenure and poverty are contextual measures. They do not identify trust, willingness, social capital, wellbeing, or overlapping vulnerable-household unions."
48201342500,2024,6356.0,1561.0,732.0,265.0,6276.0,0.0422243467176545,0.31923244657653727,hydro_acs,observed_context,"Tenure and poverty are contextual measures. They do not identify trust, willingness, social capital, wellbeing, or overlapping vulnerable-household unions."
48201342700,2024,4713.0,1252.0,471.0,508.0,4713.0,0.1077869722045406,0.273360417875798,hydro_acs,observed_context,"Tenure and poverty are contextual measures. They do not identify trust, willingness, social capital, wellbeing, or overlapping vulnerable-household unions."
48201342801,2024,5306.0,1958.0,14.0,124.0,5306.0,0.023369770071617,0.007099391480730223,hydro_acs,observed_context,"Tenure and poverty are contextual measures. They do not identify trust, willingness, social capital, wellbeing, or overlapping vulnerable-household unions."
48201342802,2024,3666.0,1021.0,85.0,577.0,3666.0,0.157392253136934,0.07685352622061482,hydro_acs,observed_context,"Tenure and poverty are contextual measures. They do not identify trust, willingness, social capital, wellbeing, or overlapping vulnerable-household unions."
48201342900,2024,6997.0,2104.0,299.0,164.0,6997.0,0.0234386165499499,0.12442779858510196,hydro_acs,observed_context,"Tenure and poverty are contextual measures. They do not identify trust, willingness, social capital, wellbeing, or overlapping vulnerable-household unions."
48201343000,2024,8808.0,1697.0,1353.0,1306.0,8788.0,0.1486117432862995,0.4436065573770492,hydro_acs,observed_context,"Tenure and poverty are contextual measures. They do not identify trust, willingness, social capital, wellbeing, or overlapping vulnerable-household unions."
48201343100,2024,3900.0,1228.0,163.0,248.0,3870.0,0.0640826873385013,0.11718188353702372,hydro_acs,observed_context,"Tenure and poverty are contextual measures. They do not identify trust, willingness, social capital, wellbeing, or overlapping vulnerable-household unions."
48201343200,2024,5446.0,1622.0,199.0,170.0,5446.0,0.0312155710613294,0.10928061504667765,hydro_acs,observed_context,"Tenure and poverty are contextual measures. They do not identify trust, willingness, social capital, wellbeing, or overlapping vulnerable-household unions."
48201343301,2024,4540.0,1319.0,209.0,820.0,4540.0,0.1806167400881057,0.13678010471204188,hydro_acs,observed_context,"Tenure and poverty are contextual measures. They do not identify trust, willingness, social capital, wellbeing, or overlapping vulnerable-household unions."
48201343302,2024,4927.0,1384.0,526.0,313.0,4927.0,0.0635275015222244,0.2753926701570681,hydro_acs,observed_context,"Tenure and poverty are contextual measures. They do not identify trust, willingness, social capital, wellbeing, or overlapping vulnerable-household unions."
48201343601,2024,0.0,0.0,0.0,0.0,0.0,,,hydro_acs,observed_context,"Tenure and poverty are contextual measures. They do not identify trust, willingness, social capital, wellbeing, or overlapping vulnerable-household unions."
48201343602,2024,2906.0,679.0,483.0,413.0,2849.0,0.1449631449631449,0.41566265060240964,hydro_acs,observed_context,"Tenure and poverty are contextual measures. They do not identify trust, willingness, social capital, wellbeing, or overlapping vulnerable-household unions."
48201343700,2024,3859.0,933.0,514.0,659.0,3859.0,0.1707696294376781,0.3552176917760885,hydro_acs,observed_context,"Tenure and poverty are contextual measures. They do not identify trust, willingness, social capital, wellbeing, or overlapping vulnerable-household unions."
48201350101,2024,4367.0,924.0,362.0,998.0,4253.0,0.2346578885492593,0.28149300155520995,hydro_acs,observed_context,"Tenure and poverty are contextual measures. They do not identify trust, willingness, social capital, wellbeing, or overlapping vulnerable-household unions."
48201350102,2024,5213.0,1774.0,130.0,225.0,5213.0,0.0431613274506042,0.06827731092436974,hydro_acs,observed_context,"Tenure and poverty are contextual measures. They do not identify trust, willingness, social capital, wellbeing, or overlapping vulnerable-household unions."
48201350103,2024,8504.0,2770.0,46.0,535.0,8504.0,0.0629115710253998,0.016335227272727272,hydro_acs,observed_context,"Tenure and poverty are contextual measures. They do not identify trust, willingness, social capital, wellbeing, or overlapping vulnerable-household unions."
48201350104,2024,5653.0,886.0,1039.0,824.0,5653.0,0.1457633115160092,0.5397402597402597,hydro_acs,observed_context,"Tenure and poverty are contextual measures. They do not identify trust, willingness, social capital, wellbeing, or overlapping vulnerable-household unions."
48201350201,2024,3813.0,905.0,232.0,381.0,3813.0,0.0999213217938631,0.2040457343887423,hydro_acs,observed_context,"Tenure and poverty are contextual measures. They do not identify trust, willingness, social capital, wellbeing, or overlapping vulnerable-household unions."
48201350202,2024,4545.0,1222.0,259.0,551.0,4545.0,0.1212321232123212,0.174881836596894,hydro_acs,observed_context,"Tenure and poverty are contextual measures. They do not identify trust, willingness, social capital, wellbeing, or overlapping vulnerable-household unions."
48201350300,2024,6328.0,1529.0,443.0,456.0,6328.0,0.0720606826801517,0.22464503042596348,hydro_acs,observed_context,"Tenure and poverty are contextual measures. They do not identify trust, willingness, social capital, wellbeing, or overlapping vulnerable-household unions."
48201350400,2024,5806.0,1183.0,827.0,583.0,5806.0,0.100413365483982,0.41144278606965173,hydro_acs,observed_context,"Tenure and poverty are contextual measures. They do not identify trust, willingness, social capital, wellbeing, or overlapping vulnerable-household unions."
48201350500,2024,7031.0,1829.0,401.0,1273.0,6971.0,0.1826136852675369,0.1798206278026906,hydro_acs,observed_context,"Tenure and poverty are contextual measures. They do not identify trust, willingness, social capital, wellbeing, or overlapping vulnerable-household unions."
48201350601,2024,3863.0,718.0,920.0,259.0,3863.0,0.0670463370437483,0.5616605616605617,hydro_acs,observed_context,"Tenure and poverty are contextual measures. They do not identify trust, willingness, social capital, wellbeing, or overlapping vulnerable-household unions."
48201350603,2024,4398.0,1123.0,230.0,91.0,4398.0,0.0206912232833105,0.16999260901699925,hydro_acs,observed_context,"Tenure and poverty are contextual measures. They do not identify trust, willingness, social capital, wellbeing, or overlapping vulnerable-household unions."
48201350604,2024,3684.0,945.0,436.0,37.0,3621.0,0.0102181717757525,0.3157132512671977,hydro_acs,observed_context,"Tenure and poverty are contextual measures. They do not identify trust, willingness, social capital, wellbeing, or overlapping vulnerable-household unions."
48201350700,2024,2360.0,754.0,116.0,107.0,2360.0,0.0453389830508474,0.13333333333333333,hydro_acs,observed_context,"Tenure and poverty are contextual measures. They do not identify trust, willingness, social capital, wellbeing, or overlapping vulnerable-household unions."
48201350801,2024,4785.0,956.0,1311.0,345.0,4785.0,0.0721003134796238,0.5782973092192325,hydro_acs,observed_context,"Tenure and poverty are contextual measures. They do not identify trust, willingness, social capital, wellbeing, or overlapping vulnerable-household unions."
48201350803,2024,3059.0,598.0,823.0,134.0,3048.0,0.0439632545931758,0.5791695988740324,hydro_acs,observed_context,"Tenure and poverty are contextual measures. They do not identify trust, willingness, social capital, wellbeing, or overlapping vulnerable-household unions."
48201350804,2024,6520.0,1189.0,888.0,331.0,6520.0,0.0507668711656441,0.4275397207510833,hydro_acs,observed_context,"Tenure and poverty are contextual measures. They do not identify trust, willingness, social capital, wellbeing, or overlapping vulnerable-household unions."
48201410101,2024,2246.0,388.0,715.0,378.0,2205.0,0.1714285714285714,0.6482320942883046,hydro_acs,observed_context,"Tenure and poverty are contextual measures. They do not identify trust, willingness, social capital, wellbeing, or overlapping vulnerable-household unions."
48201410102,2024,3956.0,280.0,2297.0,836.0,3956.0,0.211324570273003,0.8913465269693442,hydro_acs,observed_context,"Tenure and poverty are contextual measures. They do not identify trust, willingness, social capital, wellbeing, or overlapping vulnerable-household unions."
48201410201,2024,1734.0,37.0,1248.0,167.0,1734.0,0.0963091118800461,0.9712062256809338,hydro_acs,observed_context,"Tenure and poverty are contextual measures. They do not identify trust, willingness, social capital, wellbeing, or overlapping vulnerable-household unions."
48201410202,2024,3900.0,688.0,1337.0,202.0,3900.0,0.0517948717948717,0.6602469135802469,hydro_acs,observed_context,"Tenure and poverty are contextual measures. They do not identify trust, willingness, social capital, wellbeing, or overlapping vulnerable-household unions."
48201410300,2024,3821.0,747.0,1898.0,342.0,3748.0,0.0912486659551761,0.7175803402646502,hydro_acs,observed_context,"Tenure and poverty are contextual measures. They do not identify trust, willingness, social capital, wellbeing, or overlapping vulnerable-household unions."
48201410401,2024,3899.0,1237.0,880.0,185.0,3899.0,0.0474480636060528,0.4156825696740671,hydro_acs,observed_context,"Tenure and poverty are contextual measures. They do not identify trust, willingness, social capital, wellbeing, or overlapping vulnerable-household unions."
48201410402,2024,3044.0,818.0,586.0,143.0,3044.0,0.0469776609724047,0.41737891737891736,hydro_acs,observed_context,"Tenure and poverty are contextual measures. They do not identify trust, willingness, social capital, wellbeing, or overlapping vulnerable-household unions."
48201410501,2024,1825.0,612.0,395.0,127.0,1825.0,0.0695890410958904,0.39225422045680236,hydro_acs,observed_context,"Tenure and poverty are contextual measures. They do not identify trust, willingness, social capital, wellbeing, or overlapping vulnerable-household unions."
48201410502,2024,3032.0,894.0,761.0,160.0,3032.0,0.0527704485488126,0.4598187311178248,hydro_acs,observed_context,"Tenure and poverty are contextual measures. They do not identify trust, willingness, social capital, wellbeing, or overlapping vulnerable-household unions."
48201410601,2024,3723.0,17.0,2827.0,530.0,3719.0,0.1425114278031728,0.9940225035161744,hydro_acs,observed_context,"Tenure and poverty are contextual measures. They do not identify trust, willingness, social capital, wellbeing, or overlapping vulnerable-household unions."
48201410602,2024,2647.0,404.0,1376.0,196.0,2647.0,0.0740460899131091,0.7730337078651686,hydro_acs,observed_context,"Tenure and poverty are contextual measures. They do not identify trust, willingness, social capital, wellbeing, or overlapping vulnerable-household unions."
48201410703,2024,2286.0,538.0,841.0,231.0,2275.0,0.1015384615384615,0.6098622189992748,hydro_acs,observed_context,"Tenure and poverty are contextual measures. They do not identify trust, willingness, social capital, wellbeing, or overlapping vulnerable-household unions."
48201410704,2024,2087.0,689.0,835.0,274.0,2087.0,0.1312889314805941,0.5479002624671916,hydro_acs,observed_context,"Tenure and poverty are contextual measures. They do not identify trust, willingness, social capital, wellbeing, or overlapping vulnerable-household unions."
48201410705,2024,1123.0,166.0,233.0,30.0,654.0,0.0458715596330275,0.5839598997493735,hydro_acs,observed_context,"Tenure and poverty are contextual measures. They do not identify trust, willingness, social capital, wellbeing, or overlapping vulnerable-household unions."
48201410706,2024,1835.0,121.0,1019.0,391.0,1827.0,0.2140120415982485,0.893859649122807,hydro_acs,observed_context,"Tenure and poverty are contextual measures. They do not identify trust, willingness, social capital, wellbeing, or overlapping vulnerable-household unions."
48201410801,2024,2664.0,479.0,1073.0,613.0,2664.0,0.2301051051051051,0.6913659793814433,hydro_acs,observed_context,"Tenure and poverty are contextual measures. They do not identify trust, willingness, social capital, wellbeing, or overlapping vulnerable-household unions."
48201410802,2024,1441.0,331.0,469.0,84.0,1441.0,0.0582928521859819,0.58625,hydro_acs,observed_context,"Tenure and poverty are contextual measures. They do not identify trust, willingness, social capital, wellbeing, or overlapping vulnerable-household unions."
48201410900,2024,3565.0,661.0,1439.0,230.0,3565.0,0.064516129032258,0.6852380952380952,hydro_acs,observed_context,"Tenure and poverty are contextual measures. They do not identify trust, willingness, social capital, wellbeing, or overlapping vulnerable-household unions."
48201411001,2024,2673.0,568.0,1192.0,154.0,2673.0,0.0576131687242798,0.6772727272727272,hydro_acs,observed_context,"Tenure and poverty are contextual measures. They do not identify trust, willingness, social capital, wellbeing, or overlapping vulnerable-household unions."
48201411002,2024,2176.0,373.0,934.0,209.0,2176.0,0.096047794117647,0.7146136189747513,hydro_acs,observed_context,"Tenure and poverty are contextual measures. They do not identify trust, willingness, social capital, wellbeing, or overlapping vulnerable-household unions."
48201411003,2024,1671.0,310.0,589.0,222.0,1671.0,0.1328545780969479,0.6551724137931034,hydro_acs,observed_context,"Tenure and poverty are contextual measures. They do not identify trust, willingness, social capital, wellbeing, or overlapping vulnerable-household unions."
48201411100,2024,3667.0,1115.0,454.0,171.0,3667.0,0.0466321243523316,0.28935627788400253,hydro_acs,observed_context,"Tenure and poverty are contextual measures. They do not identify trust, willingness, social capital, wellbeing, or overlapping vulnerable-household unions."
48201411200,2024,1700.0,576.0,243.0,102.0,1700.0,0.06,0.2967032967032967,hydro_acs,observed_context,"Tenure and poverty are contextual measures. They do not identify trust, willingness, social capital, wellbeing, or overlapping vulnerable-household unions."
48201411301,2024,1918.0,367.0,922.0,169.0,1918.0,0.0881126173096976,0.7152831652443755,hydro_acs,observed_context,"Tenure and poverty are contextual measures. They do not identify trust, willingness, social capital, wellbeing, or overlapping vulnerable-household unions."
48201411302,2024,3086.0,397.0,1838.0,236.0,3086.0,0.0764744005184705,0.8223713646532439,hydro_acs,observed_context,"Tenure and poverty are contextual measures. They do not identify trust, willingness, social capital, wellbeing, or overlapping vulnerable-household unions."
48201411400,2024,2898.0,1061.0,153.0,72.0,2859.0,0.0251836306400839,0.12602965403624383,hydro_acs,observed_context,"Tenure and poverty are contextual measures. They do not identify trust, willingness, social capital, wellbeing, or overlapping vulnerable-household unions."
48201411503,2024,3555.0,414.0,1579.0,271.0,3555.0,0.0762306610407876,0.792272955343703,hydro_acs,observed_context,"Tenure and poverty are contextual measures. They do not identify trust, willingness, social capital, wellbeing, or overlapping vulnerable-household unions."
48201411504,2024,2669.0,497.0,1231.0,370.0,2669.0,0.1386286998875983,0.7123842592592593,hydro_acs,observed_context,"Tenure and poverty are contextual measures. They do not identify trust, willingness, social capital, wellbeing, or overlapping vulnerable-household unions."
48201411505,2024,3303.0,430.0,1284.0,270.0,3303.0,0.0817438692098092,0.7491248541423571,hydro_acs,observed_context,"Tenure and poverty are contextual measures. They do not identify trust, willingness, social capital, wellbeing, or overlapping vulnerable-household unions."
48201411506,2024,2971.0,305.0,1613.0,157.0,2971.0,0.0528441602154156,0.8409801876955162,hydro_acs,observed_context,"Tenure and poverty are contextual measures. They do not identify trust, willingness, social capital, wellbeing, or overlapping vulnerable-household unions."
48201411507,2024,2167.0,216.0,1109.0,287.0,2167.0,0.1324411628980157,0.8369811320754716,hydro_acs,observed_context,"Tenure and poverty are contextual measures. They do not identify trust, willingness, social capital, wellbeing, or overlapping vulnerable-household unions."
48201411600,2024,2806.0,948.0,521.0,126.0,2806.0,0.044903777619387,0.35466303607896527,hydro_acs,observed_context,"Tenure and poverty are contextual measures. They do not identify trust, willingness, social capital, wellbeing, or overlapping vulnerable-household unions."
48201411700,2024,3516.0,67.0,2185.0,101.0,3516.0,0.0287258248009101,0.9702486678507993,hydro_acs,observed_context,"Tenure and poverty are contextual measures. They do not identify trust, willingness, social capital, wellbeing, or overlapping vulnerable-household unions."
48201411801,2024,3825.0,663.0,1143.0,155.0,3783.0,0.0409727729315358,0.632890365448505,hydro_acs,observed_context,"Tenure and poverty are contextual measures. They do not identify trust, willingness, social capital, wellbeing, or overlapping vulnerable-household unions."
48201411802,2024,2196.0,273.0,1032.0,213.0,2196.0,0.0969945355191256,0.7908045977011494,hydro_acs,observed_context,"Tenure and poverty are contextual measures. They do not identify trust, willingness, social capital, wellbeing, or overlapping vulnerable-household unions."
48201411901,2024,2200.0,668.0,225.0,35.0,2182.0,0.0160403299725022,0.251959686450168,hydro_acs,observed_context,"Tenure and poverty are contextual measures. They do not identify trust, willingness, social capital, wellbeing, or overlapping vulnerable-household unions."
48201411902,2024,2391.0,327.0,888.0,307.0,2057.0,0.149246475449684,0.7308641975308642,hydro_acs,observed_context,"Tenure and poverty are contextual measures. They do not identify trust, willingness, social capital, wellbeing, or overlapping vulnerable-household unions."
48201412000,2024,3819.0,1241.0,569.0,256.0,3810.0,0.0671916010498687,0.3143646408839779,hydro_acs,observed_context,"Tenure and poverty are contextual measures. They do not identify trust, willingness, social capital, wellbeing, or overlapping vulnerable-household unions."
48201412201,2024,2331.0,446.0,717.0,365.0,2330.0,0.1566523605150214,0.6165090283748925,hydro_acs,observed_context,"Tenure and poverty are contextual measures. They do not identify trust, willingness, social capital, wellbeing, or overlapping vulnerable-household unions."
48201412202,2024,3496.0,813.0,552.0,225.0,3365.0,0.0668647845468053,0.4043956043956044,hydro_acs,observed_context,"Tenure and poverty are contextual measures. They do not identify trust, willingness, social capital, wellbeing, or overlapping vulnerable-household unions."
48201412300,2024,6959.0,2241.0,181.0,86.0,6959.0,0.0123580974277913,0.07473162675474815,hydro_acs,observed_context,"Tenure and poverty are contextual measures. They do not identify trust, willingness, social capital, wellbeing, or overlapping vulnerable-household unions."
48201412400,2024,4525.0,1336.0,145.0,83.0,4525.0,0.018342541436464,0.09790681971640783,hydro_acs,observed_context,"Tenure and poverty are contextual measures. They do not identify trust, willingness, social capital, wellbeing, or overlapping vulnerable-household unions."
48201412500,2024,1706.0,363.0,327.0,85.0,1706.0,0.0498241500586166,0.47391304347826085,hydro_acs,observed_context,"Tenure and poverty are contextual measures. They do not identify trust, willingness, social capital, wellbeing, or overlapping vulnerable-household unions."
48201412600,2024,3850.0,1342.0,19.0,90.0,3850.0,0.0233766233766233,0.013960323291697281,hydro_acs,observed_context,"Tenure and poverty are contextual measures. They do not identify trust, willingness, social capital, wellbeing, or overlapping vulnerable-household unions."
48201412700,2024,3144.0,946.0,281.0,156.0,3135.0,0.0497607655502392,0.22901385493072535,hydro_acs,observed_context,"Tenure and poverty are contextual measures. They do not identify trust, willingness, social capital, wellbeing, or overlapping vulnerable-household unions."
48201412800,2024,5026.0,1504.0,51.0,76.0,5026.0,0.0151213688818145,0.03279742765273312,hydro_acs,observed_context,"Tenure and poverty are contextual measures. They do not identify trust, willingness, social capital, wellbeing, or overlapping vulnerable-household unions."
48201412901,2024,1916.0,0.0,1031.0,332.0,1910.0,0.1738219895287958,1.0,hydro_acs,observed_context,"Tenure and poverty are contextual measures. They do not identify trust, willingness, social capital, wellbeing, or overlapping vulnerable-household unions."
48201412902,2024,3184.0,451.0,674.0,475.0,2995.0,0.1585976627712854,0.5991111111111111,hydro_acs,observed_context,"Tenure and poverty are contextual measures. They do not identify trust, willingness, social capital, wellbeing, or overlapping vulnerable-household unions."
48201413000,2024,3111.0,787.0,623.0,164.0,3111.0,0.0527161684345869,0.4418439716312057,hydro_acs,observed_context,"Tenure and poverty are contextual measures. They do not identify trust, willingness, social capital, wellbeing, or overlapping vulnerable-household unions."
48201413100,2024,3346.0,1069.0,91.0,87.0,3343.0,0.0260245288662877,0.07844827586206897,hydro_acs,observed_context,"Tenure and poverty are contextual measures. They do not identify trust, willingness, social capital, wellbeing, or overlapping vulnerable-household unions."
48201413203,2024,1874.0,15.0,1188.0,304.0,1874.0,0.1622198505869797,0.9875311720698254,hydro_acs,observed_context,"Tenure and poverty are contextual measures. They do not identify trust, willingness, social capital, wellbeing, or overlapping vulnerable-household unions."
48201413204,2024,1061.0,39.0,674.0,147.0,1061.0,0.1385485391140433,0.9453015427769986,hydro_acs,observed_context,"Tenure and poverty are contextual measures. They do not identify trust, willingness, social capital, wellbeing, or overlapping vulnerable-household unions."
48201413205,2024,1503.0,272.0,612.0,213.0,1503.0,0.1417165668662674,0.6923076923076923,hydro_acs,observed_context,"Tenure and poverty are contextual measures. They do not identify trust, willingness, social capital, wellbeing, or overlapping vulnerable-household unions."
48201413206,2024,2653.0,375.0,1055.0,251.0,2653.0,0.0946098756125141,0.7377622377622378,hydro_acs,observed_context,"Tenure and poverty are contextual measures. They do not identify trust, willingness, social capital, wellbeing, or overlapping vulnerable-household unions."
48201413301,2024,5185.0,535.0,2420.0,171.0,5145.0,0.0332361516034985,0.8189509306260575,hydro_acs,observed_context,"Tenure and poverty are contextual measures. They do not identify trust, willingness, social capital, wellbeing, or overlapping vulnerable-household unions."
48201413302,2024,3768.0,1441.0,293.0,230.0,3768.0,0.06104033970276,0.16897347174163782,hydro_acs,observed_context,"Tenure and poverty are contextual measures. They do not identify trust, willingness, social capital, wellbeing, or overlapping vulnerable-household unions."
48201420100,2024,2769.0,373.0,1264.0,406.0,2769.0,0.1466233297219212,0.7721441661576054,hydro_acs,observed_context,"Tenure and poverty are contextual measures. They do not identify trust, willingness, social capital, wellbeing, or overlapping vulnerable-household unions."
48201420200,2024,2490.0,410.0,628.0,628.0,2490.0,0.2522088353413654,0.605009633911368,hydro_acs,observed_context,"Tenure and poverty are contextual measures. They do not identify trust, willingness, social capital, wellbeing, or overlapping vulnerable-household unions."
48201420300,2024,4005.0,887.0,722.0,275.0,4005.0,0.0686641697877653,0.4487259167184587,hydro_acs,observed_context,"Tenure and poverty are contextual measures. They do not identify trust, willingness, social capital, wellbeing, or overlapping vulnerable-household unions."
48201420400,2024,3714.0,1002.0,689.0,128.0,3705.0,0.0345479082321187,0.407451212300414,hydro_acs,observed_context,"Tenure and poverty are contextual measures. They do not identify trust, willingness, social capital, wellbeing, or overlapping vulnerable-household unions."
48201420500,2024,3527.0,80.0,1233.0,890.0,3480.0,0.2557471264367816,0.9390708301599391,hydro_acs,observed_context,"Tenure and poverty are contextual measures. They do not identify trust, willingness, social capital, wellbeing, or overlapping vulnerable-household unions."
48201420600,2024,2358.0,704.0,211.0,185.0,2358.0,0.0784563189143341,0.23060109289617486,hydro_acs,observed_context,"Tenure and poverty are contextual measures. They do not identify trust, willingness, social capital, wellbeing, or overlapping vulnerable-household unions."
48201420700,2024,2872.0,873.0,111.0,35.0,2872.0,0.0121866295264623,0.11280487804878049,hydro_acs,observed_context,"Tenure and poverty are contextual measures. They do not identify trust, willingness, social capital, wellbeing, or overlapping vulnerable-household unions."
48201420800,2024,2829.0,830.0,90.0,165.0,2794.0,0.0590551181102362,0.09782608695652174,hydro_acs,observed_context,"Tenure and poverty are contextual measures. They do not identify trust, willingness, social capital, wellbeing, or overlapping vulnerable-household unions."
48201420900,2024,6130.0,1946.0,316.0,95.0,6116.0,0.0155330281229561,0.13969938107869143,hydro_acs,observed_context,"Tenure and poverty are contextual measures. They do not identify trust, willingness, social capital, wellbeing, or overlapping vulnerable-household unions."
48201421000,2024,2913.0,959.0,86.0,77.0,2913.0,0.0264332303467215,0.08229665071770335,hydro_acs,observed_context,"Tenure and poverty are contextual measures. They do not identify trust, willingness, social capital, wellbeing, or overlapping vulnerable-household unions."
48201421101,2024,2746.0,157.0,1363.0,679.0,2746.0,0.2472687545520757,0.8967105263157895,hydro_acs,observed_context,"Tenure and poverty are contextual measures. They do not identify trust, willingness, social capital, wellbeing, or overlapping vulnerable-household unions."
48201421103,2024,1533.0,8.0,595.0,288.0,1509.0,0.1908548707753479,0.9867330016583747,hydro_acs,observed_context,"Tenure and poverty are contextual measures. They do not identify trust, willingness, social capital, wellbeing, or overlapping vulnerable-household unions."
48201421104,2024,4854.0,0.0,1623.0,1391.0,4854.0,0.2865677791512155,1.0,hydro_acs,observed_context,"Tenure and poverty are contextual measures. They do not identify trust, willingness, social capital, wellbeing, or overlapping vulnerable-household unions."
48201421203,2024,2358.0,0.0,975.0,1041.0,2358.0,0.4414758269720101,1.0,hydro_acs,observed_context,"Tenure and poverty are contextual measures. They do not identify trust, willingness, social capital, wellbeing, or overlapping vulnerable-household unions."
48201421204,2024,3274.0,0.0,1324.0,1012.0,3274.0,0.3091020158827123,1.0,hydro_acs,observed_context,"Tenure and poverty are contextual measures. They do not identify trust, willingness, social capital, wellbeing, or overlapping vulnerable-household unions."
48201421205,2024,2377.0,0.0,852.0,901.0,2377.0,0.3790492217080353,1.0,hydro_acs,observed_context,"Tenure and poverty are contextual measures. They do not identify trust, willingness, social capital, wellbeing, or overlapping vulnerable-household unions."
48201421206,2024,2013.0,0.0,767.0,813.0,2013.0,0.4038748137108793,1.0,hydro_acs,observed_context,"Tenure and poverty are contextual measures. They do not identify trust, willingness, social capital, wellbeing, or overlapping vulnerable-household unions."
48201421301,2024,3537.0,24.0,1136.0,1565.0,3537.0,0.4424653661294883,0.9793103448275862,hydro_acs,observed_context,"Tenure and poverty are contextual measures. They do not identify trust, willingness, social capital, wellbeing, or overlapping vulnerable-household unions."
48201421302,2024,5595.0,517.0,1251.0,1319.0,4857.0,0.2715668107885526,0.707579185520362,hydro_acs,observed_context,"Tenure and poverty are contextual measures. They do not identify trust, willingness, social capital, wellbeing, or overlapping vulnerable-household unions."
48201421401,2024,3347.0,0.0,1326.0,1155.0,3347.0,0.3450851508813863,1.0,hydro_acs,observed_context,"Tenure and poverty are contextual measures. They do not identify trust, willingness, social capital, wellbeing, or overlapping vulnerable-household unions."
48201421402,2024,3661.0,27.0,1235.0,1421.0,3661.0,0.3881453154875717,0.9786053882725833,hydro_acs,observed_context,"Tenure and poverty are contextual measures. They do not identify trust, willingness, social capital, wellbeing, or overlapping vulnerable-household unions."
48201421403,2024,4503.0,254.0,1224.0,1609.0,4501.0,0.3574761164185736,0.8281461434370772,hydro_acs,observed_context,"Tenure and poverty are contextual measures. They do not identify trust, willingness, social capital, wellbeing, or overlapping vulnerable-household unions."
48201421501,2024,3991.0,152.0,1253.0,1349.0,3889.0,0.34687580354847,0.8918149466192171,hydro_acs,observed_context,"Tenure and poverty are contextual measures. They do not identify trust, willingness, social capital, wellbeing, or overlapping vulnerable-household unions."
48201421502,2024,3137.0,84.0,979.0,1156.0,3106.0,0.3721828718609143,0.9209783631232361,hydro_acs,observed_context,"Tenure and poverty are contextual measures. They do not identify trust, willingness, social capital, wellbeing, or overlapping vulnerable-household unions."
48201421601,2024,3258.0,22.0,961.0,979.0,3258.0,0.3004910988336403,0.9776195320447609,hydro_acs,observed_context,"Tenure and poverty are contextual measures. They do not identify trust, willingness, social capital, wellbeing, or overlapping vulnerable-household unions."
48201421602,2024,2868.0,258.0,826.0,942.0,2868.0,0.3284518828451883,0.7619926199261993,hydro_acs,observed_context,"Tenure and poverty are contextual measures. They do not identify trust, willingness, social capital, wellbeing, or overlapping vulnerable-household unions."
48201421700,2024,4521.0,1124.0,641.0,892.0,4521.0,0.1973014819730148,0.3631728045325779,hydro_acs,observed_context,"Tenure and poverty are contextual measures. They do not identify trust, willingness, social capital, wellbeing, or overlapping vulnerable-household unions."
48201421801,2024,2303.0,0.0,1053.0,416.0,2303.0,0.1806339557099435,1.0,hydro_acs,observed_context,"Tenure and poverty are contextual measures. They do not identify trust, willingness, social capital, wellbeing, or overlapping vulnerable-household unions."
48201421802,2024,2399.0,544.0,404.0,360.0,2385.0,0.1509433962264151,0.42616033755274263,hydro_acs,observed_context,"Tenure and poverty are contextual measures. They do not identify trust, willingness, social capital, wellbeing, or overlapping vulnerable-household unions."
48201421900,2024,3063.0,919.0,90.0,197.0,2992.0,0.0658422459893048,0.08919722497522299,hydro_acs,observed_context,"Tenure and poverty are contextual measures. They do not identify trust, willingness, social capital, wellbeing, or overlapping vulnerable-household unions."
48201422000,2024,2279.0,735.0,178.0,82.0,2272.0,0.0360915492957746,0.1949616648411829,hydro_acs,observed_context,"Tenure and poverty are contextual measures. They do not identify trust, willingness, social capital, wellbeing, or overlapping vulnerable-household unions."
48201422100,2024,5004.0,1927.0,306.0,275.0,5004.0,0.0549560351718625,0.13703537841468877,hydro_acs,observed_context,"Tenure and poverty are contextual measures. They do not identify trust, willingness, social capital, wellbeing, or overlapping vulnerable-household unions."
48201422200,2024,5555.0,105.0,2514.0,2302.0,5503.0,0.4183172814828275,0.9599083619702177,hydro_acs,observed_context,"Tenure and poverty are contextual measures. They do not identify trust, willingness, social capital, wellbeing, or overlapping vulnerable-household unions."
48201422302,2024,2106.0,674.0,314.0,293.0,2106.0,0.1391263057929724,0.31781376518218624,hydro_acs,observed_context,"Tenure and poverty are contextual measures. They do not identify trust, willingness, social capital, wellbeing, or overlapping vulnerable-household unions."
48201422303,2024,3079.0,69.0,1323.0,1384.0,3079.0,0.4494965898018837,0.9504310344827587,hydro_acs,observed_context,"Tenure and poverty are contextual measures. They do not identify trust, willingness, social capital, wellbeing, or overlapping vulnerable-household unions."
48201422304,2024,4382.0,379.0,661.0,1394.0,4382.0,0.3181195801004107,0.635576923076923,hydro_acs,observed_context,"Tenure and poverty are contextual measures. They do not identify trust, willingness, social capital, wellbeing, or overlapping vulnerable-household unions."
48201422403,2024,2550.0,509.0,476.0,163.0,2549.0,0.0639466457434288,0.483248730964467,hydro_acs,observed_context,"Tenure and poverty are contextual measures. They do not identify trust, willingness, social capital, wellbeing, or overlapping vulnerable-household unions."
48201422404,2024,2676.0,165.0,740.0,598.0,2676.0,0.2234678624813154,0.8176795580110497,hydro_acs,observed_context,"Tenure and poverty are contextual measures. They do not identify trust, willingness, social capital, wellbeing, or overlapping vulnerable-household unions."
48201422405,2024,1698.0,0.0,956.0,836.0,1698.0,0.4923439340400471,1.0,hydro_acs,observed_context,"Tenure and poverty are contextual measures. They do not identify trust, willingness, social capital, wellbeing, or overlapping vulnerable-household unions."
48201422406,2024,2757.0,335.0,766.0,679.0,2721.0,0.2495406100698272,0.695731153496821,hydro_acs,observed_context,"Tenure and poverty are contextual measures. They do not identify trust, willingness, social capital, wellbeing, or overlapping vulnerable-household unions."
48201422501,2024,3734.0,264.0,1167.0,980.0,3734.0,0.2624531333690412,0.8155136268343816,hydro_acs,observed_context,"Tenure and poverty are contextual measures. They do not identify trust, willingness, social capital, wellbeing, or overlapping vulnerable-household unions."
48201422502,2024,3043.0,411.0,1026.0,299.0,3016.0,0.0991379310344827,0.7139874739039666,hydro_acs,observed_context,"Tenure and poverty are contextual measures. They do not identify trust, willingness, social capital, wellbeing, or overlapping vulnerable-household unions."
48201422601,2024,3272.0,565.0,734.0,768.0,3118.0,0.246311738293778,0.565050038491147,hydro_acs,observed_context,"Tenure and poverty are contextual measures. They do not identify trust, willingness, social capital, wellbeing, or overlapping vulnerable-household unions."
48201422602,2024,2359.0,628.0,355.0,248.0,2359.0,0.1051292920729122,0.3611393692777213,hydro_acs,observed_context,"Tenure and poverty are contextual measures. They do not identify trust, willingness, social capital, wellbeing, or overlapping vulnerable-household unions."
48201422701,2024,4750.0,837.0,836.0,690.0,4750.0,0.1452631578947368,0.4997011356843993,hydro_acs,observed_context,"Tenure and poverty are contextual measures. They do not identify trust, willingness, social capital, wellbeing, or overlapping vulnerable-household unions."
48201422702,2024,3445.0,869.0,243.0,713.0,3445.0,0.206966618287373,0.2185251798561151,hydro_acs,observed_context,"Tenure and poverty are contextual measures. They do not identify trust, willingness, social capital, wellbeing, or overlapping vulnerable-household unions."
48201422800,2024,4533.0,364.0,1181.0,1016.0,3986.0,0.2548921224284997,0.7644012944983819,hydro_acs,observed_context,"Tenure and poverty are contextual measures. They do not identify trust, willingness, social capital, wellbeing, or overlapping vulnerable-household unions."
48201422900,2024,4060.0,418.0,971.0,1309.0,4041.0,0.3239297203662459,0.6990640748740101,hydro_acs,observed_context,"Tenure and poverty are contextual measures. They do not identify trust, willingness, social capital, wellbeing, or overlapping vulnerable-household unions."
48201423001,2024,3299.0,57.0,1015.0,1084.0,3299.0,0.328584419521067,0.9468283582089553,hydro_acs,observed_context,"Tenure and poverty are contextual measures. They do not identify trust, willingness, social capital, wellbeing, or overlapping vulnerable-household unions."
48201423002,2024,3080.0,156.0,1055.0,1117.0,3080.0,0.3626623376623377,0.8711808422791082,hydro_acs,observed_context,"Tenure and poverty are contextual measures. They do not identify trust, willingness, social capital, wellbeing, or overlapping vulnerable-household unions."
48201423100,2024,2871.0,0.0,947.0,1193.0,2871.0,0.4155346569139672,1.0,hydro_acs,observed_context,"Tenure and poverty are contextual measures. They do not identify trust, willingness, social capital, wellbeing, or overlapping vulnerable-household unions."
48201423201,2024,2631.0,702.0,209.0,371.0,2628.0,0.1411719939117199,0.22941822173435786,hydro_acs,observed_context,"Tenure and poverty are contextual measures. They do not identify trust, willingness, social capital, wellbeing, or overlapping vulnerable-household unions."
48201423203,2024,2280.0,271.0,564.0,814.0,2280.0,0.3570175438596491,0.6754491017964072,hydro_acs,observed_context,"Tenure and poverty are contextual measures. They do not identify trust, willingness, social capital, wellbeing, or overlapping vulnerable-household unions."
48201423204,2024,4070.0,35.0,1642.0,1913.0,4070.0,0.47002457002457,0.979129397734049,hydro_acs,observed_context,"Tenure and poverty are contextual measures. They do not identify trust, willingness, social capital, wellbeing, or overlapping vulnerable-household unions."
48201423301,2024,4664.0,836.0,1259.0,562.0,4664.0,0.1204974271012006,0.6009546539379474,hydro_acs,observed_context,"Tenure and poverty are contextual measures. They do not identify trust, willingness, social capital, wellbeing, or overlapping vulnerable-household unions."
48201423303,2024,1375.0,54.0,729.0,305.0,1375.0,0.2218181818181818,0.9310344827586207,hydro_acs,observed_context,"Tenure and poverty are contextual measures. They do not identify trust, willingness, social capital, wellbeing, or overlapping vulnerable-household unions."
48201423304,2024,3435.0,733.0,639.0,673.0,3435.0,0.195924308588064,0.46574344023323616,hydro_acs,observed_context,"Tenure and poverty are contextual measures. They do not identify trust, willingness, social capital, wellbeing, or overlapping vulnerable-household unions."
48201423401,2024,4767.0,811.0,943.0,580.0,4745.0,0.1222339304531085,0.5376282782212086,hydro_acs,observed_context,"Tenure and poverty are contextual measures. They do not identify trust, willingness, social capital, wellbeing, or overlapping vulnerable-household unions."
48201423402,2024,4597.0,1017.0,416.0,557.0,4565.0,0.1220153340635268,0.2903000697836706,hydro_acs,observed_context,"Tenure and poverty are contextual measures. They do not identify trust, willingness, social capital, wellbeing, or overlapping vulnerable-household unions."
48201423500,2024,2254.0,700.0,62.0,166.0,2254.0,0.0736468500443655,0.08136482939632546,hydro_acs,observed_context,"Tenure and poverty are contextual measures. They do not identify trust, willingness, social capital, wellbeing, or overlapping vulnerable-household unions."
48201423600,2024,7068.0,1978.0,501.0,430.0,7068.0,0.0608375778155065,0.20209762000806777,hydro_acs,observed_context,"Tenure and poverty are contextual measures. They do not identify trust, willingness, social capital, wellbeing, or overlapping vulnerable-household unions."
48201430101,2024,2796.0,908.0,552.0,171.0,2733.0,0.0625686059275521,0.3780821917808219,hydro_acs,observed_context,"Tenure and poverty are contextual measures. They do not identify trust, willingness, social capital, wellbeing, or overlapping vulnerable-household unions."
48201430102,2024,3009.0,498.0,895.0,361.0,2984.0,0.1209785522788203,0.6424982053122756,hydro_acs,observed_context,"Tenure and poverty are contextual measures. They do not identify trust, willingness, social capital, wellbeing, or overlapping vulnerable-household unions."
48201430200,2024,1609.0,215.0,542.0,147.0,1562.0,0.0941101152368758,0.7159841479524438,hydro_acs,observed_context,"Tenure and poverty are contextual measures. They do not identify trust, willingness, social capital, wellbeing, or overlapping vulnerable-household unions."
48201430300,2024,4390.0,1559.0,0.0,122.0,4390.0,0.0277904328018223,0.0,hydro_acs,observed_context,"Tenure and poverty are contextual measures. They do not identify trust, willingness, social capital, wellbeing, or overlapping vulnerable-household unions."
48201430400,2024,3097.0,1063.0,6.0,31.0,3097.0,0.0100096867936712,0.005612722170252572,hydro_acs,observed_context,"Tenure and poverty are contextual measures. They do not identify trust, willingness, social capital, wellbeing, or overlapping vulnerable-household unions."
48201430500,2024,2291.0,620.0,278.0,98.0,2291.0,0.0427760803142732,0.30957683741648107,hydro_acs,observed_context,"Tenure and poverty are contextual measures. They do not identify trust, willingness, social capital, wellbeing, or overlapping vulnerable-household unions."
48201430600,2024,3838.0,1130.0,39.0,171.0,3838.0,0.0445544554455445,0.033361847733105215,hydro_acs,observed_context,"Tenure and poverty are contextual measures. They do not identify trust, willingness, social capital, wellbeing, or overlapping vulnerable-household unions."
48201430700,2024,3831.0,566.0,1300.0,142.0,3831.0,0.0370660401983816,0.6966773847802786,hydro_acs,observed_context,"Tenure and poverty are contextual measures. They do not identify trust, willingness, social capital, wellbeing, or overlapping vulnerable-household unions."
48201430800,2024,6492.0,1358.0,1271.0,407.0,6470.0,0.0629057187017001,0.48345378470901484,hydro_acs,observed_context,"Tenure and poverty are contextual measures. They do not identify trust, willingness, social capital, wellbeing, or overlapping vulnerable-household unions."
48201430900,2024,5559.0,2074.0,713.0,348.0,5559.0,0.0626011872638963,0.2558306422676713,hydro_acs,observed_context,"Tenure and poverty are contextual measures. They do not identify trust, willingness, social capital, wellbeing, or overlapping vulnerable-household unions."
48201431001,2024,2613.0,622.0,497.0,162.0,2596.0,0.0624036979969183,0.44414655942806075,hydro_acs,observed_context,"Tenure and poverty are contextual measures. They do not identify trust, willingness, social capital, wellbeing, or overlapping vulnerable-household unions."
48201431002,2024,3020.0,965.0,252.0,32.0,3020.0,0.0105960264900662,0.20706655710764174,hydro_acs,observed_context,"Tenure and poverty are contextual measures. They do not identify trust, willingness, social capital, wellbeing, or overlapping vulnerable-household unions."
48201431101,2024,5640.0,795.0,2047.0,610.0,5640.0,0.1081560283687943,0.7202674173117523,hydro_acs,observed_context,"Tenure and poverty are contextual measures. They do not identify trust, willingness, social capital, wellbeing, or overlapping vulnerable-household unions."
48201431102,2024,4034.0,349.0,1765.0,696.0,3994.0,0.1742613920881322,0.8349101229895932,hydro_acs,observed_context,"Tenure and poverty are contextual measures. They do not identify trust, willingness, social capital, wellbeing, or overlapping vulnerable-household unions."
48201431203,2024,1958.0,153.0,879.0,570.0,1958.0,0.2911133810010214,0.8517441860465116,hydro_acs,observed_context,"Tenure and poverty are contextual measures. They do not identify trust, willingness, social capital, wellbeing, or overlapping vulnerable-household unions."
48201431204,2024,3195.0,556.0,1107.0,106.0,3195.0,0.0331768388106416,0.6656644618159951,hydro_acs,observed_context,"Tenure and poverty are contextual measures. They do not identify trust, willingness, social capital, wellbeing, or overlapping vulnerable-household unions."
48201431205,2024,3514.0,0.0,1879.0,801.0,3514.0,0.2279453614114968,1.0,hydro_acs,observed_context,"Tenure and poverty are contextual measures. They do not identify trust, willingness, social capital, wellbeing, or overlapping vulnerable-household unions."
48201431206,2024,1895.0,34.0,970.0,272.0,1742.0,0.1561423650975889,0.9661354581673307,hydro_acs,observed_context,"Tenure and poverty are contextual measures. They do not identify trust, willingness, social capital, wellbeing, or overlapping vulnerable-household unions."
48201431302,2024,4324.0,1062.0,771.0,318.0,4324.0,0.0735430157261794,0.4206219312602291,hydro_acs,observed_context,"Tenure and poverty are contextual measures. They do not identify trust, willingness, social capital, wellbeing, or overlapping vulnerable-household unions."
48201431303,2024,1615.0,266.0,775.0,197.0,1615.0,0.1219814241486068,0.74447646493756,hydro_acs,observed_context,"Tenure and poverty are contextual measures. They do not identify trust, willingness, social capital, wellbeing, or overlapping vulnerable-household unions."
48201431304,2024,3114.0,148.0,1467.0,250.0,3114.0,0.0802825947334617,0.908359133126935,hydro_acs,observed_context,"Tenure and poverty are contextual measures. They do not identify trust, willingness, social capital, wellbeing, or overlapping vulnerable-household unions."
48201431401,2024,2729.0,462.0,1044.0,289.0,2729.0,0.1058995969219494,0.6932270916334662,hydro_acs,observed_context,"Tenure and poverty are contextual measures. They do not identify trust, willingness, social capital, wellbeing, or overlapping vulnerable-household unions."
48201431403,2024,1772.0,413.0,555.0,282.0,1772.0,0.1591422121896162,0.5733471074380165,hydro_acs,observed_context,"Tenure and poverty are contextual measures. They do not identify trust, willingness, social capital, wellbeing, or overlapping vulnerable-household unions."
48201431404,2024,2044.0,723.0,682.0,156.0,2044.0,0.0763209393346379,0.48540925266903917,hydro_acs,observed_context,"Tenure and poverty are contextual measures. They do not identify trust, willingness, social capital, wellbeing, or overlapping vulnerable-household unions."
48201431503,2024,2295.0,100.0,1074.0,80.0,2295.0,0.0348583877995642,0.9148211243611585,hydro_acs,observed_context,"Tenure and poverty are contextual measures. They do not identify trust, willingness, social capital, wellbeing, or overlapping vulnerable-household unions."
48201431504,2024,2503.0,826.0,256.0,279.0,2503.0,0.1114662405113863,0.2365988909426987,hydro_acs,observed_context,"Tenure and poverty are contextual measures. They do not identify trust, willingness, social capital, wellbeing, or overlapping vulnerable-household unions."
48201431505,2024,1480.0,557.0,348.0,112.0,1464.0,0.0765027322404371,0.38453038674033146,hydro_acs,observed_context,"Tenure and poverty are contextual measures. They do not identify trust, willingness, social capital, wellbeing, or overlapping vulnerable-household unions."
48201431506,2024,2849.0,1089.0,716.0,148.0,2813.0,0.0526128688233203,0.39667590027700833,hydro_acs,observed_context,"Tenure and poverty are contextual measures. They do not identify trust, willingness, social capital, wellbeing, or overlapping vulnerable-household unions."
48201431600,2024,3582.0,1283.0,563.0,323.0,3519.0,0.0917874396135265,0.3049837486457205,hydro_acs,observed_context,"Tenure and poverty are contextual measures. They do not identify trust, willingness, social capital, wellbeing, or overlapping vulnerable-household unions."
48201431701,2024,2075.0,584.0,715.0,35.0,2075.0,0.016867469879518,0.550423402617398,hydro_acs,observed_context,"Tenure and poverty are contextual measures. They do not identify trust, willingness, social capital, wellbeing, or overlapping vulnerable-household unions."
48201431702,2024,2848.0,1078.0,205.0,132.0,2848.0,0.0463483146067415,0.1597817614964926,hydro_acs,observed_context,"Tenure and poverty are contextual measures. They do not identify trust, willingness, social capital, wellbeing, or overlapping vulnerable-household unions."
48201431801,2024,3660.0,534.0,1585.0,499.0,3660.0,0.1363387978142076,0.7479943369513922,hydro_acs,observed_context,"Tenure and poverty are contextual measures. They do not identify trust, willingness, social capital, wellbeing, or overlapping vulnerable-household unions."
48201431803,2024,2339.0,78.0,1477.0,150.0,2339.0,0.0641299700726806,0.9498392282958199,hydro_acs,observed_context,"Tenure and poverty are contextual measures. They do not identify trust, willingness, social capital, wellbeing, or overlapping vulnerable-household unions."
48201431804,2024,2598.0,193.0,1233.0,94.0,2555.0,0.0367906066536203,0.864656381486676,hydro_acs,observed_context,"Tenure and poverty are contextual measures. They do not identify trust, willingness, social capital, wellbeing, or overlapping vulnerable-household unions."
48201431901,2024,2492.0,398.0,1137.0,290.0,2491.0,0.1164191087916499,0.7407166123778501,hydro_acs,observed_context,"Tenure and poverty are contextual measures. They do not identify trust, willingness, social capital, wellbeing, or overlapping vulnerable-household unions."
48201431902,2024,2469.0,133.0,1447.0,109.0,2428.0,0.0448929159802306,0.9158227848101266,hydro_acs,observed_context,"Tenure and poverty are contextual measures. They do not identify trust, willingness, social capital, wellbeing, or overlapping vulnerable-household unions."
48201432003,2024,1763.0,0.0,1066.0,529.0,1763.0,0.3000567214974475,1.0,hydro_acs,observed_context,"Tenure and poverty are contextual measures. They do not identify trust, willingness, social capital, wellbeing, or overlapping vulnerable-household unions."
48201432004,2024,2018.0,705.0,173.0,24.0,2018.0,0.0118929633300297,0.1970387243735763,hydro_acs,observed_context,"Tenure and poverty are contextual measures. They do not identify trust, willingness, social capital, wellbeing, or overlapping vulnerable-household unions."
48201432005,2024,3676.0,159.0,1386.0,777.0,3676.0,0.2113710554951033,0.8970873786407767,hydro_acs,observed_context,"Tenure and poverty are contextual measures. They do not identify trust, willingness, social capital, wellbeing, or overlapping vulnerable-household unions."
48201432006,2024,2264.0,105.0,1019.0,860.0,2264.0,0.3798586572438162,0.9065836298932385,hydro_acs,observed_context,"Tenure and poverty are contextual measures. They do not identify trust, willingness, social capital, wellbeing, or overlapping vulnerable-household unions."
48201432101,2024,3193.0,209.0,1244.0,902.0,3193.0,0.2824929533354212,0.856159669649002,hydro_acs,observed_context,"Tenure and poverty are contextual measures. They do not identify trust, willingness, social capital, wellbeing, or overlapping vulnerable-household unions."
48201432102,2024,4822.0,385.0,1602.0,713.0,4778.0,0.1492256174131435,0.8062405636638148,hydro_acs,observed_context,"Tenure and poverty are contextual measures. They do not identify trust, willingness, social capital, wellbeing, or overlapping vulnerable-household unions."
48201432200,2024,3865.0,762.0,1087.0,186.0,3865.0,0.0481241914618369,0.5878853434288804,hydro_acs,observed_context,"Tenure and poverty are contextual measures. They do not identify trust, willingness, social capital, wellbeing, or overlapping vulnerable-household unions."
48201432301,2024,3510.0,81.0,1727.0,836.0,3510.0,0.2381766381766381,0.9551991150442478,hydro_acs,observed_context,"Tenure and poverty are contextual measures. They do not identify trust, willingness, social capital, wellbeing, or overlapping vulnerable-household unions."
48201432302,2024,2116.0,0.0,949.0,686.0,2116.0,0.3241965973534971,1.0,hydro_acs,observed_context,"Tenure and poverty are contextual measures. They do not identify trust, willingness, social capital, wellbeing, or overlapping vulnerable-household unions."
48201432303,2024,2778.0,22.0,1310.0,869.0,2778.0,0.3128149748020158,0.9834834834834835,hydro_acs,observed_context,"Tenure and poverty are contextual measures. They do not identify trust, willingness, social capital, wellbeing, or overlapping vulnerable-household unions."
48201432401,2024,3781.0,637.0,1005.0,1046.0,3733.0,0.2802035896062148,0.6120584652862363,hydro_acs,observed_context,"Tenure and poverty are contextual measures. They do not identify trust, willingness, social capital, wellbeing, or overlapping vulnerable-household unions."
48201432402,2024,2960.0,4.0,1445.0,919.0,2940.0,0.3125850340136054,0.9972394755003451,hydro_acs,observed_context,"Tenure and poverty are contextual measures. They do not identify trust, willingness, social capital, wellbeing, or overlapping vulnerable-household unions."
48201432501,2024,3587.0,634.0,940.0,1181.0,3568.0,0.3309977578475336,0.5972045743329097,hydro_acs,observed_context,"Tenure and poverty are contextual measures. They do not identify trust, willingness, social capital, wellbeing, or overlapping vulnerable-household unions."
48201432502,2024,1927.0,264.0,538.0,590.0,1927.0,0.3061754021795537,0.6708229426433915,hydro_acs,observed_context,"Tenure and poverty are contextual measures. They do not identify trust, willingness, social capital, wellbeing, or overlapping vulnerable-household unions."
48201432600,2024,2206.0,378.0,474.0,496.0,2206.0,0.2248413417951042,0.5563380281690141,hydro_acs,observed_context,"Tenure and poverty are contextual measures. They do not identify trust, willingness, social capital, wellbeing, or overlapping vulnerable-household unions."
48201432703,2024,2048.0,332.0,732.0,471.0,2048.0,0.22998046875,0.6879699248120301,hydro_acs,observed_context,"Tenure and poverty are contextual measures. They do not identify trust, willingness, social capital, wellbeing, or overlapping vulnerable-household unions."
48201432704,2024,1742.0,22.0,562.0,256.0,1742.0,0.1469575200918484,0.9623287671232876,hydro_acs,observed_context,"Tenure and poverty are contextual measures. They do not identify trust, willingness, social capital, wellbeing, or overlapping vulnerable-household unions."
48201432705,2024,5242.0,52.0,1601.0,2693.0,5168.0,0.5210913312693498,0.9685420447670902,hydro_acs,observed_context,"Tenure and poverty are contextual measures. They do not identify trust, willingness, social capital, wellbeing, or overlapping vulnerable-household unions."
48201432706,2024,2243.0,166.0,564.0,1138.0,2243.0,0.507356219349086,0.7726027397260274,hydro_acs,observed_context,"Tenure and poverty are contextual measures. They do not identify trust, willingness, social capital, wellbeing, or overlapping vulnerable-household unions."
48201432803,2024,2577.0,191.0,958.0,820.0,2577.0,0.3181994567326348,0.8337684943429069,hydro_acs,observed_context,"Tenure and poverty are contextual measures. They do not identify trust, willingness, social capital, wellbeing, or overlapping vulnerable-household unions."
48201432804,2024,2011.0,165.0,663.0,392.0,2011.0,0.1949278965688712,0.8007246376811594,hydro_acs,observed_context,"Tenure and poverty are contextual measures. They do not identify trust, willingness, social capital, wellbeing, or overlapping vulnerable-household unions."
48201432805,2024,2473.0,17.0,767.0,874.0,2473.0,0.3534169025475131,0.9783163265306123,hydro_acs,observed_context,"Tenure and poverty are contextual measures. They do not identify trust, willingness, social capital, wellbeing, or overlapping vulnerable-household unions."
48201432806,2024,4291.0,76.0,1699.0,1144.0,4169.0,0.2744063324538258,0.9571830985915493,hydro_acs,observed_context,"Tenure and poverty are contextual measures. They do not identify trust, willingness, social capital, wellbeing, or overlapping vulnerable-household unions."
48201432901,2024,3688.0,241.0,952.0,1384.0,3688.0,0.3752711496746204,0.7979882648784576,hydro_acs,observed_context,"Tenure and poverty are contextual measures. They do not identify trust, willingness, social capital, wellbeing, or overlapping vulnerable-household unions."
48201432903,2024,2099.0,129.0,603.0,541.0,2099.0,0.2577417818008575,0.8237704918032787,hydro_acs,observed_context,"Tenure and poverty are contextual measures. They do not identify trust, willingness, social capital, wellbeing, or overlapping vulnerable-household unions."
48201432904,2024,3861.0,424.0,1140.0,1194.0,3861.0,0.3092463092463092,0.7289002557544757,hydro_acs,observed_context,"Tenure and poverty are contextual measures. They do not identify trust, willingness, social capital, wellbeing, or overlapping vulnerable-household unions."
48201433003,2024,5476.0,101.0,1954.0,1271.0,5450.0,0.2332110091743119,0.9508515815085158,hydro_acs,observed_context,"Tenure and poverty are contextual measures. They do not identify trust, willingness, social capital, wellbeing, or overlapping vulnerable-household unions."
48201433004,2024,2346.0,0.0,762.0,879.0,2210.0,0.3977375565610859,1.0,hydro_acs,observed_context,"Tenure and poverty are contextual measures. They do not identify trust, willingness, social capital, wellbeing, or overlapping vulnerable-household unions."
48201433005,2024,2088.0,0.0,809.0,625.0,2088.0,0.2993295019157088,1.0,hydro_acs,observed_context,"Tenure and poverty are contextual measures. They do not identify trust, willingness, social capital, wellbeing, or overlapping vulnerable-household unions."
48201433006,2024,2239.0,0.0,926.0,566.0,2239.0,0.2527914247431889,1.0,hydro_acs,observed_context,"Tenure and poverty are contextual measures. They do not identify trust, willingness, social capital, wellbeing, or overlapping vulnerable-household unions."
48201433007,2024,1720.0,14.0,517.0,568.0,1720.0,0.3302325581395349,0.9736346516007532,hydro_acs,observed_context,"Tenure and poverty are contextual measures. They do not identify trust, willingness, social capital, wellbeing, or overlapping vulnerable-household unions."
48201433100,2024,3295.0,108.0,992.0,1049.0,3295.0,0.3183611532625189,0.9018181818181819,hydro_acs,observed_context,"Tenure and poverty are contextual measures. They do not identify trust, willingness, social capital, wellbeing, or overlapping vulnerable-household unions."
48201433201,2024,3925.0,730.0,913.0,859.0,3852.0,0.2230010384215991,0.5556908094948265,hydro_acs,observed_context,"Tenure and poverty are contextual measures. They do not identify trust, willingness, social capital, wellbeing, or overlapping vulnerable-household unions."
48201433202,2024,3666.0,596.0,667.0,649.0,3666.0,0.1770321876704855,0.5281076801266825,hydro_acs,observed_context,"Tenure and poverty are contextual measures. They do not identify trust, willingness, social capital, wellbeing, or overlapping vulnerable-household unions."
48201433300,2024,4680.0,1170.0,594.0,339.0,4680.0,0.0724358974358974,0.336734693877551,hydro_acs,observed_context,"Tenure and poverty are contextual measures. They do not identify trust, willingness, social capital, wellbeing, or overlapping vulnerable-household unions."
48201433400,2024,4329.0,500.0,1228.0,1032.0,4329.0,0.2383922383922384,0.7106481481481481,hydro_acs,observed_context,"Tenure and poverty are contextual measures. They do not identify trust, willingness, social capital, wellbeing, or overlapping vulnerable-household unions."
48201433503,2024,2368.0,0.0,695.0,756.0,2368.0,0.3192567567567567,1.0,hydro_acs,observed_context,"Tenure and poverty are contextual measures. They do not identify trust, willingness, social capital, wellbeing, or overlapping vulnerable-household unions."
48201433504,2024,3358.0,71.0,1045.0,1502.0,3358.0,0.4472900536033353,0.9363799283154122,hydro_acs,observed_context,"Tenure and poverty are contextual measures. They do not identify trust, willingness, social capital, wellbeing, or overlapping vulnerable-household unions."
48201433505,2024,2175.0,47.0,704.0,670.0,2175.0,0.3080459770114943,0.9374167776298269,hydro_acs,observed_context,"Tenure and poverty are contextual measures. They do not identify trust, willingness, social capital, wellbeing, or overlapping vulnerable-household unions."
48201433506,2024,1562.0,0.0,682.0,519.0,1553.0,0.3341918866709594,1.0,hydro_acs,observed_context,"Tenure and poverty are contextual measures. They do not identify trust, willingness, social capital, wellbeing, or overlapping vulnerable-household unions."
48201433507,2024,2911.0,31.0,1157.0,1523.0,2911.0,0.5231879079354174,0.9739057239057239,hydro_acs,observed_context,"Tenure and poverty are contextual measures. They do not identify trust, willingness, social capital, wellbeing, or overlapping vulnerable-household unions."
48201433601,2024,2878.0,132.0,925.0,1084.0,2878.0,0.3766504517025712,0.8751182592242195,hydro_acs,observed_context,"Tenure and poverty are contextual measures. They do not identify trust, willingness, social capital, wellbeing, or overlapping vulnerable-household unions."
48201433602,2024,4053.0,10.0,1652.0,1403.0,4053.0,0.3461633358006415,0.9939831528279182,hydro_acs,observed_context,"Tenure and poverty are contextual measures. They do not identify trust, willingness, social capital, wellbeing, or overlapping vulnerable-household unions."
48201440101,2024,1842.0,23.0,795.0,754.0,1812.0,0.4161147902869757,0.9718826405867971,hydro_acs,observed_context,"Tenure and poverty are contextual measures. They do not identify trust, willingness, social capital, wellbeing, or overlapping vulnerable-household unions."
48201440102,2024,4477.0,1454.0,499.0,554.0,4477.0,0.1237435782890328,0.25550435227854584,hydro_acs,observed_context,"Tenure and poverty are contextual measures. They do not identify trust, willingness, social capital, wellbeing, or overlapping vulnerable-household unions."
48201450100,2024,1874.0,627.0,81.0,30.0,1874.0,0.016008537886873,0.11440677966101695,hydro_acs,observed_context,"Tenure and poverty are contextual measures. They do not identify trust, willingness, social capital, wellbeing, or overlapping vulnerable-household unions."
48201450200,2024,5965.0,1161.0,1032.0,435.0,5965.0,0.0729253981559094,0.47058823529411764,hydro_acs,observed_context,"Tenure and poverty are contextual measures. They do not identify trust, willingness, social capital, wellbeing, or overlapping vulnerable-household unions."
48201450301,2024,2690.0,381.0,685.0,548.0,2690.0,0.2037174721189591,0.6425891181988743,hydro_acs,observed_context,"Tenure and poverty are contextual measures. They do not identify trust, willingness, social capital, wellbeing, or overlapping vulnerable-household unions."
48201450302,2024,5835.0,658.0,1746.0,1671.0,5835.0,0.2863753213367609,0.7262895174708819,hydro_acs,observed_context,"Tenure and poverty are contextual measures. They do not identify trust, willingness, social capital, wellbeing, or overlapping vulnerable-household unions."
48201450401,2024,2020.0,160.0,913.0,518.0,2020.0,0.2564356435643564,0.8508853681267474,hydro_acs,observed_context,"Tenure and poverty are contextual measures. They do not identify trust, willingness, social capital, wellbeing, or overlapping vulnerable-household unions."
48201450402,2024,2227.0,445.0,727.0,148.0,2227.0,0.0664571171980242,0.6203071672354948,hydro_acs,observed_context,"Tenure and poverty are contextual measures. They do not identify trust, willingness, social capital, wellbeing, or overlapping vulnerable-household unions."
48201450500,2024,3412.0,961.0,537.0,132.0,3412.0,0.0386869871043376,0.35847797062750336,hydro_acs,observed_context,"Tenure and poverty are contextual measures. They do not identify trust, willingness, social capital, wellbeing, or overlapping vulnerable-household unions."
48201450600,2024,5678.0,1037.0,1564.0,601.0,5588.0,0.1075518969219756,0.6013071895424836,hydro_acs,observed_context,"Tenure and poverty are contextual measures. They do not identify trust, willingness, social capital, wellbeing, or overlapping vulnerable-household unions."
48201450700,2024,6866.0,2142.0,60.0,84.0,6866.0,0.0122341974949024,0.027247956403269755,hydro_acs,observed_context,"Tenure and poverty are contextual measures. They do not identify trust, willingness, social capital, wellbeing, or overlapping vulnerable-household unions."
48201450801,2024,2244.0,214.0,807.0,308.0,2244.0,0.1372549019607843,0.7904015670910872,hydro_acs,observed_context,"Tenure and poverty are contextual measures. They do not identify trust, willingness, social capital, wellbeing, or overlapping vulnerable-household unions."
48201450803,2024,4179.0,759.0,855.0,947.0,4179.0,0.2266092366594879,0.5297397769516728,hydro_acs,observed_context,"Tenure and poverty are contextual measures. They do not identify trust, willingness, social capital, wellbeing, or overlapping vulnerable-household unions."
48201450804,2024,2310.0,16.0,1108.0,117.0,2310.0,0.0506493506493506,0.9857651245551602,hydro_acs,observed_context,"Tenure and poverty are contextual measures. They do not identify trust, willingness, social capital, wellbeing, or overlapping vulnerable-household unions."
48201450900,2024,2783.0,860.0,556.0,69.0,2783.0,0.024793388429752,0.3926553672316384,hydro_acs,observed_context,"Tenure and poverty are contextual measures. They do not identify trust, willingness, social capital, wellbeing, or overlapping vulnerable-household unions."
48201451003,2024,3829.0,265.0,1404.0,947.0,3829.0,0.2473230608513972,0.8412222887956861,hydro_acs,observed_context,"Tenure and poverty are contextual measures. They do not identify trust, willingness, social capital, wellbeing, or overlapping vulnerable-household unions."
48201451004,2024,1700.0,91.0,766.0,435.0,1700.0,0.2558823529411764,0.8938156359393232,hydro_acs,observed_context,"Tenure and poverty are contextual measures. They do not identify trust, willingness, social capital, wellbeing, or overlapping vulnerable-household unions."
48201451005,2024,1967.0,0.0,1073.0,734.0,1967.0,0.373157092018302,1.0,hydro_acs,observed_context,"Tenure and poverty are contextual measures. They do not identify trust, willingness, social capital, wellbeing, or overlapping vulnerable-household unions."
48201451006,2024,2465.0,956.0,259.0,81.0,2465.0,0.0328600405679513,0.21316872427983538,hydro_acs,observed_context,"Tenure and poverty are contextual measures. They do not identify trust, willingness, social capital, wellbeing, or overlapping vulnerable-household unions."
48201451100,2024,3990.0,1029.0,798.0,706.0,3935.0,0.179415501905972,0.4367816091954023,hydro_acs,observed_context,"Tenure and poverty are contextual measures. They do not identify trust, willingness, social capital, wellbeing, or overlapping vulnerable-household unions."
48201451200,2024,2770.0,1006.0,22.0,8.0,2751.0,0.0029080334423845,0.021400778210116732,hydro_acs,observed_context,"Tenure and poverty are contextual measures. They do not identify trust, willingness, social capital, wellbeing, or overlapping vulnerable-household unions."
48201451301,2024,4018.0,1075.0,803.0,274.0,4018.0,0.0681931309109009,0.4275825346112886,hydro_acs,observed_context,"Tenure and poverty are contextual measures. They do not identify trust, willingness, social capital, wellbeing, or overlapping vulnerable-household unions."
48201451302,2024,3254.0,1045.0,65.0,28.0,3254.0,0.0086047940995697,0.05855855855855856,hydro_acs,observed_context,"Tenure and poverty are contextual measures. They do not identify trust, willingness, social capital, wellbeing, or overlapping vulnerable-household unions."
48201451401,2024,3494.0,706.0,1007.0,366.0,3494.0,0.1047510017172295,0.5878575598365441,hydro_acs,observed_context,"Tenure and poverty are contextual measures. They do not identify trust, willingness, social capital, wellbeing, or overlapping vulnerable-household unions."
48201451404,2024,3643.0,109.0,1942.0,500.0,3643.0,0.1372495196266813,0.946855192588981,hydro_acs,observed_context,"Tenure and poverty are contextual measures. They do not identify trust, willingness, social capital, wellbeing, or overlapping vulnerable-household unions."
48201451405,2024,2813.0,263.0,1069.0,381.0,2813.0,0.1354425879843583,0.8025525525525525,hydro_acs,observed_context,"Tenure and poverty are contextual measures. They do not identify trust, willingness, social capital, wellbeing, or overlapping vulnerable-household unions."
48201451406,2024,2444.0,277.0,1309.0,610.0,2444.0,0.2495908346972176,0.8253467843631778,hydro_acs,observed_context,"Tenure and poverty are contextual measures. They do not identify trust, willingness, social capital, wellbeing, or overlapping vulnerable-household unions."
48201451407,2024,1785.0,114.0,854.0,504.0,1785.0,0.2823529411764706,0.8822314049586777,hydro_acs,observed_context,"Tenure and poverty are contextual measures. They do not identify trust, willingness, social capital, wellbeing, or overlapping vulnerable-household unions."
48201451501,2024,2984.0,15.0,1864.0,118.0,2969.0,0.0397440215560794,0.9920170303352848,hydro_acs,observed_context,"Tenure and poverty are contextual measures. They do not identify trust, willingness, social capital, wellbeing, or overlapping vulnerable-household unions."
48201451502,2024,2747.0,392.0,1114.0,321.0,2747.0,0.1168547506370586,0.7397078353253652,hydro_acs,observed_context,"Tenure and poverty are contextual measures. They do not identify trust, willingness, social capital, wellbeing, or overlapping vulnerable-household unions."
48201451603,2024,3324.0,630.0,830.0,364.0,3301.0,0.1102696152681005,0.5684931506849316,hydro_acs,observed_context,"Tenure and poverty are contextual measures. They do not identify trust, willingness, social capital, wellbeing, or overlapping vulnerable-household unions."
48201451604,2024,3561.0,1335.0,345.0,156.0,3516.0,0.0443686006825938,0.20535714285714285,hydro_acs,observed_context,"Tenure and poverty are contextual measures. They do not identify trust, willingness, social capital, wellbeing, or overlapping vulnerable-household unions."
48201451605,2024,3203.0,105.0,1375.0,589.0,3156.0,0.1866286438529784,0.9290540540540541,hydro_acs,observed_context,"Tenure and poverty are contextual measures. They do not identify trust, willingness, social capital, wellbeing, or overlapping vulnerable-household unions."
48201451606,2024,6423.0,1431.0,639.0,433.0,6423.0,0.0674139810057605,0.30869565217391304,hydro_acs,observed_context,"Tenure and poverty are contextual measures. They do not identify trust, willingness, social capital, wellbeing, or overlapping vulnerable-household unions."
48201451700,2024,4976.0,852.0,1060.0,900.0,4976.0,0.1808681672025723,0.5543933054393305,hydro_acs,observed_context,"Tenure and poverty are contextual measures. They do not identify trust, willingness, social capital, wellbeing, or overlapping vulnerable-household unions."
48201451800,2024,5758.0,1203.0,631.0,929.0,5758.0,0.1613407433136506,0.3440567066521265,hydro_acs,observed_context,"Tenure and poverty are contextual measures. They do not identify trust, willingness, social capital, wellbeing, or overlapping vulnerable-household unions."
48201451902,2024,2520.0,864.0,29.0,232.0,2520.0,0.092063492063492,0.032474804031354984,hydro_acs,observed_context,"Tenure and poverty are contextual measures. They do not identify trust, willingness, social capital, wellbeing, or overlapping vulnerable-household unions."
48201451903,2024,3846.0,33.0,1714.0,1524.0,3846.0,0.3962558502340094,0.9811104751001717,hydro_acs,observed_context,"Tenure and poverty are contextual measures. They do not identify trust, willingness, social capital, wellbeing, or overlapping vulnerable-household unions."
48201451904,2024,3601.0,783.0,447.0,314.0,3601.0,0.0871980005554012,0.36341463414634145,hydro_acs,observed_context,"Tenure and poverty are contextual measures. They do not identify trust, willingness, social capital, wellbeing, or overlapping vulnerable-household unions."
48201452001,2024,6370.0,592.0,1487.0,1018.0,6266.0,0.1624640919246728,0.7152477152477152,hydro_acs,observed_context,"Tenure and poverty are contextual measures. They do not identify trust, willingness, social capital, wellbeing, or overlapping vulnerable-household unions."
48201452002,2024,3643.0,0.0,1915.0,220.0,3562.0,0.0617630544637843,1.0,hydro_acs,observed_context,"Tenure and poverty are contextual measures. They do not identify trust, willingness, social capital, wellbeing, or overlapping vulnerable-household unions."
48201452101,2024,7306.0,1001.0,2664.0,1094.0,7174.0,0.1524951212712573,0.7268758526603001,hydro_acs,observed_context,"Tenure and poverty are contextual measures. They do not identify trust, willingness, social capital, wellbeing, or overlapping vulnerable-household unions."
48201452102,2024,1818.0,0.0,914.0,340.0,1737.0,0.1957397812320092,1.0,hydro_acs,observed_context,"Tenure and poverty are contextual measures. They do not identify trust, willingness, social capital, wellbeing, or overlapping vulnerable-household unions."
48201452103,2024,2559.0,77.0,680.0,481.0,2513.0,0.1914046955829685,0.8982826948480845,hydro_acs,observed_context,"Tenure and poverty are contextual measures. They do not identify trust, willingness, social capital, wellbeing, or overlapping vulnerable-household unions."
48201452202,2024,3123.0,100.0,1603.0,378.0,3123.0,0.1210374639769452,0.9412800939518496,hydro_acs,observed_context,"Tenure and poverty are contextual measures. They do not identify trust, willingness, social capital, wellbeing, or overlapping vulnerable-household unions."
48201452203,2024,2195.0,181.0,941.0,571.0,2099.0,0.2720343020485946,0.838680926916221,hydro_acs,observed_context,"Tenure and poverty are contextual measures. They do not identify trust, willingness, social capital, wellbeing, or overlapping vulnerable-household unions."
48201452204,2024,2414.0,104.0,1215.0,262.0,2414.0,0.1085335542667771,0.9211523881728583,hydro_acs,observed_context,"Tenure and poverty are contextual measures. They do not identify trust, willingness, social capital, wellbeing, or overlapping vulnerable-household unions."
48201452300,2024,2216.0,625.0,208.0,448.0,2216.0,0.2021660649819494,0.24969987995198079,hydro_acs,observed_context,"Tenure and poverty are contextual measures. They do not identify trust, willingness, social capital, wellbeing, or overlapping vulnerable-household unions."
48201452401,2024,3187.0,700.0,584.0,649.0,3145.0,0.2063593004769475,0.45482866043613707,hydro_acs,observed_context,"Tenure and poverty are contextual measures. They do not identify trust, willingness, social capital, wellbeing, or overlapping vulnerable-household unions."
48201452402,2024,3887.0,702.0,537.0,593.0,3887.0,0.1525598147671726,0.43341404358353514,hydro_acs,observed_context,"Tenure and poverty are contextual measures. They do not identify trust, willingness, social capital, wellbeing, or overlapping vulnerable-household unions."
48201452501,2024,2500.0,30.0,790.0,585.0,2479.0,0.235982250907624,0.9634146341463414,hydro_acs,observed_context,"Tenure and poverty are contextual measures. They do not identify trust, willingness, social capital, wellbeing, or overlapping vulnerable-household unions."
48201452502,2024,4498.0,794.0,780.0,1197.0,4498.0,0.266118274788795,0.49555273189326554,hydro_acs,observed_context,"Tenure and poverty are contextual measures. They do not identify trust, willingness, social capital, wellbeing, or overlapping vulnerable-household unions."
48201452601,2024,5351.0,0.0,1981.0,1897.0,5351.0,0.3545131751074565,1.0,hydro_acs,observed_context,"Tenure and poverty are contextual measures. They do not identify trust, willingness, social capital, wellbeing, or overlapping vulnerable-household unions."
48201452602,2024,2929.0,607.0,317.0,425.0,2929.0,0.1451007169682485,0.3430735930735931,hydro_acs,observed_context,"Tenure and poverty are contextual measures. They do not identify trust, willingness, social capital, wellbeing, or overlapping vulnerable-household unions."
48201452701,2024,4022.0,1156.0,106.0,405.0,4022.0,0.1006961710591745,0.08399366085578447,hydro_acs,observed_context,"Tenure and poverty are contextual measures. They do not identify trust, willingness, social capital, wellbeing, or overlapping vulnerable-household unions."
48201452702,2024,4187.0,583.0,923.0,481.0,4187.0,0.1148793885837115,0.6128818061088978,hydro_acs,observed_context,"Tenure and poverty are contextual measures. They do not identify trust, willingness, social capital, wellbeing, or overlapping vulnerable-household unions."
48201452703,2024,4034.0,356.0,941.0,1237.0,3986.0,0.3103361766181636,0.725520431765613,hydro_acs,observed_context,"Tenure and poverty are contextual measures. They do not identify trust, willingness, social capital, wellbeing, or overlapping vulnerable-household unions."
48201452801,2024,5413.0,1071.0,754.0,1044.0,5413.0,0.1928690190282652,0.41315068493150686,hydro_acs,observed_context,"Tenure and poverty are contextual measures. They do not identify trust, willingness, social capital, wellbeing, or overlapping vulnerable-household unions."
48201452802,2024,6301.0,630.0,1127.0,1439.0,6301.0,0.2283764481828281,0.6414342629482072,hydro_acs,observed_context,"Tenure and poverty are contextual measures. They do not identify trust, willingness, social capital, wellbeing, or overlapping vulnerable-household unions."
48201452900,2024,4267.0,676.0,628.0,882.0,4254.0,0.2073342736248237,0.4815950920245399,hydro_acs,observed_context,"Tenure and poverty are contextual measures. They do not identify trust, willingness, social capital, wellbeing, or overlapping vulnerable-household unions."
48201453001,2024,3174.0,601.0,288.0,517.0,3174.0,0.1628859483301827,0.32395950506186727,hydro_acs,observed_context,"Tenure and poverty are contextual measures. They do not identify trust, willingness, social capital, wellbeing, or overlapping vulnerable-household unions."
48201453002,2024,5049.0,1008.0,353.0,737.0,5049.0,0.1459694989106753,0.25936811168258633,hydro_acs,observed_context,"Tenure and poverty are contextual measures. They do not identify trust, willingness, social capital, wellbeing, or overlapping vulnerable-household unions."
48201453100,2024,3712.0,293.0,1086.0,1505.0,3664.0,0.4107532751091703,0.7875271936185642,hydro_acs,observed_context,"Tenure and poverty are contextual measures. They do not identify trust, willingness, social capital, wellbeing, or overlapping vulnerable-household unions."
48201453201,2024,3969.0,40.0,1490.0,1682.0,3969.0,0.4237843285462333,0.9738562091503268,hydro_acs,observed_context,"Tenure and poverty are contextual measures. They do not identify trust, willingness, social capital, wellbeing, or overlapping vulnerable-household unions."
48201453202,2024,5057.0,404.0,1136.0,1691.0,5023.0,0.336651403543699,0.7376623376623377,hydro_acs,observed_context,"Tenure and poverty are contextual measures. They do not identify trust, willingness, social capital, wellbeing, or overlapping vulnerable-household unions."
48201453300,2024,4680.0,29.0,1635.0,1262.0,4680.0,0.2696581196581196,0.9825721153846154,hydro_acs,observed_context,"Tenure and poverty are contextual measures. They do not identify trust, willingness, social capital, wellbeing, or overlapping vulnerable-household unions."
48201453401,2024,3639.0,497.0,500.0,828.0,3626.0,0.2283507997793712,0.5015045135406219,hydro_acs,observed_context,"Tenure and poverty are contextual measures. They do not identify trust, willingness, social capital, wellbeing, or overlapping vulnerable-household unions."
48201453403,2024,3977.0,396.0,1065.0,1659.0,3905.0,0.4248399487836107,0.728952772073922,hydro_acs,observed_context,"Tenure and poverty are contextual measures. They do not identify trust, willingness, social capital, wellbeing, or overlapping vulnerable-household unions."
48201453404,2024,4557.0,634.0,708.0,2059.0,4557.0,0.4518323458415624,0.5275707898658718,hydro_acs,observed_context,"Tenure and poverty are contextual measures. They do not identify trust, willingness, social capital, wellbeing, or overlapping vulnerable-household unions."
48201453405,2024,4064.0,377.0,1142.0,1195.0,4064.0,0.2940452755905511,0.7518104015799868,hydro_acs,observed_context,"Tenure and poverty are contextual measures. They do not identify trust, willingness, social capital, wellbeing, or overlapping vulnerable-household unions."
48201453501,2024,5876.0,1033.0,1020.0,931.0,5876.0,0.1584411164057181,0.4968339016074038,hydro_acs,observed_context,"Tenure and poverty are contextual measures. They do not identify trust, willingness, social capital, wellbeing, or overlapping vulnerable-household unions."
48201453502,2024,3616.0,606.0,447.0,891.0,3603.0,0.2472939217318901,0.42450142450142453,hydro_acs,observed_context,"Tenure and poverty are contextual measures. They do not identify trust, willingness, social capital, wellbeing, or overlapping vulnerable-household unions."
48201453601,2024,1596.0,252.0,223.0,471.0,1596.0,0.2951127819548872,0.4694736842105263,hydro_acs,observed_context,"Tenure and poverty are contextual measures. They do not identify trust, willingness, social capital, wellbeing, or overlapping vulnerable-household unions."
48201453603,2024,3445.0,352.0,812.0,674.0,3445.0,0.1956458635703918,0.697594501718213,hydro_acs,observed_context,"Tenure and poverty are contextual measures. They do not identify trust, willingness, social capital, wellbeing, or overlapping vulnerable-household unions."
48201453604,2024,3589.0,837.0,228.0,380.0,3589.0,0.1058790749512399,0.2140845070422535,hydro_acs,observed_context,"Tenure and poverty are contextual measures. They do not identify trust, willingness, social capital, wellbeing, or overlapping vulnerable-household unions."
48201453701,2024,4635.0,616.0,660.0,1177.0,4495.0,0.2618464961067853,0.5172413793103449,hydro_acs,observed_context,"Tenure and poverty are contextual measures. They do not identify trust, willingness, social capital, wellbeing, or overlapping vulnerable-household unions."
48201453702,2024,4492.0,544.0,729.0,516.0,4492.0,0.1148708815672306,0.572663000785546,hydro_acs,observed_context,"Tenure and poverty are contextual measures. They do not identify trust, willingness, social capital, wellbeing, or overlapping vulnerable-household unions."
48201453800,2024,3614.0,740.0,357.0,347.0,3453.0,0.1004923255140457,0.325432999088423,hydro_acs,observed_context,"Tenure and poverty are contextual measures. They do not identify trust, willingness, social capital, wellbeing, or overlapping vulnerable-household unions."
48201453901,2024,6103.0,1174.0,525.0,1112.0,6044.0,0.1839841164791529,0.3090052972336669,hydro_acs,observed_context,"Tenure and poverty are contextual measures. They do not identify trust, willingness, social capital, wellbeing, or overlapping vulnerable-household unions."
48201453902,2024,3752.0,663.0,445.0,1281.0,3752.0,0.3414179104477612,0.4016245487364621,hydro_acs,observed_context,"Tenure and poverty are contextual measures. They do not identify trust, willingness, social capital, wellbeing, or overlapping vulnerable-household unions."
48201454000,2024,4332.0,1054.0,230.0,753.0,4309.0,0.1747505221629148,0.1791277258566978,hydro_acs,observed_context,"Tenure and poverty are contextual measures. They do not identify trust, willingness, social capital, wellbeing, or overlapping vulnerable-household unions."
48201454100,2024,3837.0,655.0,472.0,695.0,3826.0,0.1816518557239937,0.41881100266193433,hydro_acs,observed_context,"Tenure and poverty are contextual measures. They do not identify trust, willingness, social capital, wellbeing, or overlapping vulnerable-household unions."
48201454200,2024,4270.0,793.0,322.0,333.0,4245.0,0.0784452296819788,0.28878923766816145,hydro_acs,observed_context,"Tenure and poverty are contextual measures. They do not identify trust, willingness, social capital, wellbeing, or overlapping vulnerable-household unions."
48201454302,2024,5877.0,1442.0,672.0,686.0,5877.0,0.1167262208609835,0.31788079470198677,hydro_acs,observed_context,"Tenure and poverty are contextual measures. They do not identify trust, willingness, social capital, wellbeing, or overlapping vulnerable-household unions."
48201454303,2024,3949.0,628.0,576.0,159.0,3838.0,0.0414278269932256,0.47840531561461797,hydro_acs,observed_context,"Tenure and poverty are contextual measures. They do not identify trust, willingness, social capital, wellbeing, or overlapping vulnerable-household unions."
48201454304,2024,5934.0,590.0,1468.0,758.0,5934.0,0.1277384563532187,0.7133138969873664,hydro_acs,observed_context,"Tenure and poverty are contextual measures. They do not identify trust, willingness, social capital, wellbeing, or overlapping vulnerable-household unions."
48201454305,2024,3546.0,365.0,1144.0,953.0,3546.0,0.2687535250987027,0.7581179589131876,hydro_acs,observed_context,"Tenure and poverty are contextual measures. They do not identify trust, willingness, social capital, wellbeing, or overlapping vulnerable-household unions."
48201454400,2024,1013.0,0.0,654.0,93.0,1013.0,0.0918065153010858,1.0,hydro_acs,observed_context,"Tenure and poverty are contextual measures. They do not identify trust, willingness, social capital, wellbeing, or overlapping vulnerable-household unions."
48201454502,2024,2216.0,697.0,35.0,92.0,2216.0,0.0415162454873646,0.04781420765027322,hydro_acs,observed_context,"Tenure and poverty are contextual measures. They do not identify trust, willingness, social capital, wellbeing, or overlapping vulnerable-household unions."
48201454503,2024,2700.0,1070.0,7.0,44.0,2700.0,0.0162962962962962,0.0064995357474466105,hydro_acs,observed_context,"Tenure and poverty are contextual measures. They do not identify trust, willingness, social capital, wellbeing, or overlapping vulnerable-household unions."
48201454504,2024,5223.0,1425.0,990.0,547.0,5223.0,0.1047290829025464,0.40993788819875776,hydro_acs,observed_context,"Tenure and poverty are contextual measures. They do not identify trust, willingness, social capital, wellbeing, or overlapping vulnerable-household unions."
48201454505,2024,2472.0,768.0,130.0,121.0,2472.0,0.0489482200647249,0.1447661469933185,hydro_acs,observed_context,"Tenure and poverty are contextual measures. They do not identify trust, willingness, social capital, wellbeing, or overlapping vulnerable-household unions."
48201454600,2024,5446.0,530.0,1669.0,1398.0,5332.0,0.2621905476369092,0.758981355161437,hydro_acs,observed_context,"Tenure and poverty are contextual measures. They do not identify trust, willingness, social capital, wellbeing, or overlapping vulnerable-household unions."
48201454700,2024,7588.0,2010.0,367.0,310.0,7588.0,0.0408539799683711,0.15439629785443837,hydro_acs,observed_context,"Tenure and poverty are contextual measures. They do not identify trust, willingness, social capital, wellbeing, or overlapping vulnerable-household unions."
48201454801,2024,4098.0,756.0,1022.0,280.0,4098.0,0.0683260126891166,0.5748031496062992,hydro_acs,observed_context,"Tenure and poverty are contextual measures. They do not identify trust, willingness, social capital, wellbeing, or overlapping vulnerable-household unions."
48201454802,2024,4324.0,1326.0,420.0,189.0,4324.0,0.043709528214616,0.24054982817869416,hydro_acs,observed_context,"Tenure and poverty are contextual measures. They do not identify trust, willingness, social capital, wellbeing, or overlapping vulnerable-household unions."
48201454901,2024,2428.0,659.0,173.0,268.0,2428.0,0.1103789126853377,0.20793269230769232,hydro_acs,observed_context,"Tenure and poverty are contextual measures. They do not identify trust, willingness, social capital, wellbeing, or overlapping vulnerable-household unions."
48201454902,2024,8609.0,1403.0,1299.0,443.0,8609.0,0.0514577767452665,0.48075499629903773,hydro_acs,observed_context,"Tenure and poverty are contextual measures. They do not identify trust, willingness, social capital, wellbeing, or overlapping vulnerable-household unions."
48201455000,2024,3601.0,696.0,433.0,897.0,3601.0,0.2490974729241877,0.38352524357838796,hydro_acs,observed_context,"Tenure and poverty are contextual measures. They do not identify trust, willingness, social capital, wellbeing, or overlapping vulnerable-household unions."
48201455102,2024,2886.0,748.0,92.0,159.0,2886.0,0.0550935550935551,0.10952380952380952,hydro_acs,observed_context,"Tenure and poverty are contextual measures. They do not identify trust, willingness, social capital, wellbeing, or overlapping vulnerable-household unions."
48201455103,2024,3810.0,1168.0,183.0,144.0,3810.0,0.0377952755905511,0.13545521835677277,hydro_acs,observed_context,"Tenure and poverty are contextual measures. They do not identify trust, willingness, social capital, wellbeing, or overlapping vulnerable-household unions."
48201455104,2024,3393.0,844.0,323.0,100.0,3393.0,0.0294724432655467,0.27677806341045413,hydro_acs,observed_context,"Tenure and poverty are contextual measures. They do not identify trust, willingness, social capital, wellbeing, or overlapping vulnerable-household unions."
48201455200,2024,4190.0,1441.0,131.0,84.0,4190.0,0.0200477326968973,0.08333333333333333,hydro_acs,observed_context,"Tenure and poverty are contextual measures. They do not identify trust, willingness, social capital, wellbeing, or overlapping vulnerable-household unions."
48201455300,2024,13436.0,664.0,4645.0,891.0,13285.0,0.0670681219420399,0.8749293652288567,hydro_acs,observed_context,"Tenure and poverty are contextual measures. They do not identify trust, willingness, social capital, wellbeing, or overlapping vulnerable-household unions."
48201510100,2024,3096.0,863.0,616.0,47.0,3096.0,0.0151808785529715,0.4164976335361731,hydro_acs,observed_context,"Tenure and poverty are contextual measures. They do not identify trust, willingness, social capital, wellbeing, or overlapping vulnerable-household unions."
48201510201,2024,2450.0,136.0,1283.0,249.0,2450.0,0.1016326530612244,0.9041578576462297,hydro_acs,observed_context,"Tenure and poverty are contextual measures. They do not identify trust, willingness, social capital, wellbeing, or overlapping vulnerable-household unions."
48201510202,2024,6566.0,752.0,3063.0,707.0,6566.0,0.1076759061833688,0.8028833551769332,hydro_acs,observed_context,"Tenure and poverty are contextual measures. They do not identify trust, willingness, social capital, wellbeing, or overlapping vulnerable-household unions."
48201510301,2024,3551.0,1025.0,682.0,202.0,3551.0,0.0568853843987609,0.3995313415348565,hydro_acs,observed_context,"Tenure and poverty are contextual measures. They do not identify trust, willingness, social capital, wellbeing, or overlapping vulnerable-household unions."
48201510302,2024,3482.0,995.0,454.0,70.0,3475.0,0.0201438848920863,0.31331953071083507,hydro_acs,observed_context,"Tenure and poverty are contextual measures. They do not identify trust, willingness, social capital, wellbeing, or overlapping vulnerable-household unions."
48201510400,2024,3852.0,1165.0,630.0,128.0,3851.0,0.0332381199688392,0.35097493036211697,hydro_acs,observed_context,"Tenure and poverty are contextual measures. They do not identify trust, willingness, social capital, wellbeing, or overlapping vulnerable-household unions."
48201510500,2024,5097.0,1169.0,1475.0,64.0,5097.0,0.0125564057288601,0.5578668683812406,hydro_acs,observed_context,"Tenure and poverty are contextual measures. They do not identify trust, willingness, social capital, wellbeing, or overlapping vulnerable-household unions."
48201510601,2024,3417.0,847.0,1215.0,131.0,3389.0,0.0386544703452345,0.5892337536372454,hydro_acs,observed_context,"Tenure and poverty are contextual measures. They do not identify trust, willingness, social capital, wellbeing, or overlapping vulnerable-household unions."
48201510602,2024,4592.0,1455.0,1236.0,121.0,4592.0,0.0263501742160278,0.4593088071348941,hydro_acs,observed_context,"Tenure and poverty are contextual measures. They do not identify trust, willingness, social capital, wellbeing, or overlapping vulnerable-household unions."
48201510701,2024,2165.0,253.0,1060.0,517.0,2165.0,0.2387990762124711,0.8073115003808073,hydro_acs,observed_context,"Tenure and poverty are contextual measures. They do not identify trust, willingness, social capital, wellbeing, or overlapping vulnerable-household unions."
48201510702,2024,2059.0,799.0,114.0,102.0,2059.0,0.049538610976202,0.1248630887185104,hydro_acs,observed_context,"Tenure and poverty are contextual measures. They do not identify trust, willingness, social capital, wellbeing, or overlapping vulnerable-household unions."
48201510801,2024,4526.0,1225.0,1131.0,60.0,4526.0,0.0132567388422448,0.4800509337860781,hydro_acs,observed_context,"Tenure and poverty are contextual measures. They do not identify trust, willingness, social capital, wellbeing, or overlapping vulnerable-household unions."
48201510802,2024,2817.0,1090.0,391.0,34.0,2817.0,0.0120695775647852,0.26401080351114115,hydro_acs,observed_context,"Tenure and poverty are contextual measures. They do not identify trust, willingness, social capital, wellbeing, or overlapping vulnerable-household unions."
48201510803,2024,2515.0,566.0,1040.0,168.0,2515.0,0.0667992047713717,0.6475716064757161,hydro_acs,observed_context,"Tenure and poverty are contextual measures. They do not identify trust, willingness, social capital, wellbeing, or overlapping vulnerable-household unions."
48201510901,2024,6490.0,2229.0,477.0,56.0,6490.0,0.0086286594761171,0.1762749445676275,hydro_acs,observed_context,"Tenure and poverty are contextual measures. They do not identify trust, willingness, social capital, wellbeing, or overlapping vulnerable-household unions."
48201510902,2024,5731.0,1194.0,1604.0,1104.0,5731.0,0.1926365381259815,0.5732666190135811,hydro_acs,observed_context,"Tenure and poverty are contextual measures. They do not identify trust, willingness, social capital, wellbeing, or overlapping vulnerable-household unions."
48201511001,2024,3593.0,901.0,846.0,220.0,3517.0,0.0625533124822291,0.4842587292501431,hydro_acs,observed_context,"Tenure and poverty are contextual measures. They do not identify trust, willingness, social capital, wellbeing, or overlapping vulnerable-household unions."
48201511003,2024,1889.0,446.0,660.0,155.0,1889.0,0.0820539968237162,0.596745027124774,hydro_acs,observed_context,"Tenure and poverty are contextual measures. They do not identify trust, willingness, social capital, wellbeing, or overlapping vulnerable-household unions."
48201511004,2024,1842.0,433.0,533.0,105.0,1842.0,0.0570032573289902,0.55175983436853,hydro_acs,observed_context,"Tenure and poverty are contextual measures. They do not identify trust, willingness, social capital, wellbeing, or overlapping vulnerable-household unions."
48201511100,2024,4485.0,1242.0,997.0,443.0,4424.0,0.100135623869801,0.4452880750334971,hydro_acs,observed_context,"Tenure and poverty are contextual measures. They do not identify trust, willingness, social capital, wellbeing, or overlapping vulnerable-household unions."
48201511201,2024,2940.0,971.0,488.0,32.0,2940.0,0.0108843537414965,0.33447566826593556,hydro_acs,observed_context,"Tenure and poverty are contextual measures. They do not identify trust, willingness, social capital, wellbeing, or overlapping vulnerable-household unions."
48201511202,2024,3510.0,1404.0,337.0,92.0,3510.0,0.0262108262108262,0.1935669155657668,hydro_acs,observed_context,"Tenure and poverty are contextual measures. They do not identify trust, willingness, social capital, wellbeing, or overlapping vulnerable-household unions."
48201511301,2024,5065.0,1583.0,959.0,397.0,5065.0,0.078381046396841,0.3772619984264359,hydro_acs,observed_context,"Tenure and poverty are contextual measures. They do not identify trust, willingness, social capital, wellbeing, or overlapping vulnerable-household unions."
48201511302,2024,4961.0,1498.0,875.0,220.0,4960.0,0.0443548387096774,0.3687315634218289,hydro_acs,observed_context,"Tenure and poverty are contextual measures. They do not identify trust, willingness, social capital, wellbeing, or overlapping vulnerable-household unions."
48201511400,2024,2686.0,1029.0,293.0,168.0,2680.0,0.0626865671641791,0.2216338880484115,hydro_acs,observed_context,"Tenure and poverty are contextual measures. They do not identify trust, willingness, social capital, wellbeing, or overlapping vulnerable-household unions."
48201511501,2024,3757.0,780.0,1212.0,322.0,3757.0,0.0857066808623902,0.608433734939759,hydro_acs,observed_context,"Tenure and poverty are contextual measures. They do not identify trust, willingness, social capital, wellbeing, or overlapping vulnerable-household unions."
48201511502,2024,5455.0,1762.0,491.0,479.0,5455.0,0.0878093492208982,0.21793164669329781,hydro_acs,observed_context,"Tenure and poverty are contextual measures. They do not identify trust, willingness, social capital, wellbeing, or overlapping vulnerable-household unions."
48201511600,2024,3548.0,959.0,709.0,227.0,3548.0,0.0639797068771138,0.4250599520383693,hydro_acs,observed_context,"Tenure and poverty are contextual measures. They do not identify trust, willingness, social capital, wellbeing, or overlapping vulnerable-household unions."
48201520100,2024,3406.0,786.0,633.0,101.0,3406.0,0.0296535525543159,0.44608879492600423,hydro_acs,observed_context,"Tenure and poverty are contextual measures. They do not identify trust, willingness, social capital, wellbeing, or overlapping vulnerable-household unions."
48201520200,2024,3189.0,1009.0,323.0,124.0,3189.0,0.0388836625901536,0.2424924924924925,hydro_acs,observed_context,"Tenure and poverty are contextual measures. They do not identify trust, willingness, social capital, wellbeing, or overlapping vulnerable-household unions."
48201520301,2024,2443.0,314.0,677.0,555.0,2443.0,0.2271796970937372,0.6831483350151363,hydro_acs,observed_context,"Tenure and poverty are contextual measures. They do not identify trust, willingness, social capital, wellbeing, or overlapping vulnerable-household unions."
48201520302,2024,2591.0,429.0,563.0,614.0,2591.0,0.2369741412582014,0.5675403225806451,hydro_acs,observed_context,"Tenure and poverty are contextual measures. They do not identify trust, willingness, social capital, wellbeing, or overlapping vulnerable-household unions."
48201520400,2024,3837.0,260.0,1135.0,1837.0,3837.0,0.4787594474850143,0.8136200716845878,hydro_acs,observed_context,"Tenure and poverty are contextual measures. They do not identify trust, willingness, social capital, wellbeing, or overlapping vulnerable-household unions."
48201520501,2024,4009.0,760.0,519.0,1286.0,4003.0,0.3212590557082188,0.40578577013291633,hydro_acs,observed_context,"Tenure and poverty are contextual measures. They do not identify trust, willingness, social capital, wellbeing, or overlapping vulnerable-household unions."
48201520502,2024,4644.0,315.0,1327.0,771.0,4644.0,0.1660206718346253,0.8081607795371498,hydro_acs,observed_context,"Tenure and poverty are contextual measures. They do not identify trust, willingness, social capital, wellbeing, or overlapping vulnerable-household unions."
48201520601,2024,2658.0,227.0,708.0,818.0,2634.0,0.3105542900531511,0.7572192513368984,hydro_acs,observed_context,"Tenure and poverty are contextual measures. They do not identify trust, willingness, social capital, wellbeing, or overlapping vulnerable-household unions."
48201520603,2024,2037.0,121.0,626.0,627.0,1972.0,0.3179513184584178,0.8380187416331994,hydro_acs,observed_context,"Tenure and poverty are contextual measures. They do not identify trust, willingness, social capital, wellbeing, or overlapping vulnerable-household unions."
48201520604,2024,3447.0,618.0,547.0,706.0,3447.0,0.2048157818392805,0.4695278969957081,hydro_acs,observed_context,"Tenure and poverty are contextual measures. They do not identify trust, willingness, social capital, wellbeing, or overlapping vulnerable-household unions."
48201520700,2024,4505.0,1379.0,321.0,160.0,4466.0,0.0358262427227944,0.1888235294117647,hydro_acs,observed_context,"Tenure and poverty are contextual measures. They do not identify trust, willingness, social capital, wellbeing, or overlapping vulnerable-household unions."
48201521000,2024,2158.0,259.0,539.0,490.0,2158.0,0.227062094531974,0.6754385964912281,hydro_acs,observed_context,"Tenure and poverty are contextual measures. They do not identify trust, willingness, social capital, wellbeing, or overlapping vulnerable-household unions."
48201521100,2024,2494.0,147.0,594.0,1171.0,2494.0,0.4695268644747393,0.8016194331983806,hydro_acs,observed_context,"Tenure and poverty are contextual measures. They do not identify trust, willingness, social capital, wellbeing, or overlapping vulnerable-household unions."
48201521201,2024,2057.0,278.0,444.0,799.0,2057.0,0.3884297520661157,0.6149584487534626,hydro_acs,observed_context,"Tenure and poverty are contextual measures. They do not identify trust, willingness, social capital, wellbeing, or overlapping vulnerable-household unions."
48201521202,2024,3481.0,751.0,827.0,691.0,3325.0,0.2078195488721804,0.5240811153358682,hydro_acs,observed_context,"Tenure and poverty are contextual measures. They do not identify trust, willingness, social capital, wellbeing, or overlapping vulnerable-household unions."
48201521300,2024,7160.0,1681.0,821.0,2300.0,7160.0,0.3212290502793296,0.3281374900079936,hydro_acs,observed_context,"Tenure and poverty are contextual measures. They do not identify trust, willingness, social capital, wellbeing, or overlapping vulnerable-household unions."
48201521401,2024,3298.0,0.0,931.0,1221.0,3298.0,0.3702243784111583,1.0,hydro_acs,observed_context,"Tenure and poverty are contextual measures. They do not identify trust, willingness, social capital, wellbeing, or overlapping vulnerable-household unions."
48201521402,2024,3430.0,385.0,609.0,1401.0,3430.0,0.4084548104956268,0.6126760563380281,hydro_acs,observed_context,"Tenure and poverty are contextual measures. They do not identify trust, willingness, social capital, wellbeing, or overlapping vulnerable-household unions."
48201521501,2024,2853.0,286.0,550.0,1003.0,2801.0,0.3580863977151017,0.6578947368421053,hydro_acs,observed_context,"Tenure and poverty are contextual measures. They do not identify trust, willingness, social capital, wellbeing, or overlapping vulnerable-household unions."
48201521502,2024,2899.0,859.0,143.0,488.0,2899.0,0.1683339082442221,0.14271457085828343,hydro_acs,observed_context,"Tenure and poverty are contextual measures. They do not identify trust, willingness, social capital, wellbeing, or overlapping vulnerable-household unions."
48201521600,2024,2972.0,806.0,162.0,183.0,2972.0,0.0615746971736204,0.16735537190082644,hydro_acs,observed_context,"Tenure and poverty are contextual measures. They do not identify trust, willingness, social capital, wellbeing, or overlapping vulnerable-household unions."
48201521701,2024,4632.0,38.0,1763.0,2219.0,4594.0,0.4830213321723988,0.9789006107717935,hydro_acs,observed_context,"Tenure and poverty are contextual measures. They do not identify trust, willingness, social capital, wellbeing, or overlapping vulnerable-household unions."
48201521702,2024,3159.0,82.0,1336.0,1116.0,3159.0,0.3532763532763532,0.9421720733427362,hydro_acs,observed_context,"Tenure and poverty are contextual measures. They do not identify trust, willingness, social capital, wellbeing, or overlapping vulnerable-household unions."
48201521800,2024,4557.0,1092.0,589.0,301.0,4549.0,0.0661683886568476,0.3503866745984533,hydro_acs,observed_context,"Tenure and poverty are contextual measures. They do not identify trust, willingness, social capital, wellbeing, or overlapping vulnerable-household unions."
48201521900,2024,7366.0,1618.0,1026.0,1063.0,7291.0,0.1457961870799616,0.3880484114977307,hydro_acs,observed_context,"Tenure and poverty are contextual measures. They do not identify trust, willingness, social capital, wellbeing, or overlapping vulnerable-household unions."
48201522001,2024,2213.0,694.0,409.0,124.0,2213.0,0.0560325350203343,0.37080689029918407,hydro_acs,observed_context,"Tenure and poverty are contextual measures. They do not identify trust, willingness, social capital, wellbeing, or overlapping vulnerable-household unions."
48201522002,2024,3096.0,406.0,407.0,671.0,2954.0,0.2271496276235612,0.5006150061500615,hydro_acs,observed_context,"Tenure and poverty are contextual measures. They do not identify trust, willingness, social capital, wellbeing, or overlapping vulnerable-household unions."
48201522101,2024,3413.0,485.0,1024.0,812.0,3413.0,0.237913858775271,0.6785950960901259,hydro_acs,observed_context,"Tenure and poverty are contextual measures. They do not identify trust, willingness, social capital, wellbeing, or overlapping vulnerable-household unions."
48201522102,2024,4532.0,696.0,564.0,682.0,4423.0,0.1541939859823649,0.44761904761904764,hydro_acs,observed_context,"Tenure and poverty are contextual measures. They do not identify trust, willingness, social capital, wellbeing, or overlapping vulnerable-household unions."
48201522201,2024,5184.0,672.0,622.0,1377.0,5166.0,0.2665505226480836,0.4806800618238022,hydro_acs,observed_context,"Tenure and poverty are contextual measures. They do not identify trust, willingness, social capital, wellbeing, or overlapping vulnerable-household unions."
48201522202,2024,4088.0,480.0,764.0,1116.0,4088.0,0.2729941291585127,0.6141479099678456,hydro_acs,observed_context,"Tenure and poverty are contextual measures. They do not identify trust, willingness, social capital, wellbeing, or overlapping vulnerable-household unions."
48201522301,2024,4012.0,574.0,1036.0,1040.0,3863.0,0.2692208128397618,0.6434782608695652,hydro_acs,observed_context,"Tenure and poverty are contextual measures. They do not identify trust, willingness, social capital, wellbeing, or overlapping vulnerable-household unions."
48201522302,2024,3259.0,222.0,1264.0,511.0,3259.0,0.1567965633629947,0.8506056527590848,hydro_acs,observed_context,"Tenure and poverty are contextual measures. They do not identify trust, willingness, social capital, wellbeing, or overlapping vulnerable-household unions."
48201522401,2024,6023.0,1288.0,1157.0,789.0,6023.0,0.1309978416071725,0.4732106339468303,hydro_acs,observed_context,"Tenure and poverty are contextual measures. They do not identify trust, willingness, social capital, wellbeing, or overlapping vulnerable-household unions."
48201522402,2024,3862.0,607.0,573.0,761.0,3790.0,0.2007915567282321,0.48559322033898306,hydro_acs,observed_context,"Tenure and poverty are contextual measures. They do not identify trust, willingness, social capital, wellbeing, or overlapping vulnerable-household unions."
48201522500,2024,5510.0,1617.0,49.0,53.0,5510.0,0.0096188747731397,0.029411764705882353,hydro_acs,observed_context,"Tenure and poverty are contextual measures. They do not identify trust, willingness, social capital, wellbeing, or overlapping vulnerable-household unions."
48201530101,2024,3296.0,527.0,1034.0,763.0,3296.0,0.2314927184466019,0.6623959000640615,hydro_acs,observed_context,"Tenure and poverty are contextual measures. They do not identify trust, willingness, social capital, wellbeing, or overlapping vulnerable-household unions."
48201530102,2024,2971.0,141.0,967.0,971.0,2971.0,0.3268259845169976,0.8727436823104693,hydro_acs,observed_context,"Tenure and poverty are contextual measures. They do not identify trust, willingness, social capital, wellbeing, or overlapping vulnerable-household unions."
48201530200,2024,4156.0,1049.0,644.0,778.0,4156.0,0.1871992300288739,0.38038984051978736,hydro_acs,observed_context,"Tenure and poverty are contextual measures. They do not identify trust, willingness, social capital, wellbeing, or overlapping vulnerable-household unions."
48201530300,2024,2393.0,562.0,406.0,169.0,2393.0,0.070622649394066,0.4194214876033058,hydro_acs,observed_context,"Tenure and poverty are contextual measures. They do not identify trust, willingness, social capital, wellbeing, or overlapping vulnerable-household unions."
48201530400,2024,3549.0,738.0,317.0,361.0,3549.0,0.1017187940264863,0.3004739336492891,hydro_acs,observed_context,"Tenure and poverty are contextual measures. They do not identify trust, willingness, social capital, wellbeing, or overlapping vulnerable-household unions."
48201530501,2024,1636.0,206.0,521.0,449.0,1592.0,0.2820351758793969,0.7166437414030261,hydro_acs,observed_context,"Tenure and poverty are contextual measures. They do not identify trust, willingness, social capital, wellbeing, or overlapping vulnerable-household unions."
48201530502,2024,2491.0,528.0,586.0,489.0,2487.0,0.1966224366706875,0.526032315978456,hydro_acs,observed_context,"Tenure and poverty are contextual measures. They do not identify trust, willingness, social capital, wellbeing, or overlapping vulnerable-household unions."
48201530600,2024,3626.0,588.0,734.0,1036.0,3562.0,0.2908478382930937,0.5552193645990923,hydro_acs,observed_context,"Tenure and poverty are contextual measures. They do not identify trust, willingness, social capital, wellbeing, or overlapping vulnerable-household unions."
48201530701,2024,1421.0,80.0,589.0,775.0,1382.0,0.5607814761215629,0.8804185351270553,hydro_acs,observed_context,"Tenure and poverty are contextual measures. They do not identify trust, willingness, social capital, wellbeing, or overlapping vulnerable-household unions."
48201530702,2024,4321.0,805.0,623.0,1699.0,4321.0,0.3931960194399445,0.4362745098039216,hydro_acs,observed_context,"Tenure and poverty are contextual measures. They do not identify trust, willingness, social capital, wellbeing, or overlapping vulnerable-household unions."
48201530800,2024,3919.0,1117.0,745.0,703.0,3879.0,0.1812322763598865,0.40010741138560685,hydro_acs,observed_context,"Tenure and poverty are contextual measures. They do not identify trust, willingness, social capital, wellbeing, or overlapping vulnerable-household unions."
48201530900,2024,4670.0,1111.0,719.0,644.0,4621.0,0.1393637740748755,0.39289617486338796,hydro_acs,observed_context,"Tenure and poverty are contextual measures. They do not identify trust, willingness, social capital, wellbeing, or overlapping vulnerable-household unions."
48201531000,2024,5027.0,1592.0,500.0,243.0,5027.0,0.0483389695643525,0.2390057361376673,hydro_acs,observed_context,"Tenure and poverty are contextual measures. They do not identify trust, willingness, social capital, wellbeing, or overlapping vulnerable-household unions."
48201531100,2024,3552.0,1208.0,149.0,287.0,3552.0,0.0807995495495495,0.10980103168754606,hydro_acs,observed_context,"Tenure and poverty are contextual measures. They do not identify trust, willingness, social capital, wellbeing, or overlapping vulnerable-household unions."
48201531200,2024,3801.0,1070.0,537.0,451.0,3779.0,0.1193437417306165,0.3341630367143746,hydro_acs,observed_context,"Tenure and poverty are contextual measures. They do not identify trust, willingness, social capital, wellbeing, or overlapping vulnerable-household unions."
48201531300,2024,5109.0,598.0,1673.0,980.0,5047.0,0.1941747572815534,0.7366798767062968,hydro_acs,observed_context,"Tenure and poverty are contextual measures. They do not identify trust, willingness, social capital, wellbeing, or overlapping vulnerable-household unions."
48201531400,2024,2139.0,635.0,292.0,101.0,2080.0,0.0485576923076923,0.3149946062567422,hydro_acs,observed_context,"Tenure and poverty are contextual measures. They do not identify trust, willingness, social capital, wellbeing, or overlapping vulnerable-household unions."
48201531500,2024,2639.0,796.0,414.0,318.0,2638.0,0.1205458680818802,0.3421487603305785,hydro_acs,observed_context,"Tenure and poverty are contextual measures. They do not identify trust, willingness, social capital, wellbeing, or overlapping vulnerable-household unions."
48201531600,2024,3002.0,1156.0,122.0,90.0,3002.0,0.0299800133244503,0.09546165884194054,hydro_acs,observed_context,"Tenure and poverty are contextual measures. They do not identify trust, willingness, social capital, wellbeing, or overlapping vulnerable-household unions."
48201531700,2024,3947.0,1193.0,196.0,58.0,3917.0,0.0148072504467704,0.14110871130309574,hydro_acs,observed_context,"Tenure and poverty are contextual measures. They do not identify trust, willingness, social capital, wellbeing, or overlapping vulnerable-household unions."
48201531800,2024,2928.0,747.0,417.0,1069.0,2928.0,0.3650956284153005,0.3582474226804124,hydro_acs,observed_context,"Tenure and poverty are contextual measures. They do not identify trust, willingness, social capital, wellbeing, or overlapping vulnerable-household unions."
48201531900,2024,6140.0,1162.0,891.0,2397.0,6056.0,0.3958058124174372,0.4339990258158792,hydro_acs,observed_context,"Tenure and poverty are contextual measures. They do not identify trust, willingness, social capital, wellbeing, or overlapping vulnerable-household unions."
48201532003,2024,4018.0,53.0,1523.0,2095.0,4018.0,0.5214036834245893,0.9663705583756346,hydro_acs,observed_context,"Tenure and poverty are contextual measures. They do not identify trust, willingness, social capital, wellbeing, or overlapping vulnerable-household unions."
48201532004,2024,5291.0,291.0,1899.0,2311.0,5291.0,0.4367794367794367,0.8671232876712329,hydro_acs,observed_context,"Tenure and poverty are contextual measures. They do not identify trust, willingness, social capital, wellbeing, or overlapping vulnerable-household unions."
48201532101,2024,3746.0,778.0,862.0,293.0,3717.0,0.0788270110304008,0.525609756097561,hydro_acs,observed_context,"Tenure and poverty are contextual measures. They do not identify trust, willingness, social capital, wellbeing, or overlapping vulnerable-household unions."
48201532102,2024,3308.0,273.0,972.0,1491.0,3308.0,0.4507255139056832,0.7807228915662651,hydro_acs,observed_context,"Tenure and poverty are contextual measures. They do not identify trust, willingness, social capital, wellbeing, or overlapping vulnerable-household unions."
48201532200,2024,3566.0,321.0,1007.0,1827.0,3566.0,0.5123387549074594,0.7582831325301205,hydro_acs,observed_context,"Tenure and poverty are contextual measures. They do not identify trust, willingness, social capital, wellbeing, or overlapping vulnerable-household unions."
48201532301,2024,4612.0,128.0,1802.0,1014.0,4612.0,0.2198612315698178,0.933678756476684,hydro_acs,observed_context,"Tenure and poverty are contextual measures. They do not identify trust, willingness, social capital, wellbeing, or overlapping vulnerable-household unions."
48201532302,2024,4414.0,472.0,938.0,1814.0,4414.0,0.4109651110104214,0.6652482269503546,hydro_acs,observed_context,"Tenure and poverty are contextual measures. They do not identify trust, willingness, social capital, wellbeing, or overlapping vulnerable-household unions."
48201532400,2024,7362.0,1649.0,688.0,1350.0,7362.0,0.1833740831295843,0.2943945228925973,hydro_acs,observed_context,"Tenure and poverty are contextual measures. They do not identify trust, willingness, social capital, wellbeing, or overlapping vulnerable-household unions."
48201532502,2024,5785.0,1321.0,458.0,1247.0,5785.0,0.2155574762316335,0.25744800449690836,hydro_acs,observed_context,"Tenure and poverty are contextual measures. They do not identify trust, willingness, social capital, wellbeing, or overlapping vulnerable-household unions."
48201532503,2024,5605.0,1440.0,164.0,777.0,5605.0,0.1386262265834076,0.10224438902743142,hydro_acs,observed_context,"Tenure and poverty are contextual measures. They do not identify trust, willingness, social capital, wellbeing, or overlapping vulnerable-household unions."
48201532504,2024,4644.0,1002.0,249.0,231.0,4643.0,0.0497523153133749,0.19904076738609114,hydro_acs,observed_context,"Tenure and poverty are contextual measures. They do not identify trust, willingness, social capital, wellbeing, or overlapping vulnerable-household unions."
48201532600,2024,6375.0,1402.0,774.0,971.0,6375.0,0.1523137254901961,0.3556985294117647,hydro_acs,observed_context,"Tenure and poverty are contextual measures. They do not identify trust, willingness, social capital, wellbeing, or overlapping vulnerable-household unions."
48201532700,2024,5389.0,1093.0,725.0,611.0,5389.0,0.1133791055854518,0.3987898789878988,hydro_acs,observed_context,"Tenure and poverty are contextual measures. They do not identify trust, willingness, social capital, wellbeing, or overlapping vulnerable-household unions."
48201532800,2024,2314.0,459.0,167.0,369.0,2314.0,0.1594641313742437,0.26677316293929715,hydro_acs,observed_context,"Tenure and poverty are contextual measures. They do not identify trust, willingness, social capital, wellbeing, or overlapping vulnerable-household unions."
48201532900,2024,5094.0,875.0,741.0,1686.0,5094.0,0.3309776207302709,0.45853960396039606,hydro_acs,observed_context,"Tenure and poverty are contextual measures. They do not identify trust, willingness, social capital, wellbeing, or overlapping vulnerable-household unions."
48201533000,2024,2525.0,257.0,763.0,980.0,2525.0,0.3881188118811881,0.7480392156862745,hydro_acs,observed_context,"Tenure and poverty are contextual measures. They do not identify trust, willingness, social capital, wellbeing, or overlapping vulnerable-household unions."
48201533100,2024,8754.0,1231.0,1131.0,2401.0,8754.0,0.2742746173177975,0.47883149872988995,hydro_acs,observed_context,"Tenure and poverty are contextual measures. They do not identify trust, willingness, social capital, wellbeing, or overlapping vulnerable-household unions."
48201533200,2024,3688.0,623.0,862.0,1159.0,3643.0,0.3181443864946472,0.5804713804713805,hydro_acs,observed_context,"Tenure and poverty are contextual measures. They do not identify trust, willingness, social capital, wellbeing, or overlapping vulnerable-household unions."
48201533301,2024,3154.0,520.0,603.0,1029.0,3144.0,0.3272900763358778,0.5369545859305432,hydro_acs,observed_context,"Tenure and poverty are contextual measures. They do not identify trust, willingness, social capital, wellbeing, or overlapping vulnerable-household unions."
48201533302,2024,3938.0,721.0,430.0,710.0,3647.0,0.1946805593638607,0.3735881841876629,hydro_acs,observed_context,"Tenure and poverty are contextual measures. They do not identify trust, willingness, social capital, wellbeing, or overlapping vulnerable-household unions."
48201533401,2024,4205.0,957.0,458.0,1037.0,4205.0,0.2466111771700356,0.3236749116607774,hydro_acs,observed_context,"Tenure and poverty are contextual measures. They do not identify trust, willingness, social capital, wellbeing, or overlapping vulnerable-household unions."
48201533402,2024,6434.0,1443.0,601.0,1178.0,6278.0,0.187639375597324,0.29403131115459885,hydro_acs,observed_context,"Tenure and poverty are contextual measures. They do not identify trust, willingness, social capital, wellbeing, or overlapping vulnerable-household unions."
48201533500,2024,4225.0,1052.0,188.0,893.0,4225.0,0.2113609467455621,0.15161290322580645,hydro_acs,observed_context,"Tenure and poverty are contextual measures. They do not identify trust, willingness, social capital, wellbeing, or overlapping vulnerable-household unions."
48201533600,2024,5377.0,188.0,1449.0,1554.0,5377.0,0.2890087409336061,0.8851557727550398,hydro_acs,observed_context,"Tenure and poverty are contextual measures. They do not identify trust, willingness, social capital, wellbeing, or overlapping vulnerable-household unions."
48201533701,2024,7269.0,649.0,1359.0,1766.0,7269.0,0.2429495116247076,0.6767928286852589,hydro_acs,observed_context,"Tenure and poverty are contextual measures. They do not identify trust, willingness, social capital, wellbeing, or overlapping vulnerable-household unions."
48201533702,2024,3261.0,676.0,194.0,631.0,3261.0,0.1934989267095982,0.22298850574712645,hydro_acs,observed_context,"Tenure and poverty are contextual measures. They do not identify trust, willingness, social capital, wellbeing, or overlapping vulnerable-household unions."
48201533802,2024,6909.0,1469.0,366.0,874.0,6909.0,0.1265016644955854,0.1994550408719346,hydro_acs,observed_context,"Tenure and poverty are contextual measures. They do not identify trust, willingness, social capital, wellbeing, or overlapping vulnerable-household unions."
48201533803,2024,7014.0,1564.0,347.0,1442.0,7014.0,0.2055888223552894,0.1815803244374673,hydro_acs,observed_context,"Tenure and poverty are contextual measures. They do not identify trust, willingness, social capital, wellbeing, or overlapping vulnerable-household unions."
48201533804,2024,6437.0,1276.0,147.0,892.0,6437.0,0.1385738698151312,0.10330288123682362,hydro_acs,observed_context,"Tenure and poverty are contextual measures. They do not identify trust, willingness, social capital, wellbeing, or overlapping vulnerable-household unions."
48201533902,2024,5511.0,291.0,1676.0,1534.0,5511.0,0.2783523861368173,0.8520589730554143,hydro_acs,observed_context,"Tenure and poverty are contextual measures. They do not identify trust, willingness, social capital, wellbeing, or overlapping vulnerable-household unions."
48201533903,2024,4135.0,1004.0,163.0,330.0,4135.0,0.0798065296251511,0.13967437874892888,hydro_acs,observed_context,"Tenure and poverty are contextual measures. They do not identify trust, willingness, social capital, wellbeing, or overlapping vulnerable-household unions."
48201533904,2024,4323.0,811.0,714.0,322.0,4323.0,0.0744853111265325,0.4681967213114754,hydro_acs,observed_context,"Tenure and poverty are contextual measures. They do not identify trust, willingness, social capital, wellbeing, or overlapping vulnerable-household unions."
48201534001,2024,3341.0,492.0,572.0,266.0,3341.0,0.0796168811733014,0.5375939849624061,hydro_acs,observed_context,"Tenure and poverty are contextual measures. They do not identify trust, willingness, social capital, wellbeing, or overlapping vulnerable-household unions."
48201534002,2024,5216.0,960.0,521.0,1057.0,5216.0,0.2026457055214724,0.35178933153274816,hydro_acs,observed_context,"Tenure and poverty are contextual measures. They do not identify trust, willingness, social capital, wellbeing, or overlapping vulnerable-household unions."
48201534003,2024,2307.0,473.0,215.0,479.0,2289.0,0.2092616863259065,0.3125,hydro_acs,observed_context,"Tenure and poverty are contextual measures. They do not identify trust, willingness, social capital, wellbeing, or overlapping vulnerable-household unions."
48201534101,2024,2973.0,716.0,145.0,155.0,2846.0,0.0544624033731553,0.16840882694541232,hydro_acs,observed_context,"Tenure and poverty are contextual measures. They do not identify trust, willingness, social capital, wellbeing, or overlapping vulnerable-household unions."
48201534102,2024,5432.0,1206.0,138.0,1121.0,5418.0,0.2069029162052418,0.10267857142857142,hydro_acs,observed_context,"Tenure and poverty are contextual measures. They do not identify trust, willingness, social capital, wellbeing, or overlapping vulnerable-household unions."
48201534201,2024,3371.0,541.0,289.0,148.0,3274.0,0.0452046426389737,0.3481927710843373,hydro_acs,observed_context,"Tenure and poverty are contextual measures. They do not identify trust, willingness, social capital, wellbeing, or overlapping vulnerable-household unions."
48201534203,2024,2334.0,310.0,344.0,359.0,2201.0,0.1631076783280327,0.5259938837920489,hydro_acs,observed_context,"Tenure and poverty are contextual measures. They do not identify trust, willingness, social capital, wellbeing, or overlapping vulnerable-household unions."
48201534204,2024,4775.0,848.0,1194.0,698.0,4775.0,0.1461780104712041,0.584720861900098,hydro_acs,observed_context,"Tenure and poverty are contextual measures. They do not identify trust, willingness, social capital, wellbeing, or overlapping vulnerable-household unions."
48201534205,2024,3760.0,1299.0,263.0,453.0,3760.0,0.1204787234042553,0.16837387964148529,hydro_acs,observed_context,"Tenure and poverty are contextual measures. They do not identify trust, willingness, social capital, wellbeing, or overlapping vulnerable-household unions."
48201540101,2024,7031.0,2077.0,273.0,340.0,7031.0,0.0483572749253306,0.11617021276595745,hydro_acs,observed_context,"Tenure and poverty are contextual measures. They do not identify trust, willingness, social capital, wellbeing, or overlapping vulnerable-household unions."
48201540102,2024,6316.0,1124.0,771.0,1035.0,6316.0,0.1638695376820772,0.40686015831134564,hydro_acs,observed_context,"Tenure and poverty are contextual measures. They do not identify trust, willingness, social capital, wellbeing, or overlapping vulnerable-household unions."
48201540200,2024,2433.0,493.0,403.0,274.0,2433.0,0.1126181668721742,0.4497767857142857,hydro_acs,observed_context,"Tenure and poverty are contextual measures. They do not identify trust, willingness, social capital, wellbeing, or overlapping vulnerable-household unions."
48201540502,2024,5191.0,1481.0,142.0,282.0,5191.0,0.0543247929108071,0.08749229821318547,hydro_acs,observed_context,"Tenure and poverty are contextual measures. They do not identify trust, willingness, social capital, wellbeing, or overlapping vulnerable-household unions."
48201540503,2024,5037.0,0.0,1714.0,518.0,5037.0,0.1028389914631725,1.0,hydro_acs,observed_context,"Tenure and poverty are contextual measures. They do not identify trust, willingness, social capital, wellbeing, or overlapping vulnerable-household unions."
48201540504,2024,3408.0,293.0,908.0,1067.0,3408.0,0.3130868544600939,0.7560366361365529,hydro_acs,observed_context,"Tenure and poverty are contextual measures. They do not identify trust, willingness, social capital, wellbeing, or overlapping vulnerable-household unions."
48201540601,2024,4133.0,954.0,295.0,469.0,4133.0,0.1134768932978466,0.23618895116092875,hydro_acs,observed_context,"Tenure and poverty are contextual measures. They do not identify trust, willingness, social capital, wellbeing, or overlapping vulnerable-household unions."
48201540602,2024,7518.0,1153.0,1228.0,1089.0,7498.0,0.1452387303280874,0.5157496850062999,hydro_acs,observed_context,"Tenure and poverty are contextual measures. They do not identify trust, willingness, social capital, wellbeing, or overlapping vulnerable-household unions."
48201540700,2024,5372.0,1772.0,213.0,1687.0,5372.0,0.3140357408786299,0.10730478589420656,hydro_acs,observed_context,"Tenure and poverty are contextual measures. They do not identify trust, willingness, social capital, wellbeing, or overlapping vulnerable-household unions."
48201540800,2024,6864.0,1368.0,1033.0,791.0,6864.0,0.1152389277389277,0.4302374010828821,hydro_acs,observed_context,"Tenure and poverty are contextual measures. They do not identify trust, willingness, social capital, wellbeing, or overlapping vulnerable-household unions."
48201540901,2024,3102.0,1023.0,347.0,343.0,3102.0,0.1105738233397807,0.25328467153284673,hydro_acs,observed_context,"Tenure and poverty are contextual measures. They do not identify trust, willingness, social capital, wellbeing, or overlapping vulnerable-household unions."
48201540903,2024,3562.0,485.0,1114.0,350.0,3562.0,0.0982594048287479,0.6966854283927455,hydro_acs,observed_context,"Tenure and poverty are contextual measures. They do not identify trust, willingness, social capital, wellbeing, or overlapping vulnerable-household unions."
48201540904,2024,3804.0,925.0,906.0,546.0,3804.0,0.1435331230283911,0.4948115783724741,hydro_acs,observed_context,"Tenure and poverty are contextual measures. They do not identify trust, willingness, social capital, wellbeing, or overlapping vulnerable-household unions."
48201541004,2024,5738.0,1612.0,331.0,400.0,5726.0,0.069856793573175,0.17035512094698918,hydro_acs,observed_context,"Tenure and poverty are contextual measures. They do not identify trust, willingness, social capital, wellbeing, or overlapping vulnerable-household unions."
48201541005,2024,4587.0,606.0,2017.0,151.0,4587.0,0.0329191192500545,0.7689668318719024,hydro_acs,observed_context,"Tenure and poverty are contextual measures. They do not identify trust, willingness, social capital, wellbeing, or overlapping vulnerable-household unions."
48201541006,2024,6258.0,1389.0,524.0,857.0,6246.0,0.1372078130003202,0.2739153162571877,hydro_acs,observed_context,"Tenure and poverty are contextual measures. They do not identify trust, willingness, social capital, wellbeing, or overlapping vulnerable-household unions."
48201541007,2024,7383.0,1918.0,406.0,146.0,7367.0,0.0198181077779286,0.1746987951807229,hydro_acs,observed_context,"Tenure and poverty are contextual measures. They do not identify trust, willingness, social capital, wellbeing, or overlapping vulnerable-household unions."
48201541008,2024,3351.0,923.0,56.0,28.0,3310.0,0.0084592145015105,0.05720122574055159,hydro_acs,observed_context,"Tenure and poverty are contextual measures. They do not identify trust, willingness, social capital, wellbeing, or overlapping vulnerable-household unions."
48201541009,2024,4861.0,1338.0,356.0,242.0,4861.0,0.0497839950627442,0.2101534828807556,hydro_acs,observed_context,"Tenure and poverty are contextual measures. They do not identify trust, willingness, social capital, wellbeing, or overlapping vulnerable-household unions."
48201541100,2024,8045.0,2156.0,315.0,350.0,8045.0,0.0435052827843381,0.1274787535410765,hydro_acs,observed_context,"Tenure and poverty are contextual measures. They do not identify trust, willingness, social capital, wellbeing, or overlapping vulnerable-household unions."
48201541203,2024,2482.0,845.0,118.0,180.0,2422.0,0.074318744838976,0.122533748701973,hydro_acs,observed_context,"Tenure and poverty are contextual measures. They do not identify trust, willingness, social capital, wellbeing, or overlapping vulnerable-household unions."
48201541204,2024,5826.0,1352.0,445.0,137.0,5811.0,0.0235759765961108,0.2476349471341124,hydro_acs,observed_context,"Tenure and poverty are contextual measures. They do not identify trust, willingness, social capital, wellbeing, or overlapping vulnerable-household unions."
48201541205,2024,3286.0,801.0,383.0,105.0,3286.0,0.0319537431527693,0.3234797297297297,hydro_acs,observed_context,"Tenure and poverty are contextual measures. They do not identify trust, willingness, social capital, wellbeing, or overlapping vulnerable-household unions."
48201541206,2024,4980.0,1271.0,316.0,301.0,4882.0,0.0616550594018844,0.19911783238815375,hydro_acs,observed_context,"Tenure and poverty are contextual measures. They do not identify trust, willingness, social capital, wellbeing, or overlapping vulnerable-household unions."
48201541207,2024,4262.0,1403.0,37.0,21.0,4239.0,0.0049539985845718,0.025694444444444443,hydro_acs,observed_context,"Tenure and poverty are contextual measures. They do not identify trust, willingness, social capital, wellbeing, or overlapping vulnerable-household unions."
48201541301,2024,6232.0,1349.0,715.0,721.0,6171.0,0.1168368173715767,0.34641472868217055,hydro_acs,observed_context,"Tenure and poverty are contextual measures. They do not identify trust, willingness, social capital, wellbeing, or overlapping vulnerable-household unions."
48201541302,2024,7451.0,1244.0,805.0,463.0,7451.0,0.0621393101597101,0.3928745729624207,hydro_acs,observed_context,"Tenure and poverty are contextual measures. They do not identify trust, willingness, social capital, wellbeing, or overlapping vulnerable-household unions."
48201541401,2024,4542.0,960.0,416.0,354.0,4542.0,0.0779392338177014,0.3023255813953488,hydro_acs,observed_context,"Tenure and poverty are contextual measures. They do not identify trust, willingness, social capital, wellbeing, or overlapping vulnerable-household unions."
48201541402,2024,2374.0,646.0,168.0,114.0,2374.0,0.0480202190395956,0.20638820638820637,hydro_acs,observed_context,"Tenure and poverty are contextual measures. They do not identify trust, willingness, social capital, wellbeing, or overlapping vulnerable-household unions."
48201541403,2024,3278.0,891.0,301.0,627.0,3278.0,0.1912751677852349,0.2525167785234899,hydro_acs,observed_context,"Tenure and poverty are contextual measures. They do not identify trust, willingness, social capital, wellbeing, or overlapping vulnerable-household unions."
48201541404,2024,3421.0,841.0,274.0,246.0,3421.0,0.0719087985969015,0.24573991031390136,hydro_acs,observed_context,"Tenure and poverty are contextual measures. They do not identify trust, willingness, social capital, wellbeing, or overlapping vulnerable-household unions."
48201541500,2024,5136.0,1306.0,371.0,675.0,5136.0,0.1314252336448598,0.22122838401908168,hydro_acs,observed_context,"Tenure and poverty are contextual measures. They do not identify trust, willingness, social capital, wellbeing, or overlapping vulnerable-household unions."
48201541603,2024,6850.0,1460.0,730.0,1898.0,6850.0,0.2770802919708029,0.3333333333333333,hydro_acs,observed_context,"Tenure and poverty are contextual measures. They do not identify trust, willingness, social capital, wellbeing, or overlapping vulnerable-household unions."
48201541604,2024,10089.0,3317.0,122.0,734.0,10089.0,0.0727525027257409,0.03547542890375109,hydro_acs,observed_context,"Tenure and poverty are contextual measures. They do not identify trust, willingness, social capital, wellbeing, or overlapping vulnerable-household unions."
48201541701,2024,6879.0,1394.0,315.0,1582.0,6851.0,0.2309151948620639,0.18431831480397892,hydro_acs,observed_context,"Tenure and poverty are contextual measures. They do not identify trust, willingness, social capital, wellbeing, or overlapping vulnerable-household unions."
48201541702,2024,2644.0,103.0,1090.0,112.0,2644.0,0.0423600605143721,0.9136630343671417,hydro_acs,observed_context,"Tenure and poverty are contextual measures. They do not identify trust, willingness, social capital, wellbeing, or overlapping vulnerable-household unions."
48201541703,2024,3705.0,216.0,1604.0,458.0,3705.0,0.1236167341430499,0.8813186813186813,hydro_acs,observed_context,"Tenure and poverty are contextual measures. They do not identify trust, willingness, social capital, wellbeing, or overlapping vulnerable-household unions."
48201541801,2024,3980.0,777.0,930.0,777.0,3980.0,0.1952261306532663,0.5448154657293497,hydro_acs,observed_context,"Tenure and poverty are contextual measures. They do not identify trust, willingness, social capital, wellbeing, or overlapping vulnerable-household unions."
48201541802,2024,4140.0,242.0,1690.0,573.0,4140.0,0.1384057971014492,0.8747412008281573,hydro_acs,observed_context,"Tenure and poverty are contextual measures. They do not identify trust, willingness, social capital, wellbeing, or overlapping vulnerable-household unions."
48201541901,2024,2742.0,418.0,465.0,312.0,2742.0,0.1137855579868709,0.5266138165345413,hydro_acs,observed_context,"Tenure and poverty are contextual measures. They do not identify trust, willingness, social capital, wellbeing, or overlapping vulnerable-household unions."
48201541902,2024,4756.0,1352.0,155.0,624.0,4756.0,0.1312026913372582,0.1028533510285335,hydro_acs,observed_context,"Tenure and poverty are contextual measures. They do not identify trust, willingness, social capital, wellbeing, or overlapping vulnerable-household unions."
48201542001,2024,4304.0,1202.0,118.0,175.0,4304.0,0.0406598513011152,0.0893939393939394,hydro_acs,observed_context,"Tenure and poverty are contextual measures. They do not identify trust, willingness, social capital, wellbeing, or overlapping vulnerable-household unions."
48201542002,2024,2483.0,731.0,53.0,216.0,2483.0,0.0869915424889246,0.06760204081632654,hydro_acs,observed_context,"Tenure and poverty are contextual measures. They do not identify trust, willingness, social capital, wellbeing, or overlapping vulnerable-household unions."
48201542003,2024,3809.0,977.0,134.0,418.0,3809.0,0.1097400892622735,0.12061206120612061,hydro_acs,observed_context,"Tenure and poverty are contextual measures. They do not identify trust, willingness, social capital, wellbeing, or overlapping vulnerable-household unions."
48201542004,2024,2989.0,763.0,253.0,292.0,2984.0,0.0978552278820375,0.24901574803149606,hydro_acs,observed_context,"Tenure and poverty are contextual measures. They do not identify trust, willingness, social capital, wellbeing, or overlapping vulnerable-household unions."
48201542103,2024,9503.0,1479.0,1398.0,956.0,9503.0,0.1005998105861307,0.4859228362877998,hydro_acs,observed_context,"Tenure and poverty are contextual measures. They do not identify trust, willingness, social capital, wellbeing, or overlapping vulnerable-household unions."
48201542104,2024,7914.0,1371.0,1037.0,905.0,7881.0,0.114833143002157,0.43064784053156147,hydro_acs,observed_context,"Tenure and poverty are contextual measures. They do not identify trust, willingness, social capital, wellbeing, or overlapping vulnerable-household unions."
48201542105,2024,10108.0,1522.0,1660.0,1665.0,10108.0,0.1647210130589632,0.5216844751728472,hydro_acs,observed_context,"Tenure and poverty are contextual measures. They do not identify trust, willingness, social capital, wellbeing, or overlapping vulnerable-household unions."
48201542106,2024,8489.0,2242.0,585.0,436.0,8489.0,0.051360584285546,0.20693314467633533,hydro_acs,observed_context,"Tenure and poverty are contextual measures. They do not identify trust, willingness, social capital, wellbeing, or overlapping vulnerable-household unions."
48201542107,2024,3822.0,786.0,247.0,298.0,3822.0,0.0779696493982208,0.23910939012584706,hydro_acs,observed_context,"Tenure and poverty are contextual measures. They do not identify trust, willingness, social capital, wellbeing, or overlapping vulnerable-household unions."
48201542108,2024,5180.0,1043.0,235.0,397.0,5145.0,0.0771622934888241,0.1838810641627543,hydro_acs,observed_context,"Tenure and poverty are contextual measures. They do not identify trust, willingness, social capital, wellbeing, or overlapping vulnerable-household unions."
48201542201,2024,7542.0,1426.0,419.0,1027.0,7542.0,0.1361707769822328,0.22710027100271002,hydro_acs,observed_context,"Tenure and poverty are contextual measures. They do not identify trust, willingness, social capital, wellbeing, or overlapping vulnerable-household unions."
48201542202,2024,11845.0,2778.0,593.0,2146.0,11801.0,0.1818489958478095,0.17591219222782556,hydro_acs,observed_context,"Tenure and poverty are contextual measures. They do not identify trust, willingness, social capital, wellbeing, or overlapping vulnerable-household unions."
48201542203,2024,12427.0,2804.0,899.0,2880.0,12384.0,0.2325581395348837,0.2427761274642182,hydro_acs,observed_context,"Tenure and poverty are contextual measures. They do not identify trust, willingness, social capital, wellbeing, or overlapping vulnerable-household unions."
48201542302,2024,7713.0,1818.0,667.0,729.0,7713.0,0.0945157526254375,0.26841046277666,hydro_acs,observed_context,"Tenure and poverty are contextual measures. They do not identify trust, willingness, social capital, wellbeing, or overlapping vulnerable-household unions."
48201542303,2024,3640.0,1143.0,146.0,159.0,3640.0,0.0436813186813186,0.11326609775019394,hydro_acs,observed_context,"Tenure and poverty are contextual measures. They do not identify trust, willingness, social capital, wellbeing, or overlapping vulnerable-household unions."
48201542304,2024,5523.0,1562.0,42.0,352.0,5498.0,0.0640232811931611,0.026184538653366583,hydro_acs,observed_context,"Tenure and poverty are contextual measures. They do not identify trust, willingness, social capital, wellbeing, or overlapping vulnerable-household unions."
48201542305,2024,4761.0,1241.0,218.0,263.0,4761.0,0.0552404956941818,0.14941740918437285,hydro_acs,observed_context,"Tenure and poverty are contextual measures. They do not identify trust, willingness, social capital, wellbeing, or overlapping vulnerable-household unions."
48201542401,2024,4991.0,542.0,1123.0,1878.0,4886.0,0.38436348751535,0.6744744744744745,hydro_acs,observed_context,"Tenure and poverty are contextual measures. They do not identify trust, willingness, social capital, wellbeing, or overlapping vulnerable-household unions."
48201542402,2024,5263.0,991.0,1003.0,810.0,5162.0,0.1569159240604417,0.5030090270812437,hydro_acs,observed_context,"Tenure and poverty are contextual measures. They do not identify trust, willingness, social capital, wellbeing, or overlapping vulnerable-household unions."
48201542500,2024,3885.0,765.0,1057.0,453.0,3885.0,0.1166023166023166,0.5801317233809001,hydro_acs,observed_context,"Tenure and poverty are contextual measures. They do not identify trust, willingness, social capital, wellbeing, or overlapping vulnerable-household unions."
48201542600,2024,6165.0,1458.0,737.0,470.0,6062.0,0.0775321676014516,0.3357630979498861,hydro_acs,observed_context,"Tenure and poverty are contextual measures. They do not identify trust, willingness, social capital, wellbeing, or overlapping vulnerable-household unions."
48201542700,2024,4903.0,1334.0,484.0,317.0,4903.0,0.0646542932898225,0.2662266226622662,hydro_acs,observed_context,"Tenure and poverty are contextual measures. They do not identify trust, willingness, social capital, wellbeing, or overlapping vulnerable-household unions."
48201542800,2024,8846.0,2300.0,421.0,1181.0,8817.0,0.1339457865487127,0.15472252848217566,hydro_acs,observed_context,"Tenure and poverty are contextual measures. They do not identify trust, willingness, social capital, wellbeing, or overlapping vulnerable-household unions."
48201542901,2024,9563.0,2244.0,1388.0,661.0,9563.0,0.0691205688591446,0.38215859030837,hydro_acs,observed_context,"Tenure and poverty are contextual measures. They do not identify trust, willingness, social capital, wellbeing, or overlapping vulnerable-household unions."
48201542902,2024,42523.0,10131.0,2568.0,4248.0,41618.0,0.1020712191840069,0.20222064729506262,hydro_acs,observed_context,"Tenure and poverty are contextual measures. They do not identify trust, willingness, social capital, wellbeing, or overlapping vulnerable-household unions."
48201543004,2024,18217.0,4409.0,1196.0,915.0,18217.0,0.0502278091892188,0.21338090990187333,hydro_acs,observed_context,"Tenure and poverty are contextual measures. They do not identify trust, willingness, social capital, wellbeing, or overlapping vulnerable-household unions."
48201543005,2024,12043.0,3291.0,530.0,1571.0,12043.0,0.1304492236153782,0.13870714472651138,hydro_acs,observed_context,"Tenure and poverty are contextual measures. They do not identify trust, willingness, social capital, wellbeing, or overlapping vulnerable-household unions."
48201543006,2024,17618.0,4966.0,834.0,1018.0,17324.0,0.0587624105287462,0.14379310344827587,hydro_acs,observed_context,"Tenure and poverty are contextual measures. They do not identify trust, willingness, social capital, wellbeing, or overlapping vulnerable-household unions."
48201543007,2024,23471.0,6113.0,749.0,767.0,23471.0,0.0326786246857824,0.10915185077236957,hydro_acs,observed_context,"Tenure and poverty are contextual measures. They do not identify trust, willingness, social capital, wellbeing, or overlapping vulnerable-household unions."
48201543008,2024,5255.0,1233.0,295.0,147.0,5255.0,0.0279733587059942,0.19306282722513088,hydro_acs,observed_context,"Tenure and poverty are contextual measures. They do not identify trust, willingness, social capital, wellbeing, or overlapping vulnerable-household unions."
48201543009,2024,5268.0,839.0,296.0,1304.0,5135.0,0.2539435248296007,0.2607929515418502,hydro_acs,observed_context,"Tenure and poverty are contextual measures. They do not identify trust, willingness, social capital, wellbeing, or overlapping vulnerable-household unions."
48201543010,2024,5584.0,718.0,737.0,321.0,5584.0,0.0574856733524355,0.5065292096219931,hydro_acs,observed_context,"Tenure and poverty are contextual measures. They do not identify trust, willingness, social capital, wellbeing, or overlapping vulnerable-household unions."
48201543011,2024,4140.0,851.0,350.0,311.0,4106.0,0.0757428153921091,0.29142381348875934,hydro_acs,observed_context,"Tenure and poverty are contextual measures. They do not identify trust, willingness, social capital, wellbeing, or overlapping vulnerable-household unions."
48201543100,2024,4613.0,1186.0,251.0,674.0,4402.0,0.1531122217174012,0.17466945024356298,hydro_acs,observed_context,"Tenure and poverty are contextual measures. They do not identify trust, willingness, social capital, wellbeing, or overlapping vulnerable-household unions."
48201543201,2024,6682.0,1080.0,1597.0,966.0,6673.0,0.1447624756481342,0.596563317146059,hydro_acs,observed_context,"Tenure and poverty are contextual measures. They do not identify trust, willingness, social capital, wellbeing, or overlapping vulnerable-household unions."
48201543202,2024,3905.0,734.0,1036.0,521.0,3905.0,0.1334186939820742,0.5853107344632769,hydro_acs,observed_context,"Tenure and poverty are contextual measures. They do not identify trust, willingness, social capital, wellbeing, or overlapping vulnerable-household unions."
48201550101,2024,2430.0,150.0,710.0,1323.0,2396.0,0.5521702838063439,0.8255813953488372,hydro_acs,observed_context,"Tenure and poverty are contextual measures. They do not identify trust, willingness, social capital, wellbeing, or overlapping vulnerable-household unions."
48201550102,2024,2295.0,0.0,1046.0,825.0,2295.0,0.3594771241830065,1.0,hydro_acs,observed_context,"Tenure and poverty are contextual measures. They do not identify trust, willingness, social capital, wellbeing, or overlapping vulnerable-household unions."
48201550201,2024,1946.0,0.0,664.0,765.0,1946.0,0.3931140801644399,1.0,hydro_acs,observed_context,"Tenure and poverty are contextual measures. They do not identify trust, willingness, social capital, wellbeing, or overlapping vulnerable-household unions."
48201550202,2024,2240.0,96.0,791.0,981.0,2164.0,0.4533271719038817,0.8917700112739572,hydro_acs,observed_context,"Tenure and poverty are contextual measures. They do not identify trust, willingness, social capital, wellbeing, or overlapping vulnerable-household unions."
48201550303,2024,3375.0,0.0,1713.0,1443.0,3375.0,0.4275555555555556,1.0,hydro_acs,observed_context,"Tenure and poverty are contextual measures. They do not identify trust, willingness, social capital, wellbeing, or overlapping vulnerable-household unions."
48201550304,2024,1611.0,0.0,727.0,523.0,1611.0,0.3246430788330229,1.0,hydro_acs,observed_context,"Tenure and poverty are contextual measures. They do not identify trust, willingness, social capital, wellbeing, or overlapping vulnerable-household unions."
48201550305,2024,3275.0,719.0,449.0,238.0,3236.0,0.0735475896168108,0.3844178082191781,hydro_acs,observed_context,"Tenure and poverty are contextual measures. They do not identify trust, willingness, social capital, wellbeing, or overlapping vulnerable-household unions."
48201550306,2024,5063.0,790.0,689.0,924.0,5063.0,0.1825004937783922,0.4658553076402975,hydro_acs,observed_context,"Tenure and poverty are contextual measures. They do not identify trust, willingness, social capital, wellbeing, or overlapping vulnerable-household unions."
48201550307,2024,2841.0,91.0,1100.0,620.0,2841.0,0.2182330165434706,0.9235936188077246,hydro_acs,observed_context,"Tenure and poverty are contextual measures. They do not identify trust, willingness, social capital, wellbeing, or overlapping vulnerable-household unions."
48201550308,2024,2993.0,0.0,1349.0,1362.0,2993.0,0.4550618108920815,1.0,hydro_acs,observed_context,"Tenure and poverty are contextual measures. They do not identify trust, willingness, social capital, wellbeing, or overlapping vulnerable-household unions."
48201550403,2024,2928.0,75.0,1102.0,1943.0,2928.0,0.6635928961748634,0.9362786745964317,hydro_acs,observed_context,"Tenure and poverty are contextual measures. They do not identify trust, willingness, social capital, wellbeing, or overlapping vulnerable-household unions."
48201550404,2024,6260.0,1672.0,393.0,263.0,6241.0,0.0421406825829194,0.19031476997578692,hydro_acs,observed_context,"Tenure and poverty are contextual measures. They do not identify trust, willingness, social capital, wellbeing, or overlapping vulnerable-household unions."
48201550405,2024,7219.0,799.0,1566.0,2388.0,6992.0,0.341533180778032,0.6621564482029598,hydro_acs,observed_context,"Tenure and poverty are contextual measures. They do not identify trust, willingness, social capital, wellbeing, or overlapping vulnerable-household unions."
48201550406,2024,4271.0,367.0,1163.0,971.0,4271.0,0.2273472254741278,0.7601307189542483,hydro_acs,observed_context,"Tenure and poverty are contextual measures. They do not identify trust, willingness, social capital, wellbeing, or overlapping vulnerable-household unions."
48201550407,2024,6268.0,1495.0,206.0,1215.0,6268.0,0.1938417358008934,0.12110523221634333,hydro_acs,observed_context,"Tenure and poverty are contextual measures. They do not identify trust, willingness, social capital, wellbeing, or overlapping vulnerable-household unions."
48201550500,2024,6391.0,1092.0,844.0,1296.0,6329.0,0.204771685890346,0.4359504132231405,hydro_acs,observed_context,"Tenure and poverty are contextual measures. They do not identify trust, willingness, social capital, wellbeing, or overlapping vulnerable-household unions."
48201550601,2024,7107.0,1762.0,415.0,1201.0,7107.0,0.1689883213732939,0.1906293063849334,hydro_acs,observed_context,"Tenure and poverty are contextual measures. They do not identify trust, willingness, social capital, wellbeing, or overlapping vulnerable-household unions."
48201550602,2024,2665.0,648.0,78.0,393.0,2665.0,0.1474671669793621,0.10743801652892562,hydro_acs,observed_context,"Tenure and poverty are contextual measures. They do not identify trust, willingness, social capital, wellbeing, or overlapping vulnerable-household unions."
48201550603,2024,5031.0,873.0,588.0,809.0,5030.0,0.1608349900596421,0.4024640657084189,hydro_acs,observed_context,"Tenure and poverty are contextual measures. They do not identify trust, willingness, social capital, wellbeing, or overlapping vulnerable-household unions."
48201550700,2024,5079.0,1155.0,221.0,1129.0,5079.0,0.2222878519393581,0.16061046511627908,hydro_acs,observed_context,"Tenure and poverty are contextual measures. They do not identify trust, willingness, social capital, wellbeing, or overlapping vulnerable-household unions."
48201550800,2024,3591.0,650.0,338.0,229.0,3452.0,0.0663383545770567,0.34210526315789475,hydro_acs,observed_context,"Tenure and poverty are contextual measures. They do not identify trust, willingness, social capital, wellbeing, or overlapping vulnerable-household unions."
48201550901,2024,5599.0,1255.0,360.0,1345.0,5551.0,0.2422986849216357,0.22291021671826625,hydro_acs,observed_context,"Tenure and poverty are contextual measures. They do not identify trust, willingness, social capital, wellbeing, or overlapping vulnerable-household unions."
48201550902,2024,4531.0,894.0,427.0,101.0,4531.0,0.0222908850143456,0.32323996971990915,hydro_acs,observed_context,"Tenure and poverty are contextual measures. They do not identify trust, willingness, social capital, wellbeing, or overlapping vulnerable-household unions."
48201551000,2024,3693.0,740.0,357.0,519.0,3693.0,0.140536149471974,0.325432999088423,hydro_acs,observed_context,"Tenure and poverty are contextual measures. They do not identify trust, willingness, social capital, wellbeing, or overlapping vulnerable-household unions."
48201551101,2024,3765.0,404.0,1292.0,1104.0,3707.0,0.2978149446992177,0.7617924528301887,hydro_acs,observed_context,"Tenure and poverty are contextual measures. They do not identify trust, willingness, social capital, wellbeing, or overlapping vulnerable-household unions."
48201551102,2024,6546.0,1167.0,640.0,1649.0,6546.0,0.2519095630919645,0.3541781959048146,hydro_acs,observed_context,"Tenure and poverty are contextual measures. They do not identify trust, willingness, social capital, wellbeing, or overlapping vulnerable-household unions."
48201551201,2024,4843.0,815.0,752.0,706.0,4843.0,0.1457774106958496,0.47989789406509253,hydro_acs,observed_context,"Tenure and poverty are contextual measures. They do not identify trust, willingness, social capital, wellbeing, or overlapping vulnerable-household unions."
48201551202,2024,3674.0,702.0,558.0,256.0,3674.0,0.0696788241698421,0.44285714285714284,hydro_acs,observed_context,"Tenure and poverty are contextual measures. They do not identify trust, willingness, social capital, wellbeing, or overlapping vulnerable-household unions."
48201551300,2024,3634.0,1100.0,23.0,89.0,3634.0,0.0244909190974133,0.020480854853072127,hydro_acs,observed_context,"Tenure and poverty are contextual measures. They do not identify trust, willingness, social capital, wellbeing, or overlapping vulnerable-household unions."
48201551400,2024,6451.0,1399.0,981.0,208.0,6451.0,0.0322430630909936,0.4121848739495798,hydro_acs,observed_context,"Tenure and poverty are contextual measures. They do not identify trust, willingness, social capital, wellbeing, or overlapping vulnerable-household unions."
48201551501,2024,4311.0,306.0,1275.0,871.0,4278.0,0.2035998129967274,0.8064516129032258,hydro_acs,observed_context,"Tenure and poverty are contextual measures. They do not identify trust, willingness, social capital, wellbeing, or overlapping vulnerable-household unions."
48201551502,2024,4924.0,956.0,431.0,708.0,4924.0,0.1437855402112104,0.31074260994953135,hydro_acs,observed_context,"Tenure and poverty are contextual measures. They do not identify trust, willingness, social capital, wellbeing, or overlapping vulnerable-household unions."
48201551601,2024,3000.0,616.0,321.0,939.0,2952.0,0.3180894308943089,0.3425827107790822,hydro_acs,observed_context,"Tenure and poverty are contextual measures. They do not identify trust, willingness, social capital, wellbeing, or overlapping vulnerable-household unions."
48201551602,2024,4671.0,674.0,878.0,515.0,4474.0,0.1151095216808225,0.5657216494845361,hydro_acs,observed_context,"Tenure and poverty are contextual measures. They do not identify trust, willingness, social capital, wellbeing, or overlapping vulnerable-household unions."
48201551702,2024,4086.0,1325.0,156.0,83.0,4086.0,0.0203132648066568,0.10533423362592843,hydro_acs,observed_context,"Tenure and poverty are contextual measures. They do not identify trust, willingness, social capital, wellbeing, or overlapping vulnerable-household unions."
48201551703,2024,8108.0,2168.0,898.0,321.0,8108.0,0.0395905278737049,0.2928897586431833,hydro_acs,observed_context,"Tenure and poverty are contextual measures. They do not identify trust, willingness, social capital, wellbeing, or overlapping vulnerable-household unions."
48201551704,2024,3988.0,1032.0,443.0,275.0,3973.0,0.0692172162094135,0.30033898305084744,hydro_acs,observed_context,"Tenure and poverty are contextual measures. They do not identify trust, willingness, social capital, wellbeing, or overlapping vulnerable-household unions."
48201551705,2024,4738.0,1060.0,557.0,335.0,4738.0,0.0707049387927395,0.34446505875077305,hydro_acs,observed_context,"Tenure and poverty are contextual measures. They do not identify trust, willingness, social capital, wellbeing, or overlapping vulnerable-household unions."
48201551800,2024,3846.0,1279.0,167.0,135.0,3798.0,0.0355450236966824,0.11549100968188106,hydro_acs,observed_context,"Tenure and poverty are contextual measures. They do not identify trust, willingness, social capital, wellbeing, or overlapping vulnerable-household unions."
48201551901,2024,2362.0,0.0,1099.0,44.0,2362.0,0.0186282811176968,1.0,hydro_acs,observed_context,"Tenure and poverty are contextual measures. They do not identify trust, willingness, social capital, wellbeing, or overlapping vulnerable-household unions."
48201551902,2024,4690.0,0.0,2140.0,769.0,4690.0,0.1639658848614072,1.0,hydro_acs,observed_context,"Tenure and poverty are contextual measures. They do not identify trust, willingness, social capital, wellbeing, or overlapping vulnerable-household unions."
48201552002,2024,1473.0,207.0,526.0,237.0,1473.0,0.1608961303462321,0.7175989085948158,hydro_acs,observed_context,"Tenure and poverty are contextual measures. They do not identify trust, willingness, social capital, wellbeing, or overlapping vulnerable-household unions."
48201552003,2024,4478.0,1007.0,756.0,578.0,4461.0,0.1295673615781215,0.4288145207033466,hydro_acs,observed_context,"Tenure and poverty are contextual measures. They do not identify trust, willingness, social capital, wellbeing, or overlapping vulnerable-household unions."
48201552004,2024,3265.0,626.0,1007.0,639.0,3238.0,0.1973440395305744,0.6166564605021433,hydro_acs,observed_context,"Tenure and poverty are contextual measures. They do not identify trust, willingness, social capital, wellbeing, or overlapping vulnerable-household unions."
48201552101,2024,4399.0,780.0,975.0,408.0,4381.0,0.0931294225062771,0.5555555555555556,hydro_acs,observed_context,"Tenure and poverty are contextual measures. They do not identify trust, willingness, social capital, wellbeing, or overlapping vulnerable-household unions."
48201552102,2024,5959.0,1835.0,481.0,761.0,5959.0,0.1277059909380768,0.20768566493955096,hydro_acs,observed_context,"Tenure and poverty are contextual measures. They do not identify trust, willingness, social capital, wellbeing, or overlapping vulnerable-household unions."
48201552103,2024,3986.0,798.0,473.0,624.0,3986.0,0.1565479177119919,0.37214791502753736,hydro_acs,observed_context,"Tenure and poverty are contextual measures. They do not identify trust, willingness, social capital, wellbeing, or overlapping vulnerable-household unions."
48201552200,2024,7367.0,1505.0,1468.0,405.0,7367.0,0.054974888014117,0.4937773292970064,hydro_acs,observed_context,"Tenure and poverty are contextual measures. They do not identify trust, willingness, social capital, wellbeing, or overlapping vulnerable-household unions."
48201552301,2024,4900.0,1210.0,444.0,577.0,4845.0,0.1190918472652218,0.26844014510278114,hydro_acs,observed_context,"Tenure and poverty are contextual measures. They do not identify trust, willingness, social capital, wellbeing, or overlapping vulnerable-household unions."
48201552303,2024,3250.0,222.0,1416.0,399.0,3170.0,0.1258675078864353,0.8644688644688645,hydro_acs,observed_context,"Tenure and poverty are contextual measures. They do not identify trust, willingness, social capital, wellbeing, or overlapping vulnerable-household unions."
48201552304,2024,2079.0,671.0,36.0,59.0,2079.0,0.0283790283790283,0.05091937765205092,hydro_acs,observed_context,"Tenure and poverty are contextual measures. They do not identify trust, willingness, social capital, wellbeing, or overlapping vulnerable-household unions."
48201552401,2024,5253.0,782.0,1162.0,730.0,5253.0,0.1389682086426803,0.5977366255144033,hydro_acs,observed_context,"Tenure and poverty are contextual measures. They do not identify trust, willingness, social capital, wellbeing, or overlapping vulnerable-household unions."
48201552402,2024,3108.0,814.0,192.0,184.0,3108.0,0.0592020592020592,0.1908548707753479,hydro_acs,observed_context,"Tenure and poverty are contextual measures. They do not identify trust, willingness, social capital, wellbeing, or overlapping vulnerable-household unions."
48201552501,2024,5114.0,761.0,884.0,1830.0,5114.0,0.3578412201798983,0.5373860182370821,hydro_acs,observed_context,"Tenure and poverty are contextual measures. They do not identify trust, willingness, social capital, wellbeing, or overlapping vulnerable-household unions."
48201552502,2024,6384.0,1579.0,584.0,130.0,6384.0,0.0203634085213032,0.26999537679149327,hydro_acs,observed_context,"Tenure and poverty are contextual measures. They do not identify trust, willingness, social capital, wellbeing, or overlapping vulnerable-household unions."
48201552602,2024,8045.0,1529.0,1673.0,758.0,7901.0,0.0959372231363118,0.5224859462835728,hydro_acs,observed_context,"Tenure and poverty are contextual measures. They do not identify trust, willingness, social capital, wellbeing, or overlapping vulnerable-household unions."
48201552603,2024,5595.0,95.0,1626.0,2040.0,5552.0,0.3674351585014409,0.9447995351539803,hydro_acs,observed_context,"Tenure and poverty are contextual measures. They do not identify trust, willingness, social capital, wellbeing, or overlapping vulnerable-household unions."
48201552604,2024,3025.0,816.0,345.0,700.0,3025.0,0.2314049586776859,0.2971576227390181,hydro_acs,observed_context,"Tenure and poverty are contextual measures. They do not identify trust, willingness, social capital, wellbeing, or overlapping vulnerable-household unions."
48201552701,2024,3266.0,516.0,1078.0,403.0,3164.0,0.127370417193426,0.6762860727728983,hydro_acs,observed_context,"Tenure and poverty are contextual measures. They do not identify trust, willingness, social capital, wellbeing, or overlapping vulnerable-household unions."
48201552702,2024,6008.0,1069.0,1546.0,711.0,5971.0,0.1190755317367275,0.5912045889101338,hydro_acs,observed_context,"Tenure and poverty are contextual measures. They do not identify trust, willingness, social capital, wellbeing, or overlapping vulnerable-household unions."
48201552801,2024,5357.0,1528.0,1025.0,784.0,5307.0,0.1477294139815338,0.4014884449667058,hydro_acs,observed_context,"Tenure and poverty are contextual measures. They do not identify trust, willingness, social capital, wellbeing, or overlapping vulnerable-household unions."
48201552802,2024,4051.0,871.0,799.0,469.0,4042.0,0.1160316674913409,0.4784431137724551,hydro_acs,observed_context,"Tenure and poverty are contextual measures. They do not identify trust, willingness, social capital, wellbeing, or overlapping vulnerable-household unions."
48201552901,2024,5079.0,1643.0,803.0,517.0,5007.0,0.103255442380667,0.32829108748977925,hydro_acs,observed_context,"Tenure and poverty are contextual measures. They do not identify trust, willingness, social capital, wellbeing, or overlapping vulnerable-household unions."
48201552902,2024,5286.0,1165.0,521.0,1093.0,5261.0,0.2077551796236457,0.30901542111506525,hydro_acs,observed_context,"Tenure and poverty are contextual measures. They do not identify trust, willingness, social capital, wellbeing, or overlapping vulnerable-household unions."
48201553001,2024,7218.0,1843.0,648.0,627.0,7211.0,0.0869504923034253,0.26013649136892814,hydro_acs,observed_context,"Tenure and poverty are contextual measures. They do not identify trust, willingness, social capital, wellbeing, or overlapping vulnerable-household unions."
48201553002,2024,4832.0,1180.0,436.0,647.0,4832.0,0.1338990066225165,0.2698019801980198,hydro_acs,observed_context,"Tenure and poverty are contextual measures. They do not identify trust, willingness, social capital, wellbeing, or overlapping vulnerable-household unions."
48201553101,2024,3508.0,704.0,771.0,248.0,3491.0,0.0710398166714408,0.5227118644067796,hydro_acs,observed_context,"Tenure and poverty are contextual measures. They do not identify trust, willingness, social capital, wellbeing, or overlapping vulnerable-household unions."
48201553102,2024,5005.0,1058.0,402.0,403.0,4830.0,0.0834368530020703,0.27534246575342464,hydro_acs,observed_context,"Tenure and poverty are contextual measures. They do not identify trust, willingness, social capital, wellbeing, or overlapping vulnerable-household unions."
48201553201,2024,2545.0,839.0,128.0,518.0,2454.0,0.2110839445802771,0.13236814891416754,hydro_acs,observed_context,"Tenure and poverty are contextual measures. They do not identify trust, willingness, social capital, wellbeing, or overlapping vulnerable-household unions."
48201553202,2024,4856.0,468.0,1459.0,1006.0,4728.0,0.2127749576988155,0.7571354436948625,hydro_acs,observed_context,"Tenure and poverty are contextual measures. They do not identify trust, willingness, social capital, wellbeing, or overlapping vulnerable-household unions."
48201553300,2024,3916.0,0.0,1946.0,1331.0,3755.0,0.3544607190412783,1.0,hydro_acs,observed_context,"Tenure and poverty are contextual measures. They do not identify trust, willingness, social capital, wellbeing, or overlapping vulnerable-household unions."
48201553401,2024,4462.0,1309.0,118.0,402.0,4437.0,0.0906017579445571,0.08269096005606166,hydro_acs,observed_context,"Tenure and poverty are contextual measures. They do not identify trust, willingness, social capital, wellbeing, or overlapping vulnerable-household unions."
48201553403,2024,8462.0,1651.0,1269.0,1193.0,8462.0,0.1409832190971401,0.4345890410958904,hydro_acs,observed_context,"Tenure and poverty are contextual measures. They do not identify trust, willingness, social capital, wellbeing, or overlapping vulnerable-household unions."
48201553404,2024,3489.0,968.0,122.0,232.0,3489.0,0.0664946976210948,0.11192660550458716,hydro_acs,observed_context,"Tenure and poverty are contextual measures. They do not identify trust, willingness, social capital, wellbeing, or overlapping vulnerable-household unions."
48201553405,2024,6522.0,1637.0,523.0,355.0,6518.0,0.0544645596808837,0.24212962962962964,hydro_acs,observed_context,"Tenure and poverty are contextual measures. They do not identify trust, willingness, social capital, wellbeing, or overlapping vulnerable-household unions."
48201553500,2024,7369.0,1798.0,687.0,471.0,7319.0,0.06435305369586,0.27645875251509056,hydro_acs,observed_context,"Tenure and poverty are contextual measures. They do not identify trust, willingness, social capital, wellbeing, or overlapping vulnerable-household unions."
48201553601,2024,5173.0,1470.0,242.0,363.0,5127.0,0.0708016383850204,0.1413551401869159,hydro_acs,observed_context,"Tenure and poverty are contextual measures. They do not identify trust, willingness, social capital, wellbeing, or overlapping vulnerable-household unions."
48201553602,2024,2398.0,1.0,1171.0,293.0,2398.0,0.122185154295246,0.9991467576791809,hydro_acs,observed_context,"Tenure and poverty are contextual measures. They do not identify trust, willingness, social capital, wellbeing, or overlapping vulnerable-household unions."
48201553700,2024,4398.0,963.0,648.0,546.0,4274.0,0.1277491810949929,0.4022346368715084,hydro_acs,observed_context,"Tenure and poverty are contextual measures. They do not identify trust, willingness, social capital, wellbeing, or overlapping vulnerable-household unions."
48201553801,2024,2642.0,769.0,136.0,147.0,2492.0,0.0589887640449438,0.15027624309392265,hydro_acs,observed_context,"Tenure and poverty are contextual measures. They do not identify trust, willingness, social capital, wellbeing, or overlapping vulnerable-household unions."
48201553803,2024,4828.0,1385.0,107.0,145.0,4828.0,0.03003314001657,0.07171581769436998,hydro_acs,observed_context,"Tenure and poverty are contextual measures. They do not identify trust, willingness, social capital, wellbeing, or overlapping vulnerable-household unions."
48201553804,2024,5826.0,815.0,1148.0,602.0,5826.0,0.1033299004462753,0.5848191543555782,hydro_acs,observed_context,"Tenure and poverty are contextual measures. They do not identify trust, willingness, social capital, wellbeing, or overlapping vulnerable-household unions."
48201553901,2024,6298.0,1884.0,86.0,61.0,6220.0,0.0098070739549839,0.04365482233502538,hydro_acs,observed_context,"Tenure and poverty are contextual measures. They do not identify trust, willingness, social capital, wellbeing, or overlapping vulnerable-household unions."
48201554001,2024,3566.0,622.0,672.0,278.0,3566.0,0.0779584969153112,0.5193199381761978,hydro_acs,observed_context,"Tenure and poverty are contextual measures. They do not identify trust, willingness, social capital, wellbeing, or overlapping vulnerable-household unions."
48201554002,2024,4623.0,1533.0,0.0,110.0,4623.0,0.0237940731126973,0.0,hydro_acs,observed_context,"Tenure and poverty are contextual measures. They do not identify trust, willingness, social capital, wellbeing, or overlapping vulnerable-household unions."
48201554103,2024,5154.0,1442.0,405.0,188.0,5154.0,0.036476523088863,0.21927449918787223,hydro_acs,observed_context,"Tenure and poverty are contextual measures. They do not identify trust, willingness, social capital, wellbeing, or overlapping vulnerable-household unions."
48201554104,2024,4064.0,1222.0,132.0,692.0,4029.0,0.1717547778605113,0.09748892171344166,hydro_acs,observed_context,"Tenure and poverty are contextual measures. They do not identify trust, willingness, social capital, wellbeing, or overlapping vulnerable-household unions."
48201554201,2024,6498.0,884.0,1853.0,512.0,6348.0,0.0806553245116572,0.6770186335403726,hydro_acs,observed_context,"Tenure and poverty are contextual measures. They do not identify trust, willingness, social capital, wellbeing, or overlapping vulnerable-household unions."
48201554202,2024,3219.0,432.0,810.0,218.0,3163.0,0.0689219095795131,0.6521739130434783,hydro_acs,observed_context,"Tenure and poverty are contextual measures. They do not identify trust, willingness, social capital, wellbeing, or overlapping vulnerable-household unions."
48201554301,2024,7922.0,2440.0,374.0,98.0,7772.0,0.0126093669583118,0.13290689410092396,hydro_acs,observed_context,"Tenure and poverty are contextual measures. They do not identify trust, willingness, social capital, wellbeing, or overlapping vulnerable-household unions."
48201554302,2024,4855.0,1164.0,323.0,191.0,4798.0,0.0398082534389328,0.2172158708809684,hydro_acs,observed_context,"Tenure and poverty are contextual measures. They do not identify trust, willingness, social capital, wellbeing, or overlapping vulnerable-household unions."
48201554404,2024,4776.0,1524.0,110.0,26.0,4766.0,0.0054553084347461,0.06731946144430845,hydro_acs,observed_context,"Tenure and poverty are contextual measures. They do not identify trust, willingness, social capital, wellbeing, or overlapping vulnerable-household unions."
48201554405,2024,8825.0,2307.0,360.0,724.0,8825.0,0.0820396600566572,0.13498312710911137,hydro_acs,observed_context,"Tenure and poverty are contextual measures. They do not identify trust, willingness, social capital, wellbeing, or overlapping vulnerable-household unions."
48201554406,2024,5054.0,1442.0,202.0,272.0,5054.0,0.0538187574198654,0.12287104622871046,hydro_acs,observed_context,"Tenure and poverty are contextual measures. They do not identify trust, willingness, social capital, wellbeing, or overlapping vulnerable-household unions."
48201554407,2024,6355.0,1894.0,232.0,512.0,6152.0,0.083224967490247,0.10912511759172154,hydro_acs,observed_context,"Tenure and poverty are contextual measures. They do not identify trust, willingness, social capital, wellbeing, or overlapping vulnerable-household unions."
48201554408,2024,9287.0,2564.0,477.0,392.0,9287.0,0.0422095402175083,0.15685629727063466,hydro_acs,observed_context,"Tenure and poverty are contextual measures. They do not identify trust, willingness, social capital, wellbeing, or overlapping vulnerable-household unions."
48201554409,2024,7224.0,2223.0,248.0,0.0,7224.0,0.0,0.10036422501011737,hydro_acs,observed_context,"Tenure and poverty are contextual measures. They do not identify trust, willingness, social capital, wellbeing, or overlapping vulnerable-household unions."
48201554410,2024,4586.0,1200.0,378.0,592.0,4586.0,0.129088530309638,0.23954372623574144,hydro_acs,observed_context,"Tenure and poverty are contextual measures. They do not identify trust, willingness, social capital, wellbeing, or overlapping vulnerable-household unions."
48201554501,2024,6542.0,2095.0,210.0,296.0,6535.0,0.0452945677123182,0.0911062906724512,hydro_acs,observed_context,"Tenure and poverty are contextual measures. They do not identify trust, willingness, social capital, wellbeing, or overlapping vulnerable-household unions."
48201554502,2024,6006.0,2093.0,97.0,259.0,6006.0,0.0431235431235431,0.04429223744292238,hydro_acs,observed_context,"Tenure and poverty are contextual measures. They do not identify trust, willingness, social capital, wellbeing, or overlapping vulnerable-household unions."
48201554600,2024,4645.0,1373.0,98.0,147.0,4617.0,0.0318388564002599,0.06662134602311352,hydro_acs,observed_context,"Tenure and poverty are contextual measures. They do not identify trust, willingness, social capital, wellbeing, or overlapping vulnerable-household unions."
48201554701,2024,3382.0,283.0,952.0,429.0,3382.0,0.1268480189237137,0.7708502024291498,hydro_acs,observed_context,"Tenure and poverty are contextual measures. They do not identify trust, willingness, social capital, wellbeing, or overlapping vulnerable-household unions."
48201554702,2024,4383.0,1490.0,120.0,305.0,4383.0,0.0695870408396075,0.07453416149068323,hydro_acs,observed_context,"Tenure and poverty are contextual measures. They do not identify trust, willingness, social capital, wellbeing, or overlapping vulnerable-household unions."
48201554803,2024,7984.0,2556.0,334.0,577.0,7968.0,0.0724146586345381,0.11557093425605536,hydro_acs,observed_context,"Tenure and poverty are contextual measures. They do not identify trust, willingness, social capital, wellbeing, or overlapping vulnerable-household unions."
48201554804,2024,4671.0,1252.0,516.0,68.0,4622.0,0.0147122457810471,0.2918552036199095,hydro_acs,observed_context,"Tenure and poverty are contextual measures. They do not identify trust, willingness, social capital, wellbeing, or overlapping vulnerable-household unions."
48201554805,2024,8907.0,2205.0,277.0,1167.0,8907.0,0.131020545638262,0.11160354552780016,hydro_acs,observed_context,"Tenure and poverty are contextual measures. They do not identify trust, willingness, social capital, wellbeing, or overlapping vulnerable-household unions."
48201554806,2024,2078.0,628.0,121.0,89.0,2078.0,0.0428296438883541,0.16154873164218958,hydro_acs,observed_context,"Tenure and poverty are contextual measures. They do not identify trust, willingness, social capital, wellbeing, or overlapping vulnerable-household unions."
48201554807,2024,6545.0,1435.0,760.0,497.0,6516.0,0.0762737875997544,0.3462414578587699,hydro_acs,observed_context,"Tenure and poverty are contextual measures. They do not identify trust, willingness, social capital, wellbeing, or overlapping vulnerable-household unions."
48201554808,2024,3205.0,1039.0,6.0,345.0,3205.0,0.1076443057722308,0.005741626794258373,hydro_acs,observed_context,"Tenure and poverty are contextual measures. They do not identify trust, willingness, social capital, wellbeing, or overlapping vulnerable-household unions."
48201554809,2024,10919.0,2382.0,1206.0,1272.0,10573.0,0.1203064409344557,0.33612040133779264,hydro_acs,observed_context,"Tenure and poverty are contextual measures. They do not identify trust, willingness, social capital, wellbeing, or overlapping vulnerable-household unions."
48201554902,2024,11291.0,2514.0,1579.0,446.0,11208.0,0.0397930049964311,0.3857806010261422,hydro_acs,observed_context,"Tenure and poverty are contextual measures. They do not identify trust, willingness, social capital, wellbeing, or overlapping vulnerable-household unions."
48201554904,2024,3847.0,1042.0,224.0,528.0,3847.0,0.1372498050428905,0.1769352290679305,hydro_acs,observed_context,"Tenure and poverty are contextual measures. They do not identify trust, willingness, social capital, wellbeing, or overlapping vulnerable-household unions."
48201554905,2024,8210.0,1958.0,621.0,767.0,8210.0,0.0934226552984165,0.24079100426521907,hydro_acs,observed_context,"Tenure and poverty are contextual measures. They do not identify trust, willingness, social capital, wellbeing, or overlapping vulnerable-household unions."
48201554906,2024,4743.0,1054.0,624.0,339.0,4722.0,0.0717916137229987,0.37187127532777114,hydro_acs,observed_context,"Tenure and poverty are contextual measures. They do not identify trust, willingness, social capital, wellbeing, or overlapping vulnerable-household unions."
48201554907,2024,4476.0,850.0,761.0,525.0,4476.0,0.1172922252010723,0.4723774053382992,hydro_acs,observed_context,"Tenure and poverty are contextual measures. They do not identify trust, willingness, social capital, wellbeing, or overlapping vulnerable-household unions."
48201554908,2024,7681.0,2301.0,293.0,433.0,7681.0,0.0563728681161307,0.11295296838858905,hydro_acs,observed_context,"Tenure and poverty are contextual measures. They do not identify trust, willingness, social capital, wellbeing, or overlapping vulnerable-household unions."
48201555001,2024,2483.0,520.0,126.0,233.0,2483.0,0.0938380990737011,0.19504643962848298,hydro_acs,observed_context,"Tenure and poverty are contextual measures. They do not identify trust, willingness, social capital, wellbeing, or overlapping vulnerable-household unions."
48201555002,2024,4839.0,1369.0,373.0,718.0,4839.0,0.1483777640008266,0.21412169919632607,hydro_acs,observed_context,"Tenure and poverty are contextual measures. They do not identify trust, willingness, social capital, wellbeing, or overlapping vulnerable-household unions."
48201555101,2024,5214.0,1279.0,743.0,272.0,5187.0,0.0524387892808945,0.367457962413452,hydro_acs,observed_context,"Tenure and poverty are contextual measures. They do not identify trust, willingness, social capital, wellbeing, or overlapping vulnerable-household unions."
48201555102,2024,6083.0,1329.0,1177.0,216.0,6083.0,0.0355087950024658,0.4696727853152434,hydro_acs,observed_context,"Tenure and poverty are contextual measures. They do not identify trust, willingness, social capital, wellbeing, or overlapping vulnerable-household unions."
48201555200,2024,12804.0,2866.0,1160.0,1624.0,12732.0,0.1275526233113415,0.28812717337307503,hydro_acs,observed_context,"Tenure and poverty are contextual measures. They do not identify trust, willingness, social capital, wellbeing, or overlapping vulnerable-household unions."
48201555301,2024,5032.0,1057.0,732.0,165.0,5023.0,0.0328488950826199,0.4091671324762437,hydro_acs,observed_context,"Tenure and poverty are contextual measures. They do not identify trust, willingness, social capital, wellbeing, or overlapping vulnerable-household unions."
48201555303,2024,16375.0,4440.0,942.0,1532.0,16375.0,0.0935572519083969,0.1750278706800446,hydro_acs,observed_context,"Tenure and poverty are contextual measures. They do not identify trust, willingness, social capital, wellbeing, or overlapping vulnerable-household unions."
48201555304,2024,9377.0,2455.0,686.0,1169.0,9377.0,0.1246667377626106,0.21840178287169693,hydro_acs,observed_context,"Tenure and poverty are contextual measures. They do not identify trust, willingness, social capital, wellbeing, or overlapping vulnerable-household unions."
48201555305,2024,12588.0,3051.0,935.0,869.0,12542.0,0.0692871950247169,0.23457099849473156,hydro_acs,observed_context,"Tenure and poverty are contextual measures. They do not identify trust, willingness, social capital, wellbeing, or overlapping vulnerable-household unions."
48201555401,2024,3953.0,890.0,323.0,336.0,3850.0,0.0872727272727272,0.2662819455894477,hydro_acs,observed_context,"Tenure and poverty are contextual measures. They do not identify trust, willingness, social capital, wellbeing, or overlapping vulnerable-household unions."
48201555403,2024,4474.0,822.0,830.0,318.0,4398.0,0.0723055934515689,0.5024213075060533,hydro_acs,observed_context,"Tenure and poverty are contextual measures. They do not identify trust, willingness, social capital, wellbeing, or overlapping vulnerable-household unions."
48201555404,2024,3985.0,711.0,1197.0,387.0,3669.0,0.1054783319705642,0.6273584905660378,hydro_acs,observed_context,"Tenure and poverty are contextual measures. They do not identify trust, willingness, social capital, wellbeing, or overlapping vulnerable-household unions."
48201555501,2024,5958.0,1747.0,313.0,300.0,5948.0,0.050437121721587,0.15194174757281553,hydro_acs,observed_context,"Tenure and poverty are contextual measures. They do not identify trust, willingness, social capital, wellbeing, or overlapping vulnerable-household unions."
48201555503,2024,13991.0,4094.0,516.0,308.0,13455.0,0.0228911185432924,0.11193058568329718,hydro_acs,observed_context,"Tenure and poverty are contextual measures. They do not identify trust, willingness, social capital, wellbeing, or overlapping vulnerable-household unions."
48201555504,2024,8095.0,1846.0,976.0,400.0,8095.0,0.0494132180358245,0.34585400425230334,hydro_acs,observed_context,"Tenure and poverty are contextual measures. They do not identify trust, willingness, social capital, wellbeing, or overlapping vulnerable-household unions."
48201555505,2024,11508.0,2945.0,647.0,1232.0,11508.0,0.1070559610705596,0.18012249443207126,hydro_acs,observed_context,"Tenure and poverty are contextual measures. They do not identify trust, willingness, social capital, wellbeing, or overlapping vulnerable-household unions."
48201555600,2024,9965.0,2758.0,102.0,1234.0,9795.0,0.1259826442062276,0.03566433566433566,hydro_acs,observed_context,"Tenure and poverty are contextual measures. They do not identify trust, willingness, social capital, wellbeing, or overlapping vulnerable-household unions."
48201555701,2024,12322.0,3446.0,369.0,405.0,12322.0,0.0328680409024509,0.09672346002621232,hydro_acs,observed_context,"Tenure and poverty are contextual measures. They do not identify trust, willingness, social capital, wellbeing, or overlapping vulnerable-household unions."
48201555703,2024,6280.0,1580.0,544.0,434.0,6280.0,0.069108280254777,0.256120527306968,hydro_acs,observed_context,"Tenure and poverty are contextual measures. They do not identify trust, willingness, social capital, wellbeing, or overlapping vulnerable-household unions."
48201555704,2024,8211.0,2283.0,105.0,19.0,8211.0,0.0023139690658872,0.04396984924623116,hydro_acs,observed_context,"Tenure and poverty are contextual measures. They do not identify trust, willingness, social capital, wellbeing, or overlapping vulnerable-household unions."
48201556000,2024,15854.0,3903.0,1377.0,1145.0,15720.0,0.0728371501272264,0.26079545454545455,hydro_acs,observed_context,"Tenure and poverty are contextual measures. They do not identify trust, willingness, social capital, wellbeing, or overlapping vulnerable-household unions."
48201556100,2024,3763.0,1178.0,55.0,156.0,3639.0,0.042868920032976,0.04460665044606651,hydro_acs,observed_context,"Tenure and poverty are contextual measures. They do not identify trust, willingness, social capital, wellbeing, or overlapping vulnerable-household unions."
48201980000,2024,35.0,6.0,16.0,0.0,35.0,0.0,0.7272727272727273,hydro_acs,observed_context,"Tenure and poverty are contextual measures. They do not identify trust, willingness, social capital, wellbeing, or overlapping vulnerable-household unions."
48201980100,2024,0.0,0.0,0.0,0.0,0.0,,,hydro_acs,observed_context,"Tenure and poverty are contextual measures. They do not identify trust, willingness, social capital, wellbeing, or overlapping vulnerable-household unions."
48201980200,2024,9542.0,27.0,118.0,38.0,160.0,0.2375,0.8137931034482758,hydro_acs,observed_context,"Tenure and poverty are contextual measures. They do not identify trust, willingness, social capital, wellbeing, or overlapping vulnerable-household unions."
48201980300,2024,2918.0,0.0,5.0,0.0,18.0,0.0,1.0,hydro_acs,observed_context,"Tenure and poverty are contextual measures. They do not identify trust, willingness, social capital, wellbeing, or overlapping vulnerable-household unions."
48201980400,2024,4285.0,0.0,0.0,0.0,0.0,,,hydro_acs,observed_context,"Tenure and poverty are contextual measures. They do not identify trust, willingness, social capital, wellbeing, or overlapping vulnerable-household unions."
48201980700,2024,2067.0,283.0,1020.0,310.0,2067.0,0.1499758103531688,0.782808902532617,hydro_acs,observed_context,"Tenure and poverty are contextual measures. They do not identify trust, willingness, social capital, wellbeing, or overlapping vulnerable-household unions."
