variable,subsystem,model_role,definition,recommended_unit,data_derivation,contribution_to_model,evidence_status,allowed_values,model_limit,simulation_relationship,guide_equation,guide_stock_balance,guide_initial,guide_unit,guide_paragraphs,direct_guide_inputs,direct_guide_consumers,connection_status,definition_basis,source_ids,source_names,primary_source_url,required_source_fields,required_record_content,existing_file,existing_transformation,existing_value,existing_value_unit,existing_value_evidence,existing_value_note,source_access,geography,time_coverage,alias_target,inventory_origin,source_assessment_date,dictionary_date
Properties_at_Risk,Hazard,Stock,In-scope properties exposed to the model's chosen hazard definition.,properties,Existing proxy: count distinct residential acct with sfha_any_overlap_2026=True in Residential_Parcel_Inputs. A historical estimate requires a contemporaneous footprint. Update by new exposed development minus retreat and destruction.,"Defines the population of properties eligible to generate damage, retreat applications and exposure reduction.",Retained stock initial value: derived_proxy,Nonnegative under the declared stock/flow convention; estimates and rates may be fractional,Freeze parcel/structure definitions and map vintage; any-overlap and point-in-zone counts differ. See the simulation relationship for the required equation review.,Integrate new exposed development minus retreat and destruction using a single property universe. Resolve initial-name aliases and jointly cap competing outflows by the available stock.,"Guide paragraph 260: INTEG(New_Development[Land_User_Group] -
Properties_Retreated[Land_User_Group] -
Properties_Destroyed[Land_User_Group],
Initial_Properties[Land_User_Group])","INTEG(New_Development_in_Risk_Zone - Properties_Retreated - Properties_Destroyed, Initial_Properties_in_Hazard_Zone)",Initial_Properties_in_Hazard_Zone,properties,43; 48; 50; 82; 120; 260; 347; 508; 522; 543,Initial_Properties [guide equation reference]; Land_User_Group [guide equation reference]; New_Development [guide equation reference]; Properties_Destroyed [guide equation reference]; Properties_Retreated [guide equation reference]; New_Development_in_Risk_Zone [stock inflow]; Properties_Retreated [stock outflow]; Properties_Destroyed [stock outflow]; Initial_Properties_in_Hazard_Zone [stock initializer],Properties_Destroyed [guide equation reference]; Hazard_Exposure_Index [guide equation reference]; Annual_Disaster_Damage_Costs [guide equation reference]; Retreat_Applications [guide equation reference],Explicit guide relationship or category link; not verified in an executable model,Guide/source-assessment interpretation; derivation and repairs are documented proposals unless a retained transformation is identified,S05 S06 S07 S09 S11,S05: Harris Central Appraisal District account and parcel downloads; S06: FEMA National Flood Hazard Layer and map history; S07: USACE National Structure Inventory; S09: HCFCD flood reports and Harris County Flood Warning System; S11: Texas Water Development Board flood planning datasets,https://hcad.org/pdata/pdata-property-downloads.html/,acct; residential_account; geometry_matched; sfha_any_overlap_2026; sfha_representative_point_2026,"Dated event ID, location/footprint, intensity, observation coverage, exposed property IDs, loss or total-loss classification; projection scenario, baseline and ensemble member where relevant.",data/Residential_Parcel_Inputs.csv.gz,"Residential 2024 HCAD accounts with any parcel overlap with March 2026 SFHA; screening exposure proxy, not all flood risk or a historical 2024 map. Unmatched accounts are unknown.",143574,properties,derived_proxy,"Residential 2024 HCAD accounts with any parcel overlap with March 2026 SFHA; screening exposure proxy, not all flood risk or a historical 2024 map. Unmatched accounts are unknown.",S05: Official pages checked; 2024 raw archives already retained. | S06: Official map-change instructions identified; existing local NFHL layer retained. | S07: Official technical documentation read; local SFHA extract retained. | S09: Official report and gauge pages read; targeted raw series remain to acquire. | S11: Official download and floodplain documentation pages read; candidate additional GIS.,"S05: Parcel/account and taxing jurisdiction | S06: Flood-zone polygons | S07: Structure points | S09: Watershed, gauge and event footprint | S11: Statewide; extract Harris County/watersheds",S05: 2024 retained; inspect annual historical availability | S06: March 2026 local layer; historic effective dates must be reconstructed | S07: 2022 documentation; a 2026 release also exists | S09: Event reports and gauge-specific records | S11: Dataset-specific; 2021 floodplain compilation and planning updates,,Original 215-entry dictionary,2026-09-10,2026-09-15
Cumulative_Hazard_Events,Hazard,Stock,Accumulated qualifying events since the model counter's starting date.,events,"Count distinct historical events for a historical opening balance, or explicitly set zero for events after model start. During simulation integrate Hazard_Event_Rate.",Records the hazard burden across scenarios and supports validation of event frequency.,Retained stock initial value: assumed,Nonnegative under the declared stock/flow convention; estimates and rates may be fractional,NOAA event rows are not independent storms; cumulative counts depend on the chosen origin.,"Stock balance reconstructed from the guide INFLOWS, OUTFLOWS and INITIAL VALUE fields: INTEG(Hazard_Event_Rate, 0). Check initial scope and stock bounds.",No standalone equation captured; see stock balance where applicable,"INTEG(Hazard_Event_Rate, 0)",0,events,44,Hazard_Event_Rate [stock inflow],No downstream equation specified in the guide,Stock balance specified; downstream use may be a reported outcome or conceptual link,Guide/source-assessment interpretation; derivation and repairs are documented proposals unless a retained transformation is identified,S08 S09 S10,S08: NOAA Storm Events bulk files; S09: HCFCD flood reports and Harris County Flood Warning System; S10: USGS Water Data APIs,https://www.ncei.noaa.gov/pub/data/swdi/stormevents/csvfiles/,event_id; start_date; end_date; hazard_type; scope_note,"Dated event ID, location/footprint, intensity, observation coverage, exposed property IDs, loss or total-loss classification; projection scenario, baseline and ensemble member where relevant.",data/Hazard_Inputs.csv,Counter of events occurring after model start; not historical event total,0,events,assumed,Counter of events occurring after model start; not historical event total,S08: Bulk source used in existing package; annual files retained. | S09: Official report and gauge pages read; targeted raw series remain to acquire. | S10: Official API documentation and 2026 migration notice read; not downloaded for this report.,"S08: County/forecast zone and event locations | S09: Watershed, gauge and event footprint | S10: Stream gauge/site",S08: 2010–2024 files retained; longer archive available | S09: Event reports and gauge-specific records | S10: Historical and current; varies by site,,Original 215-entry dictionary,2026-09-10,2026-09-15
Climate_Change_Impact_Index,Hazard,Stock,State of the selected climate perturbation relative to a defined reference climate.,index or physical anomaly,"Select a physically meaningful driver, such as an extreme-precipitation change. Document the transformation to the guide's index and calculate a baseline value and trajectory. Do not average incompatible physical units.",Carries the changing climate driver through time and informs hazard frequency and exposure calculations.,Retained stock initial value: unavailable,Signed values allowed if meaningful for the chosen physical reference; index bounds require definition,No public dataset measures this guide-specific 0–100 stock; warming is not automatically linear flood risk. See the simulation relationship for the required equation review.,"Integrate a dimensioned index-points/year change from a declared baseline, or use a direct climate time series. Do not mix an unbounded physical anomaly with an unexplained 0 to 100 scale.","Guide paragraph 357: INTEG(CC_Impact_Rate[CC_Scenario], Initial_CC_Impact)","INTEG(CC_Impact_Increase_Rate, Current_CC_Impact)",Current_CC_Impact,dimensionless (0-100),45; 50; 51; 357; 524,CC_Impact_Rate [guide equation reference]; CC_Scenario [guide equation reference]; Initial_CC_Impact [guide equation reference]; CC_Impact_Increase_Rate [stock inflow]; Current_CC_Impact [stock initializer],Hazard_Exposure_Index [guide equation reference]; Climate_Change_Multiplier [guide equation reference],Explicit guide relationship or category link; not verified in an executable model,Guide/source-assessment interpretation; derivation and repairs are documented proposals unless a retained transformation is identified,S12 S13,S12: USGS CMIP6 LOCA2 and National Climate Change Viewer; S13: NOAA relative sea-level trends and 2022 scenarios,https://www.usgs.gov/data/cmip6-loca2-spatial-summaries-counties-tiger-2023-1950-2100-contiguous-united-states,"Required records: Dated event ID, location/footprint, intensity, observation coverage, exposed property IDs, loss or total-loss classification; projection scenario, baseline and ensemble member where relevant.","Dated event ID, location/footprint, intensity, observation coverage, exposed property IDs, loss or total-loss classification; projection scenario, baseline and ensemble member where relevant.",data/Initial_Conditions.csv (opening-value record; missing values remain missing),No defensible countywide 2024 measurement. See Gap_Queue.csv.,,dimensionless (0-100),unavailable,No defensible countywide 2024 measurement. See Gap_Queue.csv.,"S12: Official dataset and viewer pages read; candidate download. | S13: Official pages read; scenario files not acquired. NOAA page announces a September 30, 2026 site transition.",S12: County summaries; underlying downscaled grids | S13: Galveston Pier 21 and coastal region,S12: 1950–2100; historical and SSP scenarios | S13: Observed station series; projected scenario horizons,,Original 215-entry dictionary,2026-09-10,2026-09-15
Hazard_Event_Rate,Hazard,Flow,Expected number of qualifying hazard events per year.,events/year,"Estimate the baseline event rate, apply a defined climate ratio, and estimate residual variation from the event series. Use event realizations separately if discrete disasters are simulated.",Fills Cumulative_Hazard_Events and drives property destruction and annual damage costs.,Requires calibration or longitudinal evidence,Nonnegative under the declared stock/flow convention; estimates and rates may be fractional,"Separate historical random variability, exposure change and climate trend; avoid duplicate storm counts. See the simulation relationship for the required equation review.",Keep the rate nonnegative and fit the residual process. An integrated expected rate may produce fractional expected events; discrete events require a separately documented event-generation process.,Guide paragraph 47: Base_Hazard_Frequency * Climate_Change_Multiplier * (1 + Random_Variation),Not a stock definition,,events/year,44; 47; 48; 82,Base_Hazard_Frequency [guide equation reference]; Climate_Change_Multiplier [guide equation reference]; Random_Variation [guide equation reference],Properties_Destroyed [guide equation reference]; Annual_Disaster_Damage_Costs [guide equation reference]; Cumulative_Hazard_Events [stock inflow],Explicit guide relationship or category link; not verified in an executable model,Guide/source-assessment interpretation; derivation and repairs are documented proposals unless a retained transformation is identified,S08 S09 S10 S12,S08: NOAA Storm Events bulk files; S09: HCFCD flood reports and Harris County Flood Warning System; S10: USGS Water Data APIs; S12: USGS CMIP6 LOCA2 and National Climate Change Viewer,https://www.ncei.noaa.gov/pub/data/swdi/stormevents/csvfiles/,event_id; start_date; end_date; hazard_type; scope_note; evidence_status; source_id,"Dated event ID, location/footprint, intensity, observation coverage, exposed property IDs, loss or total-loss classification; projection scenario, baseline and ensemble member where relevant.",data/Hazard_Inputs.csv,No exact model transformation certified,,,,,S08: Bulk source used in existing package; annual files retained. | S09: Official report and gauge pages read; targeted raw series remain to acquire. | S10: Official API documentation and 2026 migration notice read; not downloaded for this report. | S12: Official dataset and viewer pages read; candidate download.,"S08: County/forecast zone and event locations | S09: Watershed, gauge and event footprint | S10: Stream gauge/site | S12: County summaries; underlying downscaled grids",S08: 2010–2024 files retained; longer archive available | S09: Event reports and gauge-specific records | S10: Historical and current; varies by site | S12: 1950–2100; historical and SSP scenarios,,Original 215-entry dictionary,2026-09-10,2026-09-15
Properties_Destroyed,Hazard,Flow,Exposed properties becoming total losses per year.,properties/year,"Count verified total-loss properties by event and date, deduplicate accounts, and annualize. For simulation combine exposed inventory, event frequency and the event-specific destruction fraction.",Removes destroyed properties from the exposed stock and distinguishes destruction from planned retreat.,Requires calibration or longitudinal evidence,Nonnegative under the declared stock/flow convention; estimates and rates may be fractional,Claims are not destruction counts; destruction need not remove a parcel permanently from the risk stock.,Guide relationship is preserved in the equation field. Its coefficients or scales require validation against the derivation described here.,Guide paragraph 48: Properties_at_Risk * Hazard_Event_Rate * Average_Destruction_Rate,Not a stock definition,,properties/year,43; 48; 260; 510,Average_Destruction_Rate [guide equation reference]; Hazard_Event_Rate [guide equation reference]; Properties_at_Risk [guide equation reference],Properties_at_Risk [guide equation reference]; Properties_at_Risk [stock outflow],Explicit guide relationship or category link; not verified in an executable model,Guide/source-assessment interpretation; derivation and repairs are documented proposals unless a retained transformation is identified,S09 S21 S22 S25 S56 S58,S09: HCFCD flood reports and Harris County Flood Warning System; S21: HCD public-records access route; S22: HCFCD public-information access route; S25: OpenFEMA NFIP claims and Individual Assistance/Housing Assistance; S56: FEMA Hazus Flood Model technical manual; S58: Harris County Engineer floodplain management and permit records,https://www.hcfcd.org/About/Harris-Countys-Flooding-History/Countywide-Impacts,"Required records: Dated event ID, location/footprint, intensity, observation coverage, exposed property IDs, loss or total-loss classification; projection scenario, baseline and ensemble member where relevant.","Dated event ID, location/footprint, intensity, observation coverage, exposed property IDs, loss or total-loss classification; projection scenario, baseline and ensemble member where relevant.",No exact usable input file certified; see source assessment,No exact model transformation certified,,,,,"S09: Official report and gauge pages read; targeted raw series remain to acquire. | S21: Official request route verified. No request submitted; responsive fields and release are unconfirmed. | S22: Official public-information request page read; no request submitted. | S25: Local harmonized inputs retained. FEMA landing page returned 403 during this review; original lineage retained in upstream files. | S56: Official manual located during research; local structure/depth inputs must be assembled. | S58: Official program page read; underlying historical bulk records are a request candidate, not verified downloadable data.","S09: Watershed, gauge and event footprint | S21: HCD cases, staff and program finances | S22: HCFCD program, acquisition, land and infrastructure records | S25: Redacted claims/applications; local tract aggregation | S56: Engineering loss-model methodology | S58: County permitting jurisdiction; city jurisdictions require separate coverage","S09: Event reports and gauge-specific records | S21: Request 2010–2024, with later completion dates for censoring | S22: Request historical cohorts and 2024 opening balances | S25: Historical panel coverage varies by source | S56: Hazus 7, 2025 manual | S58: Permit/inspection-specific history",,Original 215-entry dictionary,2026-09-10,2026-09-15
Hazard_Exposure_Index,Hazard,Auxiliary or delayed quantity,Composite measure combining the share of properties exposed with a normalized severity measure.,dimensionless,Divide Properties_at_Risk by matching Total_Properties and multiply by the selected severity measure. Keep baseline hazard present when the climate perturbation is zero.,Influences hazard-related pressure to migrate. It needs a defined scale before entering behavioral equations.,Calculated once compatible inputs and definitions are supplied,"Follow a documented instrument, ratio or rubric; range is not established by the variable name",Guide multiplication by a zero climate index erases baseline risk; revise before calibration. See the simulation relationship for the required equation review.,Proposed baseline-preserving form: (Properties_at_Risk / Total_Properties) * Hazard_Severity_Factor. Represent additional climate effects in the hazard driver and test double counting before adding another multiplier.,Guide paragraph 50: (Properties_at_Risk / Total_Properties) * Hazard_Severity_Factor * Climate_Change_Impact_Index / 100,Not a stock definition,,dimensionless,50; 69; 522; 534,Climate_Change_Impact_Index [guide equation reference]; Hazard_Severity_Factor [guide equation reference]; Properties_at_Risk [guide equation reference]; Total_Properties [guide equation reference],Hazard_Pressure_Multiplier [guide equation reference],Explicit guide relationship or category link; not verified in an executable model,Guide/source-assessment interpretation; derivation and repairs are documented proposals unless a retained transformation is identified,S05 S06 S09 S11 S12,S05: Harris Central Appraisal District account and parcel downloads; S06: FEMA National Flood Hazard Layer and map history; S09: HCFCD flood reports and Harris County Flood Warning System; S11: Texas Water Development Board flood planning datasets; S12: USGS CMIP6 LOCA2 and National Climate Change Viewer,https://hcad.org/pdata/pdata-property-downloads.html/,"Required records: Dated event ID, location/footprint, intensity, observation coverage, exposed property IDs, loss or total-loss classification; projection scenario, baseline and ensemble member where relevant.","Dated event ID, location/footprint, intensity, observation coverage, exposed property IDs, loss or total-loss classification; projection scenario, baseline and ensemble member where relevant.",No exact usable input file certified; see source assessment,No exact model transformation certified,,,,,S05: Official pages checked; 2024 raw archives already retained. | S06: Official map-change instructions identified; existing local NFHL layer retained. | S09: Official report and gauge pages read; targeted raw series remain to acquire. | S11: Official download and floodplain documentation pages read; candidate additional GIS. | S12: Official dataset and viewer pages read; candidate download.,"S05: Parcel/account and taxing jurisdiction | S06: Flood-zone polygons | S09: Watershed, gauge and event footprint | S11: Statewide; extract Harris County/watersheds | S12: County summaries; underlying downscaled grids",S05: 2024 retained; inspect annual historical availability | S06: March 2026 local layer; historic effective dates must be reconstructed | S09: Event reports and gauge-specific records | S11: Dataset-specific; 2021 floodplain compilation and planning updates | S12: 1950–2100; historical and SSP scenarios,,Original 215-entry dictionary,2026-09-10,2026-09-15
Climate_Change_Multiplier,Hazard,Auxiliary or delayed quantity,Ratio of hazard frequency or intensity under the selected climate to its baseline level.,ratio,Calculate comparable scenario and baseline hazard statistics and divide scenario by baseline. Fit the guide's linear approximation only if supported across the intended range.,Scales Base_Hazard_Frequency into the time-varying Hazard_Event_Rate.,Calculated once compatible inputs and definitions are supplied,"Follow a documented instrument, ratio or rubric; range is not established by the variable name",Choose the physical endpoint; do not apply a precipitation percentage directly as a damage multiplier.,"Guide relationship is preserved in the equation field. Reconcile units, bounds and input definitions before execution.",Guide paragraph 51: 1 + (Climate_Change_Impact_Index / 100) * CC_Sensitivity_Parameter,Not a stock definition,,dimensionless,47; 51,CC_Sensitivity_Parameter [guide equation reference]; Climate_Change_Impact_Index [guide equation reference],Hazard_Event_Rate [guide equation reference],Explicit guide relationship or category link; not verified in an executable model,Guide/source-assessment interpretation; derivation and repairs are documented proposals unless a retained transformation is identified,S10 S12 S13,S10: USGS Water Data APIs; S12: USGS CMIP6 LOCA2 and National Climate Change Viewer; S13: NOAA relative sea-level trends and 2022 scenarios,https://api.waterdata.usgs.gov/docs/,"Required records: Dated event ID, location/footprint, intensity, observation coverage, exposed property IDs, loss or total-loss classification; projection scenario, baseline and ensemble member where relevant.","Dated event ID, location/footprint, intensity, observation coverage, exposed property IDs, loss or total-loss classification; projection scenario, baseline and ensemble member where relevant.",No exact usable input file certified; see source assessment,No exact model transformation certified,,,,,"S10: Official API documentation and 2026 migration notice read; not downloaded for this report. | S12: Official dataset and viewer pages read; candidate download. | S13: Official pages read; scenario files not acquired. NOAA page announces a September 30, 2026 site transition.",S10: Stream gauge/site | S12: County summaries; underlying downscaled grids | S13: Galveston Pier 21 and coastal region,S10: Historical and current; varies by site | S12: 1950–2100; historical and SSP scenarios | S13: Observed station series; projected scenario horizons,,Original 215-entry dictionary,2026-09-10,2026-09-15
Average_Damage_Fraction,Hazard,Parameter,Mean fraction of exposed property value lost in a qualifying event.,damage/value/event,"Sum matched event damage and divide by the corresponding pre-event value at risk, including zero-loss exposed properties. Estimate by building and intensity class before aggregation.",Converts event frequency and exposed value into annual disaster damage costs.,Retained parameter: assumed,0 to 1 after explicit normalization; retain original measurement scale,Claims selection and limits bias observed ratios; total destruction is a separate outcome.,No complete standalone equation is supplied. Use the stated data derivation as a proposed input method and specify any dynamic response separately.,No standalone equation captured; see stock balance where applicable,Not a stock definition,,USD_damage/USD_property/event,82; 93,No direct guide input identified,Annual_Disaster_Damage_Costs [guide equation reference],Explicit guide relationship or category link; not verified in an executable model,Guide/source-assessment interpretation; derivation and repairs are documented proposals unless a retained transformation is identified,S25 S09 S56 S07,S25: OpenFEMA NFIP claims and Individual Assistance/Housing Assistance; S09: HCFCD flood reports and Harris County Flood Warning System; S56: FEMA Hazus Flood Model technical manual; S07: USACE National Structure Inventory,https://www.fema.gov/openfema-data-page/fima-nfip-redacted-claims-v2,"Required records: Dated event ID, location/footprint, intensity, observation coverage, exposed property IDs, loss or total-loss classification; projection scenario, baseline and ensemble member where relevant.","Dated event ID, location/footprint, intensity, observation coverage, exposed property IDs, loss or total-loss classification; projection scenario, baseline and ensemble member where relevant.",data/Parameters.csv (assumption/input record; measurement status shown separately),Midpoint of guide range except explicitly defined single-hazard convention,0.4,USD_damage/USD_property/event,assumed,Guide prior; no measured all-property event loss ratio.,S25: Local harmonized inputs retained. FEMA landing page returned 403 during this review; original lineage retained in upstream files. | S09: Official report and gauge pages read; targeted raw series remain to acquire. | S56: Official manual located during research; local structure/depth inputs must be assembled. | S07: Official technical documentation read; local SFHA extract retained.,"S25: Redacted claims/applications; local tract aggregation | S09: Watershed, gauge and event footprint | S56: Engineering loss-model methodology | S07: Structure points","S25: Historical panel coverage varies by source | S09: Event reports and gauge-specific records | S56: Hazus 7, 2025 manual | S07: 2022 documentation; a 2026 release also exists",,Original 215-entry dictionary,2026-09-10,2026-09-15
Average_Destruction_Rate,Hazard,Parameter,Fraction of exposed properties that become total losses during one qualifying event.,destroyed/exposed/event,Divide inspected total-loss properties by all comparable exposed properties in the same event footprint. Pool events only after accounting for intensity and property type.,Determines how many properties leave Properties_at_Risk through destruction rather than retreat.,Retained parameter: assumed,0 to 1 after explicit normalization; retain original measurement scale,Neither claims frequency nor mean loss fraction measures total destruction; preserve denominator uncertainty.,No complete standalone equation is supplied. Use the stated data derivation as a proposed input method and specify any dynamic response separately.,No standalone equation captured; see stock balance where applicable,Not a stock definition,,properties/property/event,48; 54,No direct guide input identified,Properties_Destroyed [guide equation reference],Explicit guide relationship or category link; not verified in an executable model,Guide/source-assessment interpretation; derivation and repairs are documented proposals unless a retained transformation is identified,S09 S21 S22 S25 S56 S58,S09: HCFCD flood reports and Harris County Flood Warning System; S21: HCD public-records access route; S22: HCFCD public-information access route; S25: OpenFEMA NFIP claims and Individual Assistance/Housing Assistance; S56: FEMA Hazus Flood Model technical manual; S58: Harris County Engineer floodplain management and permit records,https://www.hcfcd.org/About/Harris-Countys-Flooding-History/Countywide-Impacts,"Required records: Dated event ID, location/footprint, intensity, observation coverage, exposed property IDs, loss or total-loss classification; projection scenario, baseline and ensemble member where relevant.","Dated event ID, location/footprint, intensity, observation coverage, exposed property IDs, loss or total-loss classification; projection scenario, baseline and ensemble member where relevant.",data/Parameters.csv (assumption/input record; measurement status shown separately),Midpoint of guide range except explicitly defined single-hazard convention,0.125,properties/property/event,assumed,No observed total-destruction denominator; claims and IHP registrations are not all at-risk properties.,"S09: Official report and gauge pages read; targeted raw series remain to acquire. | S21: Official request route verified. No request submitted; responsive fields and release are unconfirmed. | S22: Official public-information request page read; no request submitted. | S25: Local harmonized inputs retained. FEMA landing page returned 403 during this review; original lineage retained in upstream files. | S56: Official manual located during research; local structure/depth inputs must be assembled. | S58: Official program page read; underlying historical bulk records are a request candidate, not verified downloadable data.","S09: Watershed, gauge and event footprint | S21: HCD cases, staff and program finances | S22: HCFCD program, acquisition, land and infrastructure records | S25: Redacted claims/applications; local tract aggregation | S56: Engineering loss-model methodology | S58: County permitting jurisdiction; city jurisdictions require separate coverage","S09: Event reports and gauge-specific records | S21: Request 2010–2024, with later completion dates for censoring | S22: Request historical cohorts and 2024 opening balances | S25: Historical panel coverage varies by source | S56: Hazus 7, 2025 manual | S58: Permit/inspection-specific history",,Original 215-entry dictionary,2026-09-10,2026-09-15
Base_Hazard_Frequency,Hazard,Parameter,Baseline arrival rate of the particular hazardous events represented by the model.,events/year,Count independent events meeting a fixed severity and footprint definition and divide by years with complete observation. The current parameter remains a guide prior; NOAA episode counts use a different definition.,Sets the baseline pace of hazard events before climate and random variation are applied.,Retained parameter: assumed,Nonnegative under the declared stock/flow convention; estimates and rates may be fractional,Choose a sufficiently long reference period; the 2010–2024 window alone may not stabilize rare-event frequency.,No complete standalone equation is supplied. Use the stated data derivation as a proposed input method and specify any dynamic response separately.,No standalone equation captured; see stock balance where applicable,Not a stock definition,,events/year,47; 53,No direct guide input identified,Hazard_Event_Rate [guide equation reference],Explicit guide relationship or category link; not verified in an executable model,Guide/source-assessment interpretation; derivation and repairs are documented proposals unless a retained transformation is identified,S08 S09 S10,S08: NOAA Storm Events bulk files; S09: HCFCD flood reports and Harris County Flood Warning System; S10: USGS Water Data APIs,https://www.ncei.noaa.gov/pub/data/swdi/stormevents/csvfiles/,event_id; start_date; end_date; hazard_type; scope_note; evidence_status; source_id,"Dated event ID, location/footprint, intensity, observation coverage, exposed property IDs, loss or total-loss classification; projection scenario, baseline and ensemble member where relevant.",data/Hazard_Inputs.csv,Midpoint of guide range except explicitly defined single-hazard convention,0.3,events/year,assumed,Catastrophic event definition and severity must be fitted jointly; NOAA reports average 4.8 episodes/year and are not this parameter.,S08: Bulk source used in existing package; annual files retained. | S09: Official report and gauge pages read; targeted raw series remain to acquire. | S10: Official API documentation and 2026 migration notice read; not downloaded for this report.,"S08: County/forecast zone and event locations | S09: Watershed, gauge and event footprint | S10: Stream gauge/site",S08: 2010–2024 files retained; longer archive available | S09: Event reports and gauge-specific records | S10: Historical and current; varies by site,,Original 215-entry dictionary,2026-09-10,2026-09-15
CC_Sensitivity_Parameter,Hazard,Parameter,Strength of the hazard response to a one-unit change in the normalized climate driver.,ratio response,Fit future-to-baseline event frequency or intensity ratios against the normalized climate indicator across ensemble members. Report fitted uncertainty; the current value is an assumed prior.,Controls how strongly the climate index changes Climate_Change_Multiplier.,Retained parameter: assumed,"Follow a documented instrument, ratio or rubric; range is not established by the variable name",Guide range is a prior; climate index scaling changes the parameter's meaning.,No complete standalone equation is supplied. Use the stated data derivation as a proposed input method and specify any dynamic response separately.,No standalone equation captured; see stock balance where applicable,Not a stock definition,,dimensionless,51; 55,No direct guide input identified,Climate_Change_Multiplier [guide equation reference],Explicit guide relationship or category link; not verified in an executable model,Guide/source-assessment interpretation; derivation and repairs are documented proposals unless a retained transformation is identified,S12 S13 S10,S12: USGS CMIP6 LOCA2 and National Climate Change Viewer; S13: NOAA relative sea-level trends and 2022 scenarios; S10: USGS Water Data APIs,https://www.usgs.gov/data/cmip6-loca2-spatial-summaries-counties-tiger-2023-1950-2100-contiguous-united-states,"Required records: Dated event ID, location/footprint, intensity, observation coverage, exposed property IDs, loss or total-loss classification; projection scenario, baseline and ensemble member where relevant.","Dated event ID, location/footprint, intensity, observation coverage, exposed property IDs, loss or total-loss classification; projection scenario, baseline and ensemble member where relevant.",data/Parameters.csv (assumption/input record; measurement status shown separately),Midpoint of guide range except explicitly defined single-hazard convention,1.25,dimensionless,assumed,No fitted precipitation-to-event-frequency response.,"S12: Official dataset and viewer pages read; candidate download. | S13: Official pages read; scenario files not acquired. NOAA page announces a September 30, 2026 site transition. | S10: Official API documentation and 2026 migration notice read; not downloaded for this report.",S12: County summaries; underlying downscaled grids | S13: Galveston Pier 21 and coastal region | S10: Stream gauge/site,S12: 1950–2100; historical and SSP scenarios | S13: Observed station series; projected scenario horizons | S10: Historical and current; varies by site,,Original 215-entry dictionary,2026-09-10,2026-09-15
Hazard_Perception_Delay,Hazard,Parameter,Average lag between changing physical risk and an associated change in perceived risk.,years,"Link dated events or risk information to repeated perception surveys. Estimate the adjustment lag, accounting for baseline beliefs and incomplete follow-up.",Sets the smoothing time for the optional Perceived_Hazard_Risk relationship.,Retained parameter: assumed,Positive duration in years; zero requires a separately specified instantaneous process,The guide 1–3 years is an illustrative prior; panel timing must identify the lag.,No complete standalone equation is supplied. Use the stated data derivation as a proposed input method and specify any dynamic response separately.,No standalone equation captured; see stock balance where applicable,Not a stock definition,,year,173; 174,No direct guide input identified,Perceived_Hazard_Risk [guide equation reference],Explicit guide relationship or category link; not verified in an executable model,Guide/source-assessment interpretation; derivation and repairs are documented proposals unless a retained transformation is identified,S33 S37 S09,S33: Rice Greater Houston Community Panel (GHCP); S37: Rice Texas Flood Registry; S09: HCFCD flood reports and Harris County Flood Warning System,https://www.kinderudp.org/#/datasetCatalog/oxwq5xg0ewkj,"Required records: Dated event ID, location/footprint, intensity, observation coverage, exposed property IDs, loss or total-loss classification; projection scenario, baseline and ensemble member where relevant.","Dated event ID, location/footprint, intensity, observation coverage, exposed property IDs, loss or total-loss classification; projection scenario, baseline and ensemble member where relevant.",data/Parameters.csv (assumption/input record; measurement status shown separately),Midpoint of guide range except explicitly defined single-hazard convention,2,year,assumed,Guide prior.,S33: Catalog and 248-page codebook read; codebook downloaded. Public-use data require a request form; no request submitted. Public files omit geocodes. | S37: Institutional page and catalog descriptions read; underlying records/precise access need confirmation. | S09: Official report and gauge pages read; targeted raw series remain to acquire.,"S33: Greater Houston adult respondents; Harris subset/weights must be established | S37: Participating Houston-area residents; public aggregated products | S09: Watershed, gauge and event footprint","S33: 2023–2024 public-use waves; release listed January 9, 2026 | S37: Post-Harvey waves; product-specific | S09: Event reports and gauge-specific records",,Original 215-entry dictionary,2026-09-10,2026-09-15
Hazard_Severity_Factor,Hazard,Parameter,Intensity of the modeled hazard relative to an explicitly defined reference event.,normalized intensity,"Select depth, duration, velocity or damage-based severity; divide by a fixed reference value and validate across event types. The guide's 1 to 10 values remain illustrative.",Distinguishes severe events from frequent mild events in the exposure index.,Retained parameter: assumed,"Follow a documented instrument, ratio or rubric; range is not established by the variable name",A single countywide severity factor can obscure different mechanisms and exposed structure types.,No complete standalone equation is supplied. Use the stated data derivation as a proposed input method and specify any dynamic response separately.,No standalone equation captured; see stock balance where applicable,Not a stock definition,,dimensionless,50; 56; 523,No direct guide input identified,Hazard_Exposure_Index [guide equation reference],Explicit guide relationship or category link; not verified in an executable model,Guide/source-assessment interpretation; derivation and repairs are documented proposals unless a retained transformation is identified,S09 S10 S56,S09: HCFCD flood reports and Harris County Flood Warning System; S10: USGS Water Data APIs; S56: FEMA Hazus Flood Model technical manual,https://www.hcfcd.org/About/Harris-Countys-Flooding-History/Countywide-Impacts,"Required records: Dated event ID, location/footprint, intensity, observation coverage, exposed property IDs, loss or total-loss classification; projection scenario, baseline and ensemble member where relevant.","Dated event ID, location/footprint, intensity, observation coverage, exposed property IDs, loss or total-loss classification; projection scenario, baseline and ensemble member where relevant.",data/Parameters.csv (assumption/input record; measurement status shown separately),Midpoint of guide range except explicitly defined single-hazard convention,1,dimensionless,assumed,Single flooding hazard convention from guide.,S09: Official report and gauge pages read; targeted raw series remain to acquire. | S10: Official API documentation and 2026 migration notice read; not downloaded for this report. | S56: Official manual located during research; local structure/depth inputs must be assembled.,"S09: Watershed, gauge and event footprint | S10: Stream gauge/site | S56: Engineering loss-model methodology","S09: Event reports and gauge-specific records | S10: Historical and current; varies by site | S56: Hazus 7, 2025 manual",,Original 215-entry dictionary,2026-09-10,2026-09-15
CC_Impact_Increase_Rate,Hazard,Flow referenced by a stock,Annual change in the chosen climate-impact index.,index points/year,"Build a scenario-specific climate indicator series, transform it using a fixed documented baseline and scale, and divide successive changes by elapsed years.",Accumulates climate change in Climate_Change_Impact_Index.,Calculated once compatible inputs and definitions are supplied,Signed values allowed if meaningful for the chosen physical reference; index bounds require definition,Do not extrapolate a constant index increment across scenarios without physical justification.,"This flow is named by a stock, but the guide provides no complete equation. Estimate it from the described records or specify a dimensioned response before simulation.",No standalone equation captured; see stock balance where applicable,Not a stock definition,,unresolved,45,No direct guide input identified,Climate_Change_Impact_Index [stock inflow],Explicit guide relationship or category link; not verified in an executable model,Guide/source-assessment interpretation; derivation and repairs are documented proposals unless a retained transformation is identified,S12 S13 M01,S12: USGS CMIP6 LOCA2 and National Climate Change Viewer; S13: NOAA relative sea-level trends and 2022 scenarios; M01: Ali shared system-dynamics guide and mind map,https://www.usgs.gov/data/cmip6-loca2-spatial-summaries-counties-tiger-2023-1950-2100-contiguous-united-states,"Required records: Dated event ID, location/footprint, intensity, observation coverage, exposed property IDs, loss or total-loss classification; projection scenario, baseline and ensemble member where relevant.","Dated event ID, location/footprint, intensity, observation coverage, exposed property IDs, loss or total-loss classification; projection scenario, baseline and ensemble member where relevant.",No exact usable input file certified; see source assessment,No exact model transformation certified,,,,,"S12: Official dataset and viewer pages read; candidate download. | S13: Official pages read; scenario files not acquired. NOAA page announces a September 30, 2026 site transition. | M01: Both original files inspected; 215-entry dictionary reconciled against full guide.",S12: County summaries; underlying downscaled grids | S13: Galveston Pier 21 and coastal region | M01: Generic model requiring Harris County localization,"S12: 1950–2100; historical and SSP scenarios | S13: Observed station series; projected scenario horizons | M01: DOCX guide; mind map dated October 15, 2024",,Original 215-entry dictionary,2026-09-10,2026-09-15
Current_CC_Impact,Hazard,Initial value,Baseline initializer of Climate_Change_Impact_Index retained under the guide's original name.,index or physical anomaly,"Derive Climate_Change_Impact_Index for the chosen opening date, then hold that starting value fixed as the stock initializer. Select a physically meaningful driver, such as an extreme-precipitation change. Document the transformation to the guide's index and calculate a baseline value and trajectory. Do not average incompatible physical units.",Initializes Climate_Change_Impact_Index; it is not a second independently changing stock.,Derived from/reconciled to Climate_Change_Impact_Index,"Follow a documented instrument, ratio or rubric; range is not established by the variable name","Retain the original spelling in the audit, but do not create a second independently calibrated variable.",Initializes Climate_Change_Impact_Index; it is not a second independently changing stock. Select one canonical name or input mapping before implementation.,No standalone equation captured; see stock balance where applicable,Not a stock definition,,unresolved,45,No direct guide input identified,Climate_Change_Impact_Index [stock initializer],Explicit guide relationship or category link; not verified in an executable model,Guide/source-assessment interpretation; derivation and repairs are documented proposals unless a retained transformation is identified,S12 S13,S12: USGS CMIP6 LOCA2 and National Climate Change Viewer; S13: NOAA relative sea-level trends and 2022 scenarios,https://www.usgs.gov/data/cmip6-loca2-spatial-summaries-counties-tiger-2023-1950-2100-contiguous-united-states,"Required records: Dated event ID, location/footprint, intensity, observation coverage, exposed property IDs, loss or total-loss classification; projection scenario, baseline and ensemble member where relevant.","Dated event ID, location/footprint, intensity, observation coverage, exposed property IDs, loss or total-loss classification; projection scenario, baseline and ensemble member where relevant.",No exact usable input file certified; see source assessment,No exact model transformation certified,,,,,"S12: Official dataset and viewer pages read; candidate download. | S13: Official pages read; scenario files not acquired. NOAA page announces a September 30, 2026 site transition.",S12: County summaries; underlying downscaled grids | S13: Galveston Pier 21 and coastal region,S12: 1950–2100; historical and SSP scenarios | S13: Observed station series; projected scenario horizons,Climate_Change_Impact_Index,Original 215-entry dictionary,2026-09-10,2026-09-15
Initial_Properties_in_Hazard_Zone,Hazard,Initial value,Baseline initializer of Properties_at_Risk retained under the guide's original name.,properties,"Derive Properties_at_Risk for the chosen opening date, then hold that starting value fixed as the stock initializer. Existing proxy: count distinct residential acct with sfha_any_overlap_2026=True in Residential_Parcel_Inputs. A historical estimate requires a contemporaneous footprint. Update by new exposed development minus retreat and destruction.",Initializes Properties_at_Risk; it is not a second independently changing stock.,Derived from/reconciled to Properties_at_Risk,Nonnegative under the declared stock/flow convention; estimates and rates may be fractional,"Retain the original spelling in the audit, but do not create a second independently calibrated variable.",Initializes Properties_at_Risk; it is not a second independently changing stock. Select one canonical name or input mapping before implementation.,No standalone equation captured; see stock balance where applicable,Not a stock definition,,unresolved,43,No direct guide input identified,Properties_at_Risk [stock initializer],Explicit guide relationship or category link; not verified in an executable model,Guide/source-assessment interpretation; derivation and repairs are documented proposals unless a retained transformation is identified,S05 S06 S07,S05: Harris Central Appraisal District account and parcel downloads; S06: FEMA National Flood Hazard Layer and map history; S07: USACE National Structure Inventory,https://hcad.org/pdata/pdata-property-downloads.html/,acct; residential_account; geometry_matched; sfha_any_overlap_2026; sfha_representative_point_2026,"Dated event ID, location/footprint, intensity, observation coverage, exposed property IDs, loss or total-loss classification; projection scenario, baseline and ensemble member where relevant.",data/Residential_Parcel_Inputs.csv.gz,No exact model transformation certified,,,,,S05: Official pages checked; 2024 raw archives already retained. | S06: Official map-change instructions identified; existing local NFHL layer retained. | S07: Official technical documentation read; local SFHA extract retained.,S05: Parcel/account and taxing jurisdiction | S06: Flood-zone polygons | S07: Structure points,S05: 2024 retained; inspect annual historical availability | S06: March 2026 local layer; historic effective dates must be reconstructed | S07: 2022 documentation; a 2026 release also exists,Properties_at_Risk,Original 215-entry dictionary,2026-09-10,2026-09-15
New_Development_in_Risk_Zone,Hazard,Flow referenced by a stock,Newly completed properties entering the exposed inventory per year.,properties/year,"Link consecutive parcel and improvement records with permit completion dates, identify genuinely new properties, and intersect with the chosen dated hazard zone. Divide entries by interval years.",Adds exposure to Properties_at_Risk and can offset risk reduction from retreat.,Measurement route identified; exact model input not certified,Nonnegative under the declared stock/flow convention; estimates and rates may be fractional,Current map overlays confound historical development and subsequent mapping changes.,"This flow is named by a stock, but the guide provides no complete equation. Estimate it from the described records or specify a dimensioned response before simulation.",No standalone equation captured; see stock balance where applicable,Not a stock definition,,unresolved,43; 508,No direct guide input identified,Properties_at_Risk [stock inflow],Explicit guide relationship or category link; not verified in an executable model,Guide/source-assessment interpretation; derivation and repairs are documented proposals unless a retained transformation is identified,S05 S06 S15 S49 S58,S05: Harris Central Appraisal District account and parcel downloads; S06: FEMA National Flood Hazard Layer and map history; S15: Houston-Galveston Area Council forecasts and land cover; S49: USGS Annual National Land Cover Database; S58: Harris County Engineer floodplain management and permit records,https://hcad.org/pdata/pdata-property-downloads.html/,"Required records: Dated event ID, location/footprint, intensity, observation coverage, exposed property IDs, loss or total-loss classification; projection scenario, baseline and ensemble member where relevant.","Dated event ID, location/footprint, intensity, observation coverage, exposed property IDs, loss or total-loss classification; projection scenario, baseline and ensemble member where relevant.",No exact usable input file certified; see source assessment,No exact model transformation certified,,,,,"S05: Official pages checked; 2024 raw archives already retained. | S06: Official map-change instructions identified; existing local NFHL layer retained. | S15: Official pages checked; local forecast and changed-parcel extracts retained; some GIS uses a request form. | S49: Official access pages read; raster not newly downloaded. | S58: Official program page read; underlying historical bulk records are a request candidate, not verified downloadable data.","S05: Parcel/account and taxing jurisdiction | S06: Flood-zone polygons | S15: Region, tract/forecast zones and parcels | S49: 30-m raster | S58: County permitting jurisdiction; city jurisdictions require separate coverage",S05: 2024 retained; inspect annual historical availability | S06: March 2026 local layer; historic effective dates must be reconstructed | S15: Existing forecast/land-change files; horizon varies by edition | S49: 1985–2024 in the inspected release | S58: Permit/inspection-specific history,,Original 215-entry dictionary,2026-09-10,2026-09-15
Random_Variation,Hazard,Proposed auxiliary or input,Stochastic deviation around expected hazard frequency or intensity.,stochastic residual,Fit residual distribution and serial dependence after the climate and trend model. Specify a seed and resampling interval; constrain the realized hazard rate to remain nonnegative.,Creates comparable uncertain hazard paths for scenario testing.,Requires calibration or longitudinal evidence,Distribution and seed required; hazard rate must remain nonnegative,A normal additive draw may create negative hazard rates; use suitable bounded/count processes.,No complete standalone equation is supplied. Use the stated data derivation as a proposed input method and specify any dynamic response separately.,No standalone equation captured; see stock balance where applicable,Not a stock definition,,unresolved,47,No direct guide input identified,Hazard_Event_Rate [guide equation reference],Explicit guide relationship or category link; not verified in an executable model,Guide/source-assessment interpretation; derivation and repairs are documented proposals unless a retained transformation is identified,S08 S10 S12,S08: NOAA Storm Events bulk files; S10: USGS Water Data APIs; S12: USGS CMIP6 LOCA2 and National Climate Change Viewer,https://www.ncei.noaa.gov/pub/data/swdi/stormevents/csvfiles/,"Required records: Dated event ID, location/footprint, intensity, observation coverage, exposed property IDs, loss or total-loss classification; projection scenario, baseline and ensemble member where relevant.","Dated event ID, location/footprint, intensity, observation coverage, exposed property IDs, loss or total-loss classification; projection scenario, baseline and ensemble member where relevant.",No exact usable input file certified; see source assessment,No exact model transformation certified,,,,,S08: Bulk source used in existing package; annual files retained. | S10: Official API documentation and 2026 migration notice read; not downloaded for this report. | S12: Official dataset and viewer pages read; candidate download.,S08: County/forecast zone and event locations | S10: Stream gauge/site | S12: County summaries; underlying downscaled grids,S08: 2010–2024 files retained; longer archive available | S10: Historical and current; varies by site | S12: 1950–2100; historical and SSP scenarios,,Original 215-entry dictionary,2026-09-10,2026-09-15
Total_Hazard_Zone_Area,Hazard,Proposed auxiliary or input,Area of the defined hazard-zone footprint inside the model boundary.,hectares,"Clip the dated hazard polygons to the boundary, dissolve overlaps and compute area in an appropriate projected CRS. Convert square metres to hectares by dividing by 10000.",Normalizes restored land when estimating Natural_Hazard_Buffer_Capacity.,Measurement route identified; exact model input not certified,Nonnegative under the declared stock/flow convention; estimates and rates may be fractional,Do not sum overlapping flood mechanisms; distinguish regulatory zone from event footprint.,No complete standalone equation is supplied. Use the stated data derivation as a proposed input method and specify any dynamic response separately.,No standalone equation captured; see stock balance where applicable,Not a stock definition,,unresolved,164,No direct guide input identified,Natural_Hazard_Buffer_Capacity [guide equation reference],Explicit guide relationship or category link; not verified in an executable model,Guide/source-assessment interpretation; derivation and repairs are documented proposals unless a retained transformation is identified,S06 S09 S11,S06: FEMA National Flood Hazard Layer and map history; S09: HCFCD flood reports and Harris County Flood Warning System; S11: Texas Water Development Board flood planning datasets,https://www.fema.gov/sites/default/files/documents/fema_flood-map-change-viewer_instructions.pdf,"Required records: Dated event ID, location/footprint, intensity, observation coverage, exposed property IDs, loss or total-loss classification; projection scenario, baseline and ensemble member where relevant.","Dated event ID, location/footprint, intensity, observation coverage, exposed property IDs, loss or total-loss classification; projection scenario, baseline and ensemble member where relevant.",No exact usable input file certified; see source assessment,No exact model transformation certified,,,,,S06: Official map-change instructions identified; existing local NFHL layer retained. | S09: Official report and gauge pages read; targeted raw series remain to acquire. | S11: Official download and floodplain documentation pages read; candidate additional GIS.,"S06: Flood-zone polygons | S09: Watershed, gauge and event footprint | S11: Statewide; extract Harris County/watersheds",S06: March 2026 local layer; historic effective dates must be reconstructed | S09: Event reports and gauge-specific records | S11: Dataset-specific; 2021 floodplain compilation and planning updates,,Original 215-entry dictionary,2026-09-10,2026-09-15
Total_Properties,Hazard,Proposed auxiliary or input,"All properties in the same geography, date and property universe as Properties_at_Risk.",properties,"Count distinct in-scope account or structure IDs, including exposed and unexposed units. Retain unmatched hazard status as unknown.",Provides the denominator for the exposed-property share.,Measurement route identified; exact model input not certified,Nonnegative under the declared stock/flow convention; estimates and rates may be fractional,Do not mix all-property denominator with residential-only exposure or structures with parcels.,No complete standalone equation is supplied. Use the stated data derivation as a proposed input method and specify any dynamic response separately.,No standalone equation captured; see stock balance where applicable,Not a stock definition,,unresolved,50; 522,No direct guide input identified,Hazard_Exposure_Index [guide equation reference],Explicit guide relationship or category link; not verified in an executable model,Guide/source-assessment interpretation; derivation and repairs are documented proposals unless a retained transformation is identified,S05 S07,S05: Harris Central Appraisal District account and parcel downloads; S07: USACE National Structure Inventory,https://hcad.org/pdata/pdata-property-downloads.html/,acct; residential_account; county_tax_jurisdiction,"Dated event ID, location/footprint, intensity, observation coverage, exposed property IDs, loss or total-loss classification; projection scenario, baseline and ensemble member where relevant.",data/Residential_Parcel_Inputs.csv.gz,No exact model transformation certified,,,,,S05: Official pages checked; 2024 raw archives already retained. | S07: Official technical documentation read; local SFHA extract retained.,S05: Parcel/account and taxing jurisdiction | S07: Structure points,S05: 2024 retained; inspect annual historical availability | S07: 2022 documentation; a 2026 release also exists,,Original 215-entry dictionary,2026-09-10,2026-09-15
Active_Hazards,Hazard,Proposed auxiliary or input,Number of qualifying hazards occurring together in the same modeled place and event window.,hazard count,"Define intensity thresholds and a common event window, create one exceedance flag per hazard, then sum the flags.",Activates the optional compound-hazard multiplier. A count alone does not establish a joint damage effect.,Calculated once compatible inputs and definitions are supplied,"Follow a documented instrument, ratio or rubric; range is not established by the variable name",A simple count does not estimate compounding damage or account for dependent mechanisms.,No complete standalone equation is supplied. Use the stated data derivation as a proposed input method and specify any dynamic response separately.,No standalone equation captured; see stock balance where applicable,Not a stock definition,,,353,No direct guide input identified,Compounding_Effect_Multiplier [guide equation reference],Explicit guide relationship or category link; not verified in an executable model,Guide/source-assessment interpretation; derivation and repairs are documented proposals unless a retained transformation is identified,S09 S11 S13 S14 S57,S09: HCFCD flood reports and Harris County Flood Warning System; S11: Texas Water Development Board flood planning datasets; S13: NOAA relative sea-level trends and 2022 scenarios; S14: US Forest Service Wildfire Risk to Communities; S57: UT Austin Bureau of Economic Geology bay shoreline change,https://www.hcfcd.org/About/Harris-Countys-Flooding-History/Countywide-Impacts,"Required records: Dated event ID, location/footprint, intensity, observation coverage, exposed property IDs, loss or total-loss classification; projection scenario, baseline and ensemble member where relevant.","Dated event ID, location/footprint, intensity, observation coverage, exposed property IDs, loss or total-loss classification; projection scenario, baseline and ensemble member where relevant.",No exact usable input file certified; see source assessment,No exact model transformation certified,,,,,"S09: Official report and gauge pages read; targeted raw series remain to acquire. | S11: Official download and floodplain documentation pages read; candidate additional GIS. | S13: Official pages read; scenario files not acquired. NOAA page announces a September 30, 2026 site transition. | S14: Official project methods/download pages read; optional source only. | S57: Official project page and GIS service metadata read; no GIS export acquired.","S09: Watershed, gauge and event footprint | S11: Statewide; extract Harris County/watersheds | S13: Galveston Pier 21 and coastal region | S14: National raster and community summaries | S57: Galveston/Trinity/East/West Bay shorelines, including relevant Harris frontage",S09: Event reports and gauge-specific records | S11: Dataset-specific; 2021 floodplain compilation and planning updates | S13: Observed station series; projected scenario horizons | S14: Release-specific | S57: Historical shoreline intervals; Galveston system update through 2022,,Additional guide/configuration entry,2026-09-10,2026-09-15
Actual_Hazard_Risk,Hazard,Proposed auxiliary or input,A selected physical risk measure for the exposed population or property inventory.,annual probability or expected loss,"Choose either annual exceedance probability or expected annual loss. For loss, combine event probabilities, spatial intensity, exposed assets and damage functions over mutually consistent events.",Supplies the objective risk signal that is delayed into Perceived_Hazard_Risk. Its scale must match that perception equation.,Calculated once compatible inputs and definitions are supplied,0 to 1 after explicit normalization; retain original measurement scale,Define risk separately from exposure and retain uncertainty rather than imply perfect knowledge.,No complete standalone equation is supplied. Use the stated data derivation as a proposed input method and specify any dynamic response separately.,No standalone equation captured; see stock balance where applicable,Not a stock definition,,,174,No direct guide input identified,Perceived_Hazard_Risk [guide equation reference],Explicit guide relationship or category link; not verified in an executable model,Guide/source-assessment interpretation; derivation and repairs are documented proposals unless a retained transformation is identified,S09 S10 S11 S56,S09: HCFCD flood reports and Harris County Flood Warning System; S10: USGS Water Data APIs; S11: Texas Water Development Board flood planning datasets; S56: FEMA Hazus Flood Model technical manual,https://www.hcfcd.org/About/Harris-Countys-Flooding-History/Countywide-Impacts,"Required records: Dated event ID, location/footprint, intensity, observation coverage, exposed property IDs, loss or total-loss classification; projection scenario, baseline and ensemble member where relevant.","Dated event ID, location/footprint, intensity, observation coverage, exposed property IDs, loss or total-loss classification; projection scenario, baseline and ensemble member where relevant.",No exact usable input file certified; see source assessment,No exact model transformation certified,,,,,S09: Official report and gauge pages read; targeted raw series remain to acquire. | S10: Official API documentation and 2026 migration notice read; not downloaded for this report. | S11: Official download and floodplain documentation pages read; candidate additional GIS. | S56: Official manual located during research; local structure/depth inputs must be assembled.,"S09: Watershed, gauge and event footprint | S10: Stream gauge/site | S11: Statewide; extract Harris County/watersheds | S56: Engineering loss-model methodology","S09: Event reports and gauge-specific records | S10: Historical and current; varies by site | S11: Dataset-specific; 2021 floodplain compilation and planning updates | S56: Hazus 7, 2025 manual",,Additional guide/configuration entry,2026-09-10,2026-09-15
CC_Impact_Rate,Hazard,Alias,Same quantity of CC_Impact_Increase_Rate retained under the guide's original name.,index points/year,"Use the same definition, units and measurement as CC_Impact_Increase_Rate. Build a scenario-specific climate indicator series, transform it using a fixed documented baseline and scale, and divide successive changes by elapsed years.",Connects guide references to CC_Impact_Increase_Rate without creating a duplicate input or stock.,Derived from/reconciled to CC_Impact_Increase_Rate,"Follow a documented instrument, ratio or rubric; range is not established by the variable name","Retain the original spelling in the audit, but do not create a second independently calibrated variable.",Connects guide references to CC_Impact_Increase_Rate without creating a duplicate input or stock. Select one canonical name or input mapping before implementation.,No standalone equation captured; see stock balance where applicable,Not a stock definition,,,357,No direct guide input identified,Climate_Change_Impact_Index [guide equation reference],Explicit guide relationship or category link; not verified in an executable model,Guide/source-assessment interpretation; derivation and repairs are documented proposals unless a retained transformation is identified,S12 S13,S12: USGS CMIP6 LOCA2 and National Climate Change Viewer; S13: NOAA relative sea-level trends and 2022 scenarios,https://www.usgs.gov/data/cmip6-loca2-spatial-summaries-counties-tiger-2023-1950-2100-contiguous-united-states,"Required records: Dated event ID, location/footprint, intensity, observation coverage, exposed property IDs, loss or total-loss classification; projection scenario, baseline and ensemble member where relevant.","Dated event ID, location/footprint, intensity, observation coverage, exposed property IDs, loss or total-loss classification; projection scenario, baseline and ensemble member where relevant.",No exact usable input file certified; see source assessment,No exact model transformation certified,,,,,"S12: Official dataset and viewer pages read; candidate download. | S13: Official pages read; scenario files not acquired. NOAA page announces a September 30, 2026 site transition.",S12: County summaries; underlying downscaled grids | S13: Galveston Pier 21 and coastal region,S12: 1950–2100; historical and SSP scenarios | S13: Observed station series; projected scenario horizons,CC_Impact_Increase_Rate,Additional guide/configuration entry,2026-09-10,2026-09-15
Coastal_Erosion,Hazard,Proposed auxiliary or input,Optional shoreline-retreat hazard and the properties exposed to it.,m/year and exposed properties,"Calculate shoreline displacement divided by years between surveys, retain transect uncertainty, and overlay projected erosion envelopes with property locations.",Adds an optional coastal exposure mechanism to Hazard_Type. Shoreline change is not interchangeable with flood probability.,Measurement route identified; exact model input not certified,Nonnegative under the declared stock/flow convention; estimates and rates may be fractional,Do not apply open-Gulf beach rates to Harris County bay frontage or all inland properties. This name is also used as a subscript category in the guide; resolve the naming collision.,No complete standalone equation is supplied. Use the stated data derivation as a proposed input method and specify any dynamic response separately.,No standalone equation captured; see stock balance where applicable,Not a stock definition,,,351,No direct guide input identified,Hazard_Type [category option],Explicit guide relationship or category link; not verified in an executable model,Guide/source-assessment interpretation; derivation and repairs are documented proposals unless a retained transformation is identified,S57 S05,S57: UT Austin Bureau of Economic Geology bay shoreline change; S05: Harris Central Appraisal District account and parcel downloads,https://www.beg.utexas.edu/research/programs/coastal/texas-bay-shoreline-change,"Required records: Dated event ID, location/footprint, intensity, observation coverage, exposed property IDs, loss or total-loss classification; projection scenario, baseline and ensemble member where relevant.","Dated event ID, location/footprint, intensity, observation coverage, exposed property IDs, loss or total-loss classification; projection scenario, baseline and ensemble member where relevant.",No exact usable input file certified; see source assessment,No exact model transformation certified,,,,,S57: Official project page and GIS service metadata read; no GIS export acquired. | S05: Official pages checked; 2024 raw archives already retained.,"S57: Galveston/Trinity/East/West Bay shorelines, including relevant Harris frontage | S05: Parcel/account and taxing jurisdiction",S57: Historical shoreline intervals; Galveston system update through 2022 | S05: 2024 retained; inspect annual historical availability,,Additional guide/configuration entry,2026-09-10,2026-09-15
Compounding_Effect_Multiplier,Hazard,Auxiliary or delayed quantity,Additional risk associated with interacting hazards relative to their consistently defined separate effects.,joint/single risk ratio,"Compare joint-event losses with a specified single-hazard reference using matched footprints, timing and exposure. Estimate dependence rather than treating a hazard count as an empirical multiplier.",Allows optional compound events to increase hazard consequences after a downstream connection is specified.,Requires calibration or longitudinal evidence,"Follow a documented instrument, ratio or rubric; range is not established by the variable name",Guide increment 0.3 per added hazard is illustrative and can double count correlated flood mechanisms. See the simulation relationship for the required equation review.,The guide adds 0.3 per extra active hazard as an assumption. Estimate dependence and consequences before using this relationship.,"Guide paragraph 353: IF THEN ELSE(Active_Hazards > 1,
1 + 0.3 * (Active_Hazards - 1),
1.0)",Not a stock definition,,,353,Active_Hazards [guide equation reference],No downstream equation specified in the guide,Proposed input or output; downstream connection is not fully specified,Guide/source-assessment interpretation; derivation and repairs are documented proposals unless a retained transformation is identified,S09 S10 S13 S14 S57,S09: HCFCD flood reports and Harris County Flood Warning System; S10: USGS Water Data APIs; S13: NOAA relative sea-level trends and 2022 scenarios; S14: US Forest Service Wildfire Risk to Communities; S57: UT Austin Bureau of Economic Geology bay shoreline change,https://www.hcfcd.org/About/Harris-Countys-Flooding-History/Countywide-Impacts,"Required records: Dated event ID, location/footprint, intensity, observation coverage, exposed property IDs, loss or total-loss classification; projection scenario, baseline and ensemble member where relevant.","Dated event ID, location/footprint, intensity, observation coverage, exposed property IDs, loss or total-loss classification; projection scenario, baseline and ensemble member where relevant.",No exact usable input file certified; see source assessment,No exact model transformation certified,,,,,"S09: Official report and gauge pages read; targeted raw series remain to acquire. | S10: Official API documentation and 2026 migration notice read; not downloaded for this report. | S13: Official pages read; scenario files not acquired. NOAA page announces a September 30, 2026 site transition. | S14: Official project methods/download pages read; optional source only. | S57: Official project page and GIS service metadata read; no GIS export acquired.","S09: Watershed, gauge and event footprint | S10: Stream gauge/site | S13: Galveston Pier 21 and coastal region | S14: National raster and community summaries | S57: Galveston/Trinity/East/West Bay shorelines, including relevant Harris frontage",S09: Event reports and gauge-specific records | S10: Historical and current; varies by site | S13: Observed station series; projected scenario horizons | S14: Release-specific | S57: Historical shoreline intervals; Galveston system update through 2022,,Additional guide/configuration entry,2026-09-10,2026-09-15
Hazard_Exposure,Hazard,Proposed auxiliary or input,Hazard-specific inventory of properties or people inside a defined footprint.,exposed properties by hazard,Intersect dated hazard footprints with one common exposure inventory and retain a property-by-hazard flag table. Count distinct units within each hazard.,Supplies the optional multi-hazard aggregation while preserving overlaps between hazards.,Calculated once compatible inputs and definitions are supplied,Nonnegative under the declared stock/flow convention; estimates and rates may be fractional,Keep hazard-specific intensity and probability separate from the exposed-property count.,No complete standalone equation is supplied. Use the stated data derivation as a proposed input method and specify any dynamic response separately.,No standalone equation captured; see stock balance where applicable,Not a stock definition,,,352,No direct guide input identified,Total_Hazard_Exposure [guide equation reference],Explicit guide relationship or category link; not verified in an executable model,Guide/source-assessment interpretation; derivation and repairs are documented proposals unless a retained transformation is identified,S05 S06 S09 S11 S14 S57,S05: Harris Central Appraisal District account and parcel downloads; S06: FEMA National Flood Hazard Layer and map history; S09: HCFCD flood reports and Harris County Flood Warning System; S11: Texas Water Development Board flood planning datasets; S14: US Forest Service Wildfire Risk to Communities; S57: UT Austin Bureau of Economic Geology bay shoreline change,https://hcad.org/pdata/pdata-property-downloads.html/,"Required records: Dated event ID, location/footprint, intensity, observation coverage, exposed property IDs, loss or total-loss classification; projection scenario, baseline and ensemble member where relevant.","Dated event ID, location/footprint, intensity, observation coverage, exposed property IDs, loss or total-loss classification; projection scenario, baseline and ensemble member where relevant.",No exact usable input file certified; see source assessment,No exact model transformation certified,,,,,S05: Official pages checked; 2024 raw archives already retained. | S06: Official map-change instructions identified; existing local NFHL layer retained. | S09: Official report and gauge pages read; targeted raw series remain to acquire. | S11: Official download and floodplain documentation pages read; candidate additional GIS. | S14: Official project methods/download pages read; optional source only. | S57: Official project page and GIS service metadata read; no GIS export acquired.,"S05: Parcel/account and taxing jurisdiction | S06: Flood-zone polygons | S09: Watershed, gauge and event footprint | S11: Statewide; extract Harris County/watersheds | S14: National raster and community summaries | S57: Galveston/Trinity/East/West Bay shorelines, including relevant Harris frontage",S05: 2024 retained; inspect annual historical availability | S06: March 2026 local layer; historic effective dates must be reconstructed | S09: Event reports and gauge-specific records | S11: Dataset-specific; 2021 floodplain compilation and planning updates | S14: Release-specific | S57: Historical shoreline intervals; Galveston system update through 2022,,Additional guide/configuration entry,2026-09-10,2026-09-15
Initial_CC_Impact,Hazard,Initial value,Baseline initializer of Climate_Change_Impact_Index retained under the guide's original name.,index or physical anomaly,"Derive Climate_Change_Impact_Index for the chosen opening date, then hold that starting value fixed as the stock initializer. Select a physically meaningful driver, such as an extreme-precipitation change. Document the transformation to the guide's index and calculate a baseline value and trajectory. Do not average incompatible physical units.",Initializes Climate_Change_Impact_Index; it is not a second independently changing stock.,Derived from/reconciled to Climate_Change_Impact_Index,"Follow a documented instrument, ratio or rubric; range is not established by the variable name","Retain the original spelling in the audit, but do not create a second independently calibrated variable.",Initializes Climate_Change_Impact_Index; it is not a second independently changing stock. Select one canonical name or input mapping before implementation.,No standalone equation captured; see stock balance where applicable,Not a stock definition,,,357,No direct guide input identified,Climate_Change_Impact_Index [guide equation reference],Explicit guide relationship or category link; not verified in an executable model,Guide/source-assessment interpretation; derivation and repairs are documented proposals unless a retained transformation is identified,S12 S13,S12: USGS CMIP6 LOCA2 and National Climate Change Viewer; S13: NOAA relative sea-level trends and 2022 scenarios,https://www.usgs.gov/data/cmip6-loca2-spatial-summaries-counties-tiger-2023-1950-2100-contiguous-united-states,"Required records: Dated event ID, location/footprint, intensity, observation coverage, exposed property IDs, loss or total-loss classification; projection scenario, baseline and ensemble member where relevant.","Dated event ID, location/footprint, intensity, observation coverage, exposed property IDs, loss or total-loss classification; projection scenario, baseline and ensemble member where relevant.",No exact usable input file certified; see source assessment,No exact model transformation certified,,,,,"S12: Official dataset and viewer pages read; candidate download. | S13: Official pages read; scenario files not acquired. NOAA page announces a September 30, 2026 site transition.",S12: County summaries; underlying downscaled grids | S13: Galveston Pier 21 and coastal region,S12: 1950–2100; historical and SSP scenarios | S13: Observed station series; projected scenario horizons,Climate_Change_Impact_Index,Additional guide/configuration entry,2026-09-10,2026-09-15
Initial_Properties,Hazard,Initial value,Baseline initializer of Properties_at_Risk retained under the guide's original name.,properties,"Derive Properties_at_Risk for the chosen opening date, then hold that starting value fixed as the stock initializer. Existing proxy: count distinct residential acct with sfha_any_overlap_2026=True in Residential_Parcel_Inputs. A historical estimate requires a contemporaneous footprint. Update by new exposed development minus retreat and destruction.",Initializes Properties_at_Risk; it is not a second independently changing stock.,Derived from/reconciled to Properties_at_Risk,Nonnegative under the declared stock/flow convention; estimates and rates may be fractional,"Retain the original spelling in the audit, but do not create a second independently calibrated variable.",Initializes Properties_at_Risk; it is not a second independently changing stock. Select one canonical name or input mapping before implementation.,No standalone equation captured; see stock balance where applicable,Not a stock definition,,,260,No direct guide input identified,Properties_at_Risk [guide equation reference],Explicit guide relationship or category link; not verified in an executable model,Guide/source-assessment interpretation; derivation and repairs are documented proposals unless a retained transformation is identified,S05 S06 S07,S05: Harris Central Appraisal District account and parcel downloads; S06: FEMA National Flood Hazard Layer and map history; S07: USACE National Structure Inventory,https://hcad.org/pdata/pdata-property-downloads.html/,acct; residential_account; geometry_matched; sfha_any_overlap_2026; sfha_representative_point_2026,"Dated event ID, location/footprint, intensity, observation coverage, exposed property IDs, loss or total-loss classification; projection scenario, baseline and ensemble member where relevant.",data/Residential_Parcel_Inputs.csv.gz,No exact model transformation certified,,,,,S05: Official pages checked; 2024 raw archives already retained. | S06: Official map-change instructions identified; existing local NFHL layer retained. | S07: Official technical documentation read; local SFHA extract retained.,S05: Parcel/account and taxing jurisdiction | S06: Flood-zone polygons | S07: Structure points,S05: 2024 retained; inspect annual historical availability | S06: March 2026 local layer; historic effective dates must be reconstructed | S07: 2022 documentation; a 2026 release also exists,Properties_at_Risk,Additional guide/configuration entry,2026-09-10,2026-09-15
Initial_Properties_at_Risk,Hazard,Initial value,Baseline initializer of Properties_at_Risk retained under the guide's original name.,properties,"Derive Properties_at_Risk for the chosen opening date, then hold that starting value fixed as the stock initializer. Existing proxy: count distinct residential acct with sfha_any_overlap_2026=True in Residential_Parcel_Inputs. A historical estimate requires a contemporaneous footprint. Update by new exposed development minus retreat and destruction.",Initializes Properties_at_Risk; it is not a second independently changing stock.,Derived from/reconciled to Properties_at_Risk,Nonnegative under the declared stock/flow convention; estimates and rates may be fractional,"Retain the original spelling in the audit, but do not create a second independently calibrated variable.",Initializes Properties_at_Risk; it is not a second independently changing stock. Select one canonical name or input mapping before implementation.,No standalone equation captured; see stock balance where applicable,Not a stock definition,,,510,No direct guide input identified,No downstream equation specified in the guide,Alias/derived mapping requires reconciliation,Guide/source-assessment interpretation; derivation and repairs are documented proposals unless a retained transformation is identified,S05 S06 S07,S05: Harris Central Appraisal District account and parcel downloads; S06: FEMA National Flood Hazard Layer and map history; S07: USACE National Structure Inventory,https://hcad.org/pdata/pdata-property-downloads.html/,acct; residential_account; geometry_matched; sfha_any_overlap_2026; sfha_representative_point_2026,"Dated event ID, location/footprint, intensity, observation coverage, exposed property IDs, loss or total-loss classification; projection scenario, baseline and ensemble member where relevant.",data/Residential_Parcel_Inputs.csv.gz,No exact model transformation certified,,,,,S05: Official pages checked; 2024 raw archives already retained. | S06: Official map-change instructions identified; existing local NFHL layer retained. | S07: Official technical documentation read; local SFHA extract retained.,S05: Parcel/account and taxing jurisdiction | S06: Flood-zone polygons | S07: Structure points,S05: 2024 retained; inspect annual historical availability | S06: March 2026 local layer; historic effective dates must be reconstructed | S07: 2022 documentation; a 2026 release also exists,Properties_at_Risk,Additional guide/configuration entry,2026-09-10,2026-09-15
New_Development,Hazard,Alias,Group-indexed alias of New_Development_in_Risk_Zone retained under the guide's original name.,properties/year,"Use the same definition, units and measurement as New_Development_in_Risk_Zone. Link consecutive parcel and improvement records with permit completion dates, identify genuinely new properties, and intersect with the chosen dated hazard zone. Divide entries by interval years.",Connects guide references to New_Development_in_Risk_Zone without creating a duplicate input or stock.,Derived from/reconciled to New_Development_in_Risk_Zone,Nonnegative under the declared stock/flow convention; estimates and rates may be fractional,"Retain the original spelling in the audit, but do not create a second independently calibrated variable.",Connects guide references to New_Development_in_Risk_Zone without creating a duplicate input or stock. Select one canonical name or input mapping before implementation.,No standalone equation captured; see stock balance where applicable,Not a stock definition,,,260,No direct guide input identified,Properties_at_Risk [guide equation reference],Explicit guide relationship or category link; not verified in an executable model,Guide/source-assessment interpretation; derivation and repairs are documented proposals unless a retained transformation is identified,S05 S15 S58,S05: Harris Central Appraisal District account and parcel downloads; S15: Houston-Galveston Area Council forecasts and land cover; S58: Harris County Engineer floodplain management and permit records,https://hcad.org/pdata/pdata-property-downloads.html/,"Required records: Dated event ID, location/footprint, intensity, observation coverage, exposed property IDs, loss or total-loss classification; projection scenario, baseline and ensemble member where relevant.","Dated event ID, location/footprint, intensity, observation coverage, exposed property IDs, loss or total-loss classification; projection scenario, baseline and ensemble member where relevant.",No exact usable input file certified; see source assessment,No exact model transformation certified,,,,,"S05: Official pages checked; 2024 raw archives already retained. | S15: Official pages checked; local forecast and changed-parcel extracts retained; some GIS uses a request form. | S58: Official program page read; underlying historical bulk records are a request candidate, not verified downloadable data.","S05: Parcel/account and taxing jurisdiction | S15: Region, tract/forecast zones and parcels | S58: County permitting jurisdiction; city jurisdictions require separate coverage",S05: 2024 retained; inspect annual historical availability | S15: Existing forecast/land-change files; horizon varies by edition | S58: Permit/inspection-specific history,New_Development_in_Risk_Zone,Additional guide/configuration entry,2026-09-10,2026-09-15
Perceived_Hazard_Risk,Hazard,Auxiliary or delayed quantity,Residents' perceived risk after an adjustment delay.,subjective risk scale,Collect repeated questions on the same risk construct and scale as Actual_Hazard_Risk. Fit the smoothing delay or use observations directly for calibration.,Represents delayed recognition of hazard change. Its connection to Hazard_Perception must be explicitly reconciled.,Requires operational definition or validated proxy,"Follow a documented instrument, ratio or rubric; range is not established by the variable name",Smooth actual risk only as an explicit hypothesis; validate perception lag and score scaling.,Guide relationship is preserved in the equation field. Its coefficients or scales require validation against the derivation described here.,"Guide paragraph 174: SMOOTH3(Actual_Hazard_Risk, Hazard_Perception_Delay)",Not a stock definition,,,174,Actual_Hazard_Risk [guide equation reference]; Hazard_Perception_Delay [guide equation reference],No downstream equation specified in the guide,Proposed input or output; downstream connection is not fully specified,Guide/source-assessment interpretation; derivation and repairs are documented proposals unless a retained transformation is identified,S33 S37 S09,S33: Rice Greater Houston Community Panel (GHCP); S37: Rice Texas Flood Registry; S09: HCFCD flood reports and Harris County Flood Warning System,https://www.kinderudp.org/#/datasetCatalog/oxwq5xg0ewkj,"Required records: Dated event ID, location/footprint, intensity, observation coverage, exposed property IDs, loss or total-loss classification; projection scenario, baseline and ensemble member where relevant.","Dated event ID, location/footprint, intensity, observation coverage, exposed property IDs, loss or total-loss classification; projection scenario, baseline and ensemble member where relevant.",No exact usable input file certified; see source assessment,No exact model transformation certified,,,,,S33: Catalog and 248-page codebook read; codebook downloaded. Public-use data require a request form; no request submitted. Public files omit geocodes. | S37: Institutional page and catalog descriptions read; underlying records/precise access need confirmation. | S09: Official report and gauge pages read; targeted raw series remain to acquire.,"S33: Greater Houston adult respondents; Harris subset/weights must be established | S37: Participating Houston-area residents; public aggregated products | S09: Watershed, gauge and event footprint","S33: 2023–2024 public-use waves; release listed January 9, 2026 | S37: Post-Harvey waves; product-specific | S09: Event reports and gauge-specific records",,Additional guide/configuration entry,2026-09-10,2026-09-15
SLR_Projection_Table,Hazard,Lookup table,Time series of scenario-specific local relative sea-level projections.,relative sea level by year,"Store year, height, scenario, site, datum and reference year. Interpolate only within the documented period and define behavior outside it.",Supplies the Sea_Level_Rise lookup.,Measurement route identified; exact model input not certified,"Follow a documented instrument, ratio or rubric; range is not established by the variable name",Do not relabel NOAA scenarios as RCP/SSP without an explicit justified mapping.,No complete standalone equation is supplied. Use the stated data derivation as a proposed input method and specify any dynamic response separately.,No standalone equation captured; see stock balance where applicable,Not a stock definition,,,358,No direct guide input identified,Sea_Level_Rise [guide equation reference],Explicit guide relationship or category link; not verified in an executable model,Guide/source-assessment interpretation; derivation and repairs are documented proposals unless a retained transformation is identified,S13,S13: NOAA relative sea-level trends and 2022 scenarios,https://tidesandcurrents.noaa.gov/sltrends/sltrends_station.shtml?id=8771450,"Required records: Dated event ID, location/footprint, intensity, observation coverage, exposed property IDs, loss or total-loss classification; projection scenario, baseline and ensemble member where relevant.","Dated event ID, location/footprint, intensity, observation coverage, exposed property IDs, loss or total-loss classification; projection scenario, baseline and ensemble member where relevant.",No exact usable input file certified; see source assessment,No exact model transformation certified,,,,,"S13: Official pages read; scenario files not acquired. NOAA page announces a September 30, 2026 site transition.",S13: Galveston Pier 21 and coastal region,S13: Observed station series; projected scenario horizons,,Additional guide/configuration entry,2026-09-10,2026-09-15
Sea_Level_Rise,Hazard,Auxiliary or delayed quantity,Change in local relative sea level under a selected scenario.,meters relative to baseline,"Read the local projection by year, convert to one vertical datum and length unit, and subtract the selected reference level. Keep subsidence treatment consistent.",Provides an optional coastal boundary driver for exposure and flooding analysis.,Measurement route identified; exact model input not certified,Signed values allowed if meaningful for the chosen physical reference; index bounds require definition,Avoid double counting subsidence if already incorporated in the relative scenario. This name is also used as a subscript category in the guide; resolve the naming collision.,"Guide relationship is preserved in the equation field. Reconcile units, bounds and input definitions before execution.","Guide paragraph 358: LOOKUP_TABLE(Year, SLR_Projection_Table[CC_Scenario])",Not a stock definition,,,351; 358,CC_Scenario [guide equation reference]; SLR_Projection_Table [guide equation reference]; Year [guide equation reference],Hazard_Type [category option],Explicit guide relationship or category link; not verified in an executable model,Guide/source-assessment interpretation; derivation and repairs are documented proposals unless a retained transformation is identified,S13,S13: NOAA relative sea-level trends and 2022 scenarios,https://tidesandcurrents.noaa.gov/sltrends/sltrends_station.shtml?id=8771450,"Required records: Dated event ID, location/footprint, intensity, observation coverage, exposed property IDs, loss or total-loss classification; projection scenario, baseline and ensemble member where relevant.","Dated event ID, location/footprint, intensity, observation coverage, exposed property IDs, loss or total-loss classification; projection scenario, baseline and ensemble member where relevant.",No exact usable input file certified; see source assessment,No exact model transformation certified,,,,,"S13: Official pages read; scenario files not acquired. NOAA page announces a September 30, 2026 site transition.",S13: Galveston Pier 21 and coastal region,S13: Observed station series; projected scenario horizons,,Additional guide/configuration entry,2026-09-10,2026-09-15
Total_Hazard_Exposure,Hazard,Auxiliary or delayed quantity,Exposure across all enabled hazards without unintended double counting.,unique exposed properties or comparable risk metric,"For property counts, count the union of property IDs exposed to any enabled hazard. For expected loss, use a joint loss model; do not sum unlike hazard scales.",Summarizes multi-hazard exposure for scenario comparison.,Calculated once compatible inputs and definitions are supplied,Nonnegative under the declared stock/flow convention; estimates and rates may be fractional,Summing overlapping exposure indices double counts properties and mixes incompatible units. See the simulation relationship for the required equation review.,Use a union of property IDs for exposure counts. Sum loss contributions only with a model of dependence and a consistent loss unit.,Guide paragraph 352: SUM(Hazard_Exposure[Hazard_Type]),Not a stock definition,,,352,Hazard_Exposure [guide equation reference]; Hazard_Type [guide equation reference],No downstream equation specified in the guide,Proposed input or output; downstream connection is not fully specified,Guide/source-assessment interpretation; derivation and repairs are documented proposals unless a retained transformation is identified,S05 S06 S09 S11 S14 S57,S05: Harris Central Appraisal District account and parcel downloads; S06: FEMA National Flood Hazard Layer and map history; S09: HCFCD flood reports and Harris County Flood Warning System; S11: Texas Water Development Board flood planning datasets; S14: US Forest Service Wildfire Risk to Communities; S57: UT Austin Bureau of Economic Geology bay shoreline change,https://hcad.org/pdata/pdata-property-downloads.html/,"Required records: Dated event ID, location/footprint, intensity, observation coverage, exposed property IDs, loss or total-loss classification; projection scenario, baseline and ensemble member where relevant.","Dated event ID, location/footprint, intensity, observation coverage, exposed property IDs, loss or total-loss classification; projection scenario, baseline and ensemble member where relevant.",No exact usable input file certified; see source assessment,No exact model transformation certified,,,,,S05: Official pages checked; 2024 raw archives already retained. | S06: Official map-change instructions identified; existing local NFHL layer retained. | S09: Official report and gauge pages read; targeted raw series remain to acquire. | S11: Official download and floodplain documentation pages read; candidate additional GIS. | S14: Official project methods/download pages read; optional source only. | S57: Official project page and GIS service metadata read; no GIS export acquired.,"S05: Parcel/account and taxing jurisdiction | S06: Flood-zone polygons | S09: Watershed, gauge and event footprint | S11: Statewide; extract Harris County/watersheds | S14: National raster and community summaries | S57: Galveston/Trinity/East/West Bay shorelines, including relevant Harris frontage",S05: 2024 retained; inspect annual historical availability | S06: March 2026 local layer; historic effective dates must be reconstructed | S09: Event reports and gauge-specific records | S11: Dataset-specific; 2021 floodplain compilation and planning updates | S14: Release-specific | S57: Historical shoreline intervals; Galveston system update through 2022,,Additional guide/configuration entry,2026-09-10,2026-09-15
Community_Population,Community,Stock,People residing within the fixed model boundary.,people,Existing baseline uses county B01001_E001. Historical tract sums require consistent geography. Update with births and inward migration less deaths and mutually exclusive outward moves.,Tracks community retention and provides the population denominator for migration and social impacts.,Retained stock initial value: observed,Nonnegative under the declared stock/flow convention; estimates and rates may be fractional,A retreat neighborhood and Harris County require different geographic denominators. See the simulation relationship for the required equation review.,"Use mutually exclusive gross flows. Subtract only retreat moves crossing the model boundary, and remove those people from the ordinary outmigration count.",No standalone equation captured; see stock balance where applicable,"INTEG(Births + Immigration - Deaths - Outmigration - Managed_Retreat_Relocations, Initial_Population)",Initial_Population,people,59; 64; 511; 517; 532,Births [stock inflow]; Immigration [stock inflow]; Deaths [stock outflow]; Outmigration [stock outflow]; Managed_Retreat_Relocations [stock outflow]; Initial_Population [stock initializer],Outmigration [guide equation reference],Explicit guide relationship or category link; not verified in an executable model,Guide/source-assessment interpretation; derivation and repairs are documented proposals unless a retained transformation is identified,S01 S02,"S01: Census American Community Survey, detailed tables; S02: Census Population Estimates, county components of change",https://api.census.gov/data/2024/acs/acs5/groups.html,geo_id; source_field=B01001_E001; estimate; moe90; population_people,"Reference date, fixed geographic ID, person or household ID where available, tenure before and after moves, origin, destination, household size and survey weights or margins of error.",data/ACS_2024_Estimates_MOE.csv; data/Population_Housing.csv,Published 2020-2024 ACS estimate,4838303,people,observed,Published 2020-2024 ACS estimate,S01: Official metadata read. Many 2024 tables and a harmonized historical panel already retained; additional tables require retrieval. | S02: Official documentation read; data not newly acquired.,"S01: County, tract; some block-group tables | S02: Harris County",S01: Annual 5-year releases; target 2010–2024 | S02: Annual; vintage 2024 for 2020–2024; earlier vintages for history,,Original 215-entry dictionary,2026-09-10,2026-09-15
Homeowners,Community,Stock; also a category name,Owner-occupied households residing within the model boundary.,households,"Use B25003_E002 for the county baseline, or a corresponding smaller-area estimate. Use household IDs and prior tenure for program cohorts.",Represents the owner-household population and supports tenure-specific retreat outcomes.,Retained stock initial value: observed,Nonnegative under the declared stock/flow convention; estimates and rates may be fractional,"Property owners, owner-occupied households and HCAD accounts differ; exclude absentee owners from resident counts. This name is also used as a subscript category in the guide; resolve the naming collision. See the simulation relationship for the required equation review.","Add explicit inward, formation and tenure-conversion components and corresponding exits if a full household balance is intended. A new owner is not necessarily a newly formed household.",No standalone equation captured; see stock balance where applicable,"INTEG(New_Homeownership - Homeowner_Retreat - Homeowner_Outmigration, Initial_Homeowners)",Initial_Homeowners,households,60; 259,New_Homeownership [stock inflow]; Homeowner_Retreat [stock outflow]; Homeowner_Outmigration [stock outflow]; Initial_Homeowners [stock initializer],Land_User_Group [category option],Explicit guide relationship or category link; not verified in an executable model,Guide/source-assessment interpretation; derivation and repairs are documented proposals unless a retained transformation is identified,S01 S03 S21,"S01: Census American Community Survey, detailed tables; S03: Census ACS Public Use Microdata Sample; S21: HCD public-records access route",https://api.census.gov/data/2024/acs/acs5/groups.html,source_field=B25003_E002; estimate; owner_households,"Reference date, fixed geographic ID, person or household ID where available, tenure before and after moves, origin, destination, household size and survey weights or margins of error.",data/ACS_2024_Estimates_MOE.csv; data/Population_Housing.csv,"Owner-occupied households, not persons or property accounts",961437,households,observed,"Owner-occupied households, not persons or property accounts",S01: Official metadata read. Many 2024 tables and a harmonized historical panel already retained; additional tables require retrieval. | S03: Official access page read; microdata not acquired. | S21: Official request route verified. No request submitted; responsive fields and release are unconfirmed.,"S01: County, tract; some block-group tables | S03: PUMA; derive county only where boundaries support it | S21: HCD cases, staff and program finances","S01: Annual 5-year releases; target 2010–2024 | S03: Annual 1-year and 5-year releases | S21: Request 2010–2024, with later completion dates for censoring",,Original 215-entry dictionary,2026-09-10,2026-09-15
Renters,Community,Stock; also a category name,Renter-occupied households residing within the model boundary.,households,Use B25003_E003 for the county baseline. For acquired buildings obtain occupied-unit and household records rather than one household per property.,"Tracks tenant participation, displacement and distributional outcomes.",Retained stock initial value: observed,Nonnegative under the declared stock/flow convention; estimates and rates may be fractional,An acquired multifamily property can house multiple renter households. This name is also used as a subscript category in the guide; resolve the naming collision. See the simulation relationship for the required equation review.,Add missing ordinary renter outmigration and tenure-conversion exits if the stock covers all resident renters. Separate supported retreat from other displacement.,No standalone equation captured; see stock balance where applicable,"INTEG(New_Renters - Renter_Displacement - Renter_Retreat, Initial_Renters)",Initial_Renters,households,61; 259,New_Renters [stock inflow]; Renter_Displacement [stock outflow]; Renter_Retreat [stock outflow]; Initial_Renters [stock initializer],Land_User_Group [category option],Explicit guide relationship or category link; not verified in an executable model,Guide/source-assessment interpretation; derivation and repairs are documented proposals unless a retained transformation is identified,S01 S03 S21,"S01: Census American Community Survey, detailed tables; S03: Census ACS Public Use Microdata Sample; S21: HCD public-records access route",https://api.census.gov/data/2024/acs/acs5/groups.html,source_field=B25003_E003; estimate; renter_households,"Reference date, fixed geographic ID, person or household ID where available, tenure before and after moves, origin, destination, household size and survey weights or margins of error.",data/ACS_2024_Estimates_MOE.csv; data/Population_Housing.csv,Renter-occupied households,795727,households,observed,Renter-occupied households,S01: Official metadata read. Many 2024 tables and a harmonized historical panel already retained; additional tables require retrieval. | S03: Official access page read; microdata not acquired. | S21: Official request route verified. No request submitted; responsive fields and release are unconfirmed.,"S01: County, tract; some block-group tables | S03: PUMA; derive county only where boundaries support it | S21: HCD cases, staff and program finances","S01: Annual 5-year releases; target 2010–2024 | S03: Annual 1-year and 5-year releases | S21: Request 2010–2024, with later completion dates for censoring",,Original 215-entry dictionary,2026-09-10,2026-09-15
Community_Social_Capital,Community,Stock,Community-level social cohesion and capacity for mutual support.,social-capital points on a validated scale,"Proposed GHCP scoring: use the six g2304 1-to-5 cohesion items, reverse ppnotalong as 6-x, and calculate 100*(mean_item-1)/4 for complete respondents. Aggregate with g2304_rweight. Validate the composite and nonresponse before adoption.",Influences attachment and records social gains or erosion during retreat.,Retained stock initial value: unavailable,Nonnegative under the declared stock/flow convention; estimates and rates may be fractional,"Validate scoring, reverse coding and geographic fit; no observed guide-specific 0–100 stock exists.","Stock balance reconstructed from the guide INFLOWS, OUTFLOWS and INITIAL VALUE fields: INTEG(Social_Capital_Building - Social_Capital_Erosion, 50). Check initial scope and stock bounds.",No standalone equation captured; see stock balance where applicable,"INTEG(Social_Capital_Building - Social_Capital_Erosion, 50)",50,dimensionless (0-100),62; 66; 525,Social_Capital_Building [stock inflow]; Social_Capital_Erosion [stock outflow],Social_Capital_Erosion [guide equation reference],Explicit guide relationship or category link; not verified in an executable model,Guide/source-assessment interpretation; derivation and repairs are documented proposals unless a retained transformation is identified,S33 S34 S38,"S33: Rice Greater Houston Community Panel (GHCP); S34: Opportunity Insights Social Capital Atlas; S38: Williams and Vaske place-attachment measurement study, USFS repository",https://www.kinderudp.org/#/datasetCatalog/oxwq5xg0ewkj,Candidate fields: g2304_ppcare; g2304_pptrusted; g2304_pphelp; g2304_closeknit; g2304_ppnotalong; g2304_italktopp; g2304_rweight. Codebook only; survey microdata not acquired.,"Reference date, fixed geographic ID, person or household ID where available, tenure before and after moves, origin, destination, household size and survey weights or margins of error.",reports/2026-09-10_Variable_Source_Assessment/research/GHCP_2023_2024_User_Guide.pdf,No defensible countywide 2024 measurement. See Gap_Queue.csv.,,dimensionless (0-100),unavailable,No defensible countywide 2024 measurement. See Gap_Queue.csv.,S33: Catalog and 248-page codebook read; codebook downloaded. Public-use data require a request form; no request submitted. Public files omit geocodes. | S34: Project/download pages and tutorial read; data not acquired. | S38: Primary research repository and PDF identified/read.,S33: Greater Houston adult respondents; Harris subset/weights must be established | S34: County and ZIP; some institution measures | S38: Measurement instrument; no Harris County observations,"S33: 2023–2024 public-use waves; release listed January 9, 2026 | S34: 2022 release/cross-sectional network measures | S38: 2003 study",,Original 215-entry dictionary,2026-09-10,2026-09-15
Outmigration,Community,Flow,People moving out of the boundary outside the separately counted managed-retreat flow.,people/year,"Use gross origin-based departures, retain age and domestic/international coverage, and remove identified retreat departures. For projections apply baseline-normalized hazard and attachment modifiers.",Reduces Community_Population through ordinary or hazard-related exits.,Measurement route identified; exact model input not certified,Nonnegative under the declared stock/flow convention; estimates and rates may be fractional,"PEP provides net migration, not gross exits; identify retreat moves to avoid counting them twice. See the simulation relationship for the required equation review.",Apply the observed base rate to its matching age and migration universe. Normalize hazard and attachment terms to their baseline values; use a defined limit when the baseline attachment term is zero.,Guide paragraph 64: Community_Population * Base_Outmigration_Rate * Hazard_Pressure_Multiplier * (1 - Community_Attachment_Factor),Not a stock definition,,people/year,24; 59; 64; 512; 517; 533,Base_Outmigration_Rate [guide equation reference]; Community_Attachment_Factor [guide equation reference]; Community_Population [guide equation reference]; Hazard_Pressure_Multiplier [guide equation reference],Community_Population [stock outflow],Explicit guide relationship or category link; not verified in an executable model,Guide/source-assessment interpretation; derivation and repairs are documented proposals unless a retained transformation is identified,S01 S04 S02,"S01: Census American Community Survey, detailed tables; S04: IRS county-to-county migration; S02: Census Population Estimates, county components of change",https://api.census.gov/data/2024/acs/acs5/groups.html,"Required records: Reference date, fixed geographic ID, person or household ID where available, tenure before and after moves, origin, destination, household size and survey weights or margins of error.","Reference date, fixed geographic ID, person or household ID where available, tenure before and after moves, origin, destination, household size and survey weights or margins of error.",No exact usable input file certified; see source assessment,No exact model transformation certified,,,,,S01: Official metadata read. Many 2024 tables and a harmonized historical panel already retained; additional tables require retrieval. | S04: Official data page read; additional acquisition candidate. | S02: Official documentation read; data not newly acquired.,"S01: County, tract; some block-group tables | S04: County origin and destination | S02: Harris County",S01: Annual 5-year releases; target 2010–2024 | S04: Annual tax-year pairs; historical series | S02: Annual; vintage 2024 for 2020–2024; earlier vintages for history,,Original 215-entry dictionary,2026-09-10,2026-09-15
Managed_Retreat_Relocations,Community,Flow,People leaving the model boundary through managed retreat per year.,people/year,"Sum actual members of unique retreat households moving outside the boundary by move date. A proxy needs households per acquired property, household size and the outside-boundary share.",Removes retreat-related departures from Community_Population. Within-county moves do not drain a county population stock.,Measurement route identified; exact model input not certified,Nonnegative under the declared stock/flow convention; estimates and rates may be fractional,Properties times mean household size is only a fallback; successful resettlement is distinct from moving. See the simulation relationship for the required equation review.,"Preferred population outflow: count actual people moving outside the boundary. Approximation: acquired properties/year * households/property * people/household * outside-boundary share, with move timing. Do not multiply by sustainable-success probability: unsuccessful movers also leave.",Guide paragraph 65: Properties_Retreated * Average_Household_Size * Relocation_Success_Rate,Not a stock definition,,people/year,59; 65; 512,Average_Household_Size [guide equation reference]; Properties_Retreated [guide equation reference]; Relocation_Success_Rate [guide equation reference],Community_Population [stock outflow],Explicit guide relationship or category link; not verified in an executable model,Guide/source-assessment interpretation; derivation and repairs are documented proposals unless a retained transformation is identified,S21 S22 S35,S21: HCD public-records access route; S22: HCFCD public-information access route; S35: Texas A&M IDRT / OneGulf buyout fiscal and social implications project,https://hcd.harriscountytx.gov/About-Us/Public-Records-Request,"Required records: Reference date, fixed geographic ID, person or household ID where available, tenure before and after moves, origin, destination, household size and survey weights or margins of error.","Reference date, fixed geographic ID, person or household ID where available, tenure before and after moves, origin, destination, household size and survey weights or margins of error.",No exact usable input file certified; see source assessment,No exact model transformation certified,,,,,"S21: Official request route verified. No request submitted; responsive fields and release are unconfirmed. | S22: Official public-information request page read; no request submitted. | S35: Institutional project description verified; dashboard exists but underlying exports, completeness and reuse terms are unverified.","S21: HCD cases, staff and program finances | S22: HCFCD program, acquisition, land and infrastructure records | S35: Historical Harris County buyouts and destination block groups","S21: Request 2010–2024, with later completion dates for censoring | S22: Request historical cohorts and 2024 opening balances | S35: Coverage years not verified from underlying data",,Original 215-entry dictionary,2026-09-10,2026-09-15
Social_Capital_Erosion,Community,Flow,Loss of social-capital scale points per year.,scale points/year,Estimate changes in a fixed cohesion scale over elapsed time and relate them to population decline and displacement exposure. Calibrate the guide's erosion coefficient and scale.,Drains Community_Social_Capital and weakens the attachment pathway.,Requires calibration or longitudinal evidence,Nonnegative under the declared stock/flow convention; estimates and rates may be fractional,Cross-sectional scores and qualitative interviews do not identify an annual erosion coefficient. See the simulation relationship for the required equation review.,Population_Decline_Rate and Displacement_Stress_Factor must both be per-year rates when multiplied by social-capital points. Define the 0.1 coefficient and cap competing score flows consistently.,Guide paragraph 66: Community_Social_Capital * (Population_Decline_Rate + Displacement_Stress_Factor) * 0.1,Not a stock definition,,units/year,62; 66,Community_Social_Capital [guide equation reference]; Displacement_Stress_Factor [guide equation reference]; Population_Decline_Rate [guide equation reference],Community_Social_Capital [stock outflow],Explicit guide relationship or category link; not verified in an executable model,Guide/source-assessment interpretation; derivation and repairs are documented proposals unless a retained transformation is identified,S33 S36 S37,"S33: Rice Greater Houston Community Panel (GHCP); S36: Texas A&M / Texas Appleseed Harris County Home Buyout Study, Phase 1; S37: Rice Texas Flood Registry",https://www.kinderudp.org/#/datasetCatalog/oxwq5xg0ewkj,"Required records: Reference date, fixed geographic ID, person or household ID where available, tenure before and after moves, origin, destination, household size and survey weights or margins of error.","Reference date, fixed geographic ID, person or household ID where available, tenure before and after moves, origin, destination, household size and survey weights or margins of error.",No exact usable input file certified; see source assessment,No exact model transformation certified,,,,,S33: Catalog and 248-page codebook read; codebook downloaded. Public-use data require a request form; no request submitted. Public files omit geocodes. | S36: 72-page primary report read via web; local PDF download returned 403; underlying interview data access unverified. | S37: Institutional page and catalog descriptions read; underlying records/precise access need confirmation.,S33: Greater Houston adult respondents; Harris subset/weights must be established | S36: Mandatory-buyout residents in Harris County | S37: Participating Houston-area residents; public aggregated products,"S33: 2023–2024 public-use waves; release listed January 9, 2026 | S36: December 2025 report | S37: Post-Harvey waves; product-specific",,Original 215-entry dictionary,2026-09-10,2026-09-15
Community_Attachment_Factor,Community,Auxiliary or delayed quantity,Modeled degree to which community attachment reduces migration.,0–1 response modifier,Combine a documented social-capital scale and measured place attachment after normalization. Fit the relationship to observed exits; guide weights are assumptions.,Reduces Outmigration through the attachment term.,Requires calibration or longitudinal evidence,0 to 1 after explicit normalization; retain original measurement scale,Guide weights 0.3/0.4/0.3 are illustrative; test collinearity with social capital and bounds. See the simulation relationship for the required equation review.,"Use Community_Social_Capital in place of Social_Capital and bound the result to 0 to 1. Fit the 0.3, 0.4 and 0.3 weights rather than treating them as observed relationships.",Guide paragraph 68: 0.3 + 0.4 * (Social_Capital / 100) + 0.3 * Place_Attachment_Index,Not a stock definition,,dimensionless (0-1),64; 68; 520; 525,Place_Attachment_Index [guide equation reference]; Social_Capital [guide equation reference],Outmigration [guide equation reference],Explicit guide relationship or category link; not verified in an executable model,Guide/source-assessment interpretation; derivation and repairs are documented proposals unless a retained transformation is identified,S33 S38,"S33: Rice Greater Houston Community Panel (GHCP); S38: Williams and Vaske place-attachment measurement study, USFS repository",https://www.kinderudp.org/#/datasetCatalog/oxwq5xg0ewkj,"Required records: Reference date, fixed geographic ID, person or household ID where available, tenure before and after moves, origin, destination, household size and survey weights or margins of error.","Reference date, fixed geographic ID, person or household ID where available, tenure before and after moves, origin, destination, household size and survey weights or margins of error.",No exact usable input file certified; see source assessment,No exact model transformation certified,,,,,S33: Catalog and 248-page codebook read; codebook downloaded. Public-use data require a request form; no request submitted. Public files omit geocodes. | S38: Primary research repository and PDF identified/read.,S33: Greater Houston adult respondents; Harris subset/weights must be established | S38: Measurement instrument; no Harris County observations,"S33: 2023–2024 public-use waves; release listed January 9, 2026 | S38: 2003 study",,Original 215-entry dictionary,2026-09-10,2026-09-15
Hazard_Pressure_Multiplier,Community,Auxiliary or delayed quantity,Factor increasing departure pressure when exposure is high and perceived safety is low.,ratio,"Fit observed departures against exposure and flood-specific perceived safety, with economic and demographic controls. Normalize the fitted multiplier to one in the baseline.",Changes Outmigration in response to hazard conditions.,Requires calibration or longitudinal evidence,"Follow a documented instrument, ratio or rubric; range is not established by the variable name",The factor 2 in the guide is not estimated evidence; distinguish risk perception from exposure.,Guide relationship is preserved in the equation field. Its coefficients or scales require validation against the derivation described here.,Guide paragraph 69: 1 + 2 * Hazard_Exposure_Index * (1 - Perceived_Safety),Not a stock definition,,dimensionless,64; 69; 519,Hazard_Exposure_Index [guide equation reference]; Perceived_Safety [guide equation reference],Outmigration [guide equation reference],Explicit guide relationship or category link; not verified in an executable model,Guide/source-assessment interpretation; derivation and repairs are documented proposals unless a retained transformation is identified,S33 S37 S09 S04,S33: Rice Greater Houston Community Panel (GHCP); S37: Rice Texas Flood Registry; S09: HCFCD flood reports and Harris County Flood Warning System; S04: IRS county-to-county migration,https://www.kinderudp.org/#/datasetCatalog/oxwq5xg0ewkj,"Required records: Reference date, fixed geographic ID, person or household ID where available, tenure before and after moves, origin, destination, household size and survey weights or margins of error.","Reference date, fixed geographic ID, person or household ID where available, tenure before and after moves, origin, destination, household size and survey weights or margins of error.",No exact usable input file certified; see source assessment,No exact model transformation certified,,,,,S33: Catalog and 248-page codebook read; codebook downloaded. Public-use data require a request form; no request submitted. Public files omit geocodes. | S37: Institutional page and catalog descriptions read; underlying records/precise access need confirmation. | S09: Official report and gauge pages read; targeted raw series remain to acquire. | S04: Official data page read; additional acquisition candidate.,"S33: Greater Houston adult respondents; Harris subset/weights must be established | S37: Participating Houston-area residents; public aggregated products | S09: Watershed, gauge and event footprint | S04: County origin and destination","S33: 2023–2024 public-use waves; release listed January 9, 2026 | S37: Post-Harvey waves; product-specific | S09: Event reports and gauge-specific records | S04: Annual tax-year pairs; historical series",,Original 215-entry dictionary,2026-09-10,2026-09-15
Place_Attachment_Index,Community,Auxiliary or delayed quantity,Strength of place identity and dependence for affected residents.,0–1 or validated scale,"Use validated place-attachment items; GHCP g2403_hmneigh and residence duration provide limited proxies. Reverse-code as needed, handle missing responses and normalize a validated score.",Influences both community retention and Retreat_Willingness.,Requires operational definition or validated proxy,0 to 1 after explicit normalization; retain original measurement scale,Years of residence and Indigenous identity cannot justify automatic attachment coefficients. See the simulation relationship for the required equation review.,Use measured attachment with a documented transformation. Remove automatic identity-based constants; the residence-duration formula can exceed one and requires empirical validation.,"Guide paragraph 70: IF THEN ELSE(First_Nations_Community = 1, 0.8 + 0.2 * Ancestral_Land_Significance,
0.4 + 0.3 * Years_of_Residence / 50)",Not a stock definition,,dimensionless (0-1),68; 70; 127; 526,Ancestral_Land_Significance [guide equation reference]; First_Nations_Community [guide equation reference]; Years_of_Residence [guide equation reference],Community_Attachment_Factor [guide equation reference]; Retreat_Willingness [guide equation reference],Explicit guide relationship or category link; not verified in an executable model,Guide/source-assessment interpretation; derivation and repairs are documented proposals unless a retained transformation is identified,S33 S38 S46,"S33: Rice Greater Houston Community Panel (GHCP); S38: Williams and Vaske place-attachment measurement study, USFS repository; S46: HUD Tribal Directory Assessment Tool",https://www.kinderudp.org/#/datasetCatalog/oxwq5xg0ewkj,"Candidate field: g2403_hmneigh; use g2403_rweight. Codebook only; limited neighborhood-satisfaction proxy, not a validated place-attachment scale.","Reference date, fixed geographic ID, person or household ID where available, tenure before and after moves, origin, destination, household size and survey weights or margins of error.",reports/2026-09-10_Variable_Source_Assessment/research/GHCP_2023_2024_User_Guide.pdf,No exact model transformation certified,,,,,S33: Catalog and 248-page codebook read; codebook downloaded. Public-use data require a request form; no request submitted. Public files omit geocodes. | S38: Primary research repository and PDF identified/read. | S46: Official tool and manual read; no consultation initiated.,S33: Greater Houston adult respondents; Harris subset/weights must be established | S38: Measurement instrument; no Harris County observations | S46: County-linked tribal interests and contacts,"S33: 2023–2024 public-use waves; release listed January 9, 2026 | S38: 2003 study | S46: Current tool; historical interest not a numeric time series",,Original 215-entry dictionary,2026-09-10,2026-09-15
Average_Household_Size,Community,Parameter,Mean number of people in an occupied household.,people/household,"Use the published county B25010_E001 estimate for the existing baseline. For relocation, calculate people divided by households within the actual owner or renter cohort.",Converts retreat household flows into people when estimating population change.,Retained parameter: observed,Nonnegative under the declared stock/flow convention; estimates and rates may be fractional,County average 2.73 in the retained 2024 input is not necessarily the size of households in acquired properties.,No complete standalone equation is supplied. Use the stated data derivation as a proposed input method and specify any dynamic response separately.,No standalone equation captured; see stock balance where applicable,Not a stock definition,,people/household,65; 73,No direct guide input identified,Managed_Retreat_Relocations [guide equation reference],Explicit guide relationship or category link; not verified in an executable model,Guide/source-assessment interpretation; derivation and repairs are documented proposals unless a retained transformation is identified,S01 S03 S21,"S01: Census American Community Survey, detailed tables; S03: Census ACS Public Use Microdata Sample; S21: HCD public-records access route",https://api.census.gov/data/2024/acs/acs5/groups.html,source_field=B25010_E001; estimate; moe90,"Reference date, fixed geographic ID, person or household ID where available, tenure before and after moves, origin, destination, household size and survey weights or margins of error.",data/ACS_2024_Estimates_MOE.csv,Published county mean and 90% MOE,2.73,people/household,observed,Published county mean with 90% MOE; not population divided by housing units.,S01: Official metadata read. Many 2024 tables and a harmonized historical panel already retained; additional tables require retrieval. | S03: Official access page read; microdata not acquired. | S21: Official request route verified. No request submitted; responsive fields and release are unconfirmed.,"S01: County, tract; some block-group tables | S03: PUMA; derive county only where boundaries support it | S21: HCD cases, staff and program finances","S01: Annual 5-year releases; target 2010–2024 | S03: Annual 1-year and 5-year releases | S21: Request 2010–2024, with later completion dates for censoring",,Original 215-entry dictionary,2026-09-10,2026-09-15
Base_Outmigration_Rate,Community,Parameter,Annual gross departure rate from the model boundary before scenario adjustments.,1/year,Existing proxy is (B07403_E010+B07403_E013)/B07403_E001 for domestic departures among people age one and older. Retain its universe and MOE. Estimate international departures separately.,Establishes baseline Outmigration. Normalize hazard and attachment effects at baseline to avoid applying observed influences twice.,Retained parameter: derived_proxy,"Follow a documented instrument, ratio or rubric; range is not established by the variable name",Baseline rates already reflect prevailing hazards/attachment; normalize modifiers to avoid suppressing observed flows twice.,No complete standalone equation is supplied. Use the stated data derivation as a proposed input method and specify any dynamic response separately.,No standalone equation captured; see stock balance where applicable,Not a stock definition,,1/year,64; 72; 518,No direct guide input identified,Outmigration [guide equation reference],Explicit guide relationship or category link; not verified in an executable model,Guide/source-assessment interpretation; derivation and repairs are documented proposals unless a retained transformation is identified,S01 S04 S02,"S01: Census American Community Survey, detailed tables; S04: IRS county-to-county migration; S02: Census Population Estimates, county components of change",https://api.census.gov/data/2024/acs/acs5/groups.html,GEO_ID; B07403_E001; B07403_E010; B07403_E013; corresponding M fields; domestic_outmigration_rate,"Reference date, fixed geographic ID, person or household ID where available, tenure before and after moves, origin, destination, household size and survey weights or margins of error.",data/Domestic_Outmigration_2024.csv,(E010+E013)/E001; conservative MOE-based envelope,0.039307269877521304,1/year,derived_proxy,"(B07403_E010+B07403_E013)/B07403_E001; domestic outmigration age 1+, no international departures. Normalize hazard and attachment multipliers to 1 at baseline before use; this observed gross rate already reflects existing conditions.",S01: Official metadata read. Many 2024 tables and a harmonized historical panel already retained; additional tables require retrieval. | S04: Official data page read; additional acquisition candidate. | S02: Official documentation read; data not newly acquired.,"S01: County, tract; some block-group tables | S04: County origin and destination | S02: Harris County",S01: Annual 5-year releases; target 2010–2024 | S04: Annual tax-year pairs; historical series | S02: Annual; vintage 2024 for 2020–2024; earlier vintages for history,,Original 215-entry dictionary,2026-09-10,2026-09-15
Births,Community,Flow referenced by a stock,Live births entering the resident population per year.,people/year,Select births for the county and consistent annual reference period from population components or vital records. Do not allocate to smaller areas without a stated method.,Adds natural population growth to Community_Population.,Measurement route identified; exact model input not certified,Nonnegative under the declared stock/flow convention; estimates and rates may be fractional,County totals cannot be assigned proportionally to neighborhoods without uncertainty.,"This flow is named by a stock, but the guide provides no complete equation. Estimate it from the described records or specify a dimensioned response before simulation.",No standalone equation captured; see stock balance where applicable,Not a stock definition,,unresolved,59; 511,No direct guide input identified,Community_Population [stock inflow],Explicit guide relationship or category link; not verified in an executable model,Guide/source-assessment interpretation; derivation and repairs are documented proposals unless a retained transformation is identified,S02,"S02: Census Population Estimates, county components of change",https://www2.census.gov/programs-surveys/popest/technical-documentation/file-layouts/2020-2024/CO-EST2024-ALLDATA.pdf,"Required records: Reference date, fixed geographic ID, person or household ID where available, tenure before and after moves, origin, destination, household size and survey weights or margins of error.","Reference date, fixed geographic ID, person or household ID where available, tenure before and after moves, origin, destination, household size and survey weights or margins of error.",No exact usable input file certified; see source assessment,No exact model transformation certified,,,,,S02: Official documentation read; data not newly acquired.,S02: Harris County,S02: Annual; vintage 2024 for 2020–2024; earlier vintages for history,,Original 215-entry dictionary,2026-09-10,2026-09-15
Deaths,Community,Flow referenced by a stock,Resident deaths leaving the population per year.,people/year,Extract resident deaths for the same boundary and annual reference period used for births and population estimates.,Removes natural population loss from Community_Population.,Measurement route identified; exact model input not certified,Nonnegative under the declared stock/flow convention; estimates and rates may be fractional,Do not interpret all deaths as hazard mortality; keep event deaths as a separate subset if needed.,"This flow is named by a stock, but the guide provides no complete equation. Estimate it from the described records or specify a dimensioned response before simulation.",No standalone equation captured; see stock balance where applicable,Not a stock definition,,unresolved,59; 512,No direct guide input identified,Community_Population [stock outflow],Explicit guide relationship or category link; not verified in an executable model,Guide/source-assessment interpretation; derivation and repairs are documented proposals unless a retained transformation is identified,S02,"S02: Census Population Estimates, county components of change",https://www2.census.gov/programs-surveys/popest/technical-documentation/file-layouts/2020-2024/CO-EST2024-ALLDATA.pdf,"Required records: Reference date, fixed geographic ID, person or household ID where available, tenure before and after moves, origin, destination, household size and survey weights or margins of error.","Reference date, fixed geographic ID, person or household ID where available, tenure before and after moves, origin, destination, household size and survey weights or margins of error.",No exact usable input file certified; see source assessment,No exact model transformation certified,,,,,S02: Official documentation read; data not newly acquired.,S02: Harris County,S02: Annual; vintage 2024 for 2020–2024; earlier vintages for history,,Original 215-entry dictionary,2026-09-10,2026-09-15
Displacement_Stress_Factor,Community,Proposed auxiliary or input,Rate coefficient linking displacement to erosion of social capital.,1/year in the social-capital erosion equation,"Estimate repeated social-capital change after displacement, controlling prior ties and concurrent hazard experience. Convert the effect to the per-year scale required by the erosion equation.",Adds displacement-related pressure to Social_Capital_Erosion.,Requires calibration or longitudinal evidence,"Follow a documented instrument, ratio or rubric; range is not established by the variable name",No independent public coefficient identified; guide units and model response require explicit definition.,No complete standalone equation is supplied. Use the stated data derivation as a proposed input method and specify any dynamic response separately.,No standalone equation captured; see stock balance where applicable,Not a stock definition,,unresolved,66,No direct guide input identified,Social_Capital_Erosion [guide equation reference],Explicit guide relationship or category link; not verified in an executable model,Guide/source-assessment interpretation; derivation and repairs are documented proposals unless a retained transformation is identified,S33 S37 S36,"S33: Rice Greater Houston Community Panel (GHCP); S37: Rice Texas Flood Registry; S36: Texas A&M / Texas Appleseed Harris County Home Buyout Study, Phase 1",https://www.kinderudp.org/#/datasetCatalog/oxwq5xg0ewkj,"Required records: Reference date, fixed geographic ID, person or household ID where available, tenure before and after moves, origin, destination, household size and survey weights or margins of error.","Reference date, fixed geographic ID, person or household ID where available, tenure before and after moves, origin, destination, household size and survey weights or margins of error.",No exact usable input file certified; see source assessment,No exact model transformation certified,,,,,S33: Catalog and 248-page codebook read; codebook downloaded. Public-use data require a request form; no request submitted. Public files omit geocodes. | S37: Institutional page and catalog descriptions read; underlying records/precise access need confirmation. | S36: 72-page primary report read via web; local PDF download returned 403; underlying interview data access unverified.,S33: Greater Houston adult respondents; Harris subset/weights must be established | S37: Participating Houston-area residents; public aggregated products | S36: Mandatory-buyout residents in Harris County,"S33: 2023–2024 public-use waves; release listed January 9, 2026 | S37: Post-Harvey waves; product-specific | S36: December 2025 report",,Original 215-entry dictionary,2026-09-10,2026-09-15
Homeowner_Outmigration,Community,Flow referenced by a stock,Owner-household exits from the boundary outside the separately counted retreat flow.,owner households/year,Use linked household histories with tenure before departure and move date. Divide unique owner-household exits by years and exclude retreat exits already counted elsewhere.,Drains the Homeowners stock while preserving tenure-specific population accounting.,Requires calibration or longitudinal evidence,Nonnegative under the declared stock/flow convention; estimates and rates may be fractional,Public ACS/PUMS current tenure does not identify prior-tenure household transitions; IRS has no tenure field.,"This flow is named by a stock, but the guide provides no complete equation. Estimate it from the described records or specify a dimensioned response before simulation.",No standalone equation captured; see stock balance where applicable,Not a stock definition,,unresolved,60,No direct guide input identified,Homeowners [stock outflow],Explicit guide relationship or category link; not verified in an executable model,Guide/source-assessment interpretation; derivation and repairs are documented proposals unless a retained transformation is identified,S01 S03 S04,"S01: Census American Community Survey, detailed tables; S03: Census ACS Public Use Microdata Sample; S04: IRS county-to-county migration",https://api.census.gov/data/2024/acs/acs5/groups.html,"Required records: Reference date, fixed geographic ID, person or household ID where available, tenure before and after moves, origin, destination, household size and survey weights or margins of error.","Reference date, fixed geographic ID, person or household ID where available, tenure before and after moves, origin, destination, household size and survey weights or margins of error.",No exact usable input file certified; see source assessment,No exact model transformation certified,,,,,S01: Official metadata read. Many 2024 tables and a harmonized historical panel already retained; additional tables require retrieval. | S03: Official access page read; microdata not acquired. | S04: Official data page read; additional acquisition candidate.,"S01: County, tract; some block-group tables | S03: PUMA; derive county only where boundaries support it | S04: County origin and destination",S01: Annual 5-year releases; target 2010–2024 | S03: Annual 1-year and 5-year releases | S04: Annual tax-year pairs; historical series,,Original 215-entry dictionary,2026-09-10,2026-09-15
Homeowner_Retreat,Community,Flow referenced by a stock,Owner-occupant households leaving the modeled community through managed retreat per year.,owner households/year,"Link acquisition, occupancy and household move records, identify owner-occupants and count unique households crossing the boundary by move date.",Removes participating owner households from Homeowners; property closures alone cannot supply this flow.,Measurement route identified; exact model input not certified,Nonnegative under the declared stock/flow convention; estimates and rates may be fractional,An owner can sell without residing at the property; do not infer household exits from purchases.,"This flow is named by a stock, but the guide provides no complete equation. Estimate it from the described records or specify a dimensioned response before simulation.",No standalone equation captured; see stock balance where applicable,Not a stock definition,,unresolved,60,No direct guide input identified,Homeowners [stock outflow],Explicit guide relationship or category link; not verified in an executable model,Guide/source-assessment interpretation; derivation and repairs are documented proposals unless a retained transformation is identified,S21 S22,S21: HCD public-records access route; S22: HCFCD public-information access route,https://hcd.harriscountytx.gov/About-Us/Public-Records-Request,"Required records: Reference date, fixed geographic ID, person or household ID where available, tenure before and after moves, origin, destination, household size and survey weights or margins of error.","Reference date, fixed geographic ID, person or household ID where available, tenure before and after moves, origin, destination, household size and survey weights or margins of error.",No exact usable input file certified; see source assessment,No exact model transformation certified,,,,,S21: Official request route verified. No request submitted; responsive fields and release are unconfirmed. | S22: Official public-information request page read; no request submitted.,"S21: HCD cases, staff and program finances | S22: HCFCD program, acquisition, land and infrastructure records","S21: Request 2010–2024, with later completion dates for censoring | S22: Request historical cohorts and 2024 opening balances",,Original 215-entry dictionary,2026-09-10,2026-09-15
Immigration,Community,Flow referenced by a stock,Gross inward migration across the model boundary per year.,people/year,"Count people whose prior residence was outside the boundary and current residence is inside, using origin-destination records and the correct survey universe. Separate domestic and international arrivals.",Adds arriving people to Community_Population.,Measurement route identified; exact model input not certified,Nonnegative under the declared stock/flow convention; estimates and rates may be fractional,PEP net international/domestic migration does not identify all gross arrivals.,"This flow is named by a stock, but the guide provides no complete equation. Estimate it from the described records or specify a dimensioned response before simulation.",No standalone equation captured; see stock balance where applicable,Not a stock definition,,unresolved,59; 511,No direct guide input identified,Community_Population [stock inflow],Explicit guide relationship or category link; not verified in an executable model,Guide/source-assessment interpretation; derivation and repairs are documented proposals unless a retained transformation is identified,S01 S03 S04 S02,"S01: Census American Community Survey, detailed tables; S03: Census ACS Public Use Microdata Sample; S04: IRS county-to-county migration; S02: Census Population Estimates, county components of change",https://api.census.gov/data/2024/acs/acs5/groups.html,"Required records: Reference date, fixed geographic ID, person or household ID where available, tenure before and after moves, origin, destination, household size and survey weights or margins of error.","Reference date, fixed geographic ID, person or household ID where available, tenure before and after moves, origin, destination, household size and survey weights or margins of error.",No exact usable input file certified; see source assessment,No exact model transformation certified,,,,,S01: Official metadata read. Many 2024 tables and a harmonized historical panel already retained; additional tables require retrieval. | S03: Official access page read; microdata not acquired. | S04: Official data page read; additional acquisition candidate. | S02: Official documentation read; data not newly acquired.,"S01: County, tract; some block-group tables | S03: PUMA; derive county only where boundaries support it | S04: County origin and destination | S02: Harris County",S01: Annual 5-year releases; target 2010–2024 | S03: Annual 1-year and 5-year releases | S04: Annual tax-year pairs; historical series | S02: Annual; vintage 2024 for 2020–2024; earlier vintages for history,,Original 215-entry dictionary,2026-09-10,2026-09-15
Initial_Homeowners,Community,Initial value,Baseline initializer of Homeowners retained under the guide's original name.,households,"Derive Homeowners for the chosen opening date, then hold that starting value fixed as the stock initializer. Use B25003_E002 for the county baseline, or a corresponding smaller-area estimate. Use household IDs and prior tenure for program cohorts.",Initializes Homeowners; it is not a second independently changing stock.,Derived from/reconciled to Homeowners,Nonnegative under the declared stock/flow convention; estimates and rates may be fractional,"Retain the original spelling in the audit, but do not create a second independently calibrated variable.",Initializes Homeowners; it is not a second independently changing stock. Select one canonical name or input mapping before implementation.,No standalone equation captured; see stock balance where applicable,Not a stock definition,,unresolved,60,No direct guide input identified,Homeowners [stock initializer],Explicit guide relationship or category link; not verified in an executable model,Guide/source-assessment interpretation; derivation and repairs are documented proposals unless a retained transformation is identified,S01 S21,"S01: Census American Community Survey, detailed tables; S21: HCD public-records access route",https://api.census.gov/data/2024/acs/acs5/groups.html,source_field=B25003_E002; estimate; owner_households,"Reference date, fixed geographic ID, person or household ID where available, tenure before and after moves, origin, destination, household size and survey weights or margins of error.",data/ACS_2024_Estimates_MOE.csv; data/Population_Housing.csv,No exact model transformation certified,,,,,S01: Official metadata read. Many 2024 tables and a harmonized historical panel already retained; additional tables require retrieval. | S21: Official request route verified. No request submitted; responsive fields and release are unconfirmed.,"S01: County, tract; some block-group tables | S21: HCD cases, staff and program finances","S01: Annual 5-year releases; target 2010–2024 | S21: Request 2010–2024, with later completion dates for censoring",Homeowners,Original 215-entry dictionary,2026-09-10,2026-09-15
Initial_Population,Community,Initial value,Baseline initializer of Community_Population retained under the guide's original name.,people,"Derive Community_Population for the chosen opening date, then hold that starting value fixed as the stock initializer. Existing baseline uses county B01001_E001. Historical tract sums require consistent geography. Update with births and inward migration less deaths and mutually exclusive outward moves.",Initializes Community_Population; it is not a second independently changing stock.,Derived from/reconciled to Community_Population,Nonnegative under the declared stock/flow convention; estimates and rates may be fractional,"Retain the original spelling in the audit, but do not create a second independently calibrated variable.",Initializes Community_Population; it is not a second independently changing stock. Select one canonical name or input mapping before implementation.,No standalone equation captured; see stock balance where applicable,Not a stock definition,,unresolved,59; 512,No direct guide input identified,Community_Population [stock initializer],Explicit guide relationship or category link; not verified in an executable model,Guide/source-assessment interpretation; derivation and repairs are documented proposals unless a retained transformation is identified,S01 S02,"S01: Census American Community Survey, detailed tables; S02: Census Population Estimates, county components of change",https://api.census.gov/data/2024/acs/acs5/groups.html,geo_id; source_field=B01001_E001; estimate; moe90; population_people,"Reference date, fixed geographic ID, person or household ID where available, tenure before and after moves, origin, destination, household size and survey weights or margins of error.",data/ACS_2024_Estimates_MOE.csv; data/Population_Housing.csv,No exact model transformation certified,,,,,S01: Official metadata read. Many 2024 tables and a harmonized historical panel already retained; additional tables require retrieval. | S02: Official documentation read; data not newly acquired.,"S01: County, tract; some block-group tables | S02: Harris County",S01: Annual 5-year releases; target 2010–2024 | S02: Annual; vintage 2024 for 2020–2024; earlier vintages for history,Community_Population,Original 215-entry dictionary,2026-09-10,2026-09-15
Initial_Renters,Community,Initial value,Baseline initializer of Renters retained under the guide's original name.,households,"Derive Renters for the chosen opening date, then hold that starting value fixed as the stock initializer. Use B25003_E003 for the county baseline. For acquired buildings obtain occupied-unit and household records rather than one household per property.",Initializes Renters; it is not a second independently changing stock.,Derived from/reconciled to Renters,Nonnegative under the declared stock/flow convention; estimates and rates may be fractional,"Retain the original spelling in the audit, but do not create a second independently calibrated variable.",Initializes Renters; it is not a second independently changing stock. Select one canonical name or input mapping before implementation.,No standalone equation captured; see stock balance where applicable,Not a stock definition,,unresolved,61,No direct guide input identified,Renters [stock initializer],Explicit guide relationship or category link; not verified in an executable model,Guide/source-assessment interpretation; derivation and repairs are documented proposals unless a retained transformation is identified,S01 S21,"S01: Census American Community Survey, detailed tables; S21: HCD public-records access route",https://api.census.gov/data/2024/acs/acs5/groups.html,source_field=B25003_E003; estimate; renter_households,"Reference date, fixed geographic ID, person or household ID where available, tenure before and after moves, origin, destination, household size and survey weights or margins of error.",data/ACS_2024_Estimates_MOE.csv; data/Population_Housing.csv,No exact model transformation certified,,,,,S01: Official metadata read. Many 2024 tables and a harmonized historical panel already retained; additional tables require retrieval. | S21: Official request route verified. No request submitted; responsive fields and release are unconfirmed.,"S01: County, tract; some block-group tables | S21: HCD cases, staff and program finances","S01: Annual 5-year releases; target 2010–2024 | S21: Request 2010–2024, with later completion dates for censoring",Renters,Original 215-entry dictionary,2026-09-10,2026-09-15
New_Homeownership,Community,Flow referenced by a stock,Household entries into the modeled owner-occupied population per year.,households/year,"Use linked household histories to count owner-household formation, tenure conversion and inward moves. Keep component flows and exits mutually exclusive.",Replenishes Homeowners and permits tenure transitions to be modeled.,Requires calibration or longitudinal evidence,Nonnegative under the declared stock/flow convention; estimates and rates may be fractional,Successive ACS cross-sections do not uniquely identify gross tenure transitions.,"This flow is named by a stock, but the guide provides no complete equation. Estimate it from the described records or specify a dimensioned response before simulation.",No standalone equation captured; see stock balance where applicable,Not a stock definition,,unresolved,60,No direct guide input identified,Homeowners [stock inflow],Explicit guide relationship or category link; not verified in an executable model,Guide/source-assessment interpretation; derivation and repairs are documented proposals unless a retained transformation is identified,S03 S01 S15,"S03: Census ACS Public Use Microdata Sample; S01: Census American Community Survey, detailed tables; S15: Houston-Galveston Area Council forecasts and land cover",https://www.census.gov/programs-surveys/acs/microdata.html,"Required records: Reference date, fixed geographic ID, person or household ID where available, tenure before and after moves, origin, destination, household size and survey weights or margins of error.","Reference date, fixed geographic ID, person or household ID where available, tenure before and after moves, origin, destination, household size and survey weights or margins of error.",No exact usable input file certified; see source assessment,No exact model transformation certified,,,,,S03: Official access page read; microdata not acquired. | S01: Official metadata read. Many 2024 tables and a harmonized historical panel already retained; additional tables require retrieval. | S15: Official pages checked; local forecast and changed-parcel extracts retained; some GIS uses a request form.,"S03: PUMA; derive county only where boundaries support it | S01: County, tract; some block-group tables | S15: Region, tract/forecast zones and parcels",S03: Annual 1-year and 5-year releases | S01: Annual 5-year releases; target 2010–2024 | S15: Existing forecast/land-change files; horizon varies by edition,,Original 215-entry dictionary,2026-09-10,2026-09-15
New_Renters,Community,Flow referenced by a stock,Household entries into the modeled renter population per year.,households/year,"Count new renter households, inward renter moves and ownership-to-rental transitions from linked household histories. Annual net stock change alone cannot identify gross entries.",Replenishes Renters and separates formation from displacement.,Requires calibration or longitudinal evidence,Nonnegative under the declared stock/flow convention; estimates and rates may be fractional,"Net renter-stock change cannot distinguish new household formation, migration and tenure switching.","This flow is named by a stock, but the guide provides no complete equation. Estimate it from the described records or specify a dimensioned response before simulation.",No standalone equation captured; see stock balance where applicable,Not a stock definition,,unresolved,61,No direct guide input identified,Renters [stock inflow],Explicit guide relationship or category link; not verified in an executable model,Guide/source-assessment interpretation; derivation and repairs are documented proposals unless a retained transformation is identified,S03 S01 S15,"S03: Census ACS Public Use Microdata Sample; S01: Census American Community Survey, detailed tables; S15: Houston-Galveston Area Council forecasts and land cover",https://www.census.gov/programs-surveys/acs/microdata.html,"Required records: Reference date, fixed geographic ID, person or household ID where available, tenure before and after moves, origin, destination, household size and survey weights or margins of error.","Reference date, fixed geographic ID, person or household ID where available, tenure before and after moves, origin, destination, household size and survey weights or margins of error.",No exact usable input file certified; see source assessment,No exact model transformation certified,,,,,S03: Official access page read; microdata not acquired. | S01: Official metadata read. Many 2024 tables and a harmonized historical panel already retained; additional tables require retrieval. | S15: Official pages checked; local forecast and changed-parcel extracts retained; some GIS uses a request form.,"S03: PUMA; derive county only where boundaries support it | S01: County, tract; some block-group tables | S15: Region, tract/forecast zones and parcels",S03: Annual 1-year and 5-year releases | S01: Annual 5-year releases; target 2010–2024 | S15: Existing forecast/land-change files; horizon varies by edition,,Original 215-entry dictionary,2026-09-10,2026-09-15
Perceived_Safety,Community,Proposed auxiliary or input,Residents' assessment of safety from the hazard at their location.,survey probability/scale,"Ask flood-specific safety or likelihood questions, document direction and normalize only using a fixed scale. Measure origin and destination separately.",Moderates Hazard_Pressure_Multiplier.,Requires operational definition or validated proxy,0 to 1 after explicit normalization; retain original measurement scale,GHCP general housing/neighborhood safety may concern crime; use exact wording before treating it as flood safety.,No complete standalone equation is supplied. Use the stated data derivation as a proposed input method and specify any dynamic response separately.,No standalone equation captured; see stock balance where applicable,Not a stock definition,,unresolved,69,No direct guide input identified,Hazard_Pressure_Multiplier [guide equation reference],Explicit guide relationship or category link; not verified in an executable model,Guide/source-assessment interpretation; derivation and repairs are documented proposals unless a retained transformation is identified,S33 S37 S09,S33: Rice Greater Houston Community Panel (GHCP); S37: Rice Texas Flood Registry; S09: HCFCD flood reports and Harris County Flood Warning System,https://www.kinderudp.org/#/datasetCatalog/oxwq5xg0ewkj,"Required records: Reference date, fixed geographic ID, person or household ID where available, tenure before and after moves, origin, destination, household size and survey weights or margins of error.","Reference date, fixed geographic ID, person or household ID where available, tenure before and after moves, origin, destination, household size and survey weights or margins of error.",No exact usable input file certified; see source assessment,No exact model transformation certified,,,,,S33: Catalog and 248-page codebook read; codebook downloaded. Public-use data require a request form; no request submitted. Public files omit geocodes. | S37: Institutional page and catalog descriptions read; underlying records/precise access need confirmation. | S09: Official report and gauge pages read; targeted raw series remain to acquire.,"S33: Greater Houston adult respondents; Harris subset/weights must be established | S37: Participating Houston-area residents; public aggregated products | S09: Watershed, gauge and event footprint","S33: 2023–2024 public-use waves; release listed January 9, 2026 | S37: Post-Harvey waves; product-specific | S09: Event reports and gauge-specific records",,Original 215-entry dictionary,2026-09-10,2026-09-15
Population_Decline_Rate,Community,Proposed auxiliary or input,Annual proportional decrease in the resident population.,1/year,"Calculate max(0, P_previous-P_current)/(P_previous*elapsed_years) for a nonzero baseline population, using the same boundary and population concept.",Supplies demographic pressure to Social_Capital_Erosion.,Calculated once compatible inputs and definitions are supplied,"Follow a documented instrument, ratio or rubric; range is not established by the variable name",Overlapping ACS estimates smooth changes; an algebraic decline measure is not itself a causal driver.,No complete standalone equation is supplied. Use the stated data derivation as a proposed input method and specify any dynamic response separately.,No standalone equation captured; see stock balance where applicable,Not a stock definition,,unresolved,66,No direct guide input identified,Social_Capital_Erosion [guide equation reference],Explicit guide relationship or category link; not verified in an executable model,Guide/source-assessment interpretation; derivation and repairs are documented proposals unless a retained transformation is identified,S01 S02,"S01: Census American Community Survey, detailed tables; S02: Census Population Estimates, county components of change",https://api.census.gov/data/2024/acs/acs5/groups.html,"Required records: Reference date, fixed geographic ID, person or household ID where available, tenure before and after moves, origin, destination, household size and survey weights or margins of error.","Reference date, fixed geographic ID, person or household ID where available, tenure before and after moves, origin, destination, household size and survey weights or margins of error.",No exact usable input file certified; see source assessment,No exact model transformation certified,,,,,S01: Official metadata read. Many 2024 tables and a harmonized historical panel already retained; additional tables require retrieval. | S02: Official documentation read; data not newly acquired.,"S01: County, tract; some block-group tables | S02: Harris County",S01: Annual 5-year releases; target 2010–2024 | S02: Annual; vintage 2024 for 2020–2024; earlier vintages for history,,Original 215-entry dictionary,2026-09-10,2026-09-15
Renter_Displacement,Community,Flow referenced by a stock,Renter households leaving their homes or modeled area for reasons distinguished from supported retreat.,renter households/year,"Link tenant departures to event or acquisition records, identify cause and destination, and count unique households by period. Define whether the stock tracks residence in the area or the origin dwelling.",Drains Renters and identifies tenant impacts that acquisition counts miss.,Measurement route identified; exact model input not certified,Nonnegative under the declared stock/flow convention; estimates and rates may be fractional,Tenant moves may precede closing and be absent from owner-only acquisition data.,"This flow is named by a stock, but the guide provides no complete equation. Estimate it from the described records or specify a dimensioned response before simulation.",No standalone equation captured; see stock balance where applicable,Not a stock definition,,unresolved,61,No direct guide input identified,Renters [stock outflow],Explicit guide relationship or category link; not verified in an executable model,Guide/source-assessment interpretation; derivation and repairs are documented proposals unless a retained transformation is identified,S21 S22 S37,S21: HCD public-records access route; S22: HCFCD public-information access route; S37: Rice Texas Flood Registry,https://hcd.harriscountytx.gov/About-Us/Public-Records-Request,"Required records: Reference date, fixed geographic ID, person or household ID where available, tenure before and after moves, origin, destination, household size and survey weights or margins of error.","Reference date, fixed geographic ID, person or household ID where available, tenure before and after moves, origin, destination, household size and survey weights or margins of error.",No exact usable input file certified; see source assessment,No exact model transformation certified,,,,,S21: Official request route verified. No request submitted; responsive fields and release are unconfirmed. | S22: Official public-information request page read; no request submitted. | S37: Institutional page and catalog descriptions read; underlying records/precise access need confirmation.,"S21: HCD cases, staff and program finances | S22: HCFCD program, acquisition, land and infrastructure records | S37: Participating Houston-area residents; public aggregated products","S21: Request 2010–2024, with later completion dates for censoring | S22: Request historical cohorts and 2024 opening balances | S37: Post-Harvey waves; product-specific",,Original 215-entry dictionary,2026-09-10,2026-09-15
Renter_Retreat,Community,Flow referenced by a stock,Renter households relocating through the retreat program per year.,renter households/year,Count unique tenant households with documented retreat assistance and moves; use boundary-crossing departures if Renters is a geographic resident stock.,Separates supported tenant relocation from other renter displacement.,Measurement route identified; exact model input not certified,Nonnegative under the declared stock/flow convention; estimates and rates may be fractional,"Separate voluntary moves, eviction/displacement and program-supported relocation.","This flow is named by a stock, but the guide provides no complete equation. Estimate it from the described records or specify a dimensioned response before simulation.",No standalone equation captured; see stock balance where applicable,Not a stock definition,,unresolved,61,No direct guide input identified,Renters [stock outflow],Explicit guide relationship or category link; not verified in an executable model,Guide/source-assessment interpretation; derivation and repairs are documented proposals unless a retained transformation is identified,S21 S22,S21: HCD public-records access route; S22: HCFCD public-information access route,https://hcd.harriscountytx.gov/About-Us/Public-Records-Request,"Required records: Reference date, fixed geographic ID, person or household ID where available, tenure before and after moves, origin, destination, household size and survey weights or margins of error.","Reference date, fixed geographic ID, person or household ID where available, tenure before and after moves, origin, destination, household size and survey weights or margins of error.",No exact usable input file certified; see source assessment,No exact model transformation certified,,,,,S21: Official request route verified. No request submitted; responsive fields and release are unconfirmed. | S22: Official public-information request page read; no request submitted.,"S21: HCD cases, staff and program finances | S22: HCFCD program, acquisition, land and infrastructure records","S21: Request 2010–2024, with later completion dates for censoring | S22: Request historical cohorts and 2024 opening balances",,Original 215-entry dictionary,2026-09-10,2026-09-15
Social_Capital,Community,Alias,Same quantity of Community_Social_Capital retained under the guide's original name.,social-capital points on a validated scale,"Use the same definition, units and measurement as Community_Social_Capital. Proposed GHCP scoring: use the six g2304 1-to-5 cohesion items, reverse ppnotalong as 6-x, and calculate 100*(mean_item-1)/4 for complete respondents. Aggregate with g2304_rweight. Validate the composite and nonresponse before adoption.",Connects guide references to Community_Social_Capital without creating a duplicate input or stock.,Derived from/reconciled to Community_Social_Capital,"Follow a documented instrument, ratio or rubric; range is not established by the variable name","Retain the original spelling in the audit, but do not create a second independently calibrated variable.",Connects guide references to Community_Social_Capital without creating a duplicate input or stock. Select one canonical name or input mapping before implementation.,No standalone equation captured; see stock balance where applicable,Not a stock definition,,unresolved,68,No direct guide input identified,Community_Attachment_Factor [guide equation reference],Explicit guide relationship or category link; not verified in an executable model,Guide/source-assessment interpretation; derivation and repairs are documented proposals unless a retained transformation is identified,S33 S34,S33: Rice Greater Houston Community Panel (GHCP); S34: Opportunity Insights Social Capital Atlas,https://www.kinderudp.org/#/datasetCatalog/oxwq5xg0ewkj,Candidate fields: g2304_ppcare; g2304_pptrusted; g2304_pphelp; g2304_closeknit; g2304_ppnotalong; g2304_italktopp; g2304_rweight. Codebook only; survey microdata not acquired.,"Reference date, fixed geographic ID, person or household ID where available, tenure before and after moves, origin, destination, household size and survey weights or margins of error.",reports/2026-09-10_Variable_Source_Assessment/research/GHCP_2023_2024_User_Guide.pdf,No exact model transformation certified,,,,,S33: Catalog and 248-page codebook read; codebook downloaded. Public-use data require a request form; no request submitted. Public files omit geocodes. | S34: Project/download pages and tutorial read; data not acquired.,S33: Greater Houston adult respondents; Harris subset/weights must be established | S34: County and ZIP; some institution measures,"S33: 2023–2024 public-use waves; release listed January 9, 2026 | S34: 2022 release/cross-sectional network measures",Community_Social_Capital,Original 215-entry dictionary,2026-09-10,2026-09-15
Social_Capital_Building,Community,Flow referenced by a stock,Increase in the chosen social-capital scale per year.,scale points/year,"Estimate positive longitudinal scale change associated with networks, organizations and support, using repeated observations and a matched population definition.",Replenishes Community_Social_Capital.,Requires calibration or longitudinal evidence,Nonnegative under the declared stock/flow convention; estimates and rates may be fractional,Do not infer annual growth from one cross-sectional Atlas score or meeting count.,"This flow is named by a stock, but the guide provides no complete equation. Estimate it from the described records or specify a dimensioned response before simulation.",No standalone equation captured; see stock balance where applicable,Not a stock definition,,unresolved,62,No direct guide input identified,Community_Social_Capital [stock inflow],Explicit guide relationship or category link; not verified in an executable model,Guide/source-assessment interpretation; derivation and repairs are documented proposals unless a retained transformation is identified,S33 S34 S21,S33: Rice Greater Houston Community Panel (GHCP); S34: Opportunity Insights Social Capital Atlas; S21: HCD public-records access route,https://www.kinderudp.org/#/datasetCatalog/oxwq5xg0ewkj,"Required records: Reference date, fixed geographic ID, person or household ID where available, tenure before and after moves, origin, destination, household size and survey weights or margins of error.","Reference date, fixed geographic ID, person or household ID where available, tenure before and after moves, origin, destination, household size and survey weights or margins of error.",No exact usable input file certified; see source assessment,No exact model transformation certified,,,,,S33: Catalog and 248-page codebook read; codebook downloaded. Public-use data require a request form; no request submitted. Public files omit geocodes. | S34: Project/download pages and tutorial read; data not acquired. | S21: Official request route verified. No request submitted; responsive fields and release are unconfirmed.,"S33: Greater Houston adult respondents; Harris subset/weights must be established | S34: County and ZIP; some institution measures | S21: HCD cases, staff and program finances","S33: 2023–2024 public-use waves; release listed January 9, 2026 | S34: 2022 release/cross-sectional network measures | S21: Request 2010–2024, with later completion dates for censoring",,Original 215-entry dictionary,2026-09-10,2026-09-15
Total_Households,Community,Proposed auxiliary or input,All occupied households in the matching population and reference period.,households,Use B25003_E001 or sum owner and renter households after confirming their shared universe. Use eligible household counts for program-specific rates.,Provides denominators for vulnerability and participation measures.,Measurement route identified; exact model input not certified,Nonnegative under the declared stock/flow convention; estimates and rates may be fractional,Housing units include vacancies; total persons divided by a rounded household size is only an approximation.,No complete standalone equation is supplied. Use the stated data derivation as a proposed input method and specify any dynamic response separately.,No standalone equation captured; see stock balance where applicable,Not a stock definition,,unresolved,145,No direct guide input identified,Vulnerable_Population_Share [guide equation reference],Explicit guide relationship or category link; not verified in an executable model,Guide/source-assessment interpretation; derivation and repairs are documented proposals unless a retained transformation is identified,S01 S03,"S01: Census American Community Survey, detailed tables; S03: Census ACS Public Use Microdata Sample",https://api.census.gov/data/2024/acs/acs5/groups.html,occupied_households; owner_households; renter_households; year; geoid_2020,"Reference date, fixed geographic ID, person or household ID where available, tenure before and after moves, origin, destination, household size and survey weights or margins of error.",data/Population_Housing.csv,No exact model transformation certified,,,,,S01: Official metadata read. Many 2024 tables and a harmonized historical panel already retained; additional tables require retrieval. | S03: Official access page read; microdata not acquired.,"S01: County, tract; some block-group tables | S03: PUMA; derive county only where boundaries support it",S01: Annual 5-year releases; target 2010–2024 | S03: Annual 1-year and 5-year releases,,Original 215-entry dictionary,2026-09-10,2026-09-15
Years_of_Residence,Community,Proposed auxiliary or input,Duration of residence at the place relevant to attachment.,years or duration band,"Subtract move-in date from survey date, or preserve GHCP g2304_yrsneigh and ACS B25038 bands. Any midpoint conversion must be labeled an approximation.",Supplies residence-duration information for place attachment.,Measurement route identified; exact model input not certified,"Follow a documented instrument, ratio or rubric; range is not established by the variable name",Neighborhood tenure and years in the current dwelling differ; interval-coded durations are not exact years.,No complete standalone equation is supplied. Use the stated data derivation as a proposed input method and specify any dynamic response separately.,No standalone equation captured; see stock balance where applicable,Not a stock definition,,unresolved,70,No direct guide input identified,Place_Attachment_Index [guide equation reference],Explicit guide relationship or category link; not verified in an executable model,Guide/source-assessment interpretation; derivation and repairs are documented proposals unless a retained transformation is identified,S33 S01 S03,"S33: Rice Greater Houston Community Panel (GHCP); S01: Census American Community Survey, detailed tables; S03: Census ACS Public Use Microdata Sample",https://www.kinderudp.org/#/datasetCatalog/oxwq5xg0ewkj,Candidate field: g2304_yrsneigh and g2304_rweight; ACS B25038 bands. Codebook only; neighborhood versus dwelling duration differs.,"Reference date, fixed geographic ID, person or household ID where available, tenure before and after moves, origin, destination, household size and survey weights or margins of error.",reports/2026-09-10_Variable_Source_Assessment/research/GHCP_2023_2024_User_Guide.pdf,No exact model transformation certified,,,,,S33: Catalog and 248-page codebook read; codebook downloaded. Public-use data require a request form; no request submitted. Public files omit geocodes. | S01: Official metadata read. Many 2024 tables and a harmonized historical panel already retained; additional tables require retrieval. | S03: Official access page read; microdata not acquired.,"S33: Greater Houston adult respondents; Harris subset/weights must be established | S01: County, tract; some block-group tables | S03: PUMA; derive county only where boundaries support it","S33: 2023–2024 public-use waves; release listed January 9, 2026 | S01: Annual 5-year releases; target 2010–2024 | S03: Annual 1-year and 5-year releases",,Original 215-entry dictionary,2026-09-10,2026-09-15
Community_Cohesion_Preservation,Community,Proposed auxiliary or input,Extent to which relocated households retain social ties and collective connection.,cohesion change/network retention,"Compare pre-move and follow-up ties, contact frequency and cohesion using the same respondents and scale. Report network retention and attrition separately.",Supplies one of the guide's conceptual determinants of relocation success.,Requires operational definition or validated proxy,"Follow a documented instrument, ratio or rubric; range is not established by the variable name","Co-location of destinations is a proxy, not proof of preserved relationships.",No complete standalone equation is supplied. Use the stated data derivation as a proposed input method and specify any dynamic response separately.,No standalone equation captured; see stock balance where applicable,Not a stock definition,,,125,No direct guide input identified,Relocation_Success_Rate [named conceptual determinant],Explicit guide relationship or category link; not verified in an executable model,Guide/source-assessment interpretation; derivation and repairs are documented proposals unless a retained transformation is identified,S33 S38 S35 S36,"S33: Rice Greater Houston Community Panel (GHCP); S38: Williams and Vaske place-attachment measurement study, USFS repository; S35: Texas A&M IDRT / OneGulf buyout fiscal and social implications project; S36: Texas A&M / Texas Appleseed Harris County Home Buyout Study, Phase 1",https://www.kinderudp.org/#/datasetCatalog/oxwq5xg0ewkj,"Required records: Reference date, fixed geographic ID, person or household ID where available, tenure before and after moves, origin, destination, household size and survey weights or margins of error.","Reference date, fixed geographic ID, person or household ID where available, tenure before and after moves, origin, destination, household size and survey weights or margins of error.",No exact usable input file certified; see source assessment,No exact model transformation certified,,,,,"S33: Catalog and 248-page codebook read; codebook downloaded. Public-use data require a request form; no request submitted. Public files omit geocodes. | S38: Primary research repository and PDF identified/read. | S35: Institutional project description verified; dashboard exists but underlying exports, completeness and reuse terms are unverified. | S36: 72-page primary report read via web; local PDF download returned 403; underlying interview data access unverified.",S33: Greater Houston adult respondents; Harris subset/weights must be established | S38: Measurement instrument; no Harris County observations | S35: Historical Harris County buyouts and destination block groups | S36: Mandatory-buyout residents in Harris County,"S33: 2023–2024 public-use waves; release listed January 9, 2026 | S38: 2003 study | S35: Coverage years not verified from underlying data | S36: December 2025 report",,Additional guide/configuration entry,2026-09-10,2026-09-15
Municipal_Tax_Base,Fiscal,Stock,Taxable property value within the selected taxing jurisdiction.,USD_2024 taxable value,"Sum jurisdiction-specific taxable values after exemptions and reconcile to the certified roll. Existing county initialization is a rounded published 2024 value, not a municipal total.","Tracks revenue-generating property value affected by development, valuation change and retreat.",Retained stock initial value: observed_rounded,Nonnegative under the declared stock/flow convention; estimates and rates may be fractional,Specify county versus city/FCD. Market value is not taxable value; retain nominal accounting equivalents.,"Stock balance reconstructed from the guide INFLOWS, OUTFLOWS and INITIAL VALUE fields: INTEG(New_Development_Value + Property_Value_Appreciation - Property_Value_Depreciation - Retreat_Property_Removal, Initial_Assessment_Value). Check initial scope and stock bounds.",No standalone equation captured; see stock balance where applicable,"INTEG(New_Development_Value + Property_Value_Appreciation - Property_Value_Depreciation - Retreat_Property_Removal, Initial_Assessment_Value)",Initial_Assessment_Value,dollars,77; 513,New_Development_Value [stock inflow]; Property_Value_Appreciation [stock inflow]; Property_Value_Depreciation [stock outflow]; Retreat_Property_Removal [stock outflow]; Initial_Assessment_Value [stock initializer],No downstream equation specified in the guide,Stock balance specified; downstream use may be a reported outcome or conceptual link,Guide/source-assessment interpretation; derivation and repairs are documented proposals unless a retained transformation is identified,S05 S27,S05: Harris Central Appraisal District account and parcel downloads; S27: Harris County Auditor annual comprehensive financial reports,https://hcad.org/pdata/pdata-property-downloads.html/,entity; measure; year; value; unit; source_page; amount_basis,"Transaction or account ID, fund and jurisdiction, funding origin, eligible cost category, nominal amount, price basis, receipt/payment/effective date, restrictions and appraisal basis.",data/Fiscal_Funding.csv,"Adapt to Harris County; original certified taxable value, PDF page 24; rounded to nearest billion",665000000000,dollars,observed_rounded,"Adapt to Harris County; original certified taxable value, PDF page 24; rounded to nearest billion",S05: Official pages checked; 2024 raw archives already retained. | S27: Official catalog and FY2024 report read; candidate acquisition.,S05: Parcel/account and taxing jurisdiction | S27: County and reporting entities/funds,S05: 2024 retained; inspect annual historical availability | S27: Annual audited fiscal years,,Original 215-entry dictionary,2026-09-10,2026-09-15
Retreat_Funding_Available,Fiscal,Stock,Spendable program funding balance at a particular date.,USD_2024,"Reconstruct opening balance plus eligible receipts less actual spending, adjusting for restrictions and committed obligations under one accounting convention. An unspent allocation is not automatically available cash.",Limits acquisition throughput and stores funding received but not yet spent.,Retained stock initial value: unavailable,Nonnegative under the declared stock/flow convention; estimates and rates may be fractional,"Grant allocation, obligation, appropriation and available cash are different quantities. See the simulation relationship for the required equation review.",Add administration and other eligible spending if not included in existing outflows. Include insurance only when received by this fund; treat reservations and disbursements consistently.,No standalone equation captured; see stock balance where applicable,"INTEG(Federal_Funding + Provincial_Funding + Municipal_Contribution + Insurance_Payouts - Buyout_Payments - Support_Service_Costs - Land_Restoration_Costs, 0)",0,dollars,78; 121; 516,Federal_Funding [stock inflow]; Provincial_Funding [stock inflow]; Municipal_Contribution [stock inflow]; Insurance_Payouts [stock inflow]; Buyout_Payments [stock outflow]; Support_Service_Costs [stock outflow]; Land_Restoration_Costs [stock outflow],Properties_Retreated [guide equation reference],Explicit guide relationship or category link; not verified in an executable model,Guide/source-assessment interpretation; derivation and repairs are documented proposals unless a retained transformation is identified,S21 S22 S23 S26 S27,S21: HCD public-records access route; S22: HCFCD public-information access route; S23: Texas GLO HUD DRGR quarterly performance reports; S26: Harris County adopted budgets and budget volumes; S27: Harris County Auditor annual comprehensive financial reports,https://hcd.harriscountytx.gov/About-Us/Public-Records-Request,entity; measure; date; value; amount_basis; grant_number; activity_number,"Transaction or account ID, fund and jurisdiction, funding origin, eligible cost category, nominal amount, price basis, receipt/payment/effective date, restrictions and appraisal basis.",data/Fiscal_Funding.csv,No defensible countywide 2024 measurement. See Gap_Queue.csv.,,dollars,unavailable,No defensible countywide 2024 measurement. See Gap_Queue.csv.,S21: Official request route verified. No request submitted; responsive fields and release are unconfirmed. | S22: Official public-information request page read; no request submitted. | S23: Official reporting pages read; local financial/accomplishment/narrative files retained. | S26: Official budget portal read; two budget PDFs already retained. | S27: Official catalog and FY2024 report read; candidate acquisition.,"S21: HCD cases, staff and program finances | S22: HCFCD program, acquisition, land and infrastructure records | S23: Grant, activity, project and grantee | S26: County departments, funds and programs | S27: County and reporting entities/funds","S21: Request 2010–2024, with later completion dates for censoring | S22: Request historical cohorts and 2024 opening balances | S23: Quarterly grant histories; local Harris buyout extracts retained | S26: Annual; FY2025/FY2026 local documents | S27: Annual audited fiscal years",,Original 215-entry dictionary,2026-09-10,2026-09-15
Cumulative_Disaster_Costs,Fiscal,Stock,Disaster damage accumulated from the counter's starting date.,USD_2024,Integrate annual damage in consistent 2024 dollars. Use zero only for a counter starting at model launch; reconstruct historical losses when legacy costs are included.,Records cumulative damage across scenarios; it is not itself the benefit of retreat.,Retained stock initial value: assumed,Nonnegative under the declared stock/flow convention; estimates and rates may be fractional,"Do not add insurance, aid and reported property damage as independent costs; all may describe the same loss.","Stock balance reconstructed from the guide INFLOWS, OUTFLOWS and INITIAL VALUE fields: INTEG(Annual_Disaster_Damage_Costs, 0). Check initial scope and stock bounds.",No standalone equation captured; see stock balance where applicable,"INTEG(Annual_Disaster_Damage_Costs, 0)",0,dollars,79; 89; 527,Annual_Disaster_Damage_Costs [stock inflow],Cost_Benefit_Ratio [guide equation reference],Explicit guide relationship or category link; not verified in an executable model,Guide/source-assessment interpretation; derivation and repairs are documented proposals unless a retained transformation is identified,S08 S09 S25 S56 S31,S08: NOAA Storm Events bulk files; S09: HCFCD flood reports and Harris County Flood Warning System; S25: OpenFEMA NFIP claims and Individual Assistance/Housing Assistance; S56: FEMA Hazus Flood Model technical manual; S31: BLS Consumer Price Index,https://www.ncei.noaa.gov/pub/data/swdi/stormevents/csvfiles/,"Required records: Transaction or account ID, fund and jurisdiction, funding origin, eligible cost category, nominal amount, price basis, receipt/payment/effective date, restrictions and appraisal basis.","Transaction or account ID, fund and jurisdiction, funding origin, eligible cost category, nominal amount, price basis, receipt/payment/effective date, restrictions and appraisal basis.",data/Initial_Conditions.csv (opening-value record; missing values remain missing),Counter of costs incurred after model start; not historical losses,0,dollars,assumed,Counter of costs incurred after model start; not historical losses,S08: Bulk source used in existing package; annual files retained. | S09: Official report and gauge pages read; targeted raw series remain to acquire. | S25: Local harmonized inputs retained. FEMA landing page returned 403 during this review; original lineage retained in upstream files. | S56: Official manual located during research; local structure/depth inputs must be assembled. | S31: Official data and Houston release pages read; deflator not yet applied.,"S08: County/forecast zone and event locations | S09: Watershed, gauge and event footprint | S25: Redacted claims/applications; local tract aggregation | S56: Engineering loss-model methodology | S31: Houston metropolitan area or national benchmark","S08: 2010–2024 files retained; longer archive available | S09: Event reports and gauge-specific records | S25: Historical panel coverage varies by source | S56: Hazus 7, 2025 manual | S31: Monthly/bimonthly or annual series depending geography",,Original 215-entry dictionary,2026-09-10,2026-09-15
Buyout_Payments,Fiscal,Flow,Annual acquisition compensation disbursed by the retreat program.,USD_2024/year,"Sum dated paid acquisition transactions in constant dollars, deduplicate payment IDs and separate purchase price from tenant and supplemental assistance.",Drains Retreat_Funding_Available as properties are acquired.,Measurement route identified; exact model input not certified,Nonnegative under the declared stock/flow convention; estimates and rates may be fractional,Award amount is not payment; retain household/property and grant links for deduplication.,"Guide relationship is preserved in the equation field. Reconcile units, bounds and input definitions before execution.",Guide paragraph 81: Properties_Retreated * Average_Property_Value * Compensation_Rate,Not a stock definition,,dollars/year,78; 81,Average_Property_Value [guide equation reference]; Compensation_Rate [guide equation reference]; Properties_Retreated [guide equation reference],Retreat_Funding_Available [stock outflow],Explicit guide relationship or category link; not verified in an executable model,Guide/source-assessment interpretation; derivation and repairs are documented proposals unless a retained transformation is identified,S21 S22 S23 S29 S31,"S21: HCD public-records access route; S22: HCFCD public-information access route; S23: Texas GLO HUD DRGR quarterly performance reports; S29: Harris County purchasing, contracts and procurement records; S31: BLS Consumer Price Index",https://hcd.harriscountytx.gov/About-Us/Public-Records-Request,"Required records: Transaction or account ID, fund and jurisdiction, funding origin, eligible cost category, nominal amount, price basis, receipt/payment/effective date, restrictions and appraisal basis.","Transaction or account ID, fund and jurisdiction, funding origin, eligible cost category, nominal amount, price basis, receipt/payment/effective date, restrictions and appraisal basis.",No exact usable input file certified; see source assessment,No exact model transformation certified,,,,,S21: Official request route verified. No request submitted; responsive fields and release are unconfirmed. | S22: Official public-information request page read; no request submitted. | S23: Official reporting pages read; local financial/accomplishment/narrative files retained. | S29: Official portal and linked Bonfire/GovQA routes verified; detailed invoice/effort exports not acquired. | S31: Official data and Houston release pages read; deflator not yet applied.,"S21: HCD cases, staff and program finances | S22: HCFCD program, acquisition, land and infrastructure records | S23: Grant, activity, project and grantee | S29: Contract/project and vendor | S31: Houston metropolitan area or national benchmark","S21: Request 2010–2024, with later completion dates for censoring | S22: Request historical cohorts and 2024 opening balances | S23: Quarterly grant histories; local Harris buyout extracts retained | S29: Award- and invoice-specific | S31: Monthly/bimonthly or annual series depending geography",,Original 215-entry dictionary,2026-09-10,2026-09-15
Annual_Disaster_Damage_Costs,Fiscal,Flow,Expected or observed hazard damage occurring in one year.,USD_2024/year,"For history reconcile event-level physical losses and deflate to 2024 dollars. For simulation combine event probabilities, exposed values and matched damage fractions; distinguish expected losses from realized events.",Fills Cumulative_Disaster_Costs and quantifies the damage burden that retreat may avoid.,Requires calibration or longitudinal evidence,Nonnegative under the declared stock/flow convention; estimates and rates may be fractional,Insured/applicant losses are incomplete; calibrate selection and structure-value basis.,Guide relationship is preserved in the equation field. Its coefficients or scales require validation against the derivation described here.,Guide paragraph 82: Hazard_Event_Rate * Properties_at_Risk * Average_Property_Value * Average_Damage_Fraction,Not a stock definition,,dollars/year,79; 82,Average_Damage_Fraction [guide equation reference]; Average_Property_Value [guide equation reference]; Hazard_Event_Rate [guide equation reference]; Properties_at_Risk [guide equation reference],Cumulative_Disaster_Costs [stock inflow],Explicit guide relationship or category link; not verified in an executable model,Guide/source-assessment interpretation; derivation and repairs are documented proposals unless a retained transformation is identified,S09 S25 S56 S07 S31,S09: HCFCD flood reports and Harris County Flood Warning System; S25: OpenFEMA NFIP claims and Individual Assistance/Housing Assistance; S56: FEMA Hazus Flood Model technical manual; S07: USACE National Structure Inventory; S31: BLS Consumer Price Index,https://www.hcfcd.org/About/Harris-Countys-Flooding-History/Countywide-Impacts,"Required records: Transaction or account ID, fund and jurisdiction, funding origin, eligible cost category, nominal amount, price basis, receipt/payment/effective date, restrictions and appraisal basis.","Transaction or account ID, fund and jurisdiction, funding origin, eligible cost category, nominal amount, price basis, receipt/payment/effective date, restrictions and appraisal basis.",No exact usable input file certified; see source assessment,No exact model transformation certified,,,,,S09: Official report and gauge pages read; targeted raw series remain to acquire. | S25: Local harmonized inputs retained. FEMA landing page returned 403 during this review; original lineage retained in upstream files. | S56: Official manual located during research; local structure/depth inputs must be assembled. | S07: Official technical documentation read; local SFHA extract retained. | S31: Official data and Houston release pages read; deflator not yet applied.,"S09: Watershed, gauge and event footprint | S25: Redacted claims/applications; local tract aggregation | S56: Engineering loss-model methodology | S07: Structure points | S31: Houston metropolitan area or national benchmark","S09: Event reports and gauge-specific records | S25: Historical panel coverage varies by source | S56: Hazus 7, 2025 manual | S07: 2022 documentation; a 2026 release also exists | S31: Monthly/bimonthly or annual series depending geography",,Original 215-entry dictionary,2026-09-10,2026-09-15
Federal_Funding,Fiscal,Flow,Federal-origin receipts available to the program per year.,USD_2024/year,"Sum verified receipts by award and transaction date, track restrictions and funding origin, and remove duplicate pass-through reporting. Deflate nominal transactions consistently.",Replenishes Retreat_Funding_Available.,Measurement route identified; exact model input not certified,Nonnegative under the declared stock/flow convention; estimates and rates may be fractional,USAspending obligations and local receipts must not be pooled without reconciliation.,"Guide relationship is preserved in the equation field. Reconcile units, bounds and input definitions before execution.",Guide paragraph 83: Federal_Funding_Availability * Retreat_Program_Eligibility * Political_Priority_Factor,Not a stock definition,,dollars/year,78; 83,Federal_Funding_Availability [guide equation reference]; Political_Priority_Factor [guide equation reference]; Retreat_Program_Eligibility [guide equation reference],Retreat_Funding_Available [stock inflow],Explicit guide relationship or category link; not verified in an executable model,Guide/source-assessment interpretation; derivation and repairs are documented proposals unless a retained transformation is identified,S23 S24 S30 S21,S23: Texas GLO HUD DRGR quarterly performance reports; S24: OpenFEMA HMA project-site inventories; S30: USAspending API and federal award transactions; S21: HCD public-records access route,https://glo.texas.gov/disaster-recovery/grant-administration/grant-administration-reporting/hud-drgr-qpr-reports,"Required records: Transaction or account ID, fund and jurisdiction, funding origin, eligible cost category, nominal amount, price basis, receipt/payment/effective date, restrictions and appraisal basis.","Transaction or account ID, fund and jurisdiction, funding origin, eligible cost category, nominal amount, price basis, receipt/payment/effective date, restrictions and appraisal basis.",No exact usable input file certified; see source assessment,No exact model transformation certified,,,,,S23: Official reporting pages read; local financial/accomplishment/narrative files retained. | S24: Local API extracts and metadata verified in prior build; landing page returned 403 during source search. | S30: Official API documentation read; candidate supplementary download. | S21: Official request route verified. No request submitted; responsive fields and release are unconfirmed.,"S23: Grant, activity, project and grantee | S24: Mitigation project/site; filter Harris County | S30: Recipient/place of performance and award | S21: HCD cases, staff and program finances","S23: Quarterly grant histories; local Harris buyout extracts retained | S24: API version-specific; retained v1 and older v4 extract | S30: Transaction histories by award | S21: Request 2010–2024, with later completion dates for censoring",,Original 215-entry dictionary,2026-09-10,2026-09-15
Compensation_Rate,Fiscal,Auxiliary or delayed quantity,Ratio of total modeled acquisition compensation to the specified property-value basis.,payment/value ratio,For history divide matched acquisition payments by the relevant appraisal amount. For scenarios multiply the selected base schedule by explicit supplements without duplicating eligible costs.,"Changes acquisition cost, funding-limited throughput and compensation attractiveness.",Policy/scenario definition; no fitted value certified,"Follow a documented instrument, ratio or rubric; range is not established by the variable name",A category selector cannot be multiplied as if it were a numeric compensation rate. See the simulation relationship for the required equation review.,"Convert the selected compensation category to a numeric base rate, then apply documented adjustments. The array alternative uses Base_Compensation_Rate * Equity_Adjustment * User_Group_Factor.","Guide paragraph 85: Compensation_Type_Selector * Equity_Adjustment_Factor

Guide paragraph 261: Base_Compensation_Rate * Equity_Adjustment[Land_User_Group] * User_Group_Factor[Land_User_Group]",Not a stock definition,,dimensionless,81; 85; 121; 177; 261; 516; 529,Compensation_Type_Selector [guide equation reference]; Equity_Adjustment_Factor [guide equation reference]; Base_Compensation_Rate [guide equation reference]; Equity_Adjustment [guide equation reference]; Land_User_Group [guide equation reference]; User_Group_Factor [guide equation reference],Buyout_Payments [guide equation reference]; Properties_Retreated [guide equation reference]; Compensation_Attractiveness [guide equation reference],Explicit guide relationship or category link; not verified in an executable model,Guide/source-assessment interpretation; derivation and repairs are documented proposals unless a retained transformation is identified,S19 S20 S21 S22,S19: Harris County HCD buyout guidelines and performance reports; S20: HCFCD voluntary home buyout program; S21: HCD public-records access route; S22: HCFCD public-information access route,https://hcd.harriscountytx.gov/Disaster-Recovery/Buyout-Relocation-Programs,"Required records: Transaction or account ID, fund and jurisdiction, funding origin, eligible cost category, nominal amount, price basis, receipt/payment/effective date, restrictions and appraisal basis.","Transaction or account ID, fund and jurisdiction, funding origin, eligible cost category, nominal amount, price basis, receipt/payment/effective date, restrictions and appraisal basis.",No exact usable input file certified; see source assessment,No exact model transformation certified,,,,,S19: Official program pages and linked June 2025 guidelines read; earlier quarterly reports retained. | S20: Official pages read. Detailed longitudinal property records still require a request. | S21: Official request route verified. No request submitted; responsive fields and release are unconfirmed. | S22: Official public-information request page read; no request submitted.,"S19: HCD programs and project areas | S20: HCFCD eligible areas and participating properties | S21: HCD cases, staff and program finances | S22: HCFCD program, acquisition, land and infrastructure records","S19: Program-specific; 2024 Q3 and 2025 Q2 reports retained | S20: Program history/current guidance | S21: Request 2010–2024, with later completion dates for censoring | S22: Request historical cohorts and 2024 opening balances",,Original 215-entry dictionary,2026-09-10,2026-09-15
Cost_Benefit_Ratio,Fiscal,Auxiliary or delayed quantity,Ratio of discounted incremental benefits to discounted incremental resource costs of retreat.,ratio,"Compare retreat with a matched counterfactual over the same horizon. Discount avoided future losses and nonoverlapping benefits, then divide by incremental costs. Do not count sunk historical losses as benefits.",Supports economic comparison of retreat policies and the guide's political-will pathway.,Calculated once compatible inputs and definitions are supplied,"Follow a documented instrument, ratio or rubric; range is not established by the variable name",Past sunk disaster costs are not future benefits of a new buyout; prevent administrative-cost double counting. See the simulation relationship for the required equation review.,Use PV(incremental avoided future losses + nonoverlapping benefits) / PV(incremental retreat resource costs). Exclude sunk historical damage and avoid counting administration twice. The guide name actually describes a benefit-to-cost ratio.,Guide paragraph 89: (Cumulative_Disaster_Costs + Future_Disaster_Costs_NPV) / (Total_Retreat_Costs + Retreat_Program_Admin_Costs),Not a stock definition,,dimensionless,89; 179; 527,Cumulative_Disaster_Costs [guide equation reference]; Future_Disaster_Costs_NPV [guide equation reference]; Retreat_Program_Admin_Costs [guide equation reference]; Total_Retreat_Costs [guide equation reference],Political_Will [guide equation reference],Explicit guide relationship or category link; not verified in an executable model,Guide/source-assessment interpretation; derivation and repairs are documented proposals unless a retained transformation is identified,S32 S56 S21 S23 S52,S32: FEMA benefit-cost analysis guidance; S56: FEMA Hazus Flood Model technical manual; S21: HCD public-records access route; S23: Texas GLO HUD DRGR quarterly performance reports; S52: Natural Capital Project InVEST methods and data,https://www.fema.gov/sites/default/files/documents/fema_policy-206-23-001-bca-discount-rate-and-streamlined-approaches_april-24-2024.pdf,"Required records: Transaction or account ID, fund and jurisdiction, funding origin, eligible cost category, nominal amount, price basis, receipt/payment/effective date, restrictions and appraisal basis.","Transaction or account ID, fund and jurisdiction, funding origin, eligible cost category, nominal amount, price basis, receipt/payment/effective date, restrictions and appraisal basis.",No exact usable input file certified; see source assessment,No exact model transformation certified,,,,,"S32: Official policy located; PDF fetch was unsuccessful. Applicability/current rule must be checked against the award before use. | S56: Official manual located during research; local structure/depth inputs must be assembled. | S21: Official request route verified. No request submitted; responsive fields and release are unconfirmed. | S23: Official reporting pages read; local financial/accomplishment/narrative files retained. | S52: Official data/method pages read; method source, not an acquired Harris valuation table.","S32: Method/policy, not local observations | S56: Engineering loss-model methodology | S21: HCD cases, staff and program finances | S23: Grant, activity, project and grantee | S52: Model/project specific","S32: Version and award-rule dependent | S56: Hazus 7, 2025 manual | S21: Request 2010–2024, with later completion dates for censoring | S23: Quarterly grant histories; local Harris buyout extracts retained | S52: Input-vintage and scenario specific",,Original 215-entry dictionary,2026-09-10,2026-09-15
Municipal_Fiscal_Stress,Fiscal,Auxiliary or delayed quantity,Defined measure of pressure on a taxing jurisdiction's recurring finances.,ratio or documented scale,"Compare matched recurring obligations and revenues. If Budget_Gap already includes services, avoid adding Service_Costs again; preserve the underlying deficit ratio before any bounded display transform.",Reports the fiscal consequences of lost taxable value and service obligations.,Calculated once compatible inputs and definitions are supplied,"Follow a documented instrument, ratio or rubric; range is not established by the variable name",Guide Budget_Gap plus Service_Costs can double count expenses; align annual flow units. See the simulation relationship for the required equation review.,Resolve whether Budget_Gap already includes Service_Costs. Use one matched recurring-deficit definition and a positive revenue denominator; do not double count service obligations.,"Guide paragraph 90: MAX(0, MIN(1, (Budget_Gap + Service_Costs) / (Tax_Revenue + Transfer_Payments)))",Not a stock definition,,dimensionless (0-1),90,Budget_Gap [guide equation reference]; Service_Costs [guide equation reference]; Tax_Revenue [guide equation reference]; Transfer_Payments [guide equation reference],No downstream equation specified in the guide,Proposed input or output; downstream connection is not fully specified,Guide/source-assessment interpretation; derivation and repairs are documented proposals unless a retained transformation is identified,S26 S27,S26: Harris County adopted budgets and budget volumes; S27: Harris County Auditor annual comprehensive financial reports,https://budget.harriscountytx.gov/budget.aspx,"Required records: Transaction or account ID, fund and jurisdiction, funding origin, eligible cost category, nominal amount, price basis, receipt/payment/effective date, restrictions and appraisal basis.","Transaction or account ID, fund and jurisdiction, funding origin, eligible cost category, nominal amount, price basis, receipt/payment/effective date, restrictions and appraisal basis.",No exact usable input file certified; see source assessment,No exact model transformation certified,,,,,S26: Official budget portal read; two budget PDFs already retained. | S27: Official catalog and FY2024 report read; candidate acquisition.,"S26: County departments, funds and programs | S27: County and reporting entities/funds",S26: Annual; FY2025/FY2026 local documents | S27: Annual audited fiscal years,,Original 215-entry dictionary,2026-09-10,2026-09-15
Average_Property_Value,Fiscal,Parameter,Mean property value on the valuation basis used for acquisition or damage calculations.,USD_2024/property,Existing proxy is mean positive tot_mkt_val among residential accounts overlapping the 2026 SFHA. For acquisition use the relevant cohort and appraisal basis; for damage use compatible structure and contents values.,Converts property counts into buyout spending and exposed monetary value.,Retained parameter: derived_proxy,Nonnegative under the declared stock/flow convention; estimates and rates may be fractional,"Do not mix assessed taxable, market, replacement and post-disaster values.",No complete standalone equation is supplied. Use the stated data derivation as a proposed input method and specify any dynamic response separately.,No standalone equation captured; see stock balance where applicable,Not a stock definition,,USD_2024/property,81; 82; 92; 121; 516; 535,No direct guide input identified,Buyout_Payments [guide equation reference]; Annual_Disaster_Damage_Costs [guide equation reference]; Properties_Retreated [guide equation reference],Explicit guide relationship or category link; not verified in an executable model,Guide/source-assessment interpretation; derivation and repairs are documented proposals unless a retained transformation is identified,S05 S21 S16 S31,S05: Harris Central Appraisal District account and parcel downloads; S21: HCD public-records access route; S16: FHFA House Price Index datasets; S31: BLS Consumer Price Index,https://hcad.org/pdata/pdata-property-downloads.html/,acct; tot_mkt_val; sfha_any_overlap_2026,"Transaction or account ID, fund and jurisdiction, funding origin, eligible cost category, nominal amount, price basis, receipt/payment/effective date, restrictions and appraisal basis.",data/Residential_Parcel_Inputs.csv.gz,mean(tot_mkt_val > 0) in matched residential SFHA-overlap accounts,474141.4551172218,USD_2024/property,derived_proxy,"Mean positive 2024 market value of Harris residential accounts with parcel overlap with March 2026 SFHA. Bounds are guide policy-sensitivity assumptions, not a confidence interval. Not eligibility, actual compensation or structure replacement cost.",S05: Official pages checked; 2024 raw archives already retained. | S21: Official request route verified. No request submitted; responsive fields and release are unconfirmed. | S16: Official dataset page read; candidate acquisition. | S31: Official data and Houston release pages read; deflator not yet applied.,"S05: Parcel/account and taxing jurisdiction | S21: HCD cases, staff and program finances | S16: County/metro/ZIP depending series | S31: Houston metropolitan area or national benchmark","S05: 2024 retained; inspect annual historical availability | S21: Request 2010–2024, with later completion dates for censoring | S16: Historical annual or quarterly series | S31: Monthly/bimonthly or annual series depending geography",,Original 215-entry dictionary,2026-09-10,2026-09-15
Discount_Rate,Fiscal,Parameter,Annual rate used to convert future costs and benefits to present values.,1/year,Choose a documented real rate consistent with constant-dollar cash flows and the analysis purpose. Apply PV=sum(amount_t/(1+r)^(t-reference_year)); retain sensitivity alternatives.,Makes costs and benefits occurring in different years comparable.,Retained parameter: assumed,Documented annual real rate; greater than -1 for discrete annual discounting and consistent with the chosen analysis,Verify rule/version at use; keep real discount rates with real dollars and nominal rates with nominal dollars.,Set the documented policy/scenario input; map its effects to the relevant model equation explicitly.,No standalone equation captured; see stock balance where applicable,Not a stock definition,,1/year,95,No direct guide input identified,No downstream equation specified in the guide,Proposed input or output; downstream connection is not fully specified,Guide/source-assessment interpretation; derivation and repairs are documented proposals unless a retained transformation is identified,S32 M01,S32: FEMA benefit-cost analysis guidance; M01: Ali shared system-dynamics guide and mind map,https://www.fema.gov/sites/default/files/documents/fema_policy-206-23-001-bca-discount-rate-and-streamlined-approaches_april-24-2024.pdf,"Required records: Transaction or account ID, fund and jurisdiction, funding origin, eligible cost category, nominal amount, price basis, receipt/payment/effective date, restrictions and appraisal basis.","Transaction or account ID, fund and jurisdiction, funding origin, eligible cost category, nominal amount, price basis, receipt/payment/effective date, restrictions and appraisal basis.",data/Parameters.csv (assumption/input record; measurement status shown separately),Midpoint of guide range except explicitly defined single-hazard convention,0.05,1/year,assumed,Illustrative real discount rate; do not apply to unconverted nominal histories.,S32: Official policy located; PDF fetch was unsuccessful. Applicability/current rule must be checked against the award before use. | M01: Both original files inspected; 215-entry dictionary reconciled against full guide.,"S32: Method/policy, not local observations | M01: Generic model requiring Harris County localization","S32: Version and award-rule dependent | M01: DOCX guide; mind map dated October 15, 2024",,Original 215-entry dictionary,2026-09-10,2026-09-15
Federal_Funding_Availability,Fiscal,Parameter,Federal funding envelope available for the selected year and scenario.,USD_2024/year,Use award-specific annual schedules and receipts for history. Future amounts are policy scenarios until awards and release conditions are known.,Sets the upper funding input multiplied by eligibility and political priority in the guide.,Retained parameter: assumed,Nonnegative under the declared stock/flow convention; estimates and rates may be fractional,"Future federal appropriations are uncertain policy inputs, not values recoverable from a past average alone.",Set the documented policy/scenario input; map its effects to the relevant model equation explicitly.,No standalone equation captured; see stock balance where applicable,Not a stock definition,,USD_2024/year,83; 94,No direct guide input identified,Federal_Funding [guide equation reference],Explicit guide relationship or category link; not verified in an executable model,Guide/source-assessment interpretation; derivation and repairs are documented proposals unless a retained transformation is identified,S23 S24 S30 S26,S23: Texas GLO HUD DRGR quarterly performance reports; S24: OpenFEMA HMA project-site inventories; S30: USAspending API and federal award transactions; S26: Harris County adopted budgets and budget volumes,https://glo.texas.gov/disaster-recovery/grant-administration/grant-administration-reporting/hud-drgr-qpr-reports,"Required records: Transaction or account ID, fund and jurisdiction, funding origin, eligible cost category, nominal amount, price basis, receipt/payment/effective date, restrictions and appraisal basis.","Transaction or account ID, fund and jurisdiction, funding origin, eligible cost category, nominal amount, price basis, receipt/payment/effective date, restrictions and appraisal basis.",data/Parameters.csv (assumption/input record; measurement status shown separately),Midpoint of guide range except explicitly defined single-hazard convention,25000000,USD_2024/year,assumed,"Illustrative future appropriation, not a guaranteed grant or spendable balance.",S23: Official reporting pages read; local financial/accomplishment/narrative files retained. | S24: Local API extracts and metadata verified in prior build; landing page returned 403 during source search. | S30: Official API documentation read; candidate supplementary download. | S26: Official budget portal read; two budget PDFs already retained.,"S23: Grant, activity, project and grantee | S24: Mitigation project/site; filter Harris County | S30: Recipient/place of performance and award | S26: County departments, funds and programs",S23: Quarterly grant histories; local Harris buyout extracts retained | S24: API version-specific; retained v1 and older v4 extract | S30: Transaction histories by award | S26: Annual; FY2025/FY2026 local documents,,Original 215-entry dictionary,2026-09-10,2026-09-15
Budget_Gap,Fiscal,Proposed auxiliary or input,Annual shortfall of recurring revenue relative to the selected operating obligations.,USD_2024/year,"Calculate max(0, obligations-recurring_revenue) for the same fund and year. Define whether Service_Costs is already included before using the guide's stress equation.",Supplies fiscal pressure to Municipal_Fiscal_Stress.,Calculated once compatible inputs and definitions are supplied,Nonnegative under the declared stock/flow convention; estimates and rates may be fractional,Do not include the same service costs again in the fiscal-stress numerator.,No complete standalone equation is supplied. Use the stated data derivation as a proposed input method and specify any dynamic response separately.,No standalone equation captured; see stock balance where applicable,Not a stock definition,,unresolved,90,No direct guide input identified,Municipal_Fiscal_Stress [guide equation reference],Explicit guide relationship or category link; not verified in an executable model,Guide/source-assessment interpretation; derivation and repairs are documented proposals unless a retained transformation is identified,S26 S27,S26: Harris County adopted budgets and budget volumes; S27: Harris County Auditor annual comprehensive financial reports,https://budget.harriscountytx.gov/budget.aspx,"Required records: Transaction or account ID, fund and jurisdiction, funding origin, eligible cost category, nominal amount, price basis, receipt/payment/effective date, restrictions and appraisal basis.","Transaction or account ID, fund and jurisdiction, funding origin, eligible cost category, nominal amount, price basis, receipt/payment/effective date, restrictions and appraisal basis.",No exact usable input file certified; see source assessment,No exact model transformation certified,,,,,S26: Official budget portal read; two budget PDFs already retained. | S27: Official catalog and FY2024 report read; candidate acquisition.,"S26: County departments, funds and programs | S27: County and reporting entities/funds",S26: Annual; FY2025/FY2026 local documents | S27: Annual audited fiscal years,,Original 215-entry dictionary,2026-09-10,2026-09-15
Compensation_Type_Selector,Fiscal,Policy or scenario selector,Selector or numeric base ratio for the chosen compensation schedule.,category mapped to payment/value ratio,"Choose Market_Value_Option, Pre_Disaster_Value_Option or Enhanced_Compensation_Option and look up its documented numeric offer ratio. A text category cannot be multiplied directly.",Supplies the base ratio used by Compensation_Rate; it is not identical to the final adjusted rate.,Name or accounting scope requires reconciliation,Explicit allowed category list; missing or unmapped categories remain unresolved,Map each category to a documented appraisal basis/rate; do not multiply an arbitrary category number.,No complete standalone equation is supplied. Use the stated data derivation as a proposed input method and specify any dynamic response separately.,No standalone equation captured; see stock balance where applicable,Not a stock definition,,unresolved,85,Market_Value_Option [category option]; Pre_Disaster_Value_Option [category option]; Enhanced_Compensation_Option [category option],Compensation_Rate [guide equation reference],Explicit guide relationship or category link; not verified in an executable model,Guide/source-assessment interpretation; derivation and repairs are documented proposals unless a retained transformation is identified,S19 S20 M01,S19: Harris County HCD buyout guidelines and performance reports; S20: HCFCD voluntary home buyout program; M01: Ali shared system-dynamics guide and mind map,https://hcd.harriscountytx.gov/Disaster-Recovery/Buyout-Relocation-Programs,"Required records: Transaction or account ID, fund and jurisdiction, funding origin, eligible cost category, nominal amount, price basis, receipt/payment/effective date, restrictions and appraisal basis.","Transaction or account ID, fund and jurisdiction, funding origin, eligible cost category, nominal amount, price basis, receipt/payment/effective date, restrictions and appraisal basis.",No exact usable input file certified; see source assessment,No exact model transformation certified,,,,,S19: Official program pages and linked June 2025 guidelines read; earlier quarterly reports retained. | S20: Official pages read. Detailed longitudinal property records still require a request. | M01: Both original files inspected; 215-entry dictionary reconciled against full guide.,S19: HCD programs and project areas | S20: HCFCD eligible areas and participating properties | M01: Generic model requiring Harris County localization,"S19: Program-specific; 2024 Q3 and 2025 Q2 reports retained | S20: Program history/current guidance | M01: DOCX guide; mind map dated October 15, 2024",,Original 215-entry dictionary,2026-09-10,2026-09-15
Equity_Adjustment_Factor,Fiscal,Policy or scenario input,Policy multiplier or assistance adjustment based on specified eligible needs.,payment multiplier,"Define eligibility and assistance rules, then calculate the adjustment relative to the base offer for each group. Preserve purchase and relocation assistance components separately.",Changes compensation adequacy and the cost of equitable participation.,Policy/scenario definition; no fitted value certified,"Follow a documented instrument, ratio or rubric; range is not established by the variable name",Normative policy choice; do not fit identity-based compensation penalties as natural laws.,Set the documented policy/scenario input; map its effects to the relevant model equation explicitly.,No standalone equation captured; see stock balance where applicable,Not a stock definition,,unresolved,85,No direct guide input identified,Compensation_Rate [guide equation reference],Explicit guide relationship or category link; not verified in an executable model,Guide/source-assessment interpretation; derivation and repairs are documented proposals unless a retained transformation is identified,S19 S21 S17,S19: Harris County HCD buyout guidelines and performance reports; S21: HCD public-records access route; S17: HUD Comprehensive Housing Affordability Strategy data,https://hcd.harriscountytx.gov/Disaster-Recovery/Buyout-Relocation-Programs,"Required records: Transaction or account ID, fund and jurisdiction, funding origin, eligible cost category, nominal amount, price basis, receipt/payment/effective date, restrictions and appraisal basis.","Transaction or account ID, fund and jurisdiction, funding origin, eligible cost category, nominal amount, price basis, receipt/payment/effective date, restrictions and appraisal basis.",No exact usable input file certified; see source assessment,No exact model transformation certified,,,,,S19: Official program pages and linked June 2025 guidelines read; earlier quarterly reports retained. | S21: Official request route verified. No request submitted; responsive fields and release are unconfirmed. | S17: Official download/documentation read; bulk files available; API requires a token.,"S19: HCD programs and project areas | S21: HCD cases, staff and program finances | S17: County, place, tract and other published areas","S19: Program-specific; 2024 Q3 and 2025 Q2 reports retained | S21: Request 2010–2024, with later completion dates for censoring | S17: ACS-based multi-year releases",,Original 215-entry dictionary,2026-09-10,2026-09-15
Future_Disaster_Costs_NPV,Fiscal,Proposed auxiliary or input,Present value of future disaster losses in a specified scenario.,USD_2024 present value,Estimate annual losses over the stated horizon and sum each discounted amount. Calculate separately for retreat and counterfactual paths before taking avoided losses.,Supplies the future-loss component of economic evaluation.,Calculated once compatible inputs and definitions are supplied,Nonnegative under the declared stock/flow convention; estimates and rates may be fractional,Model no-retreat and retreat counterfactuals separately; do not treat a gross loss forecast as avoided loss.,No complete standalone equation is supplied. Use the stated data derivation as a proposed input method and specify any dynamic response separately.,No standalone equation captured; see stock balance where applicable,Not a stock definition,,unresolved,89; 527,No direct guide input identified,Cost_Benefit_Ratio [guide equation reference],Explicit guide relationship or category link; not verified in an executable model,Guide/source-assessment interpretation; derivation and repairs are documented proposals unless a retained transformation is identified,S12 S56 S05 S32,S12: USGS CMIP6 LOCA2 and National Climate Change Viewer; S56: FEMA Hazus Flood Model technical manual; S05: Harris Central Appraisal District account and parcel downloads; S32: FEMA benefit-cost analysis guidance,https://www.usgs.gov/data/cmip6-loca2-spatial-summaries-counties-tiger-2023-1950-2100-contiguous-united-states,"Required records: Transaction or account ID, fund and jurisdiction, funding origin, eligible cost category, nominal amount, price basis, receipt/payment/effective date, restrictions and appraisal basis.","Transaction or account ID, fund and jurisdiction, funding origin, eligible cost category, nominal amount, price basis, receipt/payment/effective date, restrictions and appraisal basis.",No exact usable input file certified; see source assessment,No exact model transformation certified,,,,,S12: Official dataset and viewer pages read; candidate download. | S56: Official manual located during research; local structure/depth inputs must be assembled. | S05: Official pages checked; 2024 raw archives already retained. | S32: Official policy located; PDF fetch was unsuccessful. Applicability/current rule must be checked against the award before use.,"S12: County summaries; underlying downscaled grids | S56: Engineering loss-model methodology | S05: Parcel/account and taxing jurisdiction | S32: Method/policy, not local observations","S12: 1950–2100; historical and SSP scenarios | S56: Hazus 7, 2025 manual | S05: 2024 retained; inspect annual historical availability | S32: Version and award-rule dependent",,Original 215-entry dictionary,2026-09-10,2026-09-15
Homeowner_Compensation_Avg,Fiscal,Proposed auxiliary or input,"Mean compensation received per owner household, with components separately identified.",USD_2024/owner household,Sum verified owner-household acquisition and supplemental payments and divide by unique eligible recipient households. Separate owner-occupants from absentee owners.,Supports distributional assessment of owner outcomes and compensation adequacy.,Measurement route identified; exact model input not certified,Nonnegative under the declared stock/flow convention; estimates and rates may be fractional,Compare asset compensation and rehousing adequacy on appropriate denominators.,No complete standalone equation is supplied. Use the stated data derivation as a proposed input method and specify any dynamic response separately.,No standalone equation captured; see stock balance where applicable,Not a stock definition,,unresolved,144,No direct guide input identified,Equity_in_Compensation [guide equation reference],Explicit guide relationship or category link; not verified in an executable model,Guide/source-assessment interpretation; derivation and repairs are documented proposals unless a retained transformation is identified,S21 S22 S19,S21: HCD public-records access route; S22: HCFCD public-information access route; S19: Harris County HCD buyout guidelines and performance reports,https://hcd.harriscountytx.gov/About-Us/Public-Records-Request,"Required records: Transaction or account ID, fund and jurisdiction, funding origin, eligible cost category, nominal amount, price basis, receipt/payment/effective date, restrictions and appraisal basis.","Transaction or account ID, fund and jurisdiction, funding origin, eligible cost category, nominal amount, price basis, receipt/payment/effective date, restrictions and appraisal basis.",No exact usable input file certified; see source assessment,No exact model transformation certified,,,,,S21: Official request route verified. No request submitted; responsive fields and release are unconfirmed. | S22: Official public-information request page read; no request submitted. | S19: Official program pages and linked June 2025 guidelines read; earlier quarterly reports retained.,"S21: HCD cases, staff and program finances | S22: HCFCD program, acquisition, land and infrastructure records | S19: HCD programs and project areas","S21: Request 2010–2024, with later completion dates for censoring | S22: Request historical cohorts and 2024 opening balances | S19: Program-specific; 2024 Q3 and 2025 Q2 reports retained",,Original 215-entry dictionary,2026-09-10,2026-09-15
Initial_Assessment_Value,Fiscal,Initial value,Baseline initializer of Municipal_Tax_Base retained under the guide's original name.,USD_2024 taxable value,"Derive Municipal_Tax_Base for the chosen opening date, then hold that starting value fixed as the stock initializer. Sum jurisdiction-specific taxable values after exemptions and reconcile to the certified roll. Existing county initialization is a rounded published 2024 value, not a municipal total.",Initializes Municipal_Tax_Base; it is not a second independently changing stock.,Derived from/reconciled to Municipal_Tax_Base,Nonnegative under the declared stock/flow convention; estimates and rates may be fractional,"Retain the original spelling in the audit, but do not create a second independently calibrated variable.",Initializes Municipal_Tax_Base; it is not a second independently changing stock. Select one canonical name or input mapping before implementation.,No standalone equation captured; see stock balance where applicable,Not a stock definition,,unresolved,77; 514,No direct guide input identified,Municipal_Tax_Base [stock initializer],Explicit guide relationship or category link; not verified in an executable model,Guide/source-assessment interpretation; derivation and repairs are documented proposals unless a retained transformation is identified,S05 S27,S05: Harris Central Appraisal District account and parcel downloads; S27: Harris County Auditor annual comprehensive financial reports,https://hcad.org/pdata/pdata-property-downloads.html/,entity; measure; year; value; unit; source_page; amount_basis,"Transaction or account ID, fund and jurisdiction, funding origin, eligible cost category, nominal amount, price basis, receipt/payment/effective date, restrictions and appraisal basis.",data/Fiscal_Funding.csv,No exact model transformation certified,,,,,S05: Official pages checked; 2024 raw archives already retained. | S27: Official catalog and FY2024 report read; candidate acquisition.,S05: Parcel/account and taxing jurisdiction | S27: County and reporting entities/funds,S05: 2024 retained; inspect annual historical availability | S27: Annual audited fiscal years,Municipal_Tax_Base,Original 215-entry dictionary,2026-09-10,2026-09-15
Insurance_Payouts,Fiscal,Flow referenced by a stock,"Insurance payments received after hazard losses, allocated to the actual recipient.",USD_2024/year,Sum claims payments by recipient and date and reconcile duplication-of-benefits records. Include in program cash only amounts legally transferred to the program.,"Represents a possible funding inflow in the guide, subject to recipient and accounting reconciliation.",Measurement route identified; exact model input not certified,Nonnegative under the declared stock/flow convention; estimates and rates may be fractional,Insurance paid to households does not automatically replenish retreat-program funds.,"This flow is named by a stock, but the guide provides no complete equation. Estimate it from the described records or specify a dimensioned response before simulation.",No standalone equation captured; see stock balance where applicable,Not a stock definition,,unresolved,78,No direct guide input identified,Retreat_Funding_Available [stock inflow],Explicit guide relationship or category link; not verified in an executable model,Guide/source-assessment interpretation; derivation and repairs are documented proposals unless a retained transformation is identified,S25 S21,S25: OpenFEMA NFIP claims and Individual Assistance/Housing Assistance; S21: HCD public-records access route,https://www.fema.gov/openfema-data-page/fima-nfip-redacted-claims-v2,"Required records: Transaction or account ID, fund and jurisdiction, funding origin, eligible cost category, nominal amount, price basis, receipt/payment/effective date, restrictions and appraisal basis.","Transaction or account ID, fund and jurisdiction, funding origin, eligible cost category, nominal amount, price basis, receipt/payment/effective date, restrictions and appraisal basis.",No exact usable input file certified; see source assessment,No exact model transformation certified,,,,,S25: Local harmonized inputs retained. FEMA landing page returned 403 during this review; original lineage retained in upstream files. | S21: Official request route verified. No request submitted; responsive fields and release are unconfirmed.,"S25: Redacted claims/applications; local tract aggregation | S21: HCD cases, staff and program finances","S25: Historical panel coverage varies by source | S21: Request 2010–2024, with later completion dates for censoring",,Original 215-entry dictionary,2026-09-10,2026-09-15
Land_Restoration_Costs,Fiscal,Flow referenced by a stock,Annual expenditure on restoration activities after acquisition.,USD_2024/year,"Sum dated design, treatment and maintenance payments by project and phase in 2024 dollars, keeping acquisition and demolition separate.",Drains retreat funds and contributes to the cost of ecological benefits.,Measurement route identified; exact model input not certified,Nonnegative under the declared stock/flow convention; estimates and rates may be fractional,Do not count land acquisition or demolition twice in total retreat costs.,"This flow is named by a stock, but the guide provides no complete equation. Estimate it from the described records or specify a dimensioned response before simulation.",No standalone equation captured; see stock balance where applicable,Not a stock definition,,unresolved,78,No direct guide input identified,Retreat_Funding_Available [stock outflow],Explicit guide relationship or category link; not verified in an executable model,Guide/source-assessment interpretation; derivation and repairs are documented proposals unless a retained transformation is identified,S22 S29 S31,"S22: HCFCD public-information access route; S29: Harris County purchasing, contracts and procurement records; S31: BLS Consumer Price Index",https://www.hcfcd.org/Community/Contact-Us/Public-Information-Requests,"Required records: Transaction or account ID, fund and jurisdiction, funding origin, eligible cost category, nominal amount, price basis, receipt/payment/effective date, restrictions and appraisal basis.","Transaction or account ID, fund and jurisdiction, funding origin, eligible cost category, nominal amount, price basis, receipt/payment/effective date, restrictions and appraisal basis.",No exact usable input file certified; see source assessment,No exact model transformation certified,,,,,S22: Official public-information request page read; no request submitted. | S29: Official portal and linked Bonfire/GovQA routes verified; detailed invoice/effort exports not acquired. | S31: Official data and Houston release pages read; deflator not yet applied.,"S22: HCFCD program, acquisition, land and infrastructure records | S29: Contract/project and vendor | S31: Houston metropolitan area or national benchmark",S22: Request historical cohorts and 2024 opening balances | S29: Award- and invoice-specific | S31: Monthly/bimonthly or annual series depending geography,,Original 215-entry dictionary,2026-09-10,2026-09-15
Municipal_Contribution,Fiscal,Flow referenced by a stock,Local-origin funding transferred to the retreat program per year.,USD_2024/year,"Sum local-match and transfer transactions by funding source, fund and fiscal year. Exclude federal or state pass-through money already counted.",Adds local funding to Retreat_Funding_Available.,Measurement route identified; exact model input not certified,Nonnegative under the declared stock/flow convention; estimates and rates may be fractional,County versus city contribution must be explicit; commitments and cash transfers differ.,"This flow is named by a stock, but the guide provides no complete equation. Estimate it from the described records or specify a dimensioned response before simulation.",No standalone equation captured; see stock balance where applicable,Not a stock definition,,unresolved,78,No direct guide input identified,Retreat_Funding_Available [stock inflow],Explicit guide relationship or category link; not verified in an executable model,Guide/source-assessment interpretation; derivation and repairs are documented proposals unless a retained transformation is identified,S26 S27 S21,S26: Harris County adopted budgets and budget volumes; S27: Harris County Auditor annual comprehensive financial reports; S21: HCD public-records access route,https://budget.harriscountytx.gov/budget.aspx,"Required records: Transaction or account ID, fund and jurisdiction, funding origin, eligible cost category, nominal amount, price basis, receipt/payment/effective date, restrictions and appraisal basis.","Transaction or account ID, fund and jurisdiction, funding origin, eligible cost category, nominal amount, price basis, receipt/payment/effective date, restrictions and appraisal basis.",No exact usable input file certified; see source assessment,No exact model transformation certified,,,,,S26: Official budget portal read; two budget PDFs already retained. | S27: Official catalog and FY2024 report read; candidate acquisition. | S21: Official request route verified. No request submitted; responsive fields and release are unconfirmed.,"S26: County departments, funds and programs | S27: County and reporting entities/funds | S21: HCD cases, staff and program finances","S26: Annual; FY2025/FY2026 local documents | S27: Annual audited fiscal years | S21: Request 2010–2024, with later completion dates for censoring",,Original 215-entry dictionary,2026-09-10,2026-09-15
New_Development_Value,Fiscal,Flow referenced by a stock,New taxable value added by construction and newly developed property per year.,USD_2024/year,"Identify newly completed taxable improvements in consecutive rolls and sum their values, separating additions from appreciation of existing assets.",Adds new value to Municipal_Tax_Base.,Measurement route identified; exact model input not certified,Nonnegative under the declared stock/flow convention; estimates and rates may be fractional,Separate additions from reappraisal of existing assets and from nominal inflation.,"This flow is named by a stock, but the guide provides no complete equation. Estimate it from the described records or specify a dimensioned response before simulation.",No standalone equation captured; see stock balance where applicable,Not a stock definition,,unresolved,77; 513,No direct guide input identified,Municipal_Tax_Base [stock inflow],Explicit guide relationship or category link; not verified in an executable model,Guide/source-assessment interpretation; derivation and repairs are documented proposals unless a retained transformation is identified,S05 S15 S27 S58,S05: Harris Central Appraisal District account and parcel downloads; S15: Houston-Galveston Area Council forecasts and land cover; S27: Harris County Auditor annual comprehensive financial reports; S58: Harris County Engineer floodplain management and permit records,https://hcad.org/pdata/pdata-property-downloads.html/,"Required records: Transaction or account ID, fund and jurisdiction, funding origin, eligible cost category, nominal amount, price basis, receipt/payment/effective date, restrictions and appraisal basis.","Transaction or account ID, fund and jurisdiction, funding origin, eligible cost category, nominal amount, price basis, receipt/payment/effective date, restrictions and appraisal basis.",No exact usable input file certified; see source assessment,No exact model transformation certified,,,,,"S05: Official pages checked; 2024 raw archives already retained. | S15: Official pages checked; local forecast and changed-parcel extracts retained; some GIS uses a request form. | S27: Official catalog and FY2024 report read; candidate acquisition. | S58: Official program page read; underlying historical bulk records are a request candidate, not verified downloadable data.","S05: Parcel/account and taxing jurisdiction | S15: Region, tract/forecast zones and parcels | S27: County and reporting entities/funds | S58: County permitting jurisdiction; city jurisdictions require separate coverage",S05: 2024 retained; inspect annual historical availability | S15: Existing forecast/land-change files; horizon varies by edition | S27: Annual audited fiscal years | S58: Permit/inspection-specific history,,Original 215-entry dictionary,2026-09-10,2026-09-15
Political_Priority_Factor,Fiscal,Proposed auxiliary or input,Share or multiplier reflecting retreat's priority in eligible funding allocation.,allocation share/score,Code dated appropriations and allocation decisions against a fixed eligible-funding denominator. Use a transparent rubric only where an observed allocation share is unavailable.,Modifies federal funding entering the modeled program.,Requires operational definition or validated proxy,"Follow a documented instrument, ratio or rubric; range is not established by the variable name",Funding is partly constrained by eligibility and awards; do not infer political preference from dollars alone.,No complete standalone equation is supplied. Use the stated data derivation as a proposed input method and specify any dynamic response separately.,No standalone equation captured; see stock balance where applicable,Not a stock definition,,unresolved,83,No direct guide input identified,Federal_Funding [guide equation reference],Explicit guide relationship or category link; not verified in an executable model,Guide/source-assessment interpretation; derivation and repairs are documented proposals unless a retained transformation is identified,S28 S26 S23,"S28: Harris County Commissioners Court agendas, minutes and votes; S26: Harris County adopted budgets and budget volumes; S23: Texas GLO HUD DRGR quarterly performance reports",https://harriscountytx.legistar.com/Calendar.aspx,"Required records: Transaction or account ID, fund and jurisdiction, funding origin, eligible cost category, nominal amount, price basis, receipt/payment/effective date, restrictions and appraisal basis.","Transaction or account ID, fund and jurisdiction, funding origin, eligible cost category, nominal amount, price basis, receipt/payment/effective date, restrictions and appraisal basis.",No exact usable input file certified; see source assessment,No exact model transformation certified,,,,,S28: Official calendar/archive pages read; additional document coding candidate. | S26: Official budget portal read; two budget PDFs already retained. | S23: Official reporting pages read; local financial/accomplishment/narrative files retained.,"S28: County policy decisions | S26: County departments, funds and programs | S23: Grant, activity, project and grantee",S28: Dated meetings; current and archived systems | S26: Annual; FY2025/FY2026 local documents | S23: Quarterly grant histories; local Harris buyout extracts retained,,Original 215-entry dictionary,2026-09-10,2026-09-15
Property_Value_Appreciation,Fiscal,Flow referenced by a stock,Annual positive value change on continuing taxable properties.,USD_2024/year,"Compare matched continuing properties across rolls, remove new construction and boundary changes, and adjust for inflation. Sum the positive component under a declared accounting convention.",Raises Municipal_Tax_Base independently of new development.,Measurement route identified; exact model input not certified,Nonnegative under the declared stock/flow convention; estimates and rates may be fractional,"Appraisal rule changes, exemptions and sales composition can mimic market appreciation.","This flow is named by a stock, but the guide provides no complete equation. Estimate it from the described records or specify a dimensioned response before simulation.",No standalone equation captured; see stock balance where applicable,Not a stock definition,,unresolved,77; 513,No direct guide input identified,Municipal_Tax_Base [stock inflow],Explicit guide relationship or category link; not verified in an executable model,Guide/source-assessment interpretation; derivation and repairs are documented proposals unless a retained transformation is identified,S05 S16 S31,S05: Harris Central Appraisal District account and parcel downloads; S16: FHFA House Price Index datasets; S31: BLS Consumer Price Index,https://hcad.org/pdata/pdata-property-downloads.html/,"Required records: Transaction or account ID, fund and jurisdiction, funding origin, eligible cost category, nominal amount, price basis, receipt/payment/effective date, restrictions and appraisal basis.","Transaction or account ID, fund and jurisdiction, funding origin, eligible cost category, nominal amount, price basis, receipt/payment/effective date, restrictions and appraisal basis.",No exact usable input file certified; see source assessment,No exact model transformation certified,,,,,S05: Official pages checked; 2024 raw archives already retained. | S16: Official dataset page read; candidate acquisition. | S31: Official data and Houston release pages read; deflator not yet applied.,S05: Parcel/account and taxing jurisdiction | S16: County/metro/ZIP depending series | S31: Houston metropolitan area or national benchmark,S05: 2024 retained; inspect annual historical availability | S16: Historical annual or quarterly series | S31: Monthly/bimonthly or annual series depending geography,,Original 215-entry dictionary,2026-09-10,2026-09-15
Property_Value_Depreciation,Fiscal,Flow referenced by a stock,Annual reduction in continuing-property taxable value.,USD_2024/year,"Match repeat-property values, remove disposals and boundary changes, and distinguish ordinary market change from hazard-related loss. Use the same price basis as appreciation.",Lowers Municipal_Tax_Base outside retreat removals.,Requires calibration or longitudinal evidence,Nonnegative under the declared stock/flow convention; estimates and rates may be fractional,A lower roll value is not automatically a disaster effect; avoid subtracting depreciation already included elsewhere.,"This flow is named by a stock, but the guide provides no complete equation. Estimate it from the described records or specify a dimensioned response before simulation.",No standalone equation captured; see stock balance where applicable,Not a stock definition,,unresolved,77; 514,No direct guide input identified,Municipal_Tax_Base [stock outflow],Explicit guide relationship or category link; not verified in an executable model,Guide/source-assessment interpretation; derivation and repairs are documented proposals unless a retained transformation is identified,S05 S16 S25 S09,S05: Harris Central Appraisal District account and parcel downloads; S16: FHFA House Price Index datasets; S25: OpenFEMA NFIP claims and Individual Assistance/Housing Assistance; S09: HCFCD flood reports and Harris County Flood Warning System,https://hcad.org/pdata/pdata-property-downloads.html/,"Required records: Transaction or account ID, fund and jurisdiction, funding origin, eligible cost category, nominal amount, price basis, receipt/payment/effective date, restrictions and appraisal basis.","Transaction or account ID, fund and jurisdiction, funding origin, eligible cost category, nominal amount, price basis, receipt/payment/effective date, restrictions and appraisal basis.",No exact usable input file certified; see source assessment,No exact model transformation certified,,,,,S05: Official pages checked; 2024 raw archives already retained. | S16: Official dataset page read; candidate acquisition. | S25: Local harmonized inputs retained. FEMA landing page returned 403 during this review; original lineage retained in upstream files. | S09: Official report and gauge pages read; targeted raw series remain to acquire.,"S05: Parcel/account and taxing jurisdiction | S16: County/metro/ZIP depending series | S25: Redacted claims/applications; local tract aggregation | S09: Watershed, gauge and event footprint",S05: 2024 retained; inspect annual historical availability | S16: Historical annual or quarterly series | S25: Historical panel coverage varies by source | S09: Event reports and gauge-specific records,,Original 215-entry dictionary,2026-09-10,2026-09-15
Provincial_Funding,Fiscal,Flow referenced by a stock,State-origin funding contribution under the guide's generic provincial label.,USD_2024/year,For Harris County relabel to State_Funding after model-name reconciliation. Trace state-origin receipts and distinguish them from federal dollars administered through Texas GLO.,Supplies the state-level contribution to Retreat_Funding_Available.,Measurement route identified; exact model input not certified,Nonnegative under the declared stock/flow convention; estimates and rates may be fractional,GLO administration does not make federal CDBG-DR money state-origin funding.,"This flow is named by a stock, but the guide provides no complete equation. Estimate it from the described records or specify a dimensioned response before simulation.",No standalone equation captured; see stock balance where applicable,Not a stock definition,,unresolved,78,No direct guide input identified,Retreat_Funding_Available [stock inflow],Explicit guide relationship or category link; not verified in an executable model,Guide/source-assessment interpretation; derivation and repairs are documented proposals unless a retained transformation is identified,S23 S26 S27,S23: Texas GLO HUD DRGR quarterly performance reports; S26: Harris County adopted budgets and budget volumes; S27: Harris County Auditor annual comprehensive financial reports,https://glo.texas.gov/disaster-recovery/grant-administration/grant-administration-reporting/hud-drgr-qpr-reports,"Required records: Transaction or account ID, fund and jurisdiction, funding origin, eligible cost category, nominal amount, price basis, receipt/payment/effective date, restrictions and appraisal basis.","Transaction or account ID, fund and jurisdiction, funding origin, eligible cost category, nominal amount, price basis, receipt/payment/effective date, restrictions and appraisal basis.",No exact usable input file certified; see source assessment,No exact model transformation certified,,,,,S23: Official reporting pages read; local financial/accomplishment/narrative files retained. | S26: Official budget portal read; two budget PDFs already retained. | S27: Official catalog and FY2024 report read; candidate acquisition.,"S23: Grant, activity, project and grantee | S26: County departments, funds and programs | S27: County and reporting entities/funds",S23: Quarterly grant histories; local Harris buyout extracts retained | S26: Annual; FY2025/FY2026 local documents | S27: Annual audited fiscal years,,Original 215-entry dictionary,2026-09-10,2026-09-15
Renter_Compensation_Avg,Fiscal,Proposed auxiliary or input,Mean relocation and assistance payments per renter household.,USD_2024/renter household,"Sum tenant moving, rental and supplemental assistance and divide by unique tenant households. Retain eligibility, household size and payment components.",Supports renter outcome and compensation-adequacy assessment.,Measurement route identified; exact model input not certified,Nonnegative under the declared stock/flow convention; estimates and rates may be fractional,Do not compare the total directly to a homeowner's asset purchase price as a fairness test.,No complete standalone equation is supplied. Use the stated data derivation as a proposed input method and specify any dynamic response separately.,No standalone equation captured; see stock balance where applicable,Not a stock definition,,unresolved,144,No direct guide input identified,Equity_in_Compensation [guide equation reference],Explicit guide relationship or category link; not verified in an executable model,Guide/source-assessment interpretation; derivation and repairs are documented proposals unless a retained transformation is identified,S21 S22 S19,S21: HCD public-records access route; S22: HCFCD public-information access route; S19: Harris County HCD buyout guidelines and performance reports,https://hcd.harriscountytx.gov/About-Us/Public-Records-Request,"Required records: Transaction or account ID, fund and jurisdiction, funding origin, eligible cost category, nominal amount, price basis, receipt/payment/effective date, restrictions and appraisal basis.","Transaction or account ID, fund and jurisdiction, funding origin, eligible cost category, nominal amount, price basis, receipt/payment/effective date, restrictions and appraisal basis.",No exact usable input file certified; see source assessment,No exact model transformation certified,,,,,S21: Official request route verified. No request submitted; responsive fields and release are unconfirmed. | S22: Official public-information request page read; no request submitted. | S19: Official program pages and linked June 2025 guidelines read; earlier quarterly reports retained.,"S21: HCD cases, staff and program finances | S22: HCFCD program, acquisition, land and infrastructure records | S19: HCD programs and project areas","S21: Request 2010–2024, with later completion dates for censoring | S22: Request historical cohorts and 2024 opening balances | S19: Program-specific; 2024 Q3 and 2025 Q2 reports retained",,Original 215-entry dictionary,2026-09-10,2026-09-15
Retreat_Program_Admin_Costs,Fiscal,Proposed auxiliary or input,Annual cost of managing the retreat program.,USD_2024/year,"Allocate paid staff time, appraisals, legal work and overhead by activity and period. Ensure these items are not already embedded in Total_Retreat_Costs.",Measures administrative resource requirements and the full cost of retreat.,Measurement route identified; exact model input not certified,Nonnegative under the declared stock/flow convention; estimates and rates may be fractional,Do not add administration again if Total_Retreat_Costs already includes it.,No complete standalone equation is supplied. Use the stated data derivation as a proposed input method and specify any dynamic response separately.,No standalone equation captured; see stock balance where applicable,Not a stock definition,,unresolved,89; 527,No direct guide input identified,Cost_Benefit_Ratio [guide equation reference],Explicit guide relationship or category link; not verified in an executable model,Guide/source-assessment interpretation; derivation and repairs are documented proposals unless a retained transformation is identified,S21 S22 S29 S23,"S21: HCD public-records access route; S22: HCFCD public-information access route; S29: Harris County purchasing, contracts and procurement records; S23: Texas GLO HUD DRGR quarterly performance reports",https://hcd.harriscountytx.gov/About-Us/Public-Records-Request,"Required records: Transaction or account ID, fund and jurisdiction, funding origin, eligible cost category, nominal amount, price basis, receipt/payment/effective date, restrictions and appraisal basis.","Transaction or account ID, fund and jurisdiction, funding origin, eligible cost category, nominal amount, price basis, receipt/payment/effective date, restrictions and appraisal basis.",No exact usable input file certified; see source assessment,No exact model transformation certified,,,,,S21: Official request route verified. No request submitted; responsive fields and release are unconfirmed. | S22: Official public-information request page read; no request submitted. | S29: Official portal and linked Bonfire/GovQA routes verified; detailed invoice/effort exports not acquired. | S23: Official reporting pages read; local financial/accomplishment/narrative files retained.,"S21: HCD cases, staff and program finances | S22: HCFCD program, acquisition, land and infrastructure records | S29: Contract/project and vendor | S23: Grant, activity, project and grantee","S21: Request 2010–2024, with later completion dates for censoring | S22: Request historical cohorts and 2024 opening balances | S29: Award- and invoice-specific | S23: Quarterly grant histories; local Harris buyout extracts retained",,Original 215-entry dictionary,2026-09-10,2026-09-15
Retreat_Property_Removal,Fiscal,Flow referenced by a stock,Taxable value removed from the selected roll because of retreat acquisitions.,USD_2024/year,Link acquired accounts to the jurisdiction's roll and sum value actually removed or exempted in each tax year. Use effective tax dates rather than assuming immediate removal at closing.,Drains Municipal_Tax_Base through retreat.,Measurement route identified; exact model input not certified,Nonnegative under the declared stock/flow convention; estimates and rates may be fractional,Property-count removal must be converted to taxable-value flow; avoid double counting in depreciation.,"This flow is named by a stock, but the guide provides no complete equation. Estimate it from the described records or specify a dimensioned response before simulation.",No standalone equation captured; see stock balance where applicable,Not a stock definition,,unresolved,77; 514,No direct guide input identified,Municipal_Tax_Base [stock outflow],Explicit guide relationship or category link; not verified in an executable model,Guide/source-assessment interpretation; derivation and repairs are documented proposals unless a retained transformation is identified,S05 S21 S22 S27,S05: Harris Central Appraisal District account and parcel downloads; S21: HCD public-records access route; S22: HCFCD public-information access route; S27: Harris County Auditor annual comprehensive financial reports,https://hcad.org/pdata/pdata-property-downloads.html/,"Required records: Transaction or account ID, fund and jurisdiction, funding origin, eligible cost category, nominal amount, price basis, receipt/payment/effective date, restrictions and appraisal basis.","Transaction or account ID, fund and jurisdiction, funding origin, eligible cost category, nominal amount, price basis, receipt/payment/effective date, restrictions and appraisal basis.",No exact usable input file certified; see source assessment,No exact model transformation certified,,,,,S05: Official pages checked; 2024 raw archives already retained. | S21: Official request route verified. No request submitted; responsive fields and release are unconfirmed. | S22: Official public-information request page read; no request submitted. | S27: Official catalog and FY2024 report read; candidate acquisition.,"S05: Parcel/account and taxing jurisdiction | S21: HCD cases, staff and program finances | S22: HCFCD program, acquisition, land and infrastructure records | S27: County and reporting entities/funds","S05: 2024 retained; inspect annual historical availability | S21: Request 2010–2024, with later completion dates for censoring | S22: Request historical cohorts and 2024 opening balances | S27: Annual audited fiscal years",,Original 215-entry dictionary,2026-09-10,2026-09-15
Service_Costs,Fiscal,Proposed auxiliary or input,Annual public-service obligations within the selected jurisdiction and fund.,USD_2024/year,"Use actual expenditures and estimate the marginal portion changed by retreat. Preserve fixed costs, population served and jurisdiction scope.",Supplies the service burden used in fiscal-stress assessment.,Measurement route identified; exact model input not certified,Nonnegative under the declared stock/flow convention; estimates and rates may be fractional,Average county spending per resident need not equal marginal cost savings from dispersed acquisitions.,No complete standalone equation is supplied. Use the stated data derivation as a proposed input method and specify any dynamic response separately.,No standalone equation captured; see stock balance where applicable,Not a stock definition,,unresolved,90,No direct guide input identified,Municipal_Fiscal_Stress [guide equation reference],Explicit guide relationship or category link; not verified in an executable model,Guide/source-assessment interpretation; derivation and repairs are documented proposals unless a retained transformation is identified,S26 S27 S29,"S26: Harris County adopted budgets and budget volumes; S27: Harris County Auditor annual comprehensive financial reports; S29: Harris County purchasing, contracts and procurement records",https://budget.harriscountytx.gov/budget.aspx,"Required records: Transaction or account ID, fund and jurisdiction, funding origin, eligible cost category, nominal amount, price basis, receipt/payment/effective date, restrictions and appraisal basis.","Transaction or account ID, fund and jurisdiction, funding origin, eligible cost category, nominal amount, price basis, receipt/payment/effective date, restrictions and appraisal basis.",No exact usable input file certified; see source assessment,No exact model transformation certified,,,,,S26: Official budget portal read; two budget PDFs already retained. | S27: Official catalog and FY2024 report read; candidate acquisition. | S29: Official portal and linked Bonfire/GovQA routes verified; detailed invoice/effort exports not acquired.,"S26: County departments, funds and programs | S27: County and reporting entities/funds | S29: Contract/project and vendor",S26: Annual; FY2025/FY2026 local documents | S27: Annual audited fiscal years | S29: Award- and invoice-specific,,Original 215-entry dictionary,2026-09-10,2026-09-15
Support_Service_Costs,Fiscal,Flow referenced by a stock,Annual cost of relocation and household support services.,USD_2024/year,"Sum paid case-management, transport, housing-search and psychosocial service transactions by period and cost category. Exclude any administrative costs counted elsewhere.",Drains Retreat_Funding_Available and records support investment.,Measurement route identified; exact model input not certified,Nonnegative under the declared stock/flow convention; estimates and rates may be fractional,Keep these distinct from purchase payments and administrative overhead to avoid duplicate cost allocation.,"This flow is named by a stock, but the guide provides no complete equation. Estimate it from the described records or specify a dimensioned response before simulation.",No standalone equation captured; see stock balance where applicable,Not a stock definition,,unresolved,78,No direct guide input identified,Retreat_Funding_Available [stock outflow],Explicit guide relationship or category link; not verified in an executable model,Guide/source-assessment interpretation; derivation and repairs are documented proposals unless a retained transformation is identified,S21 S22 S29 S31,"S21: HCD public-records access route; S22: HCFCD public-information access route; S29: Harris County purchasing, contracts and procurement records; S31: BLS Consumer Price Index",https://hcd.harriscountytx.gov/About-Us/Public-Records-Request,"Required records: Transaction or account ID, fund and jurisdiction, funding origin, eligible cost category, nominal amount, price basis, receipt/payment/effective date, restrictions and appraisal basis.","Transaction or account ID, fund and jurisdiction, funding origin, eligible cost category, nominal amount, price basis, receipt/payment/effective date, restrictions and appraisal basis.",No exact usable input file certified; see source assessment,No exact model transformation certified,,,,,S21: Official request route verified. No request submitted; responsive fields and release are unconfirmed. | S22: Official public-information request page read; no request submitted. | S29: Official portal and linked Bonfire/GovQA routes verified; detailed invoice/effort exports not acquired. | S31: Official data and Houston release pages read; deflator not yet applied.,"S21: HCD cases, staff and program finances | S22: HCFCD program, acquisition, land and infrastructure records | S29: Contract/project and vendor | S31: Houston metropolitan area or national benchmark","S21: Request 2010–2024, with later completion dates for censoring | S22: Request historical cohorts and 2024 opening balances | S29: Award- and invoice-specific | S31: Monthly/bimonthly or annual series depending geography",,Original 215-entry dictionary,2026-09-10,2026-09-15
Tax_Revenue,Fiscal,Proposed auxiliary or input,Annual tax collections received by the selected taxing jurisdiction.,USD_2024/year,"Use audited collections for the matching fund and year. For projection apply the relevant rate and collection assumptions to taxable value, including exemptions and timing.",Supplies recurring revenue in Municipal_Fiscal_Stress.,Measurement route identified; exact model input not certified,Nonnegative under the declared stock/flow convention; estimates and rates may be fractional,Tax base dollars and revenue dollars/year are different; collection lag and overlapping jurisdictions matter.,No complete standalone equation is supplied. Use the stated data derivation as a proposed input method and specify any dynamic response separately.,No standalone equation captured; see stock balance where applicable,Not a stock definition,,unresolved,90,No direct guide input identified,Municipal_Fiscal_Stress [guide equation reference],Explicit guide relationship or category link; not verified in an executable model,Guide/source-assessment interpretation; derivation and repairs are documented proposals unless a retained transformation is identified,S27 S26,S27: Harris County Auditor annual comprehensive financial reports; S26: Harris County adopted budgets and budget volumes,https://auditor.harriscountytx.gov/Reports/Annual-Comprehensive-Financial-Report-Harris-County,"Required records: Transaction or account ID, fund and jurisdiction, funding origin, eligible cost category, nominal amount, price basis, receipt/payment/effective date, restrictions and appraisal basis.","Transaction or account ID, fund and jurisdiction, funding origin, eligible cost category, nominal amount, price basis, receipt/payment/effective date, restrictions and appraisal basis.",No exact usable input file certified; see source assessment,No exact model transformation certified,,,,,S27: Official catalog and FY2024 report read; candidate acquisition. | S26: Official budget portal read; two budget PDFs already retained.,"S27: County and reporting entities/funds | S26: County departments, funds and programs",S27: Annual audited fiscal years | S26: Annual; FY2025/FY2026 local documents,,Original 215-entry dictionary,2026-09-10,2026-09-15
Total_Retreat_Costs,Fiscal,Proposed auxiliary or input,Combined nonoverlapping costs of the retreat policy over a stated period.,USD_2024/year for component accounting; separate PV for evaluation,"Sum purchase, relocation, administration, demolition, restoration and maintenance costs once. Keep annual, cumulative and discounted totals as explicitly distinct quantities.",Provides the cost side of economic and policy comparisons.,Calculated once compatible inputs and definitions are supplied,Nonnegative under the declared stock/flow convention; estimates and rates may be fractional,Define scope before calculating CBA; distinguish transfers from social resource costs.,No complete standalone equation is supplied. Use the stated data derivation as a proposed input method and specify any dynamic response separately.,No standalone equation captured; see stock balance where applicable,Not a stock definition,,unresolved,89; 527,No direct guide input identified,Cost_Benefit_Ratio [guide equation reference],Explicit guide relationship or category link; not verified in an executable model,Guide/source-assessment interpretation; derivation and repairs are documented proposals unless a retained transformation is identified,S21 S22 S23 S29 S31,"S21: HCD public-records access route; S22: HCFCD public-information access route; S23: Texas GLO HUD DRGR quarterly performance reports; S29: Harris County purchasing, contracts and procurement records; S31: BLS Consumer Price Index",https://hcd.harriscountytx.gov/About-Us/Public-Records-Request,"Required records: Transaction or account ID, fund and jurisdiction, funding origin, eligible cost category, nominal amount, price basis, receipt/payment/effective date, restrictions and appraisal basis.","Transaction or account ID, fund and jurisdiction, funding origin, eligible cost category, nominal amount, price basis, receipt/payment/effective date, restrictions and appraisal basis.",No exact usable input file certified; see source assessment,No exact model transformation certified,,,,,S21: Official request route verified. No request submitted; responsive fields and release are unconfirmed. | S22: Official public-information request page read; no request submitted. | S23: Official reporting pages read; local financial/accomplishment/narrative files retained. | S29: Official portal and linked Bonfire/GovQA routes verified; detailed invoice/effort exports not acquired. | S31: Official data and Houston release pages read; deflator not yet applied.,"S21: HCD cases, staff and program finances | S22: HCFCD program, acquisition, land and infrastructure records | S23: Grant, activity, project and grantee | S29: Contract/project and vendor | S31: Houston metropolitan area or national benchmark","S21: Request 2010–2024, with later completion dates for censoring | S22: Request historical cohorts and 2024 opening balances | S23: Quarterly grant histories; local Harris buyout extracts retained | S29: Award- and invoice-specific | S31: Monthly/bimonthly or annual series depending geography",,Original 215-entry dictionary,2026-09-10,2026-09-15
Transfer_Payments,Fiscal,Proposed auxiliary or input,Intergovernmental transfers received by the selected local fund per year.,USD_2024/year,"Aggregate receipts by origin, fund and year and reconcile pass-through amounts to avoid duplication with tax revenue or program funding.",Adds non-tax revenue to the fiscal-stress denominator.,Measurement route identified; exact model input not certified,Nonnegative under the declared stock/flow convention; estimates and rates may be fractional,Federal pass-throughs and local interfund transfers can otherwise be counted more than once.,No complete standalone equation is supplied. Use the stated data derivation as a proposed input method and specify any dynamic response separately.,No standalone equation captured; see stock balance where applicable,Not a stock definition,,unresolved,90,No direct guide input identified,Municipal_Fiscal_Stress [guide equation reference],Explicit guide relationship or category link; not verified in an executable model,Guide/source-assessment interpretation; derivation and repairs are documented proposals unless a retained transformation is identified,S27 S23 S26,S27: Harris County Auditor annual comprehensive financial reports; S23: Texas GLO HUD DRGR quarterly performance reports; S26: Harris County adopted budgets and budget volumes,https://auditor.harriscountytx.gov/Reports/Annual-Comprehensive-Financial-Report-Harris-County,"Required records: Transaction or account ID, fund and jurisdiction, funding origin, eligible cost category, nominal amount, price basis, receipt/payment/effective date, restrictions and appraisal basis.","Transaction or account ID, fund and jurisdiction, funding origin, eligible cost category, nominal amount, price basis, receipt/payment/effective date, restrictions and appraisal basis.",No exact usable input file certified; see source assessment,No exact model transformation certified,,,,,S27: Official catalog and FY2024 report read; candidate acquisition. | S23: Official reporting pages read; local financial/accomplishment/narrative files retained. | S26: Official budget portal read; two budget PDFs already retained.,"S27: County and reporting entities/funds | S23: Grant, activity, project and grantee | S26: County departments, funds and programs",S27: Annual audited fiscal years | S23: Quarterly grant histories; local Harris buyout extracts retained | S26: Annual; FY2025/FY2026 local documents,,Original 215-entry dictionary,2026-09-10,2026-09-15
Base_Compensation_Rate,Fiscal,Policy or scenario input,Base ratio of acquisition compensation to the selected appraisal basis.,payment/value ratio,Divide base purchase offers by their corresponding appraisal values for history. For a scenario specify a documented ratio before supplements.,Establishes the starting compensation offer before group or equity adjustments.,Policy/scenario definition; no fitted value certified,"Follow a documented instrument, ratio or rubric; range is not established by the variable name",Verify historical policy version and valuation basis; future ratios are scenario decisions.,Set the documented policy/scenario input; map its effects to the relevant model equation explicitly.,No standalone equation captured; see stock balance where applicable,Not a stock definition,,,261,No direct guide input identified,Compensation_Rate [guide equation reference],Explicit guide relationship or category link; not verified in an executable model,Guide/source-assessment interpretation; derivation and repairs are documented proposals unless a retained transformation is identified,S19 S20 S21,S19: Harris County HCD buyout guidelines and performance reports; S20: HCFCD voluntary home buyout program; S21: HCD public-records access route,https://hcd.harriscountytx.gov/Disaster-Recovery/Buyout-Relocation-Programs,"Required records: Transaction or account ID, fund and jurisdiction, funding origin, eligible cost category, nominal amount, price basis, receipt/payment/effective date, restrictions and appraisal basis.","Transaction or account ID, fund and jurisdiction, funding origin, eligible cost category, nominal amount, price basis, receipt/payment/effective date, restrictions and appraisal basis.",No exact usable input file certified; see source assessment,No exact model transformation certified,,,,,S19: Official program pages and linked June 2025 guidelines read; earlier quarterly reports retained. | S20: Official pages read. Detailed longitudinal property records still require a request. | S21: Official request route verified. No request submitted; responsive fields and release are unconfirmed.,"S19: HCD programs and project areas | S20: HCFCD eligible areas and participating properties | S21: HCD cases, staff and program finances","S19: Program-specific; 2024 Q3 and 2025 Q2 reports retained | S20: Program history/current guidance | S21: Request 2010–2024, with later completion dates for censoring",,Additional guide/configuration entry,2026-09-10,2026-09-15
Budget_Constraint,Fiscal,Policy or scenario input,Maximum spending or annual funding allowed in a specified scenario.,USD_2024 or USD_2024/year,"Select a budget envelope and time basis, allocate it to years and eligible cost categories, and document whether it constrains cash, commitments or total expenditure.",Bounds the optional policy optimization and funding scenarios.,Policy/scenario definition; no fitted value certified,Nonnegative under the declared stock/flow convention; estimates and rates may be fractional,Match stock versus annual flow and prevent commitments from being treated as available cash.,Set the documented policy/scenario input; map its effects to the relevant model equation explicitly.,No standalone equation captured; see stock balance where applicable,Not a stock definition,,,365,No direct guide input identified,No downstream equation specified in the guide,Proposed input or output; downstream connection is not fully specified,Guide/source-assessment interpretation; derivation and repairs are documented proposals unless a retained transformation is identified,S26 S27 S23 M01,S26: Harris County adopted budgets and budget volumes; S27: Harris County Auditor annual comprehensive financial reports; S23: Texas GLO HUD DRGR quarterly performance reports; M01: Ali shared system-dynamics guide and mind map,https://budget.harriscountytx.gov/budget.aspx,"Required records: Transaction or account ID, fund and jurisdiction, funding origin, eligible cost category, nominal amount, price basis, receipt/payment/effective date, restrictions and appraisal basis.","Transaction or account ID, fund and jurisdiction, funding origin, eligible cost category, nominal amount, price basis, receipt/payment/effective date, restrictions and appraisal basis.",No exact usable input file certified; see source assessment,No exact model transformation certified,,,,,S26: Official budget portal read; two budget PDFs already retained. | S27: Official catalog and FY2024 report read; candidate acquisition. | S23: Official reporting pages read; local financial/accomplishment/narrative files retained. | M01: Both original files inspected; 215-entry dictionary reconciled against full guide.,"S26: County departments, funds and programs | S27: County and reporting entities/funds | S23: Grant, activity, project and grantee | M01: Generic model requiring Harris County localization","S26: Annual; FY2025/FY2026 local documents | S27: Annual audited fiscal years | S23: Quarterly grant histories; local Harris buyout extracts retained | M01: DOCX guide; mind map dated October 15, 2024",,Additional guide/configuration entry,2026-09-10,2026-09-15
Disaster_Costs,Fiscal,Derived mapping requiring reconciliation,Unresolved aggregate disaster-loss term in the guide's optimization objective.,USD_2024 present value for the objective,"For Total_Social_Cost use the present value of residual future losses under each scenario. Reconcile this name with annual, cumulative and future-NPV loss variables.",Carries disaster losses into policy optimization without mixing annual flows and accumulated amounts.,Name or accounting scope requires reconciliation,Nonnegative under the declared stock/flow convention; estimates and rates may be fractional,Specify annual versus present-value/cumulative units before adding to the objective.,No complete standalone equation is supplied. Use the stated data derivation as a proposed input method and specify any dynamic response separately.,No standalone equation captured; see stock balance where applicable,Not a stock definition,,,361,No direct guide input identified,Total_Social_Cost [guide equation reference],Explicit guide relationship or category link; not verified in an executable model,Guide/source-assessment interpretation; derivation and repairs are documented proposals unless a retained transformation is identified,S09 S25 S56,S09: HCFCD flood reports and Harris County Flood Warning System; S25: OpenFEMA NFIP claims and Individual Assistance/Housing Assistance; S56: FEMA Hazus Flood Model technical manual,https://www.hcfcd.org/About/Harris-Countys-Flooding-History/Countywide-Impacts,"Required records: Transaction or account ID, fund and jurisdiction, funding origin, eligible cost category, nominal amount, price basis, receipt/payment/effective date, restrictions and appraisal basis.","Transaction or account ID, fund and jurisdiction, funding origin, eligible cost category, nominal amount, price basis, receipt/payment/effective date, restrictions and appraisal basis.",No exact usable input file certified; see source assessment,No exact model transformation certified,,,,,S09: Official report and gauge pages read; targeted raw series remain to acquire. | S25: Local harmonized inputs retained. FEMA landing page returned 403 during this review; original lineage retained in upstream files. | S56: Official manual located during research; local structure/depth inputs must be assembled.,"S09: Watershed, gauge and event footprint | S25: Redacted claims/applications; local tract aggregation | S56: Engineering loss-model methodology","S09: Event reports and gauge-specific records | S25: Historical panel coverage varies by source | S56: Hazus 7, 2025 manual",,Additional guide/configuration entry,2026-09-10,2026-09-15
Enhanced_Compensation_Option,Fiscal,Category,Compensation category with explicit supplements beyond the selected base valuation.,categorical,Specify eligible components and their valuation basis. The guide's 1.2 to 1.5 ratios are illustrative scenario values.,Selects an enhanced offer schedule through Compensation_Type_Selector.,Category or notation; no independent measurement,Explicit allowed category list; missing or unmapped categories remain unresolved,"Category label, not a numeric observation or an extra downloadable dataset.","Category, unit or time-index entry; no separate dynamic equation. Selects an enhanced offer schedule through Compensation_Type_Selector.",No standalone equation captured; see stock balance where applicable,Not a stock definition,,,88,No direct guide input identified,Compensation_Type_Selector [category option],Explicit guide relationship or category link; not verified in an executable model,Guide/source-assessment interpretation; derivation and repairs are documented proposals unless a retained transformation is identified,M01 S19 S20,M01: Ali shared system-dynamics guide and mind map; S19: Harris County HCD buyout guidelines and performance reports; S20: HCFCD voluntary home buyout program,,"Required records: Transaction or account ID, fund and jurisdiction, funding origin, eligible cost category, nominal amount, price basis, receipt/payment/effective date, restrictions and appraisal basis.","Transaction or account ID, fund and jurisdiction, funding origin, eligible cost category, nominal amount, price basis, receipt/payment/effective date, restrictions and appraisal basis.",No exact usable input file certified; see source assessment,No exact model transformation certified,,,,,M01: Both original files inspected; 215-entry dictionary reconciled against full guide. | S19: Official program pages and linked June 2025 guidelines read; earlier quarterly reports retained. | S20: Official pages read. Detailed longitudinal property records still require a request.,M01: Generic model requiring Harris County localization | S19: HCD programs and project areas | S20: HCFCD eligible areas and participating properties,"M01: DOCX guide; mind map dated October 15, 2024 | S19: Program-specific; 2024 Q3 and 2025 Q2 reports retained | S20: Program history/current guidance",,Additional guide/configuration entry,2026-09-10,2026-09-15
Equity_Adjustment,Fiscal,Alias,Group-indexed alias of Equity_Adjustment_Factor retained under the guide's original name.,payment multiplier,"Use the same definition, units and measurement as Equity_Adjustment_Factor. Define eligibility and assistance rules, then calculate the adjustment relative to the base offer for each group. Preserve purchase and relocation assistance components separately.",Connects guide references to Equity_Adjustment_Factor without creating a duplicate input or stock.,Derived from/reconciled to Equity_Adjustment_Factor,"Follow a documented instrument, ratio or rubric; range is not established by the variable name","Retain the original spelling in the audit, but do not create a second independently calibrated variable.",Connects guide references to Equity_Adjustment_Factor without creating a duplicate input or stock. Select one canonical name or input mapping before implementation.,No standalone equation captured; see stock balance where applicable,Not a stock definition,,,261,No direct guide input identified,Compensation_Rate [guide equation reference],Explicit guide relationship or category link; not verified in an executable model,Guide/source-assessment interpretation; derivation and repairs are documented proposals unless a retained transformation is identified,S19 S21,S19: Harris County HCD buyout guidelines and performance reports; S21: HCD public-records access route,https://hcd.harriscountytx.gov/Disaster-Recovery/Buyout-Relocation-Programs,"Required records: Transaction or account ID, fund and jurisdiction, funding origin, eligible cost category, nominal amount, price basis, receipt/payment/effective date, restrictions and appraisal basis.","Transaction or account ID, fund and jurisdiction, funding origin, eligible cost category, nominal amount, price basis, receipt/payment/effective date, restrictions and appraisal basis.",No exact usable input file certified; see source assessment,No exact model transformation certified,,,,,S19: Official program pages and linked June 2025 guidelines read; earlier quarterly reports retained. | S21: Official request route verified. No request submitted; responsive fields and release are unconfirmed.,"S19: HCD programs and project areas | S21: HCD cases, staff and program finances","S19: Program-specific; 2024 Q3 and 2025 Q2 reports retained | S21: Request 2010–2024, with later completion dates for censoring",Equity_Adjustment_Factor,Additional guide/configuration entry,2026-09-10,2026-09-15
Funding,Fiscal,Proposed auxiliary or input,Unresolved funding quantity used in the guide's budget constraint.,USD_2024 or USD_2024/year; resolve budget scope,"Decide whether the optimization constrains annual expenditure, cumulative expenditure or available cash, and match Budget_Constraint to that same quantity and period.",Makes the optional funding constraint meaningful once its accounting scope is fixed.,Name or accounting scope requires reconciliation,Nonnegative under the declared stock/flow convention; estimates and rates may be fractional,Do not silently equate Funding with Funding_Available; select and document the quantity.,No complete standalone equation is supplied. Use the stated data derivation as a proposed input method and specify any dynamic response separately.,No standalone equation captured; see stock balance where applicable,Not a stock definition,,,30; 34; 35; 288; 365,No direct guide input identified,No downstream equation specified in the guide,Proposed input or output; downstream connection is not fully specified,Guide/source-assessment interpretation; derivation and repairs are documented proposals unless a retained transformation is identified,S26 S23 M01,S26: Harris County adopted budgets and budget volumes; S23: Texas GLO HUD DRGR quarterly performance reports; M01: Ali shared system-dynamics guide and mind map,https://budget.harriscountytx.gov/budget.aspx,"Required records: Transaction or account ID, fund and jurisdiction, funding origin, eligible cost category, nominal amount, price basis, receipt/payment/effective date, restrictions and appraisal basis.","Transaction or account ID, fund and jurisdiction, funding origin, eligible cost category, nominal amount, price basis, receipt/payment/effective date, restrictions and appraisal basis.",No exact usable input file certified; see source assessment,No exact model transformation certified,,,,,S26: Official budget portal read; two budget PDFs already retained. | S23: Official reporting pages read; local financial/accomplishment/narrative files retained. | M01: Both original files inspected; 215-entry dictionary reconciled against full guide.,"S26: County departments, funds and programs | S23: Grant, activity, project and grantee | M01: Generic model requiring Harris County localization","S26: Annual; FY2025/FY2026 local documents | S23: Quarterly grant histories; local Harris buyout extracts retained | M01: DOCX guide; mind map dated October 15, 2024",,Additional guide/configuration entry,2026-09-10,2026-09-15
Funding_Available,Fiscal,Alias,Same quantity of Retreat_Funding_Available retained under the guide's original name.,USD_2024,"Use the same definition, units and measurement as Retreat_Funding_Available. Reconstruct opening balance plus eligible receipts less actual spending, adjusting for restrictions and committed obligations under one accounting convention. An unspent allocation is not automatically available cash.",Connects guide references to Retreat_Funding_Available without creating a duplicate input or stock.,Derived from/reconciled to Retreat_Funding_Available,Nonnegative under the declared stock/flow convention; estimates and rates may be fractional,"Retain the original spelling in the audit, but do not create a second independently calibrated variable.",Connects guide references to Retreat_Funding_Available without creating a duplicate input or stock. Select one canonical name or input mapping before implementation.,No standalone equation captured; see stock balance where applicable,Not a stock definition,,,184,No direct guide input identified,Retreat_Program_Active [guide equation reference],Explicit guide relationship or category link; not verified in an executable model,Guide/source-assessment interpretation; derivation and repairs are documented proposals unless a retained transformation is identified,S21 S23 S26,S21: HCD public-records access route; S23: Texas GLO HUD DRGR quarterly performance reports; S26: Harris County adopted budgets and budget volumes,https://hcd.harriscountytx.gov/About-Us/Public-Records-Request,entity; measure; date; value; amount_basis; grant_number; activity_number,"Transaction or account ID, fund and jurisdiction, funding origin, eligible cost category, nominal amount, price basis, receipt/payment/effective date, restrictions and appraisal basis.",data/Fiscal_Funding.csv,No exact model transformation certified,,,,,S21: Official request route verified. No request submitted; responsive fields and release are unconfirmed. | S23: Official reporting pages read; local financial/accomplishment/narrative files retained. | S26: Official budget portal read; two budget PDFs already retained.,"S21: HCD cases, staff and program finances | S23: Grant, activity, project and grantee | S26: County departments, funds and programs","S21: Request 2010–2024, with later completion dates for censoring | S23: Quarterly grant histories; local Harris buyout extracts retained | S26: Annual; FY2025/FY2026 local documents",Retreat_Funding_Available,Additional guide/configuration entry,2026-09-10,2026-09-15
Market_Value_Option,Fiscal,Category,Compensation category tied to a stated market-value appraisal.,categorical,"Define appraisal date, property interest and eligible additions. The guide sets an illustrative ratio of 1.0 to that basis.",Selects a market-value offer schedule.,Category or notation; no independent measurement,Explicit allowed category list; missing or unmapped categories remain unresolved,"Category label, not a numeric observation or an extra downloadable dataset.","Category, unit or time-index entry; no separate dynamic equation. Selects a market-value offer schedule.",No standalone equation captured; see stock balance where applicable,Not a stock definition,,,86,No direct guide input identified,Compensation_Type_Selector [category option],Explicit guide relationship or category link; not verified in an executable model,Guide/source-assessment interpretation; derivation and repairs are documented proposals unless a retained transformation is identified,M01 S19 S20,M01: Ali shared system-dynamics guide and mind map; S19: Harris County HCD buyout guidelines and performance reports; S20: HCFCD voluntary home buyout program,,"Required records: Transaction or account ID, fund and jurisdiction, funding origin, eligible cost category, nominal amount, price basis, receipt/payment/effective date, restrictions and appraisal basis.","Transaction or account ID, fund and jurisdiction, funding origin, eligible cost category, nominal amount, price basis, receipt/payment/effective date, restrictions and appraisal basis.",No exact usable input file certified; see source assessment,No exact model transformation certified,,,,,M01: Both original files inspected; 215-entry dictionary reconciled against full guide. | S19: Official program pages and linked June 2025 guidelines read; earlier quarterly reports retained. | S20: Official pages read. Detailed longitudinal property records still require a request.,M01: Generic model requiring Harris County localization | S19: HCD programs and project areas | S20: HCFCD eligible areas and participating properties,"M01: DOCX guide; mind map dated October 15, 2024 | S19: Program-specific; 2024 Q3 and 2025 Q2 reports retained | S20: Program history/current guidance",,Additional guide/configuration entry,2026-09-10,2026-09-15
Pre_Disaster_Value_Option,Fiscal,Category,Compensation category using an explicitly dated pre-disaster valuation basis.,categorical,Link the relevant pre-event appraisal and payment rules. The guide's 1.1 ratio is illustrative and does not calculate the pre-disaster valuation.,Selects an alternative offer basis for Compensation_Type_Selector.,Category or notation; no independent measurement,Explicit allowed category list; missing or unmapped categories remain unresolved,"Category label, not a numeric observation or an extra downloadable dataset.","Category, unit or time-index entry; no separate dynamic equation. Selects an alternative offer basis for Compensation_Type_Selector.",No standalone equation captured; see stock balance where applicable,Not a stock definition,,,87,No direct guide input identified,Compensation_Type_Selector [category option],Explicit guide relationship or category link; not verified in an executable model,Guide/source-assessment interpretation; derivation and repairs are documented proposals unless a retained transformation is identified,M01 S19 S20,M01: Ali shared system-dynamics guide and mind map; S19: Harris County HCD buyout guidelines and performance reports; S20: HCFCD voluntary home buyout program,,"Required records: Transaction or account ID, fund and jurisdiction, funding origin, eligible cost category, nominal amount, price basis, receipt/payment/effective date, restrictions and appraisal basis.","Transaction or account ID, fund and jurisdiction, funding origin, eligible cost category, nominal amount, price basis, receipt/payment/effective date, restrictions and appraisal basis.",No exact usable input file certified; see source assessment,No exact model transformation certified,,,,,M01: Both original files inspected; 215-entry dictionary reconciled against full guide. | S19: Official program pages and linked June 2025 guidelines read; earlier quarterly reports retained. | S20: Official pages read. Detailed longitudinal property records still require a request.,M01: Generic model requiring Harris County localization | S19: HCD programs and project areas | S20: HCFCD eligible areas and participating properties,"M01: DOCX guide; mind map dated October 15, 2024 | S19: Program-specific; 2024 Q3 and 2025 Q2 reports retained | S20: Program history/current guidance",,Additional guide/configuration entry,2026-09-10,2026-09-15
Retreat_Program_Costs,Fiscal,Derived mapping requiring reconciliation,Cost term for the retreat program in the guide's optimization objective.,USD_2024 present value for the objective,"Use the present value of the nonoverlapping annual components defined under Total_Retreat_Costs, on the same horizon as the other objective terms.",Carries program costs into Total_Social_Cost.,Name or accounting scope requires reconciliation,Nonnegative under the declared stock/flow convention; estimates and rates may be fractional,"Retain the original spelling in the audit, but do not create a second independently calibrated variable.",No complete standalone equation is supplied. Use the stated data derivation as a proposed input method and specify any dynamic response separately.,No standalone equation captured; see stock balance where applicable,Not a stock definition,,,361,No direct guide input identified,Total_Social_Cost [guide equation reference],Explicit guide relationship or category link; not verified in an executable model,Guide/source-assessment interpretation; derivation and repairs are documented proposals unless a retained transformation is identified,S21 S23 S29,"S21: HCD public-records access route; S23: Texas GLO HUD DRGR quarterly performance reports; S29: Harris County purchasing, contracts and procurement records",https://hcd.harriscountytx.gov/About-Us/Public-Records-Request,"Required records: Transaction or account ID, fund and jurisdiction, funding origin, eligible cost category, nominal amount, price basis, receipt/payment/effective date, restrictions and appraisal basis.","Transaction or account ID, fund and jurisdiction, funding origin, eligible cost category, nominal amount, price basis, receipt/payment/effective date, restrictions and appraisal basis.",No exact usable input file certified; see source assessment,No exact model transformation certified,,,,,S21: Official request route verified. No request submitted; responsive fields and release are unconfirmed. | S23: Official reporting pages read; local financial/accomplishment/narrative files retained. | S29: Official portal and linked Bonfire/GovQA routes verified; detailed invoice/effort exports not acquired.,"S21: HCD cases, staff and program finances | S23: Grant, activity, project and grantee | S29: Contract/project and vendor","S21: Request 2010–2024, with later completion dates for censoring | S23: Quarterly grant histories; local Harris buyout extracts retained | S29: Award- and invoice-specific",,Additional guide/configuration entry,2026-09-10,2026-09-15
Total_Social_Cost,Fiscal,Auxiliary or delayed quantity,"Total incremental resource losses and costs of a scenario, net of compatible benefits.",USD_2024 present value,"On one present-value basis combine retreat costs, residual disaster losses and valued social disruption, then subtract nonoverlapping ecosystem benefits. Report unmonetized outcomes separately.",Defines the optional optimization objective.,Calculated once compatible inputs and definitions are supplied,Signed incremental values allowed; a negative benefit denotes harm or loss relative to the counterfactual,"Transfers, assets, annual flows and present values cannot be added without an explicit accounting convention. See the simulation relationship for the required equation review.","Place all monetary terms on the same incremental present-value basis. Keep transfers distinct from resource costs and prevent duplication across disaster, ecosystem and disruption terms.",Guide paragraph 361: Retreat_Program_Costs + Disaster_Costs + Social_Disruption_Costs - Ecosystem_Benefits,Not a stock definition,,,361,Disaster_Costs [guide equation reference]; Ecosystem_Benefits [guide equation reference]; Retreat_Program_Costs [guide equation reference]; Social_Disruption_Costs [guide equation reference],No downstream equation specified in the guide,Proposed input or output; downstream connection is not fully specified,Guide/source-assessment interpretation; derivation and repairs are documented proposals unless a retained transformation is identified,S32 S21 S56 S52 M01,S32: FEMA benefit-cost analysis guidance; S21: HCD public-records access route; S56: FEMA Hazus Flood Model technical manual; S52: Natural Capital Project InVEST methods and data; M01: Ali shared system-dynamics guide and mind map,https://www.fema.gov/sites/default/files/documents/fema_policy-206-23-001-bca-discount-rate-and-streamlined-approaches_april-24-2024.pdf,"Required records: Transaction or account ID, fund and jurisdiction, funding origin, eligible cost category, nominal amount, price basis, receipt/payment/effective date, restrictions and appraisal basis.","Transaction or account ID, fund and jurisdiction, funding origin, eligible cost category, nominal amount, price basis, receipt/payment/effective date, restrictions and appraisal basis.",No exact usable input file certified; see source assessment,No exact model transformation certified,,,,,"S32: Official policy located; PDF fetch was unsuccessful. Applicability/current rule must be checked against the award before use. | S21: Official request route verified. No request submitted; responsive fields and release are unconfirmed. | S56: Official manual located during research; local structure/depth inputs must be assembled. | S52: Official data/method pages read; method source, not an acquired Harris valuation table. | M01: Both original files inspected; 215-entry dictionary reconciled against full guide.","S32: Method/policy, not local observations | S21: HCD cases, staff and program finances | S56: Engineering loss-model methodology | S52: Model/project specific | M01: Generic model requiring Harris County localization","S32: Version and award-rule dependent | S21: Request 2010–2024, with later completion dates for censoring | S56: Hazus 7, 2025 manual | S52: Input-vintage and scenario specific | M01: DOCX guide; mind map dated October 15, 2024",,Additional guide/configuration entry,2026-09-10,2026-09-15
User_Group_Factor,Fiscal,Policy or scenario input,Group-specific policy adjustment to the base compensation schedule.,documented assistance modifier,"Define assistance rules by tenure or other justified eligibility class, using documented needs and eligible costs. Record a scenario value rather than inferring behavior from group identity.",Allows the optional compensation array to reflect different eligible costs across land-user groups.,Policy/scenario definition; no fitted value certified,"Follow a documented instrument, ratio or rubric; range is not established by the variable name",Do not assign arbitrary numeric effects solely from social identity; tenure compensation components differ.,Set the documented policy/scenario input; map its effects to the relevant model equation explicitly.,No standalone equation captured; see stock balance where applicable,Not a stock definition,,,261,No direct guide input identified,Compensation_Rate [guide equation reference],Explicit guide relationship or category link; not verified in an executable model,Guide/source-assessment interpretation; derivation and repairs are documented proposals unless a retained transformation is identified,S19 S21 S17 S46 M01,S19: Harris County HCD buyout guidelines and performance reports; S21: HCD public-records access route; S17: HUD Comprehensive Housing Affordability Strategy data; S46: HUD Tribal Directory Assessment Tool; M01: Ali shared system-dynamics guide and mind map,https://hcd.harriscountytx.gov/Disaster-Recovery/Buyout-Relocation-Programs,"Required records: Transaction or account ID, fund and jurisdiction, funding origin, eligible cost category, nominal amount, price basis, receipt/payment/effective date, restrictions and appraisal basis.","Transaction or account ID, fund and jurisdiction, funding origin, eligible cost category, nominal amount, price basis, receipt/payment/effective date, restrictions and appraisal basis.",No exact usable input file certified; see source assessment,No exact model transformation certified,,,,,S19: Official program pages and linked June 2025 guidelines read; earlier quarterly reports retained. | S21: Official request route verified. No request submitted; responsive fields and release are unconfirmed. | S17: Official download/documentation read; bulk files available; API requires a token. | S46: Official tool and manual read; no consultation initiated. | M01: Both original files inspected; 215-entry dictionary reconciled against full guide.,"S19: HCD programs and project areas | S21: HCD cases, staff and program finances | S17: County, place, tract and other published areas | S46: County-linked tribal interests and contacts | M01: Generic model requiring Harris County localization","S19: Program-specific; 2024 Q3 and 2025 Q2 reports retained | S21: Request 2010–2024, with later completion dates for censoring | S17: ACS-based multi-year releases | S46: Current tool; historical interest not a numeric time series | M01: DOCX guide; mind map dated October 15, 2024",,Additional guide/configuration entry,2026-09-10,2026-09-15
Community_Trust_in_Process,Governance,Stock,Trust in the named agency and procedures administering retreat.,trust points on a defined 0 to 100 scale,"Collect repeated questions on competence, fairness and reliability of the actual process. Validate scoring and baseline aggregation. General institutional trust is an imperfect substitute.","Stores trust, supports willingness through Trust_Factor and records effects of delays and engagement.",Retained stock initial value: unavailable,0 to 100 on the specified scale; out-of-range values require review,GHCP media/school trust is not buyout-process trust; general trust is contextual only.,"Stock balance reconstructed from the guide INFLOWS, OUTFLOWS and INITIAL VALUE fields: INTEG(Trust_Building_Actions - Trust_Erosion, 50). Check initial scope and stock bounds.",No standalone equation captured; see stock balance where applicable,"INTEG(Trust_Building_Actions - Trust_Erosion, 50)",50,dimensionless (0-100),98,Trust_Building_Actions [stock inflow]; Trust_Erosion [stock outflow],No downstream equation specified in the guide,Stock balance specified; downstream use may be a reported outcome or conceptual link,Guide/source-assessment interpretation; derivation and repairs are documented proposals unless a retained transformation is identified,S39 S36 S21,"S39: OECD Guidelines on Measuring Trust; S36: Texas A&M / Texas Appleseed Harris County Home Buyout Study, Phase 1; S21: HCD public-records access route",https://www.oecd.org/en/publications/oecd-guidelines-on-measuring-trust_9789264278219-en.html,"Required records: Policy/program ID, dated decision or process milestone, eligible actor universe, documented participation, stage timestamps and repeated respondent-specific process measures.","Policy/program ID, dated decision or process milestone, eligible actor universe, documented participation, stage timestamps and repeated respondent-specific process measures.",data/Initial_Conditions.csv (opening-value record; missing values remain missing),No defensible countywide 2024 measurement. See Gap_Queue.csv.,,dimensionless (0-100),unavailable,No defensible countywide 2024 measurement. See Gap_Queue.csv.,S39: Official publication page read; method source. | S36: 72-page primary report read via web; local PDF download returned 403; underlying interview data access unverified. | S21: Official request route verified. No request submitted; responsive fields and release are unconfirmed.,"S39: Survey instrument/method | S36: Mandatory-buyout residents in Harris County | S21: HCD cases, staff and program finances","S39: 2017 guidelines | S36: December 2025 report | S21: Request 2010–2024, with later completion dates for censoring",,Original 215-entry dictionary,2026-09-10,2026-09-15
Retreat_Policy_Development_Progress,Governance,Stock,Accumulated progress toward a defined operational retreat policy.,"policy-progress points, 0 to 100","Code weighted milestones from recognition to approved policy, funds and procedures. The initial value must describe the actual program stage.",Tracks policy development and reduces the remaining progress in Policy_Development_Rate.,Retained stock initial value: unavailable,0 to 100 on the specified scale; out-of-range values require review,"Percent complete is an analyst rubric, not a directly published continuous stock.","Stock balance reconstructed from the guide INFLOWS, OUTFLOWS and INITIAL VALUE fields: INTEG(Policy_Development_Rate, 0). Check initial scope and stock bounds.",No standalone equation captured; see stock balance where applicable,"INTEG(Policy_Development_Rate, 0)",0,dimensionless (0-100),99; 104,Policy_Development_Rate [stock inflow],Policy_Development_Rate [guide equation reference],Explicit guide relationship or category link; not verified in an executable model,Guide/source-assessment interpretation; derivation and repairs are documented proposals unless a retained transformation is identified,S28 S19 S20,"S28: Harris County Commissioners Court agendas, minutes and votes; S19: Harris County HCD buyout guidelines and performance reports; S20: HCFCD voluntary home buyout program",https://harriscountytx.legistar.com/Calendar.aspx,"Required records: Policy/program ID, dated decision or process milestone, eligible actor universe, documented participation, stage timestamps and repeated respondent-specific process measures.","Policy/program ID, dated decision or process milestone, eligible actor universe, documented participation, stage timestamps and repeated respondent-specific process measures.",data/Initial_Conditions.csv (opening-value record; missing values remain missing),No defensible countywide 2024 measurement. See Gap_Queue.csv.,,dimensionless (0-100),unavailable,No defensible countywide 2024 measurement. See Gap_Queue.csv.,S28: Official calendar/archive pages read; additional document coding candidate. | S19: Official program pages and linked June 2025 guidelines read; earlier quarterly reports retained. | S20: Official pages read. Detailed longitudinal property records still require a request.,S28: County policy decisions | S19: HCD programs and project areas | S20: HCFCD eligible areas and participating properties,S28: Dated meetings; current and archived systems | S19: Program-specific; 2024 Q3 and 2025 Q2 reports retained | S20: Program history/current guidance,,Original 215-entry dictionary,2026-09-10,2026-09-15
Stakeholder_Engagement_Level,Governance,Stock,Current extent and depth of stakeholder involvement.,engagement points on a defined 0 to 100 scale,"Construct a transparent score from representation, unique participation, repeat involvement and influence. Measure baseline and repeated changes on the same scale.",Accumulates engagement gains and fatigue; any additional influence on policy or trust must be connected explicitly.,Retained stock initial value: unavailable,0 to 100 on the specified scale; out-of-range values require review,Meeting counts or attendees alone do not measure representative influence or engagement quality.,"Stock balance reconstructed from the guide INFLOWS, OUTFLOWS and INITIAL VALUE fields: INTEG(Engagement_Activities - Engagement_Fatigue, 20). Check initial scope and stock bounds.",No standalone equation captured; see stock balance where applicable,"INTEG(Engagement_Activities - Engagement_Fatigue, 20)",20,dimensionless (0-100),100,Engagement_Activities [stock inflow]; Engagement_Fatigue [stock outflow],No downstream equation specified in the guide,Stock balance specified; downstream use may be a reported outcome or conceptual link,Guide/source-assessment interpretation; derivation and repairs are documented proposals unless a retained transformation is identified,S21 S22 S28 S36,"S21: HCD public-records access route; S22: HCFCD public-information access route; S28: Harris County Commissioners Court agendas, minutes and votes; S36: Texas A&M / Texas Appleseed Harris County Home Buyout Study, Phase 1",https://hcd.harriscountytx.gov/About-Us/Public-Records-Request,"Required records: Policy/program ID, dated decision or process milestone, eligible actor universe, documented participation, stage timestamps and repeated respondent-specific process measures.","Policy/program ID, dated decision or process milestone, eligible actor universe, documented participation, stage timestamps and repeated respondent-specific process measures.",data/Initial_Conditions.csv (opening-value record; missing values remain missing),No defensible countywide 2024 measurement. See Gap_Queue.csv.,,dimensionless (0-100),unavailable,No defensible countywide 2024 measurement. See Gap_Queue.csv.,S21: Official request route verified. No request submitted; responsive fields and release are unconfirmed. | S22: Official public-information request page read; no request submitted. | S28: Official calendar/archive pages read; additional document coding candidate. | S36: 72-page primary report read via web; local PDF download returned 403; underlying interview data access unverified.,"S21: HCD cases, staff and program finances | S22: HCFCD program, acquisition, land and infrastructure records | S28: County policy decisions | S36: Mandatory-buyout residents in Harris County","S21: Request 2010–2024, with later completion dates for censoring | S22: Request historical cohorts and 2024 opening balances | S28: Dated meetings; current and archived systems | S36: December 2025 report",,Original 215-entry dictionary,2026-09-10,2026-09-15
Trust_Building_Actions,Governance,Flow,Annual gain in process-trust points associated with successful and transparent engagement.,trust points/year,Link dated actions and demonstration exposure to repeated trust measurements. Estimate scale-point gains per year and a maximum attainable trust level.,Fills Community_Trust_in_Process.,Requires calibration or longitudinal evidence,Nonnegative under the declared stock/flow convention; estimates and rates may be fractional,The guide multiplier 5 is uncalibrated; action counts require an estimated conversion into trust change. See the simulation relationship for the required equation review.,Normalize demonstration exposure and define a gain coefficient in trust-points/year. Include a headroom or saturation condition so trust cannot grow without limit.,Guide paragraph 102: Transparency_Level * Community_Engagement_Quality * Successful_Retreat_Demonstrations * 5,Not a stock definition,,units/year,98; 102,Community_Engagement_Quality [guide equation reference]; Successful_Retreat_Demonstrations [guide equation reference]; Transparency_Level [guide equation reference],Community_Trust_in_Process [stock inflow],Explicit guide relationship or category link; not verified in an executable model,Guide/source-assessment interpretation; derivation and repairs are documented proposals unless a retained transformation is identified,S21 S22 S39 S36,"S21: HCD public-records access route; S22: HCFCD public-information access route; S39: OECD Guidelines on Measuring Trust; S36: Texas A&M / Texas Appleseed Harris County Home Buyout Study, Phase 1",https://hcd.harriscountytx.gov/About-Us/Public-Records-Request,"Required records: Policy/program ID, dated decision or process milestone, eligible actor universe, documented participation, stage timestamps and repeated respondent-specific process measures.","Policy/program ID, dated decision or process milestone, eligible actor universe, documented participation, stage timestamps and repeated respondent-specific process measures.",No exact usable input file certified; see source assessment,No exact model transformation certified,,,,,S21: Official request route verified. No request submitted; responsive fields and release are unconfirmed. | S22: Official public-information request page read; no request submitted. | S39: Official publication page read; method source. | S36: 72-page primary report read via web; local PDF download returned 403; underlying interview data access unverified.,"S21: HCD cases, staff and program finances | S22: HCFCD program, acquisition, land and infrastructure records | S39: Survey instrument/method | S36: Mandatory-buyout residents in Harris County","S21: Request 2010–2024, with later completion dates for censoring | S22: Request historical cohorts and 2024 opening balances | S39: 2017 guidelines | S36: December 2025 report",,Original 215-entry dictionary,2026-09-10,2026-09-15
Trust_Erosion,Governance,Flow,Annual loss of process-trust points due to adverse experiences.,trust points/year,"Estimate within-person trust changes associated with perceived inequity, normalized delay and communication failures; calibrate the per-year response coefficients.",Drains Community_Trust_in_Process and can weaken participation through Trust_Factor.,Requires calibration or longitudinal evidence,Nonnegative under the declared stock/flow convention; estimates and rates may be fractional,Standardize predictors before combining; complaints are selected observations. See the simulation relationship for the required equation review.,Use Community_Trust_in_Process and normalize delays and other predictors before addition. Express the erosion coefficient in 1/year and estimate it from repeated observations.,Guide paragraph 103: Community_Trust * (Perceived_Inequity + Process_Delays + Communication_Failures) * 0.1,Not a stock definition,,units/year,98; 103,Communication_Failures [guide equation reference]; Community_Trust [guide equation reference]; Perceived_Inequity [guide equation reference]; Process_Delays [guide equation reference],Community_Trust_in_Process [stock outflow],Explicit guide relationship or category link; not verified in an executable model,Guide/source-assessment interpretation; derivation and repairs are documented proposals unless a retained transformation is identified,S21 S22 S39 S36,"S21: HCD public-records access route; S22: HCFCD public-information access route; S39: OECD Guidelines on Measuring Trust; S36: Texas A&M / Texas Appleseed Harris County Home Buyout Study, Phase 1",https://hcd.harriscountytx.gov/About-Us/Public-Records-Request,"Required records: Policy/program ID, dated decision or process milestone, eligible actor universe, documented participation, stage timestamps and repeated respondent-specific process measures.","Policy/program ID, dated decision or process milestone, eligible actor universe, documented participation, stage timestamps and repeated respondent-specific process measures.",No exact usable input file certified; see source assessment,No exact model transformation certified,,,,,S21: Official request route verified. No request submitted; responsive fields and release are unconfirmed. | S22: Official public-information request page read; no request submitted. | S39: Official publication page read; method source. | S36: 72-page primary report read via web; local PDF download returned 403; underlying interview data access unverified.,"S21: HCD cases, staff and program finances | S22: HCFCD program, acquisition, land and infrastructure records | S39: Survey instrument/method | S36: Mandatory-buyout residents in Harris County","S21: Request 2010–2024, with later completion dates for censoring | S22: Request historical cohorts and 2024 opening balances | S39: 2017 guidelines | S36: December 2025 report",,Original 215-entry dictionary,2026-09-10,2026-09-15
Policy_Development_Rate,Governance,Flow,Annual increase in a defined policy-development progress score.,milestone points/year,"Assign milestone weights before coding, reconstruct dated progress and divide changes by elapsed years. Calibrate the relationship to governance capacity and participation.",Fills Retreat_Policy_Development_Progress while slowing as completion approaches.,Calculated once compatible inputs and definitions are supplied,Nonnegative under the declared stock/flow convention; estimates and rates may be fractional,"The guide factor 10 and multiplicative functional form are hypotheses, not measured rates. See the simulation relationship for the required equation review.",Use compatible 0 to 1 capacity and participation measures and Political_Will/100. The coefficient 10 must carry policy-points/year and remains uncalibrated.,Guide paragraph 104: Governance_Capacity * Multi_Stakeholder_Participation * (Political_Will / 100) * 10 * (1 - Retreat_Policy_Development_Progress / 100),Not a stock definition,,percent/year,99; 104,Governance_Capacity [guide equation reference]; Multi_Stakeholder_Participation [guide equation reference]; Political_Will [guide equation reference]; Retreat_Policy_Development_Progress [guide equation reference],Retreat_Policy_Development_Progress [stock inflow],Explicit guide relationship or category link; not verified in an executable model,Guide/source-assessment interpretation; derivation and repairs are documented proposals unless a retained transformation is identified,S28 S19 S20,"S28: Harris County Commissioners Court agendas, minutes and votes; S19: Harris County HCD buyout guidelines and performance reports; S20: HCFCD voluntary home buyout program",https://harriscountytx.legistar.com/Calendar.aspx,"Required records: Policy/program ID, dated decision or process milestone, eligible actor universe, documented participation, stage timestamps and repeated respondent-specific process measures.","Policy/program ID, dated decision or process milestone, eligible actor universe, documented participation, stage timestamps and repeated respondent-specific process measures.",No exact usable input file certified; see source assessment,No exact model transformation certified,,,,,S28: Official calendar/archive pages read; additional document coding candidate. | S19: Official program pages and linked June 2025 guidelines read; earlier quarterly reports retained. | S20: Official pages read. Detailed longitudinal property records still require a request.,S28: County policy decisions | S19: HCD programs and project areas | S20: HCFCD eligible areas and participating properties,S28: Dated meetings; current and archived systems | S19: Program-specific; 2024 Q3 and 2025 Q2 reports retained | S20: Program history/current guidance,,Original 215-entry dictionary,2026-09-10,2026-09-15
Decision_Making_Approach,Governance,Policy or scenario selector,Selected governance and acquisition-consent approach for the program.,categorical,Code the adopted process from program documents and dates. Represent scenario alternatives with an explicit categorical lookup rather than multiplying text labels.,Determines the policy setting for participation and acquisition; behavioral effects require separate equations.,Policy/scenario definition; no fitted value certified,Explicit allowed category list; missing or unmapped categories remain unresolved,Separate participation in planning from consent to acquisition; category codes carry no numeric magnitude.,"Guide relationship is preserved in the equation field. Reconcile units, bounds and input definitions before execution.",Guide paragraph 106: Policy_Choice_Selector,Not a stock definition,,categorical,106,Policy_Choice_Selector [guide equation reference]; Voluntary [category option]; Voluntary_with_Incentives [category option]; Persuasive [category option]; Mandatory_with_Optout [category option]; Fully_Mandatory [category option],No downstream equation specified in the guide,Proposed input or output; downstream connection is not fully specified,Guide/source-assessment interpretation; derivation and repairs are documented proposals unless a retained transformation is identified,S19 S20 S28 M01,"S19: Harris County HCD buyout guidelines and performance reports; S20: HCFCD voluntary home buyout program; S28: Harris County Commissioners Court agendas, minutes and votes; M01: Ali shared system-dynamics guide and mind map",https://hcd.harriscountytx.gov/Disaster-Recovery/Buyout-Relocation-Programs,"Required records: Policy/program ID, dated decision or process milestone, eligible actor universe, documented participation, stage timestamps and repeated respondent-specific process measures.","Policy/program ID, dated decision or process milestone, eligible actor universe, documented participation, stage timestamps and repeated respondent-specific process measures.",No exact usable input file certified; see source assessment,No exact model transformation certified,,,,,S19: Official program pages and linked June 2025 guidelines read; earlier quarterly reports retained. | S20: Official pages read. Detailed longitudinal property records still require a request. | S28: Official calendar/archive pages read; additional document coding candidate. | M01: Both original files inspected; 215-entry dictionary reconciled against full guide.,S19: HCD programs and project areas | S20: HCFCD eligible areas and participating properties | S28: County policy decisions | M01: Generic model requiring Harris County localization,"S19: Program-specific; 2024 Q3 and 2025 Q2 reports retained | S20: Program history/current guidance | S28: Dated meetings; current and archived systems | M01: DOCX guide; mind map dated October 15, 2024",,Original 215-entry dictionary,2026-09-10,2026-09-15
Governance_Structure_Effectiveness,Governance,Auxiliary or delayed quantity,"Composite representation of actor coverage, coordination and authority clarity.",documented score,Divide engaged actors by the defined actor universe and multiply by compatible normalized coordination and clarity scores. Validate the composite against delivery performance.,Describes the governance structure; its downstream effect is conceptual unless an explicit equation is added.,Requires operational definition or validated proxy,"Follow a documented instrument, ratio or rubric; range is not established by the variable name",More actors need not improve effectiveness; avoid a mechanically multiplicative index without validation.,Guide relationship is preserved in the equation field. Its coefficients or scales require validation against the derivation described here.,Guide paragraph 107: (Number_of_Actors_Engaged / Potential_Actors) * Coordination_Quality * Decision_Authority_Clarity,Not a stock definition,,dimensionless (0-1),107,Coordination_Quality [guide equation reference]; Decision_Authority_Clarity [guide equation reference]; Number_of_Actors_Engaged [guide equation reference]; Potential_Actors [guide equation reference],No downstream equation specified in the guide,Proposed input or output; downstream connection is not fully specified,Guide/source-assessment interpretation; derivation and repairs are documented proposals unless a retained transformation is identified,S21 S22 S28 S36,"S21: HCD public-records access route; S22: HCFCD public-information access route; S28: Harris County Commissioners Court agendas, minutes and votes; S36: Texas A&M / Texas Appleseed Harris County Home Buyout Study, Phase 1",https://hcd.harriscountytx.gov/About-Us/Public-Records-Request,"Required records: Policy/program ID, dated decision or process milestone, eligible actor universe, documented participation, stage timestamps and repeated respondent-specific process measures.","Policy/program ID, dated decision or process milestone, eligible actor universe, documented participation, stage timestamps and repeated respondent-specific process measures.",No exact usable input file certified; see source assessment,No exact model transformation certified,,,,,S21: Official request route verified. No request submitted; responsive fields and release are unconfirmed. | S22: Official public-information request page read; no request submitted. | S28: Official calendar/archive pages read; additional document coding candidate. | S36: 72-page primary report read via web; local PDF download returned 403; underlying interview data access unverified.,"S21: HCD cases, staff and program finances | S22: HCFCD program, acquisition, land and infrastructure records | S28: County policy decisions | S36: Mandatory-buyout residents in Harris County","S21: Request 2010–2024, with later completion dates for censoring | S22: Request historical cohorts and 2024 opening balances | S28: Dated meetings; current and archived systems | S36: December 2025 report",,Original 215-entry dictionary,2026-09-10,2026-09-15
First_Nations_Engagement_Quality,Governance,Auxiliary or delayed quantity,Quality of engagement with relevant Indigenous communities under locally agreed criteria.,co-designed indicators,"Establish local relevance and evaluate process, leadership, recognition of nonmarket values and rights with those communities. Normalize component scales only after agreement.",Combines the guide's four cultural-process components; downstream use remains to be specified.,Requires operational definition or validated proxy,"Follow a documented instrument, ratio or rubric; range is not established by the variable name","Localize Canadian terminology; do not infer engagement quality from race, ancestry or county population shares.",Guide relationship is preserved in the equation field. Its coefficients or scales require validation against the derivation described here.,Guide paragraph 108: Cultural_Appropriate_Process * Indigenous_Leadership_Level * Non_Market_Value_Recognition * Land_Rights_Respect,Not a stock definition,,dimensionless (0-1),108,Cultural_Appropriate_Process [guide equation reference]; Indigenous_Leadership_Level [guide equation reference]; Land_Rights_Respect [guide equation reference]; Non_Market_Value_Recognition [guide equation reference],No downstream equation specified in the guide,Proposed input or output; downstream connection is not fully specified,Guide/source-assessment interpretation; derivation and repairs are documented proposals unless a retained transformation is identified,S46 S45 S36,"S46: HUD Tribal Directory Assessment Tool; S45: Texas Historical Commission Historic Sites Atlas; S36: Texas A&M / Texas Appleseed Harris County Home Buyout Study, Phase 1",https://egis.hud.gov/TDAT/,"Required records: Policy/program ID, dated decision or process milestone, eligible actor universe, documented participation, stage timestamps and repeated respondent-specific process measures.","Policy/program ID, dated decision or process milestone, eligible actor universe, documented participation, stage timestamps and repeated respondent-specific process measures.",No exact usable input file certified; see source assessment,No exact model transformation certified,,,,,S46: Official tool and manual read; no consultation initiated. | S45: Official data download and access explanations read; GIS not acquired. | S36: 72-page primary report read via web; local PDF download returned 403; underlying interview data access unverified.,S46: County-linked tribal interests and contacts | S45: Historic sites/markers and geographic features | S36: Mandatory-buyout residents in Harris County,S46: Current tool; historical interest not a numeric time series | S45: Current inventory with designation dates | S36: December 2025 report,,Original 215-entry dictionary,2026-09-10,2026-09-15
Community_Engagement_Quality,Governance,Parameter,Quality of opportunities for affected people to understand and influence decisions.,rubric/survey score,"Score accessibility, responsiveness, voice and influence with a prespecified rubric and resident responses. Validate coding and normalize to the guide's 0 to 1 range if retained.",Modifies trust building and the effect of engagement activities.,Retained parameter: assumed,"Follow a documented instrument, ratio or rubric; range is not established by the variable name",Participants may differ from nonparticipants; preserve subgroup and nonresponse information.,No complete standalone equation is supplied. Use the stated data derivation as a proposed input method and specify any dynamic response separately.,No standalone equation captured; see stock balance where applicable,Not a stock definition,,dimensionless,102; 111,No direct guide input identified,Trust_Building_Actions [guide equation reference],Explicit guide relationship or category link; not verified in an executable model,Guide/source-assessment interpretation; derivation and repairs are documented proposals unless a retained transformation is identified,S21 S22 S36 S39,"S21: HCD public-records access route; S22: HCFCD public-information access route; S36: Texas A&M / Texas Appleseed Harris County Home Buyout Study, Phase 1; S39: OECD Guidelines on Measuring Trust",https://hcd.harriscountytx.gov/About-Us/Public-Records-Request,"Required records: Policy/program ID, dated decision or process milestone, eligible actor universe, documented participation, stage timestamps and repeated respondent-specific process measures.","Policy/program ID, dated decision or process milestone, eligible actor universe, documented participation, stage timestamps and repeated respondent-specific process measures.",data/Parameters.csv (assumption/input record; measurement status shown separately),Midpoint of guide range except explicitly defined single-hazard convention,0.5,dimensionless,assumed,"Scenario lever, not surveyed engagement.",S21: Official request route verified. No request submitted; responsive fields and release are unconfirmed. | S22: Official public-information request page read; no request submitted. | S36: 72-page primary report read via web; local PDF download returned 403; underlying interview data access unverified. | S39: Official publication page read; method source.,"S21: HCD cases, staff and program finances | S22: HCFCD program, acquisition, land and infrastructure records | S36: Mandatory-buyout residents in Harris County | S39: Survey instrument/method","S21: Request 2010–2024, with later completion dates for censoring | S22: Request historical cohorts and 2024 opening balances | S36: December 2025 report | S39: 2017 guidelines",,Original 215-entry dictionary,2026-09-10,2026-09-15
Community_Trust_Building_Time,Governance,Parameter,Time required for process trust to adjust after a sustained improvement.,years,Fit repeated agency-specific trust measurements following defined actions using a lagged adjustment model.,Provides a potential trust adjustment delay; the main guide trust-flow equations do not yet use it.,Retained parameter: assumed,Positive duration in years; zero requires a separately specified instantaneous process,No single public Harris County time constant was found; elicit uncertain priors if longitudinal data remain unavailable.,No complete standalone equation is supplied. Use the stated data derivation as a proposed input method and specify any dynamic response separately.,No standalone equation captured; see stock balance where applicable,Not a stock definition,,year,173,No direct guide input identified,No downstream equation specified in the guide,Proposed input or output; downstream connection is not fully specified,Guide/source-assessment interpretation; derivation and repairs are documented proposals unless a retained transformation is identified,S39 S21 S36,"S39: OECD Guidelines on Measuring Trust; S21: HCD public-records access route; S36: Texas A&M / Texas Appleseed Harris County Home Buyout Study, Phase 1",https://www.oecd.org/en/publications/oecd-guidelines-on-measuring-trust_9789264278219-en.html,"Required records: Policy/program ID, dated decision or process milestone, eligible actor universe, documented participation, stage timestamps and repeated respondent-specific process measures.","Policy/program ID, dated decision or process milestone, eligible actor universe, documented participation, stage timestamps and repeated respondent-specific process measures.",data/Parameters.csv (assumption/input record; measurement status shown separately),Midpoint of guide range except explicitly defined single-hazard convention,6.5,year,assumed,Guide prior.,S39: Official publication page read; method source. | S21: Official request route verified. No request submitted; responsive fields and release are unconfirmed. | S36: 72-page primary report read via web; local PDF download returned 403; underlying interview data access unverified.,"S39: Survey instrument/method | S21: HCD cases, staff and program finances | S36: Mandatory-buyout residents in Harris County","S39: 2017 guidelines | S21: Request 2010–2024, with later completion dates for censoring | S36: December 2025 report",,Original 215-entry dictionary,2026-09-10,2026-09-15
Governance_Capacity,Governance,Parameter,Resources and expertise available to develop and operate retreat policy.,FTE/resources or score,"Measure filled staff effort, relevant experience, contracts and processing performance. If the guide score is retained, document its transformation from those observations.",Controls Policy_Development_Rate.,Retained parameter: assumed,Nonnegative under the declared stock/flow convention; estimates and rates may be fractional,Do not substitute authorized staff or budget for actual implementation capability without checking utilization.,No complete standalone equation is supplied. Use the stated data derivation as a proposed input method and specify any dynamic response separately.,No standalone equation captured; see stock balance where applicable,Not a stock definition,,dimensionless,104; 112,No direct guide input identified,Policy_Development_Rate [guide equation reference],Explicit guide relationship or category link; not verified in an executable model,Guide/source-assessment interpretation; derivation and repairs are documented proposals unless a retained transformation is identified,S21 S22 S26 S29,"S21: HCD public-records access route; S22: HCFCD public-information access route; S26: Harris County adopted budgets and budget volumes; S29: Harris County purchasing, contracts and procurement records",https://hcd.harriscountytx.gov/About-Us/Public-Records-Request,"Required records: Policy/program ID, dated decision or process milestone, eligible actor universe, documented participation, stage timestamps and repeated respondent-specific process measures.","Policy/program ID, dated decision or process milestone, eligible actor universe, documented participation, stage timestamps and repeated respondent-specific process measures.",data/Parameters.csv (assumption/input record; measurement status shown separately),Midpoint of guide range except explicitly defined single-hazard convention,0.65,dimensionless,assumed,"Guide prior, not a staffing-based empirical estimate.",S21: Official request route verified. No request submitted; responsive fields and release are unconfirmed. | S22: Official public-information request page read; no request submitted. | S26: Official budget portal read; two budget PDFs already retained. | S29: Official portal and linked Bonfire/GovQA routes verified; detailed invoice/effort exports not acquired.,"S21: HCD cases, staff and program finances | S22: HCFCD program, acquisition, land and infrastructure records | S26: County departments, funds and programs | S29: Contract/project and vendor","S21: Request 2010–2024, with later completion dates for censoring | S22: Request historical cohorts and 2024 opening balances | S26: Annual; FY2025/FY2026 local documents | S29: Award- and invoice-specific",,Original 215-entry dictionary,2026-09-10,2026-09-15
Policy_Implementation_Delay,Governance,Parameter,Elapsed time from adoption or award to the specified operating milestone.,years,Link adoption and operational dates for comparable programs; estimate durations including pending cases and define the start and end events.,Delays Policy_Adopted into Policy_Implemented.,Retained parameter: assumed,Positive duration in years; zero requires a separately specified instantaneous process,Several different delays exist; choose the transition represented by the model flow.,No complete standalone equation is supplied. Use the stated data derivation as a proposed input method and specify any dynamic response separately.,No standalone equation captured; see stock balance where applicable,Not a stock definition,,year,173; 174,No direct guide input identified,Policy_Implemented [guide equation reference],Explicit guide relationship or category link; not verified in an executable model,Guide/source-assessment interpretation; derivation and repairs are documented proposals unless a retained transformation is identified,S28 S19 S20 S21,"S28: Harris County Commissioners Court agendas, minutes and votes; S19: Harris County HCD buyout guidelines and performance reports; S20: HCFCD voluntary home buyout program; S21: HCD public-records access route",https://harriscountytx.legistar.com/Calendar.aspx,"Required records: Policy/program ID, dated decision or process milestone, eligible actor universe, documented participation, stage timestamps and repeated respondent-specific process measures.","Policy/program ID, dated decision or process milestone, eligible actor universe, documented participation, stage timestamps and repeated respondent-specific process measures.",data/Parameters.csv (assumption/input record; measurement status shown separately),Midpoint of guide range except explicitly defined single-hazard convention,3.5,year,assumed,Guide prior.,S28: Official calendar/archive pages read; additional document coding candidate. | S19: Official program pages and linked June 2025 guidelines read; earlier quarterly reports retained. | S20: Official pages read. Detailed longitudinal property records still require a request. | S21: Official request route verified. No request submitted; responsive fields and release are unconfirmed.,"S28: County policy decisions | S19: HCD programs and project areas | S20: HCFCD eligible areas and participating properties | S21: HCD cases, staff and program finances","S28: Dated meetings; current and archived systems | S19: Program-specific; 2024 Q3 and 2025 Q2 reports retained | S20: Program history/current guidance | S21: Request 2010–2024, with later completion dates for censoring",,Original 215-entry dictionary,2026-09-10,2026-09-15
Political_Will,Governance,Parameter; also conceptual response,Measured or assumed priority assigned by decision makers to retreat.,coded score,"Code votes, appropriations and sustained actions with a fixed 0 to 100 rubric, or explicitly set a scenario score. Fit any event-driven change separately.",Modifies Policy_Development_Rate; the guide also proposes responses to disasters and economic evaluation.,Retained parameter: assumed,0 to 100 on the specified scale; out-of-range values require review,Event proximity and rhetoric are proxies; no public 0–100 political-will series was found.,Guide relationship is preserved in the equation field. Its coefficients or scales require validation against the derivation described here.,"Guide paragraph 179: f(Recent_Disaster_Events, Cost_Benefit_Ratio); conceptual function",Not a stock definition,,index_points,104; 113; 179,Cost_Benefit_Ratio [guide equation reference]; Recent_Disaster_Events [guide equation reference],Policy_Development_Rate [guide equation reference],Explicit guide relationship or category link; not verified in an executable model,Guide/source-assessment interpretation; derivation and repairs are documented proposals unless a retained transformation is identified,S28 S26 S19,"S28: Harris County Commissioners Court agendas, minutes and votes; S26: Harris County adopted budgets and budget volumes; S19: Harris County HCD buyout guidelines and performance reports",https://harriscountytx.legistar.com/Calendar.aspx,"Required records: Policy/program ID, dated decision or process milestone, eligible actor universe, documented participation, stage timestamps and repeated respondent-specific process measures.","Policy/program ID, dated decision or process milestone, eligible actor universe, documented participation, stage timestamps and repeated respondent-specific process measures.",data/Parameters.csv (assumption/input record; measurement status shown separately),Midpoint of guide range except explicitly defined single-hazard convention,50,index_points,assumed,Illustrative index.,S28: Official calendar/archive pages read; additional document coding candidate. | S26: Official budget portal read; two budget PDFs already retained. | S19: Official program pages and linked June 2025 guidelines read; earlier quarterly reports retained.,"S28: County policy decisions | S26: County departments, funds and programs | S19: HCD programs and project areas",S28: Dated meetings; current and archived systems | S26: Annual; FY2025/FY2026 local documents | S19: Program-specific; 2024 Q3 and 2025 Q2 reports retained,,Original 215-entry dictionary,2026-09-10,2026-09-15
Transparency_Level,Governance,Parameter,"Accessibility, timeliness and completeness of program information and explanations.",rubric score,"Code public information, understandable decisions, appeals and disclosure practices; validate with resident experience and map to a fixed 0 to 1 scale.",Multiplies Trust_Building_Actions.,Retained parameter: assumed,"Follow a documented instrument, ratio or rubric; range is not established by the variable name",Document count alone is not transparency; a reproducible rubric is required.,No complete standalone equation is supplied. Use the stated data derivation as a proposed input method and specify any dynamic response separately.,No standalone equation captured; see stock balance where applicable,Not a stock definition,,dimensionless,102; 110,No direct guide input identified,Trust_Building_Actions [guide equation reference],Explicit guide relationship or category link; not verified in an executable model,Guide/source-assessment interpretation; derivation and repairs are documented proposals unless a retained transformation is identified,S19 S20 S21 S28 S36,"S19: Harris County HCD buyout guidelines and performance reports; S20: HCFCD voluntary home buyout program; S21: HCD public-records access route; S28: Harris County Commissioners Court agendas, minutes and votes; S36: Texas A&M / Texas Appleseed Harris County Home Buyout Study, Phase 1",https://hcd.harriscountytx.gov/Disaster-Recovery/Buyout-Relocation-Programs,"Required records: Policy/program ID, dated decision or process milestone, eligible actor universe, documented participation, stage timestamps and repeated respondent-specific process measures.","Policy/program ID, dated decision or process milestone, eligible actor universe, documented participation, stage timestamps and repeated respondent-specific process measures.",data/Parameters.csv (assumption/input record; measurement status shown separately),Midpoint of guide range except explicitly defined single-hazard convention,0.5,dimensionless,assumed,"Scenario lever, not surveyed transparency.",S19: Official program pages and linked June 2025 guidelines read; earlier quarterly reports retained. | S20: Official pages read. Detailed longitudinal property records still require a request. | S21: Official request route verified. No request submitted; responsive fields and release are unconfirmed. | S28: Official calendar/archive pages read; additional document coding candidate. | S36: 72-page primary report read via web; local PDF download returned 403; underlying interview data access unverified.,"S19: HCD programs and project areas | S20: HCFCD eligible areas and participating properties | S21: HCD cases, staff and program finances | S28: County policy decisions | S36: Mandatory-buyout residents in Harris County","S19: Program-specific; 2024 Q3 and 2025 Q2 reports retained | S20: Program history/current guidance | S21: Request 2010–2024, with later completion dates for censoring | S28: Dated meetings; current and archived systems | S36: December 2025 report",,Original 215-entry dictionary,2026-09-10,2026-09-15
Communication_Failures,Governance,Proposed auxiliary or input,"Missed, inconsistent or inaccessible program communications.",rate or documented score,"Count documented failures and divide by relevant communications or households reached, or use a validated respondent scale. Separate response delay from contradictory or missing information.",Contributes to Trust_Erosion after conversion to a compatible normalized scale.,Requires operational definition or validated proxy,"Follow a documented instrument, ratio or rubric; range is not established by the variable name",Complaint records undercount silent nonparticipants; ensure score units match trust-erosion formulation.,No complete standalone equation is supplied. Use the stated data derivation as a proposed input method and specify any dynamic response separately.,No standalone equation captured; see stock balance where applicable,Not a stock definition,,unresolved,103,No direct guide input identified,Trust_Erosion [guide equation reference],Explicit guide relationship or category link; not verified in an executable model,Guide/source-assessment interpretation; derivation and repairs are documented proposals unless a retained transformation is identified,S21 S22 S36,"S21: HCD public-records access route; S22: HCFCD public-information access route; S36: Texas A&M / Texas Appleseed Harris County Home Buyout Study, Phase 1",https://hcd.harriscountytx.gov/About-Us/Public-Records-Request,"Required records: Policy/program ID, dated decision or process milestone, eligible actor universe, documented participation, stage timestamps and repeated respondent-specific process measures.","Policy/program ID, dated decision or process milestone, eligible actor universe, documented participation, stage timestamps and repeated respondent-specific process measures.",No exact usable input file certified; see source assessment,No exact model transformation certified,,,,,S21: Official request route verified. No request submitted; responsive fields and release are unconfirmed. | S22: Official public-information request page read; no request submitted. | S36: 72-page primary report read via web; local PDF download returned 403; underlying interview data access unverified.,"S21: HCD cases, staff and program finances | S22: HCFCD program, acquisition, land and infrastructure records | S36: Mandatory-buyout residents in Harris County","S21: Request 2010–2024, with later completion dates for censoring | S22: Request historical cohorts and 2024 opening balances | S36: December 2025 report",,Original 215-entry dictionary,2026-09-10,2026-09-15
Community_Trust,Governance,Alias,Same quantity of Community_Trust_in_Process retained under the guide's original name.,trust points on a defined 0 to 100 scale,"Use the same definition, units and measurement as Community_Trust_in_Process. Collect repeated questions on competence, fairness and reliability of the actual process. Validate scoring and baseline aggregation. General institutional trust is an imperfect substitute.",Connects guide references to Community_Trust_in_Process without creating a duplicate input or stock.,Derived from/reconciled to Community_Trust_in_Process,0 to 100 on the specified scale; out-of-range values require review,"Retain the original spelling in the audit, but do not create a second independently calibrated variable.",Connects guide references to Community_Trust_in_Process without creating a duplicate input or stock. Select one canonical name or input mapping before implementation.,No standalone equation captured; see stock balance where applicable,Not a stock definition,,unresolved,103; 364,No direct guide input identified,Trust_Erosion [guide equation reference],Explicit guide relationship or category link; not verified in an executable model,Guide/source-assessment interpretation; derivation and repairs are documented proposals unless a retained transformation is identified,S39 S21,S39: OECD Guidelines on Measuring Trust; S21: HCD public-records access route,https://www.oecd.org/en/publications/oecd-guidelines-on-measuring-trust_9789264278219-en.html,"Required records: Policy/program ID, dated decision or process milestone, eligible actor universe, documented participation, stage timestamps and repeated respondent-specific process measures.","Policy/program ID, dated decision or process milestone, eligible actor universe, documented participation, stage timestamps and repeated respondent-specific process measures.",No exact usable input file certified; see source assessment,No exact model transformation certified,,,,,S39: Official publication page read; method source. | S21: Official request route verified. No request submitted; responsive fields and release are unconfirmed.,"S39: Survey instrument/method | S21: HCD cases, staff and program finances","S39: 2017 guidelines | S21: Request 2010–2024, with later completion dates for censoring",Community_Trust_in_Process,Original 215-entry dictionary,2026-09-10,2026-09-15
Coordination_Quality,Governance,Proposed auxiliary or input,Effectiveness of handoffs and joint decisions across responsible organizations.,handoff performance/score,"Measure completed handoffs, unresolved referrals and elapsed time relative to a stated benchmark, supported by staff and participant evidence.",Multiplies actor participation in Governance_Structure_Effectiveness.,Requires operational definition or validated proxy,"Follow a documented instrument, ratio or rubric; range is not established by the variable name",Meeting frequency alone cannot measure coordination quality.,No complete standalone equation is supplied. Use the stated data derivation as a proposed input method and specify any dynamic response separately.,No standalone equation captured; see stock balance where applicable,Not a stock definition,,unresolved,107,No direct guide input identified,Governance_Structure_Effectiveness [guide equation reference],Explicit guide relationship or category link; not verified in an executable model,Guide/source-assessment interpretation; derivation and repairs are documented proposals unless a retained transformation is identified,S21 S22 S28 S36,"S21: HCD public-records access route; S22: HCFCD public-information access route; S28: Harris County Commissioners Court agendas, minutes and votes; S36: Texas A&M / Texas Appleseed Harris County Home Buyout Study, Phase 1",https://hcd.harriscountytx.gov/About-Us/Public-Records-Request,"Required records: Policy/program ID, dated decision or process milestone, eligible actor universe, documented participation, stage timestamps and repeated respondent-specific process measures.","Policy/program ID, dated decision or process milestone, eligible actor universe, documented participation, stage timestamps and repeated respondent-specific process measures.",No exact usable input file certified; see source assessment,No exact model transformation certified,,,,,S21: Official request route verified. No request submitted; responsive fields and release are unconfirmed. | S22: Official public-information request page read; no request submitted. | S28: Official calendar/archive pages read; additional document coding candidate. | S36: 72-page primary report read via web; local PDF download returned 403; underlying interview data access unverified.,"S21: HCD cases, staff and program finances | S22: HCFCD program, acquisition, land and infrastructure records | S28: County policy decisions | S36: Mandatory-buyout residents in Harris County","S21: Request 2010–2024, with later completion dates for censoring | S22: Request historical cohorts and 2024 opening balances | S28: Dated meetings; current and archived systems | S36: December 2025 report",,Original 215-entry dictionary,2026-09-10,2026-09-15
Cultural_Appropriate_Process,Governance,Proposed auxiliary or input,Extent to which process design follows affected communities' agreed practices.,co-designed rubric,"Develop indicators with the relevant community, document observed process steps and compare with agreed standards.",Contributes to the guide's optional Indigenous engagement quality measure.,Requires operational definition or validated proxy,"Follow a documented instrument, ratio or rubric; range is not established by the variable name",Local consultation is required to define appropriateness; outside coding is only a preliminary audit.,No complete standalone equation is supplied. Use the stated data derivation as a proposed input method and specify any dynamic response separately.,No standalone equation captured; see stock balance where applicable,Not a stock definition,,unresolved,108,No direct guide input identified,First_Nations_Engagement_Quality [guide equation reference],Explicit guide relationship or category link; not verified in an executable model,Guide/source-assessment interpretation; derivation and repairs are documented proposals unless a retained transformation is identified,S46 S36 S21,"S46: HUD Tribal Directory Assessment Tool; S36: Texas A&M / Texas Appleseed Harris County Home Buyout Study, Phase 1; S21: HCD public-records access route",https://egis.hud.gov/TDAT/,"Required records: Policy/program ID, dated decision or process milestone, eligible actor universe, documented participation, stage timestamps and repeated respondent-specific process measures.","Policy/program ID, dated decision or process milestone, eligible actor universe, documented participation, stage timestamps and repeated respondent-specific process measures.",No exact usable input file certified; see source assessment,No exact model transformation certified,,,,,S46: Official tool and manual read; no consultation initiated. | S36: 72-page primary report read via web; local PDF download returned 403; underlying interview data access unverified. | S21: Official request route verified. No request submitted; responsive fields and release are unconfirmed.,"S46: County-linked tribal interests and contacts | S36: Mandatory-buyout residents in Harris County | S21: HCD cases, staff and program finances","S46: Current tool; historical interest not a numeric time series | S36: December 2025 report | S21: Request 2010–2024, with later completion dates for censoring",,Original 215-entry dictionary,2026-09-10,2026-09-15
Decision_Authority_Clarity,Governance,Proposed auxiliary or input,"Clarity of who can make, implement and review program decisions.",rubric score,"Compare formal delegations and appeal procedures with staff and resident understanding, using a published rubric.",Modifies Governance_Structure_Effectiveness.,Requires operational definition or validated proxy,"Follow a documented instrument, ratio or rubric; range is not established by the variable name",Written authority and perceived clarity can differ; retain both indicators.,No complete standalone equation is supplied. Use the stated data derivation as a proposed input method and specify any dynamic response separately.,No standalone equation captured; see stock balance where applicable,Not a stock definition,,unresolved,107,No direct guide input identified,Governance_Structure_Effectiveness [guide equation reference],Explicit guide relationship or category link; not verified in an executable model,Guide/source-assessment interpretation; derivation and repairs are documented proposals unless a retained transformation is identified,S19 S20 S28 S36,"S19: Harris County HCD buyout guidelines and performance reports; S20: HCFCD voluntary home buyout program; S28: Harris County Commissioners Court agendas, minutes and votes; S36: Texas A&M / Texas Appleseed Harris County Home Buyout Study, Phase 1",https://hcd.harriscountytx.gov/Disaster-Recovery/Buyout-Relocation-Programs,"Required records: Policy/program ID, dated decision or process milestone, eligible actor universe, documented participation, stage timestamps and repeated respondent-specific process measures.","Policy/program ID, dated decision or process milestone, eligible actor universe, documented participation, stage timestamps and repeated respondent-specific process measures.",No exact usable input file certified; see source assessment,No exact model transformation certified,,,,,S19: Official program pages and linked June 2025 guidelines read; earlier quarterly reports retained. | S20: Official pages read. Detailed longitudinal property records still require a request. | S28: Official calendar/archive pages read; additional document coding candidate. | S36: 72-page primary report read via web; local PDF download returned 403; underlying interview data access unverified.,S19: HCD programs and project areas | S20: HCFCD eligible areas and participating properties | S28: County policy decisions | S36: Mandatory-buyout residents in Harris County,S19: Program-specific; 2024 Q3 and 2025 Q2 reports retained | S20: Program history/current guidance | S28: Dated meetings; current and archived systems | S36: December 2025 report,,Original 215-entry dictionary,2026-09-10,2026-09-15
Engagement_Activities,Governance,Flow referenced by a stock,Activity that increases the modeled stock of stakeholder engagement.,engagement points/year (raw activity counts retained separately),"Retain event counts and unique attendance as raw data, then estimate their contribution to changes in the engagement score per year. Counts of meetings are not score points.",Fills Stakeholder_Engagement_Level.,Measurement route identified; exact model input not certified,Nonnegative under the declared stock/flow convention; estimates and rates may be fractional,Simple event counts cannot enter a 0–100 engagement stock without a conversion rule.,"This flow is named by a stock, but the guide provides no complete equation. Estimate it from the described records or specify a dimensioned response before simulation.",No standalone equation captured; see stock balance where applicable,Not a stock definition,,unresolved,100,No direct guide input identified,Stakeholder_Engagement_Level [stock inflow],Explicit guide relationship or category link; not verified in an executable model,Guide/source-assessment interpretation; derivation and repairs are documented proposals unless a retained transformation is identified,S21 S22 S28,"S21: HCD public-records access route; S22: HCFCD public-information access route; S28: Harris County Commissioners Court agendas, minutes and votes",https://hcd.harriscountytx.gov/About-Us/Public-Records-Request,"Required records: Policy/program ID, dated decision or process milestone, eligible actor universe, documented participation, stage timestamps and repeated respondent-specific process measures.","Policy/program ID, dated decision or process milestone, eligible actor universe, documented participation, stage timestamps and repeated respondent-specific process measures.",No exact usable input file certified; see source assessment,No exact model transformation certified,,,,,S21: Official request route verified. No request submitted; responsive fields and release are unconfirmed. | S22: Official public-information request page read; no request submitted. | S28: Official calendar/archive pages read; additional document coding candidate.,"S21: HCD cases, staff and program finances | S22: HCFCD program, acquisition, land and infrastructure records | S28: County policy decisions","S21: Request 2010–2024, with later completion dates for censoring | S22: Request historical cohorts and 2024 opening balances | S28: Dated meetings; current and archived systems",,Original 215-entry dictionary,2026-09-10,2026-09-15
Engagement_Fatigue,Governance,Flow referenced by a stock,Decline in engagement caused by repeated burden or unsuccessful participation.,engagement points/year,Estimate loss of continued participation and measured engagement over time among previously involved people; separate fatigue from relocation or ineligibility.,Drains Stakeholder_Engagement_Level.,Requires calibration or longitudinal evidence,Nonnegative under the declared stock/flow convention; estimates and rates may be fractional,Time constraints and satisfaction may explain nonattendance; fatigue should not be assumed from absence alone.,"This flow is named by a stock, but the guide provides no complete equation. Estimate it from the described records or specify a dimensioned response before simulation.",No standalone equation captured; see stock balance where applicable,Not a stock definition,,unresolved,100,No direct guide input identified,Stakeholder_Engagement_Level [stock outflow],Explicit guide relationship or category link; not verified in an executable model,Guide/source-assessment interpretation; derivation and repairs are documented proposals unless a retained transformation is identified,S21 S22 S36,"S21: HCD public-records access route; S22: HCFCD public-information access route; S36: Texas A&M / Texas Appleseed Harris County Home Buyout Study, Phase 1",https://hcd.harriscountytx.gov/About-Us/Public-Records-Request,"Required records: Policy/program ID, dated decision or process milestone, eligible actor universe, documented participation, stage timestamps and repeated respondent-specific process measures.","Policy/program ID, dated decision or process milestone, eligible actor universe, documented participation, stage timestamps and repeated respondent-specific process measures.",No exact usable input file certified; see source assessment,No exact model transformation certified,,,,,S21: Official request route verified. No request submitted; responsive fields and release are unconfirmed. | S22: Official public-information request page read; no request submitted. | S36: 72-page primary report read via web; local PDF download returned 403; underlying interview data access unverified.,"S21: HCD cases, staff and program finances | S22: HCFCD program, acquisition, land and infrastructure records | S36: Mandatory-buyout residents in Harris County","S21: Request 2010–2024, with later completion dates for censoring | S22: Request historical cohorts and 2024 opening balances | S36: December 2025 report",,Original 215-entry dictionary,2026-09-10,2026-09-15
Fully_Mandatory,Governance,Category,Category describing acquisition without an ordinary voluntary participation choice.,categorical,"Code the actual program authority and consent rules with a defined effective period. It is a category, not a numeric willingness score.",Selects one Decision_Making_Approach alternative.,Category or notation; no independent measurement,Explicit allowed category list; missing or unmapped categories remain unresolved,"Category label, not a numeric observation or an extra downloadable dataset.","Category, unit or time-index entry; no separate dynamic equation. Selects one Decision_Making_Approach alternative.",No standalone equation captured; see stock balance where applicable,Not a stock definition,,unresolved,106,No direct guide input identified,Decision_Making_Approach [category option],Explicit guide relationship or category link; not verified in an executable model,Guide/source-assessment interpretation; derivation and repairs are documented proposals unless a retained transformation is identified,S19 S20 S54 M01,"S19: Harris County HCD buyout guidelines and performance reports; S20: HCFCD voluntary home buyout program; S54: 44 CFR Part 80, property acquisition and relocation for open space; M01: Ali shared system-dynamics guide and mind map",https://hcd.harriscountytx.gov/Disaster-Recovery/Buyout-Relocation-Programs,"Required records: Policy/program ID, dated decision or process milestone, eligible actor universe, documented participation, stage timestamps and repeated respondent-specific process measures.","Policy/program ID, dated decision or process milestone, eligible actor universe, documented participation, stage timestamps and repeated respondent-specific process measures.",No exact usable input file certified; see source assessment,No exact model transformation certified,,,,,S19: Official program pages and linked June 2025 guidelines read; earlier quarterly reports retained. | S20: Official pages read. Detailed longitudinal property records still require a request. | S54: Official nine-page legal text read; use as a scenario-eligibility reference. | M01: Both original files inspected; 215-entry dictionary reconciled against full guide.,S19: HCD programs and project areas | S20: HCFCD eligible areas and participating properties | S54: Applicable FEMA-funded acquisitions | M01: Generic model requiring Harris County localization,"S19: Program-specific; 2024 Q3 and 2025 Q2 reports retained | S20: Program history/current guidance | S54: 2025 codification; confirm award-specific applicability | M01: DOCX guide; mind map dated October 15, 2024",,Original 215-entry dictionary,2026-09-10,2026-09-15
Indigenous_Leadership_Level,Governance,Proposed auxiliary or input,Recognized leadership and decision influence of relevant Indigenous communities.,co-defined process indicator,"Document formal roles, actual decision authority and community assessment against an agreed rubric.",Contributes to First_Nations_Engagement_Quality.,Requires operational definition or validated proxy,"Follow a documented instrument, ratio or rubric; range is not established by the variable name",Leadership quality cannot be inferred from outsider demographics or a universal numeric scale.,No complete standalone equation is supplied. Use the stated data derivation as a proposed input method and specify any dynamic response separately.,No standalone equation captured; see stock balance where applicable,Not a stock definition,,unresolved,108,No direct guide input identified,First_Nations_Engagement_Quality [guide equation reference],Explicit guide relationship or category link; not verified in an executable model,Guide/source-assessment interpretation; derivation and repairs are documented proposals unless a retained transformation is identified,S46 S28,"S46: HUD Tribal Directory Assessment Tool; S28: Harris County Commissioners Court agendas, minutes and votes",https://egis.hud.gov/TDAT/,"Required records: Policy/program ID, dated decision or process milestone, eligible actor universe, documented participation, stage timestamps and repeated respondent-specific process measures.","Policy/program ID, dated decision or process milestone, eligible actor universe, documented participation, stage timestamps and repeated respondent-specific process measures.",No exact usable input file certified; see source assessment,No exact model transformation certified,,,,,S46: Official tool and manual read; no consultation initiated. | S28: Official calendar/archive pages read; additional document coding candidate.,S46: County-linked tribal interests and contacts | S28: County policy decisions,S46: Current tool; historical interest not a numeric time series | S28: Dated meetings; current and archived systems,,Original 215-entry dictionary,2026-09-10,2026-09-15
Land_Rights_Respect,Governance,Proposed auxiliary or input,Extent to which the process recognizes and follows applicable land and tenure rights.,co-designed/legal process indicators,"Review documented tenure, consultation, consent and dispute outcomes with relevant communities and authorities; define evidence and scoring before aggregation.",Contributes to First_Nations_Engagement_Quality.,Requires operational definition or validated proxy,"Follow a documented instrument, ratio or rubric; range is not established by the variable name",A property database alone cannot establish respect for rights or resolve contested interests.,No complete standalone equation is supplied. Use the stated data derivation as a proposed input method and specify any dynamic response separately.,No standalone equation captured; see stock balance where applicable,Not a stock definition,,unresolved,108,No direct guide input identified,First_Nations_Engagement_Quality [guide equation reference],Explicit guide relationship or category link; not verified in an executable model,Guide/source-assessment interpretation; derivation and repairs are documented proposals unless a retained transformation is identified,S46 S54 S55 S36,"S46: HUD Tribal Directory Assessment Tool; S54: 44 CFR Part 80, property acquisition and relocation for open space; S55: Harris County Clerk real-property records; S36: Texas A&M / Texas Appleseed Harris County Home Buyout Study, Phase 1",https://egis.hud.gov/TDAT/,"Required records: Policy/program ID, dated decision or process milestone, eligible actor universe, documented participation, stage timestamps and repeated respondent-specific process measures.","Policy/program ID, dated decision or process milestone, eligible actor universe, documented participation, stage timestamps and repeated respondent-specific process measures.",No exact usable input file certified; see source assessment,No exact model transformation certified,,,,,S46: Official tool and manual read; no consultation initiated. | S54: Official nine-page legal text read; use as a scenario-eligibility reference. | S55: Official search pages read; no bulk instrument acquisition performed. | S36: 72-page primary report read via web; local PDF download returned 403; underlying interview data access unverified.,S46: County-linked tribal interests and contacts | S54: Applicable FEMA-funded acquisitions | S55: Recorded instrument/property | S36: Mandatory-buyout residents in Harris County,S46: Current tool; historical interest not a numeric time series | S54: 2025 codification; confirm award-specific applicability | S55: Historical recording dates | S36: December 2025 report,,Original 215-entry dictionary,2026-09-10,2026-09-15
Mandatory_with_Optout,Governance,Category,Category describing a mandatory framework with a defined exemption or opt-out mechanism.,categorical,"Record the actual opt-out conditions, decision authority and effective dates.",Selects a Decision_Making_Approach alternative requiring distinct eligibility and participation rules.,Category or notation; no independent measurement,Explicit allowed category list; missing or unmapped categories remain unresolved,"Category label, not a numeric observation or an extra downloadable dataset.","Category, unit or time-index entry; no separate dynamic equation. Selects a Decision_Making_Approach alternative requiring distinct eligibility and participation rules.",No standalone equation captured; see stock balance where applicable,Not a stock definition,,unresolved,106,No direct guide input identified,Decision_Making_Approach [category option],Explicit guide relationship or category link; not verified in an executable model,Guide/source-assessment interpretation; derivation and repairs are documented proposals unless a retained transformation is identified,S19 S20 S54 M01,"S19: Harris County HCD buyout guidelines and performance reports; S20: HCFCD voluntary home buyout program; S54: 44 CFR Part 80, property acquisition and relocation for open space; M01: Ali shared system-dynamics guide and mind map",https://hcd.harriscountytx.gov/Disaster-Recovery/Buyout-Relocation-Programs,"Required records: Policy/program ID, dated decision or process milestone, eligible actor universe, documented participation, stage timestamps and repeated respondent-specific process measures.","Policy/program ID, dated decision or process milestone, eligible actor universe, documented participation, stage timestamps and repeated respondent-specific process measures.",No exact usable input file certified; see source assessment,No exact model transformation certified,,,,,S19: Official program pages and linked June 2025 guidelines read; earlier quarterly reports retained. | S20: Official pages read. Detailed longitudinal property records still require a request. | S54: Official nine-page legal text read; use as a scenario-eligibility reference. | M01: Both original files inspected; 215-entry dictionary reconciled against full guide.,S19: HCD programs and project areas | S20: HCFCD eligible areas and participating properties | S54: Applicable FEMA-funded acquisitions | M01: Generic model requiring Harris County localization,"S19: Program-specific; 2024 Q3 and 2025 Q2 reports retained | S20: Program history/current guidance | S54: 2025 codification; confirm award-specific applicability | M01: DOCX guide; mind map dated October 15, 2024",,Original 215-entry dictionary,2026-09-10,2026-09-15
Multi_Stakeholder_Participation,Governance,Proposed auxiliary or input,Representation and substantive involvement across the defined stakeholder groups.,representation/influence score,"Calculate coverage of eligible groups and unique participants, and code their role in decisions. Normalize to a documented participation scale.",Modifies Policy_Development_Rate.,Requires operational definition or validated proxy,"Follow a documented instrument, ratio or rubric; range is not established by the variable name",Do not equate the fraction attending with equal influence or consensus.,No complete standalone equation is supplied. Use the stated data derivation as a proposed input method and specify any dynamic response separately.,No standalone equation captured; see stock balance where applicable,Not a stock definition,,unresolved,104,No direct guide input identified,Policy_Development_Rate [guide equation reference],Explicit guide relationship or category link; not verified in an executable model,Guide/source-assessment interpretation; derivation and repairs are documented proposals unless a retained transformation is identified,S21 S22 S28,"S21: HCD public-records access route; S22: HCFCD public-information access route; S28: Harris County Commissioners Court agendas, minutes and votes",https://hcd.harriscountytx.gov/About-Us/Public-Records-Request,"Required records: Policy/program ID, dated decision or process milestone, eligible actor universe, documented participation, stage timestamps and repeated respondent-specific process measures.","Policy/program ID, dated decision or process milestone, eligible actor universe, documented participation, stage timestamps and repeated respondent-specific process measures.",No exact usable input file certified; see source assessment,No exact model transformation certified,,,,,S21: Official request route verified. No request submitted; responsive fields and release are unconfirmed. | S22: Official public-information request page read; no request submitted. | S28: Official calendar/archive pages read; additional document coding candidate.,"S21: HCD cases, staff and program finances | S22: HCFCD program, acquisition, land and infrastructure records | S28: County policy decisions","S21: Request 2010–2024, with later completion dates for censoring | S22: Request historical cohorts and 2024 opening balances | S28: Dated meetings; current and archived systems",,Original 215-entry dictionary,2026-09-10,2026-09-15
Non_Market_Value_Recognition,Governance,Proposed auxiliary or input,"Extent to which social, cultural and place values influence program decisions.",co-designed rubric,"Record which values residents identify and whether resulting assistance or design decisions address them, using a transparent rubric.",Contributes to First_Nations_Engagement_Quality.,Requires operational definition or validated proxy,"Follow a documented instrument, ratio or rubric; range is not established by the variable name",Recognition is not equivalent to assigning a dollar value to every cultural interest.,No complete standalone equation is supplied. Use the stated data derivation as a proposed input method and specify any dynamic response separately.,No standalone equation captured; see stock balance where applicable,Not a stock definition,,unresolved,108,No direct guide input identified,First_Nations_Engagement_Quality [guide equation reference],Explicit guide relationship or category link; not verified in an executable model,Guide/source-assessment interpretation; derivation and repairs are documented proposals unless a retained transformation is identified,S46 S36 S38 S19,"S46: HUD Tribal Directory Assessment Tool; S36: Texas A&M / Texas Appleseed Harris County Home Buyout Study, Phase 1; S38: Williams and Vaske place-attachment measurement study, USFS repository; S19: Harris County HCD buyout guidelines and performance reports",https://egis.hud.gov/TDAT/,"Required records: Policy/program ID, dated decision or process milestone, eligible actor universe, documented participation, stage timestamps and repeated respondent-specific process measures.","Policy/program ID, dated decision or process milestone, eligible actor universe, documented participation, stage timestamps and repeated respondent-specific process measures.",No exact usable input file certified; see source assessment,No exact model transformation certified,,,,,S46: Official tool and manual read; no consultation initiated. | S36: 72-page primary report read via web; local PDF download returned 403; underlying interview data access unverified. | S38: Primary research repository and PDF identified/read. | S19: Official program pages and linked June 2025 guidelines read; earlier quarterly reports retained.,S46: County-linked tribal interests and contacts | S36: Mandatory-buyout residents in Harris County | S38: Measurement instrument; no Harris County observations | S19: HCD programs and project areas,S46: Current tool; historical interest not a numeric time series | S36: December 2025 report | S38: 2003 study | S19: Program-specific; 2024 Q3 and 2025 Q2 reports retained,,Original 215-entry dictionary,2026-09-10,2026-09-15
Number_of_Actors_Engaged,Governance,Proposed auxiliary or input,Distinct actors with documented active participation in the process.,distinct actors,Maintain a dated registry of unique organizations or stakeholder units with participation evidence. Use the same unit of actor as Potential_Actors.,Forms the numerator of actor coverage in Governance_Structure_Effectiveness.,Measurement route identified; exact model input not certified,"Follow a documented instrument, ratio or rubric; range is not established by the variable name",Count organizations and individual households separately; duplicate representatives can inflate coverage.,No complete standalone equation is supplied. Use the stated data derivation as a proposed input method and specify any dynamic response separately.,No standalone equation captured; see stock balance where applicable,Not a stock definition,,unresolved,107,No direct guide input identified,Governance_Structure_Effectiveness [guide equation reference],Explicit guide relationship or category link; not verified in an executable model,Guide/source-assessment interpretation; derivation and repairs are documented proposals unless a retained transformation is identified,S21 S22 S28,"S21: HCD public-records access route; S22: HCFCD public-information access route; S28: Harris County Commissioners Court agendas, minutes and votes",https://hcd.harriscountytx.gov/About-Us/Public-Records-Request,"Required records: Policy/program ID, dated decision or process milestone, eligible actor universe, documented participation, stage timestamps and repeated respondent-specific process measures.","Policy/program ID, dated decision or process milestone, eligible actor universe, documented participation, stage timestamps and repeated respondent-specific process measures.",No exact usable input file certified; see source assessment,No exact model transformation certified,,,,,S21: Official request route verified. No request submitted; responsive fields and release are unconfirmed. | S22: Official public-information request page read; no request submitted. | S28: Official calendar/archive pages read; additional document coding candidate.,"S21: HCD cases, staff and program finances | S22: HCFCD program, acquisition, land and infrastructure records | S28: County policy decisions","S21: Request 2010–2024, with later completion dates for censoring | S22: Request historical cohorts and 2024 opening balances | S28: Dated meetings; current and archived systems",,Original 215-entry dictionary,2026-09-10,2026-09-15
Policy_Choice_Selector,Governance,Policy selector,Policy selector of Decision_Making_Approach retained under the guide's original name.,category,Store the selected category that defines Decision_Making_Approach. Resolve this as the input selector rather than creating two variables that refer back to each other.,Sets the policy category used by Decision_Making_Approach.,Derived from/reconciled to Decision_Making_Approach,Explicit allowed category list; missing or unmapped categories remain unresolved,"Retain the original spelling in the audit, but do not create a second independently calibrated variable.",Sets the policy category used by Decision_Making_Approach. Select one canonical name or input mapping before implementation.,No standalone equation captured; see stock balance where applicable,Not a stock definition,,unresolved,106,No direct guide input identified,Decision_Making_Approach [guide equation reference],Explicit guide relationship or category link; not verified in an executable model,Guide/source-assessment interpretation; derivation and repairs are documented proposals unless a retained transformation is identified,S19 S20 M01,S19: Harris County HCD buyout guidelines and performance reports; S20: HCFCD voluntary home buyout program; M01: Ali shared system-dynamics guide and mind map,https://hcd.harriscountytx.gov/Disaster-Recovery/Buyout-Relocation-Programs,"Required records: Policy/program ID, dated decision or process milestone, eligible actor universe, documented participation, stage timestamps and repeated respondent-specific process measures.","Policy/program ID, dated decision or process milestone, eligible actor universe, documented participation, stage timestamps and repeated respondent-specific process measures.",No exact usable input file certified; see source assessment,No exact model transformation certified,,,,,S19: Official program pages and linked June 2025 guidelines read; earlier quarterly reports retained. | S20: Official pages read. Detailed longitudinal property records still require a request. | M01: Both original files inspected; 215-entry dictionary reconciled against full guide.,S19: HCD programs and project areas | S20: HCFCD eligible areas and participating properties | M01: Generic model requiring Harris County localization,"S19: Program-specific; 2024 Q3 and 2025 Q2 reports retained | S20: Program history/current guidance | M01: DOCX guide; mind map dated October 15, 2024",Decision_Making_Approach,Original 215-entry dictionary,2026-09-10,2026-09-15
Potential_Actors,Governance,Proposed auxiliary or input,Complete universe of actors expected to participate in the process.,distinct eligible actors,Define eligible actor classes and construct a dated deduplicated registry before counting engagement. Avoid mixing people and organizations in one denominator.,Provides the denominator for actor coverage.,Requires operational definition or validated proxy,"Follow a documented instrument, ratio or rubric; range is not established by the variable name",There is no ready official denominator; agree the actor categories and boundary before measuring coverage.,No complete standalone equation is supplied. Use the stated data derivation as a proposed input method and specify any dynamic response separately.,No standalone equation captured; see stock balance where applicable,Not a stock definition,,unresolved,107,No direct guide input identified,Governance_Structure_Effectiveness [guide equation reference],Explicit guide relationship or category link; not verified in an executable model,Guide/source-assessment interpretation; derivation and repairs are documented proposals unless a retained transformation is identified,S21 S22 S28 S46,"S21: HCD public-records access route; S22: HCFCD public-information access route; S28: Harris County Commissioners Court agendas, minutes and votes; S46: HUD Tribal Directory Assessment Tool",https://hcd.harriscountytx.gov/About-Us/Public-Records-Request,"Required records: Policy/program ID, dated decision or process milestone, eligible actor universe, documented participation, stage timestamps and repeated respondent-specific process measures.","Policy/program ID, dated decision or process milestone, eligible actor universe, documented participation, stage timestamps and repeated respondent-specific process measures.",No exact usable input file certified; see source assessment,No exact model transformation certified,,,,,S21: Official request route verified. No request submitted; responsive fields and release are unconfirmed. | S22: Official public-information request page read; no request submitted. | S28: Official calendar/archive pages read; additional document coding candidate. | S46: Official tool and manual read; no consultation initiated.,"S21: HCD cases, staff and program finances | S22: HCFCD program, acquisition, land and infrastructure records | S28: County policy decisions | S46: County-linked tribal interests and contacts","S21: Request 2010–2024, with later completion dates for censoring | S22: Request historical cohorts and 2024 opening balances | S28: Dated meetings; current and archived systems | S46: Current tool; historical interest not a numeric time series",,Original 215-entry dictionary,2026-09-10,2026-09-15
Process_Delays,Governance,Proposed auxiliary or input,Delay beyond a declared processing benchmark.,years or standardized delay,"Measure stage durations from case dates, include right-censored pending cases and compare with a stated service benchmark. Normalize delay before combining it with dimensionless indices.",Contributes to Trust_Erosion.,Measurement route identified; exact model input not certified,"Follow a documented instrument, ratio or rubric; range is not established by the variable name",Do not combine raw years with 0–1 inequity scores without an explicit scale conversion.,No complete standalone equation is supplied. Use the stated data derivation as a proposed input method and specify any dynamic response separately.,No standalone equation captured; see stock balance where applicable,Not a stock definition,,unresolved,103,No direct guide input identified,Trust_Erosion [guide equation reference],Explicit guide relationship or category link; not verified in an executable model,Guide/source-assessment interpretation; derivation and repairs are documented proposals unless a retained transformation is identified,S21 S22,S21: HCD public-records access route; S22: HCFCD public-information access route,https://hcd.harriscountytx.gov/About-Us/Public-Records-Request,"Required records: Policy/program ID, dated decision or process milestone, eligible actor universe, documented participation, stage timestamps and repeated respondent-specific process measures.","Policy/program ID, dated decision or process milestone, eligible actor universe, documented participation, stage timestamps and repeated respondent-specific process measures.",No exact usable input file certified; see source assessment,No exact model transformation certified,,,,,S21: Official request route verified. No request submitted; responsive fields and release are unconfirmed. | S22: Official public-information request page read; no request submitted.,"S21: HCD cases, staff and program finances | S22: HCFCD program, acquisition, land and infrastructure records","S21: Request 2010–2024, with later completion dates for censoring | S22: Request historical cohorts and 2024 opening balances",,Original 215-entry dictionary,2026-09-10,2026-09-15
Successful_Retreat_Demonstrations,Governance,Proposed auxiliary or input,Verified examples of satisfactory retreat outcomes known to the target population.,verified examples or normalized exposure share,"Define success criteria, verify case outcomes, and measure which eligible residents know those examples. Normalize exposure to examples if used as a multiplier.",Supports Trust_Building_Actions and the conceptual successful-retreat feedback.,Measurement route identified; exact model input not certified,"Follow a documented instrument, ratio or rubric; range is not established by the variable name",Program publicity or completed acquisitions alone do not establish successful outcomes or trust effects.,No complete standalone equation is supplied. Use the stated data derivation as a proposed input method and specify any dynamic response separately.,No standalone equation captured; see stock balance where applicable,Not a stock definition,,unresolved,102,No direct guide input identified,Trust_Building_Actions [guide equation reference],Explicit guide relationship or category link; not verified in an executable model,Guide/source-assessment interpretation; derivation and repairs are documented proposals unless a retained transformation is identified,S21 S22 S35 S36,"S21: HCD public-records access route; S22: HCFCD public-information access route; S35: Texas A&M IDRT / OneGulf buyout fiscal and social implications project; S36: Texas A&M / Texas Appleseed Harris County Home Buyout Study, Phase 1",https://hcd.harriscountytx.gov/About-Us/Public-Records-Request,"Required records: Policy/program ID, dated decision or process milestone, eligible actor universe, documented participation, stage timestamps and repeated respondent-specific process measures.","Policy/program ID, dated decision or process milestone, eligible actor universe, documented participation, stage timestamps and repeated respondent-specific process measures.",No exact usable input file certified; see source assessment,No exact model transformation certified,,,,,"S21: Official request route verified. No request submitted; responsive fields and release are unconfirmed. | S22: Official public-information request page read; no request submitted. | S35: Institutional project description verified; dashboard exists but underlying exports, completeness and reuse terms are unverified. | S36: 72-page primary report read via web; local PDF download returned 403; underlying interview data access unverified.","S21: HCD cases, staff and program finances | S22: HCFCD program, acquisition, land and infrastructure records | S35: Historical Harris County buyouts and destination block groups | S36: Mandatory-buyout residents in Harris County","S21: Request 2010–2024, with later completion dates for censoring | S22: Request historical cohorts and 2024 opening balances | S35: Coverage years not verified from underlying data | S36: December 2025 report",,Original 215-entry dictionary,2026-09-10,2026-09-15
Voluntary_with_Incentives,Governance,Category,Category describing voluntary retreat with additional incentives.,categorical,"Record voluntary consent rules, incentive eligibility, amounts and dates. Keep incentives separate from the consent category.",Selects a Decision_Making_Approach alternative with a distinct compensation schedule.,Category or notation; no independent measurement,Explicit allowed category list; missing or unmapped categories remain unresolved,"Category label, not a numeric observation or an extra downloadable dataset.","Category, unit or time-index entry; no separate dynamic equation. Selects a Decision_Making_Approach alternative with a distinct compensation schedule.",No standalone equation captured; see stock balance where applicable,Not a stock definition,,unresolved,106,No direct guide input identified,Decision_Making_Approach [category option],Explicit guide relationship or category link; not verified in an executable model,Guide/source-assessment interpretation; derivation and repairs are documented proposals unless a retained transformation is identified,S19 S20 S54 M01,"S19: Harris County HCD buyout guidelines and performance reports; S20: HCFCD voluntary home buyout program; S54: 44 CFR Part 80, property acquisition and relocation for open space; M01: Ali shared system-dynamics guide and mind map",https://hcd.harriscountytx.gov/Disaster-Recovery/Buyout-Relocation-Programs,"Required records: Policy/program ID, dated decision or process milestone, eligible actor universe, documented participation, stage timestamps and repeated respondent-specific process measures.","Policy/program ID, dated decision or process milestone, eligible actor universe, documented participation, stage timestamps and repeated respondent-specific process measures.",No exact usable input file certified; see source assessment,No exact model transformation certified,,,,,S19: Official program pages and linked June 2025 guidelines read; earlier quarterly reports retained. | S20: Official pages read. Detailed longitudinal property records still require a request. | S54: Official nine-page legal text read; use as a scenario-eligibility reference. | M01: Both original files inspected; 215-entry dictionary reconciled against full guide.,S19: HCD programs and project areas | S20: HCFCD eligible areas and participating properties | S54: Applicable FEMA-funded acquisitions | M01: Generic model requiring Harris County localization,"S19: Program-specific; 2024 Q3 and 2025 Q2 reports retained | S20: Program history/current guidance | S54: 2025 codification; confirm award-specific applicability | M01: DOCX guide; mind map dated October 15, 2024",,Original 215-entry dictionary,2026-09-10,2026-09-15
Community_Opposition,Governance,Auxiliary or delayed quantity,Extent of opposition to the retreat program among affected residents.,proportion or intensity,"Measure opposition with eligible-population surveys, refusals and testimony using a defined denominator. Fit the response to perceived inequity instead of treating the guide lookup as observations.",Represents a proposed balancing response to perceived inequity; its effect on implementation still needs an equation.,Illustrative guide lookup; not fitted,0 to 1 after explicit normalization; retain original measurement scale,Public speakers and petitioners are selected; the guide lookup is not an estimated population response.,Guide relationship is preserved in the equation field. Its coefficients or scales require validation against the derivation described here.,Guide paragraph 178: f(Perceived_Inequity); illustrative lookup,Not a stock definition,,,178,Perceived_Inequity [guide equation reference],No downstream equation specified in the guide,Proposed input or output; downstream connection is not fully specified,Guide/source-assessment interpretation; derivation and repairs are documented proposals unless a retained transformation is identified,S21 S22 S28 S36,"S21: HCD public-records access route; S22: HCFCD public-information access route; S28: Harris County Commissioners Court agendas, minutes and votes; S36: Texas A&M / Texas Appleseed Harris County Home Buyout Study, Phase 1",https://hcd.harriscountytx.gov/About-Us/Public-Records-Request,lookup_name=Community_Opposition_Lookup; input_value; output_value,"Policy/program ID, dated decision or process milestone, eligible actor universe, documented participation, stage timestamps and repeated respondent-specific process measures.",data/Lookup_Tables.csv,No exact model transformation certified,,,,,S21: Official request route verified. No request submitted; responsive fields and release are unconfirmed. | S22: Official public-information request page read; no request submitted. | S28: Official calendar/archive pages read; additional document coding candidate. | S36: 72-page primary report read via web; local PDF download returned 403; underlying interview data access unverified.,"S21: HCD cases, staff and program finances | S22: HCFCD program, acquisition, land and infrastructure records | S28: County policy decisions | S36: Mandatory-buyout residents in Harris County","S21: Request 2010–2024, with later completion dates for censoring | S22: Request historical cohorts and 2024 opening balances | S28: Dated meetings; current and archived systems | S36: December 2025 report",,Additional guide/configuration entry,2026-09-10,2026-09-15
Community_Opposition_Lookup,Governance,Lookup table,Existing input-table function mapping perceived inequity to an opposition score.,perceived-inequity score to opposition score,"Select rows with lookup_name=Community_Opposition_Lookup, retain ordered input and output values, and apply the recorded interpolation and endpoint rules. These are illustrative guide points, not fitted responses.",Supplies a proposed implementation of the guide's Community_Opposition response to Perceived_Inequity.,Illustrative guide lookup; not fitted,"Follow a documented instrument, ratio or rubric; range is not established by the variable name",Public speakers and petitioners are selected; the guide lookup is not an estimated population response.,No complete standalone equation is supplied. Use the stated data derivation as a proposed input method and specify any dynamic response separately.,No standalone equation captured; see stock balance where applicable,Not a stock definition,,,178 (conceptual response; function name comes from local lookup table),No direct guide input identified,No downstream equation specified in the guide,Proposed input or output; downstream connection is not fully specified,Guide/source-assessment interpretation; derivation and repairs are documented proposals unless a retained transformation is identified,S21 S22 S28 S36,"S21: HCD public-records access route; S22: HCFCD public-information access route; S28: Harris County Commissioners Court agendas, minutes and votes; S36: Texas A&M / Texas Appleseed Harris County Home Buyout Study, Phase 1",https://hcd.harriscountytx.gov/About-Us/Public-Records-Request,lookup_name; input_value; output_value; interpolation; below_range; above_range; evidence_status,"Policy/program ID, dated decision or process milestone, eligible actor universe, documented participation, stage timestamps and repeated respondent-specific process measures.",data/Lookup_Tables.csv,No exact model transformation certified,,,,,S21: Official request route verified. No request submitted; responsive fields and release are unconfirmed. | S22: Official public-information request page read; no request submitted. | S28: Official calendar/archive pages read; additional document coding candidate. | S36: 72-page primary report read via web; local PDF download returned 403; underlying interview data access unverified.,"S21: HCD cases, staff and program finances | S22: HCFCD program, acquisition, land and infrastructure records | S28: County policy decisions | S36: Mandatory-buyout residents in Harris County","S21: Request 2010–2024, with later completion dates for censoring | S22: Request historical cohorts and 2024 opening balances | S28: Dated meetings; current and archived systems | S36: December 2025 report",,Existing lookup configuration beyond source inventory,2026-09-15,2026-09-15
Community_Petition_Threshold_Met,Governance,Policy or scenario input,Whether a documented community request meets the chosen activation rule.,binary,"Verify unique eligible petitioners, calculate count or share and compare with the explicit threshold and date rule.",Activates the community-request branch of Retreat_Program_Active.,Policy/scenario definition; no fitted value certified,0 or 1; missing status is not zero,Confirm that such a trigger exists in the actual program; otherwise it is a hypothetical scenario rule.,Set the documented policy/scenario input; map its effects to the relevant model equation explicitly.,No standalone equation captured; see stock balance where applicable,Not a stock definition,,,184,No direct guide input identified,Retreat_Program_Active [guide equation reference],Explicit guide relationship or category link; not verified in an executable model,Guide/source-assessment interpretation; derivation and repairs are documented proposals unless a retained transformation is identified,S28 S21 M01,"S28: Harris County Commissioners Court agendas, minutes and votes; S21: HCD public-records access route; M01: Ali shared system-dynamics guide and mind map",https://harriscountytx.legistar.com/Calendar.aspx,"Required records: Policy/program ID, dated decision or process milestone, eligible actor universe, documented participation, stage timestamps and repeated respondent-specific process measures.","Policy/program ID, dated decision or process milestone, eligible actor universe, documented participation, stage timestamps and repeated respondent-specific process measures.",No exact usable input file certified; see source assessment,No exact model transformation certified,,,,,S28: Official calendar/archive pages read; additional document coding candidate. | S21: Official request route verified. No request submitted; responsive fields and release are unconfirmed. | M01: Both original files inspected; 215-entry dictionary reconciled against full guide.,"S28: County policy decisions | S21: HCD cases, staff and program finances | M01: Generic model requiring Harris County localization","S28: Dated meetings; current and archived systems | S21: Request 2010–2024, with later completion dates for censoring | M01: DOCX guide; mind map dated October 15, 2024",,Additional guide/configuration entry,2026-09-10,2026-09-15
Cultural_Protocol_Adherence,Governance,Proposed auxiliary or input,Degree to which agreed cultural protocols are actually followed.,co-designed process indicators,"Record completion of required protocol steps and community evaluation of adherence, with a fixed scoring and missing-data rule.",Enters the optional First_Nations_Adjustment_Factor after local scope and interpretation are resolved.,Requires operational definition or validated proxy,"Follow a documented instrument, ratio or rubric; range is not established by the variable name",No generic public county score exists; appropriate communities must define the criteria.,No complete standalone equation is supplied. Use the stated data derivation as a proposed input method and specify any dynamic response separately.,No standalone equation captured; see stock balance where applicable,Not a stock definition,,,185,No direct guide input identified,First_Nations_Adjustment_Factor [guide equation reference],Explicit guide relationship or category link; not verified in an executable model,Guide/source-assessment interpretation; derivation and repairs are documented proposals unless a retained transformation is identified,S46 S21 S36,"S46: HUD Tribal Directory Assessment Tool; S21: HCD public-records access route; S36: Texas A&M / Texas Appleseed Harris County Home Buyout Study, Phase 1",https://egis.hud.gov/TDAT/,"Required records: Policy/program ID, dated decision or process milestone, eligible actor universe, documented participation, stage timestamps and repeated respondent-specific process measures.","Policy/program ID, dated decision or process milestone, eligible actor universe, documented participation, stage timestamps and repeated respondent-specific process measures.",No exact usable input file certified; see source assessment,No exact model transformation certified,,,,,S46: Official tool and manual read; no consultation initiated. | S21: Official request route verified. No request submitted; responsive fields and release are unconfirmed. | S36: 72-page primary report read via web; local PDF download returned 403; underlying interview data access unverified.,"S46: County-linked tribal interests and contacts | S21: HCD cases, staff and program finances | S36: Mandatory-buyout residents in Harris County","S46: Current tool; historical interest not a numeric time series | S21: Request 2010–2024, with later completion dates for censoring | S36: December 2025 report",,Additional guide/configuration entry,2026-09-10,2026-09-15
Persuasive,Governance,Category,Category describing a process that uses persuasion to encourage retreat.,categorical,Code outreach and decision rules while distinguishing persuasion from acquisition consent or legal compulsion.,Selects a Decision_Making_Approach alternative.,Category or notation; no independent measurement,Explicit allowed category list; missing or unmapped categories remain unresolved,"Category label, not a numeric observation or an extra downloadable dataset.","Category, unit or time-index entry; no separate dynamic equation. Selects a Decision_Making_Approach alternative.",No standalone equation captured; see stock balance where applicable,Not a stock definition,,,106,No direct guide input identified,Decision_Making_Approach [category option],Explicit guide relationship or category link; not verified in an executable model,Guide/source-assessment interpretation; derivation and repairs are documented proposals unless a retained transformation is identified,M01 S19 S20 S54,"M01: Ali shared system-dynamics guide and mind map; S19: Harris County HCD buyout guidelines and performance reports; S20: HCFCD voluntary home buyout program; S54: 44 CFR Part 80, property acquisition and relocation for open space",,"Required records: Policy/program ID, dated decision or process milestone, eligible actor universe, documented participation, stage timestamps and repeated respondent-specific process measures.","Policy/program ID, dated decision or process milestone, eligible actor universe, documented participation, stage timestamps and repeated respondent-specific process measures.",No exact usable input file certified; see source assessment,No exact model transformation certified,,,,,M01: Both original files inspected; 215-entry dictionary reconciled against full guide. | S19: Official program pages and linked June 2025 guidelines read; earlier quarterly reports retained. | S20: Official pages read. Detailed longitudinal property records still require a request. | S54: Official nine-page legal text read; use as a scenario-eligibility reference.,M01: Generic model requiring Harris County localization | S19: HCD programs and project areas | S20: HCFCD eligible areas and participating properties | S54: Applicable FEMA-funded acquisitions,"M01: DOCX guide; mind map dated October 15, 2024 | S19: Program-specific; 2024 Q3 and 2025 Q2 reports retained | S20: Program history/current guidance | S54: 2025 codification; confirm award-specific applicability",,Additional guide/configuration entry,2026-09-10,2026-09-15
Policy_Adopted,Governance,Proposed auxiliary or input,Dated adoption status of a defined retreat policy.,dated indicator/milestone,"Identify the formal adoption instrument and effective date, then construct a step indicator or separate milestone series.",Supplies the input to the guide's delayed Policy_Implemented relationship.,Measurement route identified; exact model input not certified,"Follow a documented instrument, ratio or rubric; range is not established by the variable name",Adoption does not imply the program is operating or fully funded.,No complete standalone equation is supplied. Use the stated data derivation as a proposed input method and specify any dynamic response separately.,No standalone equation captured; see stock balance where applicable,Not a stock definition,,,174,No direct guide input identified,Policy_Implemented [guide equation reference],Explicit guide relationship or category link; not verified in an executable model,Guide/source-assessment interpretation; derivation and repairs are documented proposals unless a retained transformation is identified,S28 S19 S20,"S28: Harris County Commissioners Court agendas, minutes and votes; S19: Harris County HCD buyout guidelines and performance reports; S20: HCFCD voluntary home buyout program",https://harriscountytx.legistar.com/Calendar.aspx,"Required records: Policy/program ID, dated decision or process milestone, eligible actor universe, documented participation, stage timestamps and repeated respondent-specific process measures.","Policy/program ID, dated decision or process milestone, eligible actor universe, documented participation, stage timestamps and repeated respondent-specific process measures.",No exact usable input file certified; see source assessment,No exact model transformation certified,,,,,S28: Official calendar/archive pages read; additional document coding candidate. | S19: Official program pages and linked June 2025 guidelines read; earlier quarterly reports retained. | S20: Official pages read. Detailed longitudinal property records still require a request.,S28: County policy decisions | S19: HCD programs and project areas | S20: HCFCD eligible areas and participating properties,S28: Dated meetings; current and archived systems | S19: Program-specific; 2024 Q3 and 2025 Q2 reports retained | S20: Program history/current guidance,,Additional guide/configuration entry,2026-09-10,2026-09-15
Policy_Implemented,Governance,Auxiliary or delayed quantity,Degree or status of operational implementation after adoption.,operational milestone/coverage,"Code application opening, staffing and delivery milestones. A delayed binary input produces a continuous implementation trajectory in the guide; choose status versus progress explicitly.",Represents the lag between formal policy and operational action.,Measurement route identified; exact model input not certified,"Follow a documented instrument, ratio or rubric; range is not established by the variable name",Choose a specific implementation endpoint before estimating its delay. See the simulation relationship for the required equation review.,Decide whether output is a continuous implementation fraction or binary operational status. A third-order delay of an adoption step does not produce a binary opening date.,"Guide paragraph 174: DELAY3(Policy_Adopted, Policy_Implementation_Delay)",Not a stock definition,,,174,Policy_Adopted [guide equation reference]; Policy_Implementation_Delay [guide equation reference],No downstream equation specified in the guide,Proposed input or output; downstream connection is not fully specified,Guide/source-assessment interpretation; derivation and repairs are documented proposals unless a retained transformation is identified,S21 S22 S19 S20,S21: HCD public-records access route; S22: HCFCD public-information access route; S19: Harris County HCD buyout guidelines and performance reports; S20: HCFCD voluntary home buyout program,https://hcd.harriscountytx.gov/About-Us/Public-Records-Request,"Required records: Policy/program ID, dated decision or process milestone, eligible actor universe, documented participation, stage timestamps and repeated respondent-specific process measures.","Policy/program ID, dated decision or process milestone, eligible actor universe, documented participation, stage timestamps and repeated respondent-specific process measures.",No exact usable input file certified; see source assessment,No exact model transformation certified,,,,,S21: Official request route verified. No request submitted; responsive fields and release are unconfirmed. | S22: Official public-information request page read; no request submitted. | S19: Official program pages and linked June 2025 guidelines read; earlier quarterly reports retained. | S20: Official pages read. Detailed longitudinal property records still require a request.,"S21: HCD cases, staff and program finances | S22: HCFCD program, acquisition, land and infrastructure records | S19: HCD programs and project areas | S20: HCFCD eligible areas and participating properties","S21: Request 2010–2024, with later completion dates for censoring | S22: Request historical cohorts and 2024 opening balances | S19: Program-specific; 2024 Q3 and 2025 Q2 reports retained | S20: Program history/current guidance",,Additional guide/configuration entry,2026-09-10,2026-09-15
Policy_Stimulus_Present,Governance,Proposed auxiliary or input,"Whether a defined mandate, funding opportunity or incentive supporting retreat is present.",binary/rubric,Code dated qualifying actions against a prespecified activation rule and expiry period.,Supports the proactive-policy branch of Retreat_Program_Active.,Requires operational definition or validated proxy,"Follow a documented instrument, ratio or rubric; range is not established by the variable name",No universal stimulus measure exists; the trigger definition is a scenario/design choice.,No complete standalone equation is supplied. Use the stated data derivation as a proposed input method and specify any dynamic response separately.,No standalone equation captured; see stock balance where applicable,Not a stock definition,,,184,No direct guide input identified,Retreat_Program_Active [guide equation reference],Explicit guide relationship or category link; not verified in an executable model,Guide/source-assessment interpretation; derivation and repairs are documented proposals unless a retained transformation is identified,S28 S23 S19,"S28: Harris County Commissioners Court agendas, minutes and votes; S23: Texas GLO HUD DRGR quarterly performance reports; S19: Harris County HCD buyout guidelines and performance reports",https://harriscountytx.legistar.com/Calendar.aspx,"Required records: Policy/program ID, dated decision or process milestone, eligible actor universe, documented participation, stage timestamps and repeated respondent-specific process measures.","Policy/program ID, dated decision or process milestone, eligible actor universe, documented participation, stage timestamps and repeated respondent-specific process measures.",No exact usable input file certified; see source assessment,No exact model transformation certified,,,,,S28: Official calendar/archive pages read; additional document coding candidate. | S23: Official reporting pages read; local financial/accomplishment/narrative files retained. | S19: Official program pages and linked June 2025 guidelines read; earlier quarterly reports retained.,"S28: County policy decisions | S23: Grant, activity, project and grantee | S19: HCD programs and project areas",S28: Dated meetings; current and archived systems | S23: Quarterly grant histories; local Harris buyout extracts retained | S19: Program-specific; 2024 Q3 and 2025 Q2 reports retained,,Additional guide/configuration entry,2026-09-10,2026-09-15
Recent_Disaster_Events,Governance,Proposed auxiliary or input,Number of qualifying disasters during a fixed recent interval.,events per rolling window,Count distinct events meeting the model's severity rule in a rolling window ending at model time. State window length and reporting coverage.,Supplies the guide's proposed event-driven Political_Will relationship.,Calculated once compatible inputs and definitions are supplied,"Follow a documented instrument, ratio or rubric; range is not established by the variable name",Choose window and threshold before linking to political will; events can share a disaster declaration.,No complete standalone equation is supplied. Use the stated data derivation as a proposed input method and specify any dynamic response separately.,No standalone equation captured; see stock balance where applicable,Not a stock definition,,,179,No direct guide input identified,Political_Will [guide equation reference],Explicit guide relationship or category link; not verified in an executable model,Guide/source-assessment interpretation; derivation and repairs are documented proposals unless a retained transformation is identified,S08 S09,S08: NOAA Storm Events bulk files; S09: HCFCD flood reports and Harris County Flood Warning System,https://www.ncei.noaa.gov/pub/data/swdi/stormevents/csvfiles/,"Required records: Policy/program ID, dated decision or process milestone, eligible actor universe, documented participation, stage timestamps and repeated respondent-specific process measures.","Policy/program ID, dated decision or process milestone, eligible actor universe, documented participation, stage timestamps and repeated respondent-specific process measures.",No exact usable input file certified; see source assessment,No exact model transformation certified,,,,,S08: Bulk source used in existing package; annual files retained. | S09: Official report and gauge pages read; targeted raw series remain to acquire.,"S08: County/forecast zone and event locations | S09: Watershed, gauge and event footprint",S08: 2010–2024 files retained; longer archive available | S09: Event reports and gauge-specific records,,Additional guide/configuration entry,2026-09-10,2026-09-15
Recent_Major_Disaster,Governance,Proposed auxiliary or input,Indicator or count of major disasters inside a specified recency window.,binary or event count,Apply a fixed severity or declaration rule to deduplicated event records and evaluate the declared lookback window.,Activates the reactive-disaster branch of Retreat_Program_Active.,Calculated once compatible inputs and definitions are supplied,"Follow a documented instrument, ratio or rubric; range is not established by the variable name",Do not use an arbitrary row count to trigger program activation.,No complete standalone equation is supplied. Use the stated data derivation as a proposed input method and specify any dynamic response separately.,No standalone equation captured; see stock balance where applicable,Not a stock definition,,,184,No direct guide input identified,Retreat_Program_Active [guide equation reference],Explicit guide relationship or category link; not verified in an executable model,Guide/source-assessment interpretation; derivation and repairs are documented proposals unless a retained transformation is identified,S08 S09,S08: NOAA Storm Events bulk files; S09: HCFCD flood reports and Harris County Flood Warning System,https://www.ncei.noaa.gov/pub/data/swdi/stormevents/csvfiles/,"Required records: Policy/program ID, dated decision or process milestone, eligible actor universe, documented participation, stage timestamps and repeated respondent-specific process measures.","Policy/program ID, dated decision or process milestone, eligible actor universe, documented participation, stage timestamps and repeated respondent-specific process measures.",No exact usable input file certified; see source assessment,No exact model transformation certified,,,,,S08: Bulk source used in existing package; annual files retained. | S09: Official report and gauge pages read; targeted raw series remain to acquire.,"S08: County/forecast zone and event locations | S09: Watershed, gauge and event footprint",S08: 2010–2024 files retained; longer archive available | S09: Event reports and gauge-specific records,,Additional guide/configuration entry,2026-09-10,2026-09-15
Voluntary,Governance,Category,Category describing retreat based on voluntary acquisition consent.,categorical,Code actual program consent and withdrawal rules separately from planning participation.,Selects a Decision_Making_Approach alternative.,Category or notation; no independent measurement,Explicit allowed category list; missing or unmapped categories remain unresolved,"Category label, not a numeric observation or an extra downloadable dataset.","Category, unit or time-index entry; no separate dynamic equation. Selects a Decision_Making_Approach alternative.",No standalone equation captured; see stock balance where applicable,Not a stock definition,,,106; 482; 520,No direct guide input identified,Decision_Making_Approach [category option],Explicit guide relationship or category link; not verified in an executable model,Guide/source-assessment interpretation; derivation and repairs are documented proposals unless a retained transformation is identified,M01 S19 S20 S54,"M01: Ali shared system-dynamics guide and mind map; S19: Harris County HCD buyout guidelines and performance reports; S20: HCFCD voluntary home buyout program; S54: 44 CFR Part 80, property acquisition and relocation for open space",,"Required records: Policy/program ID, dated decision or process milestone, eligible actor universe, documented participation, stage timestamps and repeated respondent-specific process measures.","Policy/program ID, dated decision or process milestone, eligible actor universe, documented participation, stage timestamps and repeated respondent-specific process measures.",No exact usable input file certified; see source assessment,No exact model transformation certified,,,,,M01: Both original files inspected; 215-entry dictionary reconciled against full guide. | S19: Official program pages and linked June 2025 guidelines read; earlier quarterly reports retained. | S20: Official pages read. Detailed longitudinal property records still require a request. | S54: Official nine-page legal text read; use as a scenario-eligibility reference.,M01: Generic model requiring Harris County localization | S19: HCD programs and project areas | S20: HCFCD eligible areas and participating properties | S54: Applicable FEMA-funded acquisitions,"M01: DOCX guide; mind map dated October 15, 2024 | S19: Program-specific; 2024 Q3 and 2025 Q2 reports retained | S20: Program history/current guidance | S54: 2025 codification; confirm award-specific applicability",,Additional guide/configuration entry,2026-09-10,2026-09-15
Properties_in_Retreat_Pipeline,Implementation,Stock,Active eligible property cases not yet completed or exited.,properties,"At each date count distinct cases entered before that date minus completed, withdrawn and otherwise exited cases. Reconcile all status transitions and repeat applications.",Stores unmet implementation workload and constrains property completions.,Retained stock initial value: unavailable,Nonnegative under the declared stock/flow convention; estimates and rates may be fractional,State the entry stage; expressions of interest and formal applications must remain separate.,"Stock balance reconstructed from the guide INFLOWS, OUTFLOWS and INITIAL VALUE fields: INTEG(Retreat_Applications + Proactive_Retreat_Identification - Properties_Retreated - Retreat_Dropouts, 0). Check initial scope and stock bounds.",No standalone equation captured; see stock balance where applicable,"INTEG(Retreat_Applications + Proactive_Retreat_Identification - Properties_Retreated - Retreat_Dropouts, 0)",0,properties,116,Retreat_Applications [stock inflow]; Proactive_Retreat_Identification [stock inflow]; Properties_Retreated [stock outflow]; Retreat_Dropouts [stock outflow],No downstream equation specified in the guide,Stock balance specified; downstream use may be a reported outcome or conceptual link,Guide/source-assessment interpretation; derivation and repairs are documented proposals unless a retained transformation is identified,S21 S22 S19,S21: HCD public-records access route; S22: HCFCD public-information access route; S19: Harris County HCD buyout guidelines and performance reports,https://hcd.harriscountytx.gov/About-Us/Public-Records-Request,series=pending_acquisition_status_sum; time; value; program_id; designation; quality_flag,"Stable property, case and household IDs, eligibility, entry and exit dates, stage/status, disposition, household move and follow-up dates, allocated staff hours and service records.",data/Calibration_Data.csv,No defensible countywide 2024 measurement. See Gap_Queue.csv.,,properties,unavailable,No defensible countywide 2024 measurement. See Gap_Queue.csv.,S21: Official request route verified. No request submitted; responsive fields and release are unconfirmed. | S22: Official public-information request page read; no request submitted. | S19: Official program pages and linked June 2025 guidelines read; earlier quarterly reports retained.,"S21: HCD cases, staff and program finances | S22: HCFCD program, acquisition, land and infrastructure records | S19: HCD programs and project areas","S21: Request 2010–2024, with later completion dates for censoring | S22: Request historical cohorts and 2024 opening balances | S19: Program-specific; 2024 Q3 and 2025 Q2 reports retained",,Original 215-entry dictionary,2026-09-10,2026-09-15
Relocated_Households,Implementation,Stock,Cumulative households meeting the model's defined successful relocation criterion.,households,"Count distinct qualifying household IDs, including tenants, with cohort and outcome dates. Use zero only for a counter of new post-start successes.",Records successful household outcomes separately from property acquisitions.,Retained stock initial value: assumed,Nonnegative under the declared stock/flow convention; estimates and rates may be fractional,A completed purchase may displace several households or no resident household; household count differs from properties.,"Stock balance reconstructed from the guide INFLOWS, OUTFLOWS and INITIAL VALUE fields: INTEG(Successful_Relocations, 0). Check initial scope and stock bounds.",No standalone equation captured; see stock balance where applicable,"INTEG(Successful_Relocations, 0)",0,households,117,Successful_Relocations [stock inflow],No downstream equation specified in the guide,Stock balance specified; downstream use may be a reported outcome or conceptual link,Guide/source-assessment interpretation; derivation and repairs are documented proposals unless a retained transformation is identified,S21 S22 S35,S21: HCD public-records access route; S22: HCFCD public-information access route; S35: Texas A&M IDRT / OneGulf buyout fiscal and social implications project,https://hcd.harriscountytx.gov/About-Us/Public-Records-Request,series=relocated_cases; time; value; program_id; observation_basis,"Stable property, case and household IDs, eligibility, entry and exit dates, stage/status, disposition, household move and follow-up dates, allocated staff hours and service records.",data/Calibration_Data.csv,Counter of additional successful relocations after model start; excludes legacy completions,0,households,assumed,Counter of additional successful relocations after model start; excludes legacy completions,"S21: Official request route verified. No request submitted; responsive fields and release are unconfirmed. | S22: Official public-information request page read; no request submitted. | S35: Institutional project description verified; dashboard exists but underlying exports, completeness and reuse terms are unverified.","S21: HCD cases, staff and program finances | S22: HCFCD program, acquisition, land and infrastructure records | S35: Historical Harris County buyouts and destination block groups","S21: Request 2010–2024, with later completion dates for censoring | S22: Request historical cohorts and 2024 opening balances | S35: Coverage years not verified from underlying data",,Original 215-entry dictionary,2026-09-10,2026-09-15
Support_Services_Capacity,Implementation,Stock,Productive caseworker capacity assigned to retreat at a point in time.,caseworker FTE,Divide assigned productive hours by standard full-time hours for the period; include filled staff and equivalent contracted effort.,Constrains Properties_Retreated through Caseworker_Throughput.,Retained stock initial value: unavailable,Nonnegative under the declared stock/flow convention; estimates and rates may be fractional,Countywide authorized posts and facility counts are not available retreat-program capacity.,"Stock balance reconstructed from the guide INFLOWS, OUTFLOWS and INITIAL VALUE fields: INTEG(Capacity_Building - Capacity_Attrition, Initial_Capacity). Check initial scope and stock bounds.",No standalone equation captured; see stock balance where applicable,"INTEG(Capacity_Building - Capacity_Attrition, Initial_Capacity)",Initial_Capacity,caseworkers_equivalent,118; 121; 516,Capacity_Building [stock inflow]; Capacity_Attrition [stock outflow]; Initial_Capacity [stock initializer],Properties_Retreated [guide equation reference],Explicit guide relationship or category link; not verified in an executable model,Guide/source-assessment interpretation; derivation and repairs are documented proposals unless a retained transformation is identified,S21 S22 S26 S29,"S21: HCD public-records access route; S22: HCFCD public-information access route; S26: Harris County adopted budgets and budget volumes; S29: Harris County purchasing, contracts and procurement records",https://hcd.harriscountytx.gov/About-Us/Public-Records-Request,"Required records: Stable property, case and household IDs, eligibility, entry and exit dates, stage/status, disposition, household move and follow-up dates, allocated staff hours and service records.","Stable property, case and household IDs, eligibility, entry and exit dates, stage/status, disposition, household move and follow-up dates, allocated staff hours and service records.",data/Initial_Conditions.csv (opening-value record; missing values remain missing),No defensible countywide 2024 measurement. See Gap_Queue.csv.,,caseworkers_equivalent,unavailable,No defensible countywide 2024 measurement. See Gap_Queue.csv.,S21: Official request route verified. No request submitted; responsive fields and release are unconfirmed. | S22: Official public-information request page read; no request submitted. | S26: Official budget portal read; two budget PDFs already retained. | S29: Official portal and linked Bonfire/GovQA routes verified; detailed invoice/effort exports not acquired.,"S21: HCD cases, staff and program finances | S22: HCFCD program, acquisition, land and infrastructure records | S26: County departments, funds and programs | S29: Contract/project and vendor","S21: Request 2010–2024, with later completion dates for censoring | S22: Request historical cohorts and 2024 opening balances | S26: Annual; FY2025/FY2026 local documents | S29: Award- and invoice-specific",,Original 215-entry dictionary,2026-09-10,2026-09-15
Retreat_Applications,Implementation,Flow,New formal property applications entering the program per year.,properties/year,"Count first complete applications by unique property and entry date, separating inquiries, resubmissions and ineligible cases. Divide by elapsed years.",Fills Properties_in_Retreat_Pipeline and converts willingness and awareness into workload.,Measurement route identified; exact model input not certified,Nonnegative under the declared stock/flow convention; estimates and rates may be fractional,The guide expression needs an application-attempt rate per year to produce a flow. See the simulation relationship for the required equation review.,Candidate form: eligible non-pipeline properties * bounded willingness * awareness * ease / application_interval_years. Multiply by the activation switch. Define the additional interval and avoid repeat entry.,Guide paragraph 120: Properties_at_Risk * Retreat_Willingness * Program_Awareness * Application_Ease_Factor,Not a stock definition,,properties/year,116; 120,Application_Ease_Factor [guide equation reference]; Program_Awareness [guide equation reference]; Properties_at_Risk [guide equation reference]; Retreat_Willingness [guide equation reference],Properties_in_Retreat_Pipeline [stock inflow],Explicit guide relationship or category link; not verified in an executable model,Guide/source-assessment interpretation; derivation and repairs are documented proposals unless a retained transformation is identified,S21 S22 S20,S21: HCD public-records access route; S22: HCFCD public-information access route; S20: HCFCD voluntary home buyout program,https://hcd.harriscountytx.gov/About-Us/Public-Records-Request,"Required records: Stable property, case and household IDs, eligibility, entry and exit dates, stage/status, disposition, household move and follow-up dates, allocated staff hours and service records.","Stable property, case and household IDs, eligibility, entry and exit dates, stage/status, disposition, household move and follow-up dates, allocated staff hours and service records.",No exact usable input file certified; see source assessment,No exact model transformation certified,,,,,S21: Official request route verified. No request submitted; responsive fields and release are unconfirmed. | S22: Official public-information request page read; no request submitted. | S20: Official pages read. Detailed longitudinal property records still require a request.,"S21: HCD cases, staff and program finances | S22: HCFCD program, acquisition, land and infrastructure records | S20: HCFCD eligible areas and participating properties","S21: Request 2010–2024, with later completion dates for censoring | S22: Request historical cohorts and 2024 opening balances | S20: Program history/current guidance",,Original 215-entry dictionary,2026-09-10,2026-09-15
Properties_Retreated,Implementation,Flow,Properties completing the defined acquisition or retreat milestone per year.,properties/year,Count unique acquired property IDs by verified closing date and divide by interval years. Reconcile administrative and deed records and separate later relocation or restoration dates.,"Removes hazard exposure, drains the pipeline, triggers acquisition spending and creates retreat land.",Measurement route identified; exact model input not certified,Nonnegative under the declared stock/flow convention; estimates and rates may be fractional,"Acquisition, demolition, move and ecological restoration are different events; budget constraint requires a time interval. See the simulation relationship for the required equation review.","Candidate rate: MIN(pipeline/processing_time, spendable_funds/(cost_per_property * funding_release_time), support_FTE * throughput). Include full cost obligations, positive time constants and joint pipeline/stock depletion limits.","Guide paragraph 121: MIN(Properties_in_Pipeline / Processing_Time,
Retreat_Funding_Available / (Average_Property_Value * Compensation_Rate),
Support_Services_Capacity * Caseworker_Throughput)",Not a stock definition,,properties/year,43; 65; 81; 116; 121; 122; 158; 248; 260; 509; 516,Average_Property_Value [guide equation reference]; Caseworker_Throughput [guide equation reference]; Compensation_Rate [guide equation reference]; Processing_Time [guide equation reference]; Properties_in_Pipeline [guide equation reference]; Retreat_Funding_Available [guide equation reference]; Support_Services_Capacity [guide equation reference],Managed_Retreat_Relocations [guide equation reference]; Buyout_Payments [guide equation reference]; Successful_Relocations [guide equation reference]; Land_Acquired_Through_Retreat [guide equation reference]; Properties_at_Risk [guide equation reference]; Properties_at_Risk [stock outflow]; Properties_in_Retreat_Pipeline [stock outflow],Explicit guide relationship or category link; not verified in an executable model,Guide/source-assessment interpretation; derivation and repairs are documented proposals unless a retained transformation is identified,S21 S22 S24 S55,S21: HCD public-records access route; S22: HCFCD public-information access route; S24: OpenFEMA HMA project-site inventories; S55: Harris County Clerk real-property records,https://hcd.harriscountytx.gov/About-Us/Public-Records-Request,series=acquired_properties; time; value; program_id; designation; quality_flag,"Stable property, case and household IDs, eligibility, entry and exit dates, stage/status, disposition, household move and follow-up dates, allocated staff hours and service records.",data/Calibration_Data.csv,No exact model transformation certified,,,,,S21: Official request route verified. No request submitted; responsive fields and release are unconfirmed. | S22: Official public-information request page read; no request submitted. | S24: Local API extracts and metadata verified in prior build; landing page returned 403 during source search. | S55: Official search pages read; no bulk instrument acquisition performed.,"S21: HCD cases, staff and program finances | S22: HCFCD program, acquisition, land and infrastructure records | S24: Mitigation project/site; filter Harris County | S55: Recorded instrument/property","S21: Request 2010–2024, with later completion dates for censoring | S22: Request historical cohorts and 2024 opening balances | S24: API version-specific; retained v1 and older v4 extract | S55: Historical recording dates",,Original 215-entry dictionary,2026-09-10,2026-09-15
Successful_Relocations,Implementation,Flow,Households newly satisfying the chosen successful relocation outcome per year.,households/year,"Count households reaching a prespecified follow-up outcome by cohort and date. If estimated from acquisitions, convert properties to households and represent the follow-up delay.",Fills Relocated_Households.,Measurement route identified; exact model input not certified,Nonnegative under the declared stock/flow convention; estimates and rates may be fractional,"Current administrative relocation totals do not measure durable success; pending follow-up is censored, not failure. See the simulation relationship for the required equation review.","Convert acquisitions to actual household move cohorts, then apply a measured follow-up success share with an explicit delay. A property-to-household conversion and cohort linkage are required.",Guide paragraph 122: Properties_Retreated * Relocation_Success_Rate,Not a stock definition,,households/year,117; 122,Properties_Retreated [guide equation reference]; Relocation_Success_Rate [guide equation reference],Relocated_Households [stock inflow],Explicit guide relationship or category link; not verified in an executable model,Guide/source-assessment interpretation; derivation and repairs are documented proposals unless a retained transformation is identified,S21 S22 S35 S33,S21: HCD public-records access route; S22: HCFCD public-information access route; S35: Texas A&M IDRT / OneGulf buyout fiscal and social implications project; S33: Rice Greater Houston Community Panel (GHCP),https://hcd.harriscountytx.gov/About-Us/Public-Records-Request,"Required records: Stable property, case and household IDs, eligibility, entry and exit dates, stage/status, disposition, household move and follow-up dates, allocated staff hours and service records.","Stable property, case and household IDs, eligibility, entry and exit dates, stage/status, disposition, household move and follow-up dates, allocated staff hours and service records.",No exact usable input file certified; see source assessment,No exact model transformation certified,,,,,"S21: Official request route verified. No request submitted; responsive fields and release are unconfirmed. | S22: Official public-information request page read; no request submitted. | S35: Institutional project description verified; dashboard exists but underlying exports, completeness and reuse terms are unverified. | S33: Catalog and 248-page codebook read; codebook downloaded. Public-use data require a request form; no request submitted. Public files omit geocodes.","S21: HCD cases, staff and program finances | S22: HCFCD program, acquisition, land and infrastructure records | S35: Historical Harris County buyouts and destination block groups | S33: Greater Houston adult respondents; Harris subset/weights must be established","S21: Request 2010–2024, with later completion dates for censoring | S22: Request historical cohorts and 2024 opening balances | S35: Coverage years not verified from underlying data | S33: 2023–2024 public-use waves; release listed January 9, 2026",,Original 215-entry dictionary,2026-09-10,2026-09-15
Retreat_Willingness,Implementation,Auxiliary or delayed quantity,Probability or bounded propensity of an eligible household to participate under a specified offer.,probability,"Estimate participation or stated willingness using eligible nonapplicants, refusals and acceptances, with offer and context covariates. Validate the scale and bound probabilities.","Determines potential applications through hazard perception, compensation, attachment, trust and legal barriers.",Requires calibration or longitudinal evidence,0 to 1 after explicit normalization; retain original measurement scale,Participation among completers is not willingness; the guide expression can be negative and requires bounded calibration. See the simulation relationship for the required equation review.,Bound a validated participation response to 0 to 1. Normalize trust and legal penalties to compatible scales; multiplication of guide factors is an assumed behavioral form.,Guide paragraph 127: Hazard_Perception * Compensation_Attractiveness * (1 - Place_Attachment_Index) * Trust_Factor - Legal_Obstacles,Not a stock definition,,dimensionless (0-1),120; 127,Compensation_Attractiveness [guide equation reference]; Hazard_Perception [guide equation reference]; Legal_Obstacles [guide equation reference]; Place_Attachment_Index [guide equation reference]; Trust_Factor [guide equation reference],Retreat_Applications [guide equation reference],Explicit guide relationship or category link; not verified in an executable model,Guide/source-assessment interpretation; derivation and repairs are documented proposals unless a retained transformation is identified,S21 S22 S36 S33 S62,"S21: HCD public-records access route; S22: HCFCD public-information access route; S36: Texas A&M / Texas Appleseed Harris County Home Buyout Study, Phase 1; S33: Rice Greater Houston Community Panel (GHCP); S62: Addressing coordination problems in residential buyouts: experimental evidence",https://hcd.harriscountytx.gov/About-Us/Public-Records-Request,"Required records: Stable property, case and household IDs, eligibility, entry and exit dates, stage/status, disposition, household move and follow-up dates, allocated staff hours and service records.","Stable property, case and household IDs, eligibility, entry and exit dates, stage/status, disposition, household move and follow-up dates, allocated staff hours and service records.",No exact usable input file certified; see source assessment,No exact model transformation certified,,,,,S21: Official request route verified. No request submitted; responsive fields and release are unconfirmed. | S22: Official public-information request page read; no request submitted. | S36: 72-page primary report read via web; local PDF download returned 403; underlying interview data access unverified. | S33: Catalog and 248-page codebook read; codebook downloaded. Public-use data require a request form; no request submitted. Public files omit geocodes. | S62: Publisher title/abstract metadata located; full page returned 403. No numerical effect extracted; data availability unverified.,"S21: HCD cases, staff and program finances | S22: HCFCD program, acquisition, land and infrastructure records | S36: Mandatory-buyout residents in Harris County | S33: Greater Houston adult respondents; Harris subset/weights must be established | S62: Experimental study; external to this Harris County application","S21: Request 2010–2024, with later completion dates for censoring | S22: Request historical cohorts and 2024 opening balances | S36: December 2025 report | S33: 2023–2024 public-use waves; release listed January 9, 2026 | S62: 2024 Journal of Economic Behavior & Organization article",,Original 215-entry dictionary,2026-09-10,2026-09-15
Processing_Time,Implementation,Auxiliary or delayed quantity,Expected elapsed time to process a property case through the chosen stage.,years,"Estimate complete-application-to-close and intermediate-stage duration distributions, including pending cases. Fit baseline, legal complexity and administrative efficiency effects.",Converts the pipeline stock into its processing-limited completion rate.,Measurement route identified; exact model input not certified,Positive duration in years; zero requires a separately specified instantaneous process,Completed-case averages are biased when slow cases remain open; report voluntary/involuntary cohorts separately. See the simulation relationship for the required equation review.,"Require positive Base_Processing_Time, Legal_Complexity_Factor and Administrative_Efficiency. Preserve the duration distribution when a single mean would hide long pending cases.",Guide paragraph 128: Base_Processing_Time * Legal_Complexity_Factor / Administrative_Efficiency,Not a stock definition,,years,121; 128; 248; 516,Administrative_Efficiency [guide equation reference]; Base_Processing_Time [guide equation reference]; Legal_Complexity_Factor [guide equation reference],Properties_Retreated [guide equation reference],Explicit guide relationship or category link; not verified in an executable model,Guide/source-assessment interpretation; derivation and repairs are documented proposals unless a retained transformation is identified,S21 S22 S55,S21: HCD public-records access route; S22: HCFCD public-information access route; S55: Harris County Clerk real-property records,https://hcd.harriscountytx.gov/About-Us/Public-Records-Request,"Required records: Stable property, case and household IDs, eligibility, entry and exit dates, stage/status, disposition, household move and follow-up dates, allocated staff hours and service records.","Stable property, case and household IDs, eligibility, entry and exit dates, stage/status, disposition, household move and follow-up dates, allocated staff hours and service records.",No exact usable input file certified; see source assessment,No exact model transformation certified,,,,,S21: Official request route verified. No request submitted; responsive fields and release are unconfirmed. | S22: Official public-information request page read; no request submitted. | S55: Official search pages read; no bulk instrument acquisition performed.,"S21: HCD cases, staff and program finances | S22: HCFCD program, acquisition, land and infrastructure records | S55: Recorded instrument/property","S21: Request 2010–2024, with later completion dates for censoring | S22: Request historical cohorts and 2024 opening balances | S55: Historical recording dates",,Original 215-entry dictionary,2026-09-10,2026-09-15
Program_Awareness,Implementation,Auxiliary or delayed quantity,Share of eligible residents aware of the retreat program.,eligible-population proportion,"Divide survey-weighted eligible respondents aware of the program by all eligible respondents, separating aided and unaided awareness. Fit the launch-time curve if needed.",Modifies Retreat_Applications.,Requires operational definition or validated proxy,0 to 1 after explicit normalization; retain original measurement scale,"Page views, mailed notices and applications do not directly measure population awareness.",Guide relationship is preserved in the equation field. Its coefficients or scales require validation against the derivation described here.,Guide paragraph 129: Communication_Effectiveness * Time_Since_Program_Launch / (Time_Since_Program_Launch + Awareness_Half_Time),Not a stock definition,,dimensionless (0-1),120; 129,Awareness_Half_Time [guide equation reference]; Communication_Effectiveness [guide equation reference]; Time_Since_Program_Launch [guide equation reference],Retreat_Applications [guide equation reference],Explicit guide relationship or category link; not verified in an executable model,Guide/source-assessment interpretation; derivation and repairs are documented proposals unless a retained transformation is identified,S21 S22 S33,S21: HCD public-records access route; S22: HCFCD public-information access route; S33: Rice Greater Houston Community Panel (GHCP),https://hcd.harriscountytx.gov/About-Us/Public-Records-Request,"Required records: Stable property, case and household IDs, eligibility, entry and exit dates, stage/status, disposition, household move and follow-up dates, allocated staff hours and service records.","Stable property, case and household IDs, eligibility, entry and exit dates, stage/status, disposition, household move and follow-up dates, allocated staff hours and service records.",No exact usable input file certified; see source assessment,No exact model transformation certified,,,,,S21: Official request route verified. No request submitted; responsive fields and release are unconfirmed. | S22: Official public-information request page read; no request submitted. | S33: Catalog and 248-page codebook read; codebook downloaded. Public-use data require a request form; no request submitted. Public files omit geocodes.,"S21: HCD cases, staff and program finances | S22: HCFCD program, acquisition, land and infrastructure records | S33: Greater Houston adult respondents; Harris subset/weights must be established","S21: Request 2010–2024, with later completion dates for censoring | S22: Request historical cohorts and 2024 opening balances | S33: 2023–2024 public-use waves; release listed January 9, 2026",,Original 215-entry dictionary,2026-09-10,2026-09-15
Awareness_Half_Time,Implementation,Parameter,Time after launch at which awareness reaches half of its modeled saturation level.,years,"Fit repeated eligible-population awareness to the guide's t/(t+h) response, estimating the saturation level and positive h together.",Determines the speed at which Program_Awareness increases.,Retained parameter: assumed,Positive duration in years; zero requires a separately specified instantaneous process,A launch date and website traffic alone do not identify this time constant.,No complete standalone equation is supplied. Use the stated data derivation as a proposed input method and specify any dynamic response separately.,No standalone equation captured; see stock balance where applicable,Not a stock definition,,year,129; 133,No direct guide input identified,Program_Awareness [guide equation reference],Explicit guide relationship or category link; not verified in an executable model,Guide/source-assessment interpretation; derivation and repairs are documented proposals unless a retained transformation is identified,S21 S22 S33,S21: HCD public-records access route; S22: HCFCD public-information access route; S33: Rice Greater Houston Community Panel (GHCP),https://hcd.harriscountytx.gov/About-Us/Public-Records-Request,"Required records: Stable property, case and household IDs, eligibility, entry and exit dates, stage/status, disposition, household move and follow-up dates, allocated staff hours and service records.","Stable property, case and household IDs, eligibility, entry and exit dates, stage/status, disposition, household move and follow-up dates, allocated staff hours and service records.",data/Parameters.csv (assumption/input record; measurement status shown separately),Midpoint of guide range except explicitly defined single-hazard convention,1.25,year,assumed,Guide prior.,S21: Official request route verified. No request submitted; responsive fields and release are unconfirmed. | S22: Official public-information request page read; no request submitted. | S33: Catalog and 248-page codebook read; codebook downloaded. Public-use data require a request form; no request submitted. Public files omit geocodes.,"S21: HCD cases, staff and program finances | S22: HCFCD program, acquisition, land and infrastructure records | S33: Greater Houston adult respondents; Harris subset/weights must be established","S21: Request 2010–2024, with later completion dates for censoring | S22: Request historical cohorts and 2024 opening balances | S33: 2023–2024 public-use waves; release listed January 9, 2026",,Original 215-entry dictionary,2026-09-10,2026-09-15
Base_Processing_Time,Implementation,Parameter,Typical complete-application-to-close duration before complexity adjustments.,years,"Match case-stage timestamps, choose a baseline case mix and estimate duration with pending-case censoring. Convert days to years using one convention.",Sets the base time in Processing_Time.,Retained parameter: assumed,Positive duration in years; zero requires a separately specified instantaneous process,"Include unfinished cases; separate legal, funding and administrative delays before applying multipliers.",No complete standalone equation is supplied. Use the stated data derivation as a proposed input method and specify any dynamic response separately.,No standalone equation captured; see stock balance where applicable,Not a stock definition,,year,128; 131,No direct guide input identified,Processing_Time [guide equation reference],Explicit guide relationship or category link; not verified in an executable model,Guide/source-assessment interpretation; derivation and repairs are documented proposals unless a retained transformation is identified,S21 S22 S55,S21: HCD public-records access route; S22: HCFCD public-information access route; S55: Harris County Clerk real-property records,https://hcd.harriscountytx.gov/About-Us/Public-Records-Request,"Required records: Stable property, case and household IDs, eligibility, entry and exit dates, stage/status, disposition, household move and follow-up dates, allocated staff hours and service records.","Stable property, case and household IDs, eligibility, entry and exit dates, stage/status, disposition, household move and follow-up dates, allocated staff hours and service records.",data/Parameters.csv (assumption/input record; measurement status shown separately),Midpoint of guide range except explicitly defined single-hazard convention,2,year,assumed,Need application and closing dates; grant duration and snapshot backlog cannot identify this.,S21: Official request route verified. No request submitted; responsive fields and release are unconfirmed. | S22: Official public-information request page read; no request submitted. | S55: Official search pages read; no bulk instrument acquisition performed.,"S21: HCD cases, staff and program finances | S22: HCFCD program, acquisition, land and infrastructure records | S55: Recorded instrument/property","S21: Request 2010–2024, with later completion dates for censoring | S22: Request historical cohorts and 2024 opening balances | S55: Historical recording dates",,Original 215-entry dictionary,2026-09-10,2026-09-15
Caseworker_Throughput,Implementation,Parameter,Number of property cases processed per caseworker FTE-year.,properties/FTE/year,Divide completed comparable cases by the integral of actual allocated FTE over the same period. Define the stage counted and case-mix adjustment.,Sets the staffing limit on Properties_Retreated.,Retained parameter: assumed,Nonnegative under the declared stock/flow convention; estimates and rates may be fractional,Avoid using total county staff or mixing new applications with completed cases.,No complete standalone equation is supplied. Use the stated data derivation as a proposed input method and specify any dynamic response separately.,No standalone equation captured; see stock balance where applicable,Not a stock definition,,properties/year/caseworker,121; 132; 516,No direct guide input identified,Properties_Retreated [guide equation reference],Explicit guide relationship or category link; not verified in an executable model,Guide/source-assessment interpretation; derivation and repairs are documented proposals unless a retained transformation is identified,S21 S22 S29,"S21: HCD public-records access route; S22: HCFCD public-information access route; S29: Harris County purchasing, contracts and procurement records",https://hcd.harriscountytx.gov/About-Us/Public-Records-Request,"Required records: Stable property, case and household IDs, eligibility, entry and exit dates, stage/status, disposition, household move and follow-up dates, allocated staff hours and service records.","Stable property, case and household IDs, eligibility, entry and exit dates, stage/status, disposition, household move and follow-up dates, allocated staff hours and service records.",data/Parameters.csv (assumption/input record; measurement status shown separately),Midpoint of guide range except explicitly defined single-hazard convention,20,properties/year/caseworker,assumed,No observed staffing denominator.,S21: Official request route verified. No request submitted; responsive fields and release are unconfirmed. | S22: Official public-information request page read; no request submitted. | S29: Official portal and linked Bonfire/GovQA routes verified; detailed invoice/effort exports not acquired.,"S21: HCD cases, staff and program finances | S22: HCFCD program, acquisition, land and infrastructure records | S29: Contract/project and vendor","S21: Request 2010–2024, with later completion dates for censoring | S22: Request historical cohorts and 2024 opening balances | S29: Award- and invoice-specific",,Original 215-entry dictionary,2026-09-10,2026-09-15
Relocation_Success_Rate,Implementation,Parameter,Share of the specified relocation cohort meeting defined success criteria at follow-up.,proportion,"Divide qualifying households by the full eligible follow-up cohort at 6, 12 or 24 months, with attrition and incomplete follow-up reported. Define safety, stability and affordability in advance.",Converts relocation cohorts to Successful_Relocations; a move-completion rate is a different quantity.,Retained parameter: assumed,0 to 1 after explicit normalization; retain original measurement scale,"Administrative completion does not establish safe, affordable and stable relocation.",No complete standalone equation is supplied. Use the stated data derivation as a proposed input method and specify any dynamic response separately.,No standalone equation captured; see stock balance where applicable,Not a stock definition,,dimensionless,65; 74; 122,Receiving_Area_Housing_Availability [named conceptual determinant]; Relocation_Support_Services [named conceptual determinant]; Community_Cohesion_Preservation [named conceptual determinant],Managed_Retreat_Relocations [guide equation reference]; Successful_Relocations [guide equation reference],Explicit guide relationship or category link; not verified in an executable model,Guide/source-assessment interpretation; derivation and repairs are documented proposals unless a retained transformation is identified,S21 S22 S35 S33,S21: HCD public-records access route; S22: HCFCD public-information access route; S35: Texas A&M IDRT / OneGulf buyout fiscal and social implications project; S33: Rice Greater Houston Community Panel (GHCP),https://hcd.harriscountytx.gov/About-Us/Public-Records-Request,"Required records: Stable property, case and household IDs, eligibility, entry and exit dates, stage/status, disposition, household move and follow-up dates, allocated staff hours and service records.","Stable property, case and household IDs, eligibility, entry and exit dates, stage/status, disposition, household move and follow-up dates, allocated staff hours and service records.",data/Parameters.csv (assumption/input record; measurement status shown separately),Midpoint of guide range except explicitly defined single-hazard convention,0.775,dimensionless,assumed,Relocated-case proportion is not sustainable relocation success.,"S21: Official request route verified. No request submitted; responsive fields and release are unconfirmed. | S22: Official public-information request page read; no request submitted. | S35: Institutional project description verified; dashboard exists but underlying exports, completeness and reuse terms are unverified. | S33: Catalog and 248-page codebook read; codebook downloaded. Public-use data require a request form; no request submitted. Public files omit geocodes.","S21: HCD cases, staff and program finances | S22: HCFCD program, acquisition, land and infrastructure records | S35: Historical Harris County buyouts and destination block groups | S33: Greater Houston adult respondents; Harris subset/weights must be established","S21: Request 2010–2024, with later completion dates for censoring | S22: Request historical cohorts and 2024 opening balances | S35: Coverage years not verified from underlying data | S33: 2023–2024 public-use waves; release listed January 9, 2026",,Original 215-entry dictionary,2026-09-10,2026-09-15
Administrative_Efficiency,Implementation,Proposed auxiliary or input,Relative ability to process comparable cases with available administrative resources.,case-mix-adjusted ratio,"Compare stage duration, rework and completions per allocated FTE across comparable case mixes. Normalize relative to a documented baseline.",Reduces Processing_Time when efficiency increases.,Requires operational definition or validated proxy,"Follow a documented instrument, ratio or rubric; range is not established by the variable name",Avoid defining efficiency from the same duration it is then used to predict without independent information.,No complete standalone equation is supplied. Use the stated data derivation as a proposed input method and specify any dynamic response separately.,No standalone equation captured; see stock balance where applicable,Not a stock definition,,unresolved,128,No direct guide input identified,Processing_Time [guide equation reference],Explicit guide relationship or category link; not verified in an executable model,Guide/source-assessment interpretation; derivation and repairs are documented proposals unless a retained transformation is identified,S21 S22 S29,"S21: HCD public-records access route; S22: HCFCD public-information access route; S29: Harris County purchasing, contracts and procurement records",https://hcd.harriscountytx.gov/About-Us/Public-Records-Request,"Required records: Stable property, case and household IDs, eligibility, entry and exit dates, stage/status, disposition, household move and follow-up dates, allocated staff hours and service records.","Stable property, case and household IDs, eligibility, entry and exit dates, stage/status, disposition, household move and follow-up dates, allocated staff hours and service records.",No exact usable input file certified; see source assessment,No exact model transformation certified,,,,,S21: Official request route verified. No request submitted; responsive fields and release are unconfirmed. | S22: Official public-information request page read; no request submitted. | S29: Official portal and linked Bonfire/GovQA routes verified; detailed invoice/effort exports not acquired.,"S21: HCD cases, staff and program finances | S22: HCFCD program, acquisition, land and infrastructure records | S29: Contract/project and vendor","S21: Request 2010–2024, with later completion dates for censoring | S22: Request historical cohorts and 2024 opening balances | S29: Award- and invoice-specific",,Original 215-entry dictionary,2026-09-10,2026-09-15
Application_Ease_Factor,Implementation,Proposed auxiliary or input,Modifier representing how application burden affects eligible participation.,bounded modifier,"Measure documentation burden, incomplete submissions, resubmissions and accessibility, then estimate their association with completed application attempts.",Modifies Retreat_Applications alongside awareness and willingness.,Requires calibration or longitudinal evidence,"Follow a documented instrument, ratio or rubric; range is not established by the variable name",Estimate its effect on application completion; do not assume process ratings are causal coefficients.,No complete standalone equation is supplied. Use the stated data derivation as a proposed input method and specify any dynamic response separately.,No standalone equation captured; see stock balance where applicable,Not a stock definition,,unresolved,120,No direct guide input identified,Retreat_Applications [guide equation reference],Explicit guide relationship or category link; not verified in an executable model,Guide/source-assessment interpretation; derivation and repairs are documented proposals unless a retained transformation is identified,S21 S22 S36,"S21: HCD public-records access route; S22: HCFCD public-information access route; S36: Texas A&M / Texas Appleseed Harris County Home Buyout Study, Phase 1",https://hcd.harriscountytx.gov/About-Us/Public-Records-Request,"Required records: Stable property, case and household IDs, eligibility, entry and exit dates, stage/status, disposition, household move and follow-up dates, allocated staff hours and service records.","Stable property, case and household IDs, eligibility, entry and exit dates, stage/status, disposition, household move and follow-up dates, allocated staff hours and service records.",No exact usable input file certified; see source assessment,No exact model transformation certified,,,,,S21: Official request route verified. No request submitted; responsive fields and release are unconfirmed. | S22: Official public-information request page read; no request submitted. | S36: 72-page primary report read via web; local PDF download returned 403; underlying interview data access unverified.,"S21: HCD cases, staff and program finances | S22: HCFCD program, acquisition, land and infrastructure records | S36: Mandatory-buyout residents in Harris County","S21: Request 2010–2024, with later completion dates for censoring | S22: Request historical cohorts and 2024 opening balances | S36: December 2025 report",,Original 215-entry dictionary,2026-09-10,2026-09-15
Capacity_Attrition,Implementation,Flow referenced by a stock,Reduction in assigned caseworker capacity per year.,FTE/year,"Sum lost retreat-assigned working hours from departures or reduced assignments, convert to FTE and divide by interval years.",Drains Support_Services_Capacity.,Measurement route identified; exact model input not certified,Nonnegative under the declared stock/flow convention; estimates and rates may be fractional,"Contract expirations, vacancies and transfers need separate coding; headcount differs from FTE.","This flow is named by a stock, but the guide provides no complete equation. Estimate it from the described records or specify a dimensioned response before simulation.",No standalone equation captured; see stock balance where applicable,Not a stock definition,,unresolved,118,No direct guide input identified,Support_Services_Capacity [stock outflow],Explicit guide relationship or category link; not verified in an executable model,Guide/source-assessment interpretation; derivation and repairs are documented proposals unless a retained transformation is identified,S21 S22 S29,"S21: HCD public-records access route; S22: HCFCD public-information access route; S29: Harris County purchasing, contracts and procurement records",https://hcd.harriscountytx.gov/About-Us/Public-Records-Request,"Required records: Stable property, case and household IDs, eligibility, entry and exit dates, stage/status, disposition, household move and follow-up dates, allocated staff hours and service records.","Stable property, case and household IDs, eligibility, entry and exit dates, stage/status, disposition, household move and follow-up dates, allocated staff hours and service records.",No exact usable input file certified; see source assessment,No exact model transformation certified,,,,,S21: Official request route verified. No request submitted; responsive fields and release are unconfirmed. | S22: Official public-information request page read; no request submitted. | S29: Official portal and linked Bonfire/GovQA routes verified; detailed invoice/effort exports not acquired.,"S21: HCD cases, staff and program finances | S22: HCFCD program, acquisition, land and infrastructure records | S29: Contract/project and vendor","S21: Request 2010–2024, with later completion dates for censoring | S22: Request historical cohorts and 2024 opening balances | S29: Award- and invoice-specific",,Original 215-entry dictionary,2026-09-10,2026-09-15
Capacity_Building,Implementation,Flow referenced by a stock,Addition to assigned caseworker capacity per year.,FTE/year,"Sum newly assigned productive staff or contractor hours, convert using full-time annual hours and annualize changes. Distinguish hiring from training gains.",Fills Support_Services_Capacity.,Measurement route identified; exact model input not certified,Nonnegative under the declared stock/flow convention; estimates and rates may be fractional,Training expenditure is not an observed increase in effective throughput.,"This flow is named by a stock, but the guide provides no complete equation. Estimate it from the described records or specify a dimensioned response before simulation.",No standalone equation captured; see stock balance where applicable,Not a stock definition,,unresolved,118,No direct guide input identified,Support_Services_Capacity [stock inflow],Explicit guide relationship or category link; not verified in an executable model,Guide/source-assessment interpretation; derivation and repairs are documented proposals unless a retained transformation is identified,S21 S22 S29,"S21: HCD public-records access route; S22: HCFCD public-information access route; S29: Harris County purchasing, contracts and procurement records",https://hcd.harriscountytx.gov/About-Us/Public-Records-Request,"Required records: Stable property, case and household IDs, eligibility, entry and exit dates, stage/status, disposition, household move and follow-up dates, allocated staff hours and service records.","Stable property, case and household IDs, eligibility, entry and exit dates, stage/status, disposition, household move and follow-up dates, allocated staff hours and service records.",No exact usable input file certified; see source assessment,No exact model transformation certified,,,,,S21: Official request route verified. No request submitted; responsive fields and release are unconfirmed. | S22: Official public-information request page read; no request submitted. | S29: Official portal and linked Bonfire/GovQA routes verified; detailed invoice/effort exports not acquired.,"S21: HCD cases, staff and program finances | S22: HCFCD program, acquisition, land and infrastructure records | S29: Contract/project and vendor","S21: Request 2010–2024, with later completion dates for censoring | S22: Request historical cohorts and 2024 opening balances | S29: Award- and invoice-specific",,Original 215-entry dictionary,2026-09-10,2026-09-15
Communication_Effectiveness,Implementation,Proposed auxiliary or input,Proportion of eligible residents reached with understandable program information at saturation.,understanding/reach proportion,"Measure receipt, comprehension and accessibility in an eligible-population survey, supported by outreach logs.",Sets the saturation level of Program_Awareness.,Requires operational definition or validated proxy,0 to 1 after explicit normalization; retain original measurement scale,Sent notices and social-media impressions do not establish understanding.,No complete standalone equation is supplied. Use the stated data derivation as a proposed input method and specify any dynamic response separately.,No standalone equation captured; see stock balance where applicable,Not a stock definition,,unresolved,129,No direct guide input identified,Program_Awareness [guide equation reference],Explicit guide relationship or category link; not verified in an executable model,Guide/source-assessment interpretation; derivation and repairs are documented proposals unless a retained transformation is identified,S21 S22 S36,"S21: HCD public-records access route; S22: HCFCD public-information access route; S36: Texas A&M / Texas Appleseed Harris County Home Buyout Study, Phase 1",https://hcd.harriscountytx.gov/About-Us/Public-Records-Request,"Required records: Stable property, case and household IDs, eligibility, entry and exit dates, stage/status, disposition, household move and follow-up dates, allocated staff hours and service records.","Stable property, case and household IDs, eligibility, entry and exit dates, stage/status, disposition, household move and follow-up dates, allocated staff hours and service records.",No exact usable input file certified; see source assessment,No exact model transformation certified,,,,,S21: Official request route verified. No request submitted; responsive fields and release are unconfirmed. | S22: Official public-information request page read; no request submitted. | S36: 72-page primary report read via web; local PDF download returned 403; underlying interview data access unverified.,"S21: HCD cases, staff and program finances | S22: HCFCD program, acquisition, land and infrastructure records | S36: Mandatory-buyout residents in Harris County","S21: Request 2010–2024, with later completion dates for censoring | S22: Request historical cohorts and 2024 opening balances | S36: December 2025 report",,Original 215-entry dictionary,2026-09-10,2026-09-15
Compensation_Attractiveness,Implementation,Auxiliary or delayed quantity,Modeled appeal of an offer given the specified compensation and household need.,acceptance probability modifier,Estimate acceptance or stated preference over offer-to-value or adequacy ratios using both acceptances and refusals. Fit a bounded response curve.,Modifies Retreat_Willingness.,Illustrative guide lookup; not fitted,0 to 1 after explicit normalization; retain original measurement scale,"Guide lookup points are assumptions; adjust for selection, timing and receiving-housing constraints.",Guide relationship is preserved in the equation field. Its coefficients or scales require validation against the derivation described here.,Guide paragraph 529: Compensation_Attractiveness_Lookup(Compensation_Rate),Not a stock definition,,unresolved,127; 177; 529,Compensation_Attractiveness_Lookup [guide equation reference]; Compensation_Rate [guide equation reference],Retreat_Willingness [guide equation reference],Explicit guide relationship or category link; not verified in an executable model,Guide/source-assessment interpretation; derivation and repairs are documented proposals unless a retained transformation is identified,S21 S22 S19 S36 S62,"S21: HCD public-records access route; S22: HCFCD public-information access route; S19: Harris County HCD buyout guidelines and performance reports; S36: Texas A&M / Texas Appleseed Harris County Home Buyout Study, Phase 1; S62: Addressing coordination problems in residential buyouts: experimental evidence",https://hcd.harriscountytx.gov/About-Us/Public-Records-Request,lookup_name=Compensation_Attractiveness_Lookup; input_value; output_value,"Stable property, case and household IDs, eligibility, entry and exit dates, stage/status, disposition, household move and follow-up dates, allocated staff hours and service records.",data/Lookup_Tables.csv,No exact model transformation certified,,,,,S21: Official request route verified. No request submitted; responsive fields and release are unconfirmed. | S22: Official public-information request page read; no request submitted. | S19: Official program pages and linked June 2025 guidelines read; earlier quarterly reports retained. | S36: 72-page primary report read via web; local PDF download returned 403; underlying interview data access unverified. | S62: Publisher title/abstract metadata located; full page returned 403. No numerical effect extracted; data availability unverified.,"S21: HCD cases, staff and program finances | S22: HCFCD program, acquisition, land and infrastructure records | S19: HCD programs and project areas | S36: Mandatory-buyout residents in Harris County | S62: Experimental study; external to this Harris County application","S21: Request 2010–2024, with later completion dates for censoring | S22: Request historical cohorts and 2024 opening balances | S19: Program-specific; 2024 Q3 and 2025 Q2 reports retained | S36: December 2025 report | S62: 2024 Journal of Economic Behavior & Organization article",,Original 215-entry dictionary,2026-09-10,2026-09-15
Hazard_Perception,Implementation,Proposed auxiliary or input,Perceived likelihood or seriousness of future hazard exposure among eligible residents.,subjective probability/scale,"Use repeated hazard-specific questions, document scale and direction, and relate responses to experience and objective exposure.",Modifies Retreat_Willingness. Reconcile with Perceived_Hazard_Risk before using both.,Requires operational definition or validated proxy,0 to 1 after explicit normalization; retain original measurement scale,Flood experience alone is not perceived probability; do not substitute crime-safety questions.,No complete standalone equation is supplied. Use the stated data derivation as a proposed input method and specify any dynamic response separately.,No standalone equation captured; see stock balance where applicable,Not a stock definition,,unresolved,127,No direct guide input identified,Retreat_Willingness [guide equation reference],Explicit guide relationship or category link; not verified in an executable model,Guide/source-assessment interpretation; derivation and repairs are documented proposals unless a retained transformation is identified,S33 S37 S09,S33: Rice Greater Houston Community Panel (GHCP); S37: Rice Texas Flood Registry; S09: HCFCD flood reports and Harris County Flood Warning System,https://www.kinderudp.org/#/datasetCatalog/oxwq5xg0ewkj,"Required records: Stable property, case and household IDs, eligibility, entry and exit dates, stage/status, disposition, household move and follow-up dates, allocated staff hours and service records.","Stable property, case and household IDs, eligibility, entry and exit dates, stage/status, disposition, household move and follow-up dates, allocated staff hours and service records.",No exact usable input file certified; see source assessment,No exact model transformation certified,,,,,S33: Catalog and 248-page codebook read; codebook downloaded. Public-use data require a request form; no request submitted. Public files omit geocodes. | S37: Institutional page and catalog descriptions read; underlying records/precise access need confirmation. | S09: Official report and gauge pages read; targeted raw series remain to acquire.,"S33: Greater Houston adult respondents; Harris subset/weights must be established | S37: Participating Houston-area residents; public aggregated products | S09: Watershed, gauge and event footprint","S33: 2023–2024 public-use waves; release listed January 9, 2026 | S37: Post-Harvey waves; product-specific | S09: Event reports and gauge-specific records",,Original 215-entry dictionary,2026-09-10,2026-09-15
Initial_Capacity,Implementation,Initial value,Baseline initializer of Support_Services_Capacity retained under the guide's original name.,caseworker FTE,"Derive Support_Services_Capacity for the chosen opening date, then hold that starting value fixed as the stock initializer. Divide assigned productive hours by standard full-time hours for the period; include filled staff and equivalent contracted effort.",Initializes Support_Services_Capacity; it is not a second independently changing stock.,Derived from/reconciled to Support_Services_Capacity,Nonnegative under the declared stock/flow convention; estimates and rates may be fractional,"Retain the original spelling in the audit, but do not create a second independently calibrated variable.",Initializes Support_Services_Capacity; it is not a second independently changing stock. Select one canonical name or input mapping before implementation.,No standalone equation captured; see stock balance where applicable,Not a stock definition,,unresolved,118,No direct guide input identified,Support_Services_Capacity [stock initializer],Explicit guide relationship or category link; not verified in an executable model,Guide/source-assessment interpretation; derivation and repairs are documented proposals unless a retained transformation is identified,S21 S22 S29,"S21: HCD public-records access route; S22: HCFCD public-information access route; S29: Harris County purchasing, contracts and procurement records",https://hcd.harriscountytx.gov/About-Us/Public-Records-Request,"Required records: Stable property, case and household IDs, eligibility, entry and exit dates, stage/status, disposition, household move and follow-up dates, allocated staff hours and service records.","Stable property, case and household IDs, eligibility, entry and exit dates, stage/status, disposition, household move and follow-up dates, allocated staff hours and service records.",No exact usable input file certified; see source assessment,No exact model transformation certified,,,,,S21: Official request route verified. No request submitted; responsive fields and release are unconfirmed. | S22: Official public-information request page read; no request submitted. | S29: Official portal and linked Bonfire/GovQA routes verified; detailed invoice/effort exports not acquired.,"S21: HCD cases, staff and program finances | S22: HCFCD program, acquisition, land and infrastructure records | S29: Contract/project and vendor","S21: Request 2010–2024, with later completion dates for censoring | S22: Request historical cohorts and 2024 opening balances | S29: Award- and invoice-specific",Support_Services_Capacity,Original 215-entry dictionary,2026-09-10,2026-09-15
Legal_Complexity_Factor,Implementation,Proposed auxiliary or input,Processing-duration multiplier associated with legal case complexity.,duration ratio,"Estimate duration ratios for comparable title, lien, probate, tenant and appeal conditions, controlling case stage and administrative capacity.",Increases Processing_Time for more complex cases.,Requires calibration or longitudinal evidence,"Follow a documented instrument, ratio or rubric; range is not established by the variable name",Use case-mix adjustment and censoring; do not apply an arbitrary multiplier to all cases.,No complete standalone equation is supplied. Use the stated data derivation as a proposed input method and specify any dynamic response separately.,No standalone equation captured; see stock balance where applicable,Not a stock definition,,unresolved,128,No direct guide input identified,Processing_Time [guide equation reference],Explicit guide relationship or category link; not verified in an executable model,Guide/source-assessment interpretation; derivation and repairs are documented proposals unless a retained transformation is identified,S21 S22 S55 S19,S21: HCD public-records access route; S22: HCFCD public-information access route; S55: Harris County Clerk real-property records; S19: Harris County HCD buyout guidelines and performance reports,https://hcd.harriscountytx.gov/About-Us/Public-Records-Request,"Required records: Stable property, case and household IDs, eligibility, entry and exit dates, stage/status, disposition, household move and follow-up dates, allocated staff hours and service records.","Stable property, case and household IDs, eligibility, entry and exit dates, stage/status, disposition, household move and follow-up dates, allocated staff hours and service records.",No exact usable input file certified; see source assessment,No exact model transformation certified,,,,,S21: Official request route verified. No request submitted; responsive fields and release are unconfirmed. | S22: Official public-information request page read; no request submitted. | S55: Official search pages read; no bulk instrument acquisition performed. | S19: Official program pages and linked June 2025 guidelines read; earlier quarterly reports retained.,"S21: HCD cases, staff and program finances | S22: HCFCD program, acquisition, land and infrastructure records | S55: Recorded instrument/property | S19: HCD programs and project areas","S21: Request 2010–2024, with later completion dates for censoring | S22: Request historical cohorts and 2024 opening balances | S55: Historical recording dates | S19: Program-specific; 2024 Q3 and 2025 Q2 reports retained",,Original 215-entry dictionary,2026-09-10,2026-09-15
Legal_Obstacles,Implementation,Proposed auxiliary or input,Participation barriers associated with unresolved legal or eligibility issues.,case proportion/severity,Code obstacle types and whether each blocks participation or only delays processing. Estimate a bounded participation penalty separately from Legal_Complexity_Factor.,Reduces Retreat_Willingness in the guide's formulation.,Requires operational definition or validated proxy,0 to 1 after explicit normalization; retain original measurement scale,A count of lawsuits is an incomplete measure and cannot be subtracted from a probability without scaling.,No complete standalone equation is supplied. Use the stated data derivation as a proposed input method and specify any dynamic response separately.,No standalone equation captured; see stock balance where applicable,Not a stock definition,,unresolved,127,No direct guide input identified,Retreat_Willingness [guide equation reference],Explicit guide relationship or category link; not verified in an executable model,Guide/source-assessment interpretation; derivation and repairs are documented proposals unless a retained transformation is identified,S21 S22 S55 S19,S21: HCD public-records access route; S22: HCFCD public-information access route; S55: Harris County Clerk real-property records; S19: Harris County HCD buyout guidelines and performance reports,https://hcd.harriscountytx.gov/About-Us/Public-Records-Request,"Required records: Stable property, case and household IDs, eligibility, entry and exit dates, stage/status, disposition, household move and follow-up dates, allocated staff hours and service records.","Stable property, case and household IDs, eligibility, entry and exit dates, stage/status, disposition, household move and follow-up dates, allocated staff hours and service records.",No exact usable input file certified; see source assessment,No exact model transformation certified,,,,,S21: Official request route verified. No request submitted; responsive fields and release are unconfirmed. | S22: Official public-information request page read; no request submitted. | S55: Official search pages read; no bulk instrument acquisition performed. | S19: Official program pages and linked June 2025 guidelines read; earlier quarterly reports retained.,"S21: HCD cases, staff and program finances | S22: HCFCD program, acquisition, land and infrastructure records | S55: Recorded instrument/property | S19: HCD programs and project areas","S21: Request 2010–2024, with later completion dates for censoring | S22: Request historical cohorts and 2024 opening balances | S55: Historical recording dates | S19: Program-specific; 2024 Q3 and 2025 Q2 reports retained",,Original 215-entry dictionary,2026-09-10,2026-09-15
Proactive_Retreat_Identification,Implementation,Flow referenced by a stock,New properties admitted to the retreat pipeline through proactive screening per year.,properties/year,Count distinct screened properties meeting the declared entry threshold and date. Exclude those already in the pipeline or counted as applications.,Adds properties to Properties_in_Retreat_Pipeline.,Measurement route identified; exact model input not certified,Nonnegative under the declared stock/flow convention; estimates and rates may be fractional,Target-area centroids and expressions of interest are not individually identified eligible properties.,"This flow is named by a stock, but the guide provides no complete equation. Estimate it from the described records or specify a dimensioned response before simulation.",No standalone equation captured; see stock balance where applicable,Not a stock definition,,unresolved,116,No direct guide input identified,Properties_in_Retreat_Pipeline [stock inflow],Explicit guide relationship or category link; not verified in an executable model,Guide/source-assessment interpretation; derivation and repairs are documented proposals unless a retained transformation is identified,S20 S22 S09 S11 S61,"S20: HCFCD voluntary home buyout program; S22: HCFCD public-information access route; S09: HCFCD flood reports and Harris County Flood Warning System; S11: Texas Water Development Board flood planning datasets; S61: Mach et al., Managed retreat through voluntary buyouts of flood-prone properties",https://www.hcfcd.org/Activity/Additional-Programs/Home-Buyout-Program,"Required records: Stable property, case and household IDs, eligibility, entry and exit dates, stage/status, disposition, household move and follow-up dates, allocated staff hours and service records.","Stable property, case and household IDs, eligibility, entry and exit dates, stage/status, disposition, household move and follow-up dates, allocated staff hours and service records.",No exact usable input file certified; see source assessment,No exact model transformation certified,,,,,S20: Official pages read. Detailed longitudinal property records still require a request. | S22: Official public-information request page read; no request submitted. | S09: Official report and gauge pages read; targeted raw series remain to acquire. | S11: Official download and floodplain documentation pages read; candidate additional GIS. | S61: Primary article indexed and abstract/method excerpt located; full-page access returned a browser check. Supplement/data access not verified.,"S20: HCFCD eligible areas and participating properties | S22: HCFCD program, acquisition, land and infrastructure records | S09: Watershed, gauge and event footprint | S11: Statewide; extract Harris County/watersheds | S61: National FEMA-funded voluntary buyouts",S20: Program history/current guidance | S22: Request historical cohorts and 2024 opening balances | S09: Event reports and gauge-specific records | S11: Dataset-specific; 2021 floodplain compilation and planning updates | S61: 2019 research; historical study period,,Original 215-entry dictionary,2026-09-10,2026-09-15
Properties_in_Pipeline,Implementation,Alias,Same quantity of Properties_in_Retreat_Pipeline retained under the guide's original name.,properties,"Use the same definition, units and measurement as Properties_in_Retreat_Pipeline. At each date count distinct cases entered before that date minus completed, withdrawn and otherwise exited cases. Reconcile all status transitions and repeat applications.",Connects guide references to Properties_in_Retreat_Pipeline without creating a duplicate input or stock.,Derived from/reconciled to Properties_in_Retreat_Pipeline,Nonnegative under the declared stock/flow convention; estimates and rates may be fractional,"Retain the original spelling in the audit, but do not create a second independently calibrated variable.",Connects guide references to Properties_in_Retreat_Pipeline without creating a duplicate input or stock. Select one canonical name or input mapping before implementation.,No standalone equation captured; see stock balance where applicable,Not a stock definition,,unresolved,121; 248; 516,No direct guide input identified,Properties_Retreated [guide equation reference],Explicit guide relationship or category link; not verified in an executable model,Guide/source-assessment interpretation; derivation and repairs are documented proposals unless a retained transformation is identified,S21 S22,S21: HCD public-records access route; S22: HCFCD public-information access route,https://hcd.harriscountytx.gov/About-Us/Public-Records-Request,series=pending_acquisition_status_sum; time; value; program_id; designation; quality_flag,"Stable property, case and household IDs, eligibility, entry and exit dates, stage/status, disposition, household move and follow-up dates, allocated staff hours and service records.",data/Calibration_Data.csv,No exact model transformation certified,,,,,S21: Official request route verified. No request submitted; responsive fields and release are unconfirmed. | S22: Official public-information request page read; no request submitted.,"S21: HCD cases, staff and program finances | S22: HCFCD program, acquisition, land and infrastructure records","S21: Request 2010–2024, with later completion dates for censoring | S22: Request historical cohorts and 2024 opening balances",Properties_in_Retreat_Pipeline,Original 215-entry dictionary,2026-09-10,2026-09-15
Retreat_Dropouts,Implementation,Flow referenced by a stock,Property cases leaving the pipeline without completion per year.,properties/year,"Count exits by stable property ID, stage, date and reason. Distinguish withdrawals, denials and refusals, and track re-entry without duplicate active cases.",Drains Properties_in_Retreat_Pipeline and prevents every applicant from being assumed to complete.,Measurement route identified; exact model input not certified,Nonnegative under the declared stock/flow convention; estimates and rates may be fractional,Do not omit rejected or withdrawn cases when estimating willingness or duration.,"This flow is named by a stock, but the guide provides no complete equation. Estimate it from the described records or specify a dimensioned response before simulation.",No standalone equation captured; see stock balance where applicable,Not a stock definition,,unresolved,116,No direct guide input identified,Properties_in_Retreat_Pipeline [stock outflow],Explicit guide relationship or category link; not verified in an executable model,Guide/source-assessment interpretation; derivation and repairs are documented proposals unless a retained transformation is identified,S21 S22,S21: HCD public-records access route; S22: HCFCD public-information access route,https://hcd.harriscountytx.gov/About-Us/Public-Records-Request,"Required records: Stable property, case and household IDs, eligibility, entry and exit dates, stage/status, disposition, household move and follow-up dates, allocated staff hours and service records.","Stable property, case and household IDs, eligibility, entry and exit dates, stage/status, disposition, household move and follow-up dates, allocated staff hours and service records.",No exact usable input file certified; see source assessment,No exact model transformation certified,,,,,S21: Official request route verified. No request submitted; responsive fields and release are unconfirmed. | S22: Official public-information request page read; no request submitted.,"S21: HCD cases, staff and program finances | S22: HCFCD program, acquisition, land and infrastructure records","S21: Request 2010–2024, with later completion dates for censoring | S22: Request historical cohorts and 2024 opening balances",,Original 215-entry dictionary,2026-09-10,2026-09-15
Retreat_Program_Eligibility,Implementation,Proposed auxiliary or input,Eligibility indicator or eligible share for the specific funding opportunity and target universe.,eligible share or indicator,"Apply dated geographic, hazard, ownership, income and program rules to each target record. Divide eligible units by the same target universe if using a share.",Modifies Federal_Funding in the guide and defines who may participate.,Measurement route identified; exact model input not certified,"Follow a documented instrument, ratio or rubric; range is not established by the variable name","Eligibility differs across HCD, HCFCD and funding sources; population vulnerability alone does not determine it.",No complete standalone equation is supplied. Use the stated data derivation as a proposed input method and specify any dynamic response separately.,No standalone equation captured; see stock balance where applicable,Not a stock definition,,unresolved,83,No direct guide input identified,Federal_Funding [guide equation reference],Explicit guide relationship or category link; not verified in an executable model,Guide/source-assessment interpretation; derivation and repairs are documented proposals unless a retained transformation is identified,S19 S20 S21 S24,S19: Harris County HCD buyout guidelines and performance reports; S20: HCFCD voluntary home buyout program; S21: HCD public-records access route; S24: OpenFEMA HMA project-site inventories,https://hcd.harriscountytx.gov/Disaster-Recovery/Buyout-Relocation-Programs,"Required records: Stable property, case and household IDs, eligibility, entry and exit dates, stage/status, disposition, household move and follow-up dates, allocated staff hours and service records.","Stable property, case and household IDs, eligibility, entry and exit dates, stage/status, disposition, household move and follow-up dates, allocated staff hours and service records.",No exact usable input file certified; see source assessment,No exact model transformation certified,,,,,S19: Official program pages and linked June 2025 guidelines read; earlier quarterly reports retained. | S20: Official pages read. Detailed longitudinal property records still require a request. | S21: Official request route verified. No request submitted; responsive fields and release are unconfirmed. | S24: Local API extracts and metadata verified in prior build; landing page returned 403 during source search.,"S19: HCD programs and project areas | S20: HCFCD eligible areas and participating properties | S21: HCD cases, staff and program finances | S24: Mitigation project/site; filter Harris County","S19: Program-specific; 2024 Q3 and 2025 Q2 reports retained | S20: Program history/current guidance | S21: Request 2010–2024, with later completion dates for censoring | S24: API version-specific; retained v1 and older v4 extract",,Original 215-entry dictionary,2026-09-10,2026-09-15
Time_Since_Program_Launch,Implementation,Proposed auxiliary or input,Years elapsed since the defined operational or outreach launch.,years,"Calculate max(0, current_date-launch_date) in years, using the launch event relevant to awareness.",Supplies elapsed time to Program_Awareness.,Measurement route identified; exact model input not certified,Positive duration in years; zero requires a separately specified instantaneous process,"Policy approval, grant award, application opening and first closing are different launch candidates.",No complete standalone equation is supplied. Use the stated data derivation as a proposed input method and specify any dynamic response separately.,No standalone equation captured; see stock balance where applicable,Not a stock definition,,unresolved,129,No direct guide input identified,Program_Awareness [guide equation reference],Explicit guide relationship or category link; not verified in an executable model,Guide/source-assessment interpretation; derivation and repairs are documented proposals unless a retained transformation is identified,S19 S20 S28,"S19: Harris County HCD buyout guidelines and performance reports; S20: HCFCD voluntary home buyout program; S28: Harris County Commissioners Court agendas, minutes and votes",https://hcd.harriscountytx.gov/Disaster-Recovery/Buyout-Relocation-Programs,"Required records: Stable property, case and household IDs, eligibility, entry and exit dates, stage/status, disposition, household move and follow-up dates, allocated staff hours and service records.","Stable property, case and household IDs, eligibility, entry and exit dates, stage/status, disposition, household move and follow-up dates, allocated staff hours and service records.",No exact usable input file certified; see source assessment,No exact model transformation certified,,,,,S19: Official program pages and linked June 2025 guidelines read; earlier quarterly reports retained. | S20: Official pages read. Detailed longitudinal property records still require a request. | S28: Official calendar/archive pages read; additional document coding candidate.,S19: HCD programs and project areas | S20: HCFCD eligible areas and participating properties | S28: County policy decisions,S19: Program-specific; 2024 Q3 and 2025 Q2 reports retained | S20: Program history/current guidance | S28: Dated meetings; current and archived systems,,Original 215-entry dictionary,2026-09-10,2026-09-15
Trust_Factor,Implementation,Derived mapping requiring reconciliation,Normalized process trust used as a participation modifier.,"dimensionless proportion, 0 to 1","If a validated 0 to 100 Community_Trust_in_Process scale is retained, compute trust/100. Confirm the behavioral interpretation before treating the normalized score as a probability modifier.",Connects Community_Trust_in_Process to Retreat_Willingness.,Name or accounting scope requires reconciliation,0 to 1 after explicit normalization; retain original measurement scale,"Retain the original spelling in the audit, but do not create a second independently calibrated variable.",No complete standalone equation is supplied. Use the stated data derivation as a proposed input method and specify any dynamic response separately.,No standalone equation captured; see stock balance where applicable,Not a stock definition,,unresolved,127,No direct guide input identified,Retreat_Willingness [guide equation reference],Explicit guide relationship or category link; not verified in an executable model,Guide/source-assessment interpretation; derivation and repairs are documented proposals unless a retained transformation is identified,S39 S21,S39: OECD Guidelines on Measuring Trust; S21: HCD public-records access route,https://www.oecd.org/en/publications/oecd-guidelines-on-measuring-trust_9789264278219-en.html,"Required records: Stable property, case and household IDs, eligibility, entry and exit dates, stage/status, disposition, household move and follow-up dates, allocated staff hours and service records.","Stable property, case and household IDs, eligibility, entry and exit dates, stage/status, disposition, household move and follow-up dates, allocated staff hours and service records.",No exact usable input file certified; see source assessment,No exact model transformation certified,,,,,S39: Official publication page read; method source. | S21: Official request route verified. No request submitted; responsive fields and release are unconfirmed.,"S39: Survey instrument/method | S21: HCD cases, staff and program finances","S39: 2017 guidelines | S21: Request 2010–2024, with later completion dates for censoring",,Original 215-entry dictionary,2026-09-10,2026-09-15
caseworkers_equivalent,Implementation,Unit label,Unit label expressing support staffing in full-time equivalents.,FTE,Convert assigned hours divided by the organization's full-time-hours standard; store the numeric result under Support_Services_Capacity.,Defines staffing units and prevents treating the unit token as an independent variable.,Category or notation; no independent measurement,Literal unit label; no independent numeric observation,Remove from the empirical-variable count while retaining this audit entry.,"Category, unit or time-index entry; no separate dynamic equation. Defines staffing units and prevents treating the unit token as an independent variable.",No standalone equation captured; see stock balance where applicable,Not a stock definition,,unresolved,118,No direct guide input identified,No downstream equation specified in the guide,Proposed input or output; downstream connection is not fully specified,Guide/source-assessment interpretation; derivation and repairs are documented proposals unless a retained transformation is identified,M01,M01: Ali shared system-dynamics guide and mind map,,"Required records: Stable property, case and household IDs, eligibility, entry and exit dates, stage/status, disposition, household move and follow-up dates, allocated staff hours and service records.","Stable property, case and household IDs, eligibility, entry and exit dates, stage/status, disposition, household move and follow-up dates, allocated staff hours and service records.",No exact usable input file certified; see source assessment,No exact model transformation certified,,,,,M01: Both original files inspected; 215-entry dictionary reconciled against full guide.,M01: Generic model requiring Harris County localization,"M01: DOCX guide; mind map dated October 15, 2024",,Original 215-entry dictionary,2026-09-10,2026-09-15
Community_Retreat_Demand,Implementation,Proposed auxiliary or input,Number of households or properties seeking retreat within one defined community.,households/properties by community,"Count unique expressions of interest, eligible applications and verified need separately. Choose one matching unit and period for regional aggregation.",Supplies community-level values for Regional_Retreat_Pressure.,Measurement route identified; exact model input not certified,Nonnegative under the declared stock/flow convention; estimates and rates may be fractional,Observed applications are constrained by awareness and eligibility and do not equal latent demand.,No complete standalone equation is supplied. Use the stated data derivation as a proposed input method and specify any dynamic response separately.,No standalone equation captured; see stock balance where applicable,Not a stock definition,,,348,No direct guide input identified,Regional_Retreat_Pressure [guide equation reference],Explicit guide relationship or category link; not verified in an executable model,Guide/source-assessment interpretation; derivation and repairs are documented proposals unless a retained transformation is identified,S21 S22 S20,S21: HCD public-records access route; S22: HCFCD public-information access route; S20: HCFCD voluntary home buyout program,https://hcd.harriscountytx.gov/About-Us/Public-Records-Request,"Required records: Stable property, case and household IDs, eligibility, entry and exit dates, stage/status, disposition, household move and follow-up dates, allocated staff hours and service records.","Stable property, case and household IDs, eligibility, entry and exit dates, stage/status, disposition, household move and follow-up dates, allocated staff hours and service records.",No exact usable input file certified; see source assessment,No exact model transformation certified,,,,,S21: Official request route verified. No request submitted; responsive fields and release are unconfirmed. | S22: Official public-information request page read; no request submitted. | S20: Official pages read. Detailed longitudinal property records still require a request.,"S21: HCD cases, staff and program finances | S22: HCFCD program, acquisition, land and infrastructure records | S20: HCFCD eligible areas and participating properties","S21: Request 2010–2024, with later completion dates for censoring | S22: Request historical cohorts and 2024 opening balances | S20: Program history/current guidance",,Additional guide/configuration entry,2026-09-10,2026-09-15
Compensation_Attractiveness_Lookup,Implementation,Lookup table,Table mapping a defined compensation ratio to an attractiveness score.,input-output table,Store ordered ratio-score pairs and fit from observed decisions or stated-choice evidence. Existing guide points are assumed; retain interpolation and endpoint rules.,Supplies Compensation_Attractiveness.,Illustrative guide lookup; not fitted,"Follow a documented instrument, ratio or rubric; range is not established by the variable name",Guide control points remain assumptions until fitted; cannot infer the curve using only completed buyouts.,Guide relationship is preserved in the equation field. Its coefficients or scales require validation against the derivation described here.,"Guide paragraph 530: Compensation_Attractiveness_Lookup(
[(0.5,0)-(2,1)],
(0.8,0.1),(0.9,0.3),(1.0,0.5),(1.1,0.65),(1.2,0.8),(1.5,0.95))",Not a stock definition,,,256; 529; 530,No direct guide input identified,Compensation_Attractiveness [guide equation reference],Explicit guide relationship or category link; not verified in an executable model,Guide/source-assessment interpretation; derivation and repairs are documented proposals unless a retained transformation is identified,S21 S22 S19 S36 S62,"S21: HCD public-records access route; S22: HCFCD public-information access route; S19: Harris County HCD buyout guidelines and performance reports; S36: Texas A&M / Texas Appleseed Harris County Home Buyout Study, Phase 1; S62: Addressing coordination problems in residential buyouts: experimental evidence",https://hcd.harriscountytx.gov/About-Us/Public-Records-Request,lookup_name; input_value; output_value; interpolation; below_range; above_range; evidence_status,"Stable property, case and household IDs, eligibility, entry and exit dates, stage/status, disposition, household move and follow-up dates, allocated staff hours and service records.",data/Lookup_Tables.csv,No exact model transformation certified,,,,,S21: Official request route verified. No request submitted; responsive fields and release are unconfirmed. | S22: Official public-information request page read; no request submitted. | S19: Official program pages and linked June 2025 guidelines read; earlier quarterly reports retained. | S36: 72-page primary report read via web; local PDF download returned 403; underlying interview data access unverified. | S62: Publisher title/abstract metadata located; full page returned 403. No numerical effect extracted; data availability unverified.,"S21: HCD cases, staff and program finances | S22: HCFCD program, acquisition, land and infrastructure records | S19: HCD programs and project areas | S36: Mandatory-buyout residents in Harris County | S62: Experimental study; external to this Harris County application","S21: Request 2010–2024, with later completion dates for censoring | S22: Request historical cohorts and 2024 opening balances | S19: Program-specific; 2024 Q3 and 2025 Q2 reports retained | S36: December 2025 report | S62: 2024 Journal of Economic Behavior & Organization article",,Additional guide/configuration entry,2026-09-10,2026-09-15
Receiving_Area_Housing_Availability,Implementation,Proposed auxiliary or input,"Supply of suitable, affordable and accessible destination housing for relocating households.",suitable units or choice ratio,"Match available units to household size, affordability, accessibility, location and hazard constraints. Report suitable units or units per seeking household.",Constrains the feasibility of successful relocation; the guide names the relationship without a full equation.,Requires operational definition or validated proxy,"Follow a documented instrument, ratio or rubric; range is not established by the variable name","Vacancy, affordability and current availability differ; USPS access is restricted and CHAS is not an active listing inventory.",No complete standalone equation is supplied. Use the stated data derivation as a proposed input method and specify any dynamic response separately.,No standalone equation captured; see stock balance where applicable,Not a stock definition,,,123,No direct guide input identified,Relocation_Success_Rate [named conceptual determinant],Explicit guide relationship or category link; not verified in an executable model,Guide/source-assessment interpretation; derivation and repairs are documented proposals unless a retained transformation is identified,S01 S17 S18 S35 S21,"S01: Census American Community Survey, detailed tables; S17: HUD Comprehensive Housing Affordability Strategy data; S18: HUD aggregated USPS vacancy data; S35: Texas A&M IDRT / OneGulf buyout fiscal and social implications project; S21: HCD public-records access route",https://api.census.gov/data/2024/acs/acs5/groups.html,"Required records: Stable property, case and household IDs, eligibility, entry and exit dates, stage/status, disposition, household move and follow-up dates, allocated staff hours and service records.","Stable property, case and household IDs, eligibility, entry and exit dates, stage/status, disposition, household move and follow-up dates, allocated staff hours and service records.",No exact usable input file certified; see source assessment,No exact model transformation certified,,,,,"S01: Official metadata read. Many 2024 tables and a harmonized historical panel already retained; additional tables require retrieval. | S17: Official download/documentation read; bulk files available; API requires a token. | S18: Official page read. Access restricted to eligible users; not an unrestricted public download. | S35: Institutional project description verified; dashboard exists but underlying exports, completeness and reuse terms are unverified. | S21: Official request route verified. No request submitted; responsive fields and release are unconfirmed.","S01: County, tract; some block-group tables | S17: County, place, tract and other published areas | S18: Census tract | S35: Historical Harris County buyouts and destination block groups | S21: HCD cases, staff and program finances","S01: Annual 5-year releases; target 2010–2024 | S17: ACS-based multi-year releases | S18: Quarterly, subject to authorized access | S35: Coverage years not verified from underlying data | S21: Request 2010–2024, with later completion dates for censoring",,Additional guide/configuration entry,2026-09-10,2026-09-15
Regional_Retreat_Pressure,Implementation,Auxiliary or delayed quantity,Aggregate retreat demand across nonoverlapping communities.,households/properties,Sum Community_Retreat_Demand after reconciling household or property IDs and geographic overlaps. Use a separate denominator if expressing pressure relative to capacity.,Supports regional coordination and receiving-area planning in the optional spatial extension.,Calculated once compatible inputs and definitions are supplied,Nonnegative under the declared stock/flow convention; estimates and rates may be fractional,Nested community totals and multiple applications can otherwise duplicate households/properties.,"Guide relationship is preserved in the equation field. Reconcile units, bounds and input definitions before execution.",Guide paragraph 348: SUM(Community_Retreat_Demand[Community]),Not a stock definition,,,348,Community [guide equation reference]; Community_Retreat_Demand [guide equation reference],No downstream equation specified in the guide,Proposed input or output; downstream connection is not fully specified,Guide/source-assessment interpretation; derivation and repairs are documented proposals unless a retained transformation is identified,S21 S22 S15 M01,S21: HCD public-records access route; S22: HCFCD public-information access route; S15: Houston-Galveston Area Council forecasts and land cover; M01: Ali shared system-dynamics guide and mind map,https://hcd.harriscountytx.gov/About-Us/Public-Records-Request,"Required records: Stable property, case and household IDs, eligibility, entry and exit dates, stage/status, disposition, household move and follow-up dates, allocated staff hours and service records.","Stable property, case and household IDs, eligibility, entry and exit dates, stage/status, disposition, household move and follow-up dates, allocated staff hours and service records.",No exact usable input file certified; see source assessment,No exact model transformation certified,,,,,S21: Official request route verified. No request submitted; responsive fields and release are unconfirmed. | S22: Official public-information request page read; no request submitted. | S15: Official pages checked; local forecast and changed-parcel extracts retained; some GIS uses a request form. | M01: Both original files inspected; 215-entry dictionary reconciled against full guide.,"S21: HCD cases, staff and program finances | S22: HCFCD program, acquisition, land and infrastructure records | S15: Region, tract/forecast zones and parcels | M01: Generic model requiring Harris County localization","S21: Request 2010–2024, with later completion dates for censoring | S22: Request historical cohorts and 2024 opening balances | S15: Existing forecast/land-change files; horizon varies by edition | M01: DOCX guide; mind map dated October 15, 2024",,Additional guide/configuration entry,2026-09-10,2026-09-15
Relocation_Support_Services,Implementation,Proposed auxiliary or input,Support actually delivered to households during relocation.,service units/coverage,"Count dated housing-search, case-management, moving, transport and other service units by household. Calculate coverage or dose with an eligible denominator.",Supplies a conceptual determinant of Relocation_Success_Rate.,Measurement route identified; exact model input not certified,"Follow a documented instrument, ratio or rubric; range is not established by the variable name","Offered, referred, received and adequate support are separate measures.",No complete standalone equation is supplied. Use the stated data derivation as a proposed input method and specify any dynamic response separately.,No standalone equation captured; see stock balance where applicable,Not a stock definition,,,124,No direct guide input identified,Relocation_Success_Rate [named conceptual determinant],Explicit guide relationship or category link; not verified in an executable model,Guide/source-assessment interpretation; derivation and repairs are documented proposals unless a retained transformation is identified,S21 S22 S29 S43,"S21: HCD public-records access route; S22: HCFCD public-information access route; S29: Harris County purchasing, contracts and procurement records; S43: SAMHSA National Substance Use and Mental Health Services Survey",https://hcd.harriscountytx.gov/About-Us/Public-Records-Request,"Required records: Stable property, case and household IDs, eligibility, entry and exit dates, stage/status, disposition, household move and follow-up dates, allocated staff hours and service records.","Stable property, case and household IDs, eligibility, entry and exit dates, stage/status, disposition, household move and follow-up dates, allocated staff hours and service records.",No exact usable input file certified; see source assessment,No exact model transformation certified,,,,,S21: Official request route verified. No request submitted; responsive fields and release are unconfirmed. | S22: Official public-information request page read; no request submitted. | S29: Official portal and linked Bonfire/GovQA routes verified; detailed invoice/effort exports not acquired. | S43: Official datafiles page read; extract not acquired.,"S21: HCD cases, staff and program finances | S22: HCFCD program, acquisition, land and infrastructure records | S29: Contract/project and vendor | S43: Treatment facilities and available published geographies","S21: Request 2010–2024, with later completion dates for censoring | S22: Request historical cohorts and 2024 opening balances | S29: Award- and invoice-specific | S43: Annual; 2024 files listed",,Additional guide/configuration entry,2026-09-10,2026-09-15
Retreat_Program_Active,Implementation,Auxiliary or delayed quantity,Whether the program is operational for the relevant place and time.,"0 or 1 by program, place and time","Build a dated operational indicator from launch and closure records. For scenarios evaluate the chosen disaster, policy or petition trigger.",Provides the program activation switch; connect it explicitly to applications and proactive entries.,Measurement route identified; exact model input not certified,0 or 1; missing status is not zero,A formal policy or available grant does not establish active applications and delivery. See the simulation relationship for the required equation review.,Connect the activation result to entry flows explicitly. Translate category labels to the actual Vensim configuration and define trigger duration and reopening rules.,"Guide paragraph 184: IF THEN ELSE(
Trigger_Type = ""Reactive_Disaster"",
IF THEN ELSE(Recent_Major_Disaster > 0, 1, 0),
IF THEN ELSE(Trigger_Type = ""Proactive_Policy"",
IF THEN ELSE(Policy_Stimulus_Present = 1 AND Funding_Available > Threshold, 1, 0),
IF THEN ELSE(Trigger_Type = ""Community_Request"",
IF THEN ELSE(Community_Petition_Threshold_Met = 1, 1, 0),
0)))",Not a stock definition,,,184,Community_Petition_Threshold_Met [guide equation reference]; Funding_Available [guide equation reference]; Policy_Stimulus_Present [guide equation reference]; Recent_Major_Disaster [guide equation reference]; Threshold [guide equation reference]; Trigger_Type [guide equation reference],No downstream equation specified in the guide,Proposed input or output; downstream connection is not fully specified,Guide/source-assessment interpretation; derivation and repairs are documented proposals unless a retained transformation is identified,S19 S20 S21 S28,"S19: Harris County HCD buyout guidelines and performance reports; S20: HCFCD voluntary home buyout program; S21: HCD public-records access route; S28: Harris County Commissioners Court agendas, minutes and votes",https://hcd.harriscountytx.gov/Disaster-Recovery/Buyout-Relocation-Programs,"Required records: Stable property, case and household IDs, eligibility, entry and exit dates, stage/status, disposition, household move and follow-up dates, allocated staff hours and service records.","Stable property, case and household IDs, eligibility, entry and exit dates, stage/status, disposition, household move and follow-up dates, allocated staff hours and service records.",No exact usable input file certified; see source assessment,No exact model transformation certified,,,,,S19: Official program pages and linked June 2025 guidelines read; earlier quarterly reports retained. | S20: Official pages read. Detailed longitudinal property records still require a request. | S21: Official request route verified. No request submitted; responsive fields and release are unconfirmed. | S28: Official calendar/archive pages read; additional document coding candidate.,"S19: HCD programs and project areas | S20: HCFCD eligible areas and participating properties | S21: HCD cases, staff and program finances | S28: County policy decisions","S19: Program-specific; 2024 Q3 and 2025 Q2 reports retained | S20: Program history/current guidance | S21: Request 2010–2024, with later completion dates for censoring | S28: Dated meetings; current and archived systems",,Additional guide/configuration entry,2026-09-10,2026-09-15
Equity_Index,Equity,Stock,"Defined summary of disparities in program access, process, assistance and outcomes.",equity points on a defined 0 to 100 scale,"Specify indicators, group comparisons, direction, normalization and weights before constructing a 0 to 100 score. Publish its components and validate interpretation with affected groups.",Tracks equity over time and supplies an optional constraint on policy choices.,Retained stock initial value: unavailable,0 to 100 on the specified scale; out-of-range values require review,"SVI is vulnerability, not achieved equity. Composite weights and normative targets require explicit choices.","Stock balance reconstructed from the guide INFLOWS, OUTFLOWS and INITIAL VALUE fields: INTEG(Equity_Improvements - Equity_Degradation, 50). Check initial scope and stock bounds.",No standalone equation captured; see stock balance where applicable,"INTEG(Equity_Improvements - Equity_Degradation, 50)",50,dimensionless (0-100),136; 140; 363,Equity_Improvements [stock inflow]; Equity_Degradation [stock outflow],Equity_Improvements [guide equation reference],Explicit guide relationship or category link; not verified in an executable model,Guide/source-assessment interpretation; derivation and repairs are documented proposals unless a retained transformation is identified,S21 S22 S17 S42 S36,"S21: HCD public-records access route; S22: HCFCD public-information access route; S17: HUD Comprehensive Housing Affordability Strategy data; S42: CDC/ATSDR Social Vulnerability Index; S36: Texas A&M / Texas Appleseed Harris County Home Buyout Study, Phase 1",https://hcd.harriscountytx.gov/About-Us/Public-Records-Request,"Required records: Household/person ID, explicit group definitions, joint vulnerability flags, eligible need, assistance components, repeated outcomes, survey weights, item coding and follow-up completeness.","Household/person ID, explicit group definitions, joint vulnerability flags, eligible need, assistance components, repeated outcomes, survey weights, item coding and follow-up completeness.",data/Initial_Conditions.csv (opening-value record; missing values remain missing),No defensible countywide 2024 measurement. See Gap_Queue.csv.,,dimensionless (0-100),unavailable,No defensible countywide 2024 measurement. See Gap_Queue.csv.,S21: Official request route verified. No request submitted; responsive fields and release are unconfirmed. | S22: Official public-information request page read; no request submitted. | S17: Official download/documentation read; bulk files available; API requires a token. | S42: Official data/documentation read; optional comparator not newly acquired. | S36: 72-page primary report read via web; local PDF download returned 403; underlying interview data access unverified.,"S21: HCD cases, staff and program finances | S22: HCFCD program, acquisition, land and infrastructure records | S17: County, place, tract and other published areas | S42: Census tract/county | S36: Mandatory-buyout residents in Harris County","S21: Request 2010–2024, with later completion dates for censoring | S22: Request historical cohorts and 2024 opening balances | S17: ACS-based multi-year releases | S42: 2022 edition and historical editions | S36: December 2025 report",,Original 215-entry dictionary,2026-09-10,2026-09-15
Vulnerable_Population_Wellbeing,Equity,Stock,Mean wellbeing of the explicitly defined vulnerable population.,chosen wellbeing scale,"GHCP g2404_satlife is coded 1 to 7. Verify score direction, then a proposed 0-to-100 transform is 100*(x-1)/6. Calculate the weighted mean within the defined vulnerable group, retain missing responses and validate the choice of a single-item wellbeing proxy.",Tracks distributional outcomes as wellbeing improves or declines.,Retained stock initial value: unavailable,Nonnegative under the declared stock/flow convention; estimates and rates may be fractional,"Life satisfaction, clinical distress and area-level health prevalence are different constructs.","Stock balance reconstructed from the guide INFLOWS, OUTFLOWS and INITIAL VALUE fields: INTEG(Wellbeing_Improvements - Wellbeing_Decline, Initial_Wellbeing). Check initial scope and stock bounds.",No standalone equation captured; see stock balance where applicable,"INTEG(Wellbeing_Improvements - Wellbeing_Decline, Initial_Wellbeing)",Initial_Wellbeing,dimensionless (0-100),137,Wellbeing_Improvements [stock inflow]; Wellbeing_Decline [stock outflow]; Initial_Wellbeing [stock initializer],No downstream equation specified in the guide,Stock balance specified; downstream use may be a reported outcome or conceptual link,Guide/source-assessment interpretation; derivation and repairs are documented proposals unless a retained transformation is identified,S33 S40 S41 S44,S33: Rice Greater Houston Community Panel (GHCP); S40: WHO-5 Well-Being Index; S41: CDC PLACES; S44: Harris County Public Health reports and dashboards,https://www.kinderudp.org/#/datasetCatalog/oxwq5xg0ewkj,Candidate field: g2404_satlife and g2404_rweight. Codebook only; microdata not acquired.,"Household/person ID, explicit group definitions, joint vulnerability flags, eligible need, assistance components, repeated outcomes, survey weights, item coding and follow-up completeness.",reports/2026-09-10_Variable_Source_Assessment/research/GHCP_2023_2024_User_Guide.pdf,No defensible countywide 2024 measurement. See Gap_Queue.csv.,,dimensionless (0-100),unavailable,No defensible countywide 2024 measurement. See Gap_Queue.csv.,S33: Catalog and 248-page codebook read; codebook downloaded. Public-use data require a request form; no request submitted. Public files omit geocodes. | S40: Official instrument page read; no local survey administered. | S41: Official portal and measure definitions read; data not acquired. | S44: Official reports page read; candidate reports identified.,"S33: Greater Houston adult respondents; Harris subset/weights must be established | S40: Individual survey instrument | S41: County, place and tract estimates | S44: Report-specific county/city/subcounty coverage","S33: 2023–2024 public-use waves; release listed January 9, 2026 | S40: 2024 publication; two-week recall | S41: Annual releases; underlying survey years differ | S44: Assessment/report-specific",,Original 215-entry dictionary,2026-09-10,2026-09-15
Community_Psychosocial_Stress,Equity,Stock,Level of psychological distress in the defined affected population.,distress score; guide 0 to 100 transformation unresolved,"Sum the six g2404 K6 items scored 0 to 4 to obtain 0 to 24 for complete respondents; missing responses remain missing. Compute a g2404_rweight-weighted mean. If the guide needs 0 to 100, use 100*mean_K6/24 as an explicit rescaling.",Stores distress and responds to Stress_Accumulation and Stress_Relief.,Retained stock initial value: unavailable,0 to 100 on the specified scale; out-of-range values require review,"K6 is 0–24; a 0–100 rescaling is an operational choice, not the guide's calibrated state variable.","Stock balance reconstructed from the guide INFLOWS, OUTFLOWS and INITIAL VALUE fields: INTEG(Stress_Accumulation - Stress_Relief, 30). Check initial scope and stock bounds.",No standalone equation captured; see stock balance where applicable,"INTEG(Stress_Accumulation - Stress_Relief, 30)",30,dimensionless (0-100),138; 142,Stress_Accumulation [stock inflow]; Stress_Relief [stock outflow],Stress_Relief [guide equation reference],Explicit guide relationship or category link; not verified in an executable model,Guide/source-assessment interpretation; derivation and repairs are documented proposals unless a retained transformation is identified,S33 S41 S37,S33: Rice Greater Houston Community Panel (GHCP); S41: CDC PLACES; S37: Rice Texas Flood Registry,https://www.kinderudp.org/#/datasetCatalog/oxwq5xg0ewkj,Candidate fields: g2404_nervous; g2404_hopeless; g2404_restless; g2404_depressed; g2404_effort; g2404_worthless; g2404_rweight. Codebook only; microdata not acquired.,"Household/person ID, explicit group definitions, joint vulnerability flags, eligible need, assistance components, repeated outcomes, survey weights, item coding and follow-up completeness.",reports/2026-09-10_Variable_Source_Assessment/research/GHCP_2023_2024_User_Guide.pdf,No defensible countywide 2024 measurement. See Gap_Queue.csv.,,dimensionless (0-100),unavailable,No defensible countywide 2024 measurement. See Gap_Queue.csv.,S33: Catalog and 248-page codebook read; codebook downloaded. Public-use data require a request form; no request submitted. Public files omit geocodes. | S41: Official portal and measure definitions read; data not acquired. | S37: Institutional page and catalog descriptions read; underlying records/precise access need confirmation.,"S33: Greater Houston adult respondents; Harris subset/weights must be established | S41: County, place and tract estimates | S37: Participating Houston-area residents; public aggregated products","S33: 2023–2024 public-use waves; release listed January 9, 2026 | S41: Annual releases; underlying survey years differ | S37: Post-Harvey waves; product-specific",,Original 215-entry dictionary,2026-09-10,2026-09-15
Equity_Improvements,Equity,Flow; guide labels AUX,Annual improvement in the selected equity score.,equity points/year,Measure narrowing of defined disparities after policy or support changes. Estimate gains in index points per year; the guide's coefficient is not an observed effect.,Fills Equity_Index even though the guide labels the variable AUX.,Requires calibration or longitudinal evidence,Nonnegative under the declared stock/flow convention; estimates and rates may be fractional,Listed as auxiliary in dictionary but used as a stock flow; revise role and validate the rate relationship. See the simulation relationship for the required equation review.,Treat as an inflow to Equity_Index despite the AUX label. Express the response coefficient in 1/year after normalizing policy coverage and support.,Guide paragraph 140: Equity_Policies_Implemented * Vulnerable_Population_Support * (100 - Equity_Index) * 0.1,Not a stock definition,,units/year,136; 140,Equity_Index [guide equation reference]; Equity_Policies_Implemented [guide equation reference]; Vulnerable_Population_Support [guide equation reference],Equity_Index [stock inflow],Explicit guide relationship or category link; not verified in an executable model,Guide/source-assessment interpretation; derivation and repairs are documented proposals unless a retained transformation is identified,S21 S22 S36,"S21: HCD public-records access route; S22: HCFCD public-information access route; S36: Texas A&M / Texas Appleseed Harris County Home Buyout Study, Phase 1",https://hcd.harriscountytx.gov/About-Us/Public-Records-Request,"Required records: Household/person ID, explicit group definitions, joint vulnerability flags, eligible need, assistance components, repeated outcomes, survey weights, item coding and follow-up completeness.","Household/person ID, explicit group definitions, joint vulnerability flags, eligible need, assistance components, repeated outcomes, survey weights, item coding and follow-up completeness.",No exact usable input file certified; see source assessment,No exact model transformation certified,,,,,S21: Official request route verified. No request submitted; responsive fields and release are unconfirmed. | S22: Official public-information request page read; no request submitted. | S36: 72-page primary report read via web; local PDF download returned 403; underlying interview data access unverified.,"S21: HCD cases, staff and program finances | S22: HCFCD program, acquisition, land and infrastructure records | S36: Mandatory-buyout residents in Harris County","S21: Request 2010–2024, with later completion dates for censoring | S22: Request historical cohorts and 2024 opening balances | S36: December 2025 report",,Original 215-entry dictionary,2026-09-10,2026-09-15
Wellbeing_Decline,Equity,Flow,Annual reduction in the selected wellbeing score.,wellbeing points/year,"Estimate repeated negative changes and attributable components from displacement, service-access loss and cultural loss. Convert every component to the same index-points-per-year scale.",Drains Vulnerable_Population_Wellbeing.,Requires calibration or longitudinal evidence,Nonnegative under the declared stock/flow convention; estimates and rates may be fractional,"Do not sum incompatible household, index and site units; association is not necessarily a displacement effect. See the simulation relationship for the required equation review.","Convert displacement, service-access and cultural-loss components to the same wellbeing-points/year scale. Aggregate household impacts using the appropriate cohort denominator.",Guide paragraph 141: Displacement_Rate * Displacement_Impact + Service_Access_Loss + Cultural_Heritage_Loss,Not a stock definition,,units/year,137; 141,Cultural_Heritage_Loss [guide equation reference]; Displacement_Impact [guide equation reference]; Displacement_Rate [guide equation reference]; Service_Access_Loss [guide equation reference],Vulnerable_Population_Wellbeing [stock outflow],Explicit guide relationship or category link; not verified in an executable model,Guide/source-assessment interpretation; derivation and repairs are documented proposals unless a retained transformation is identified,S33 S36 S37 S40,"S33: Rice Greater Houston Community Panel (GHCP); S36: Texas A&M / Texas Appleseed Harris County Home Buyout Study, Phase 1; S37: Rice Texas Flood Registry; S40: WHO-5 Well-Being Index",https://www.kinderudp.org/#/datasetCatalog/oxwq5xg0ewkj,"Required records: Household/person ID, explicit group definitions, joint vulnerability flags, eligible need, assistance components, repeated outcomes, survey weights, item coding and follow-up completeness.","Household/person ID, explicit group definitions, joint vulnerability flags, eligible need, assistance components, repeated outcomes, survey weights, item coding and follow-up completeness.",No exact usable input file certified; see source assessment,No exact model transformation certified,,,,,S33: Catalog and 248-page codebook read; codebook downloaded. Public-use data require a request form; no request submitted. Public files omit geocodes. | S36: 72-page primary report read via web; local PDF download returned 403; underlying interview data access unverified. | S37: Institutional page and catalog descriptions read; underlying records/precise access need confirmation. | S40: Official instrument page read; no local survey administered.,S33: Greater Houston adult respondents; Harris subset/weights must be established | S36: Mandatory-buyout residents in Harris County | S37: Participating Houston-area residents; public aggregated products | S40: Individual survey instrument,"S33: 2023–2024 public-use waves; release listed January 9, 2026 | S36: December 2025 report | S37: Post-Harvey waves; product-specific | S40: 2024 publication; two-week recall",,Original 215-entry dictionary,2026-09-10,2026-09-15
Stress_Relief,Equity,Flow,Reduction in the selected distress score per year.,stress points/year,"Link service dose and access to repeated distress measurements, accounting for baseline severity and time. Estimate a compatible per-year reduction relationship.",Drains Community_Psychosocial_Stress.,Requires calibration or longitudinal evidence,Nonnegative under the declared stock/flow convention; estimates and rates may be fractional,The guide 0.15 coefficient is illustrative; counseling receipt is selected by need. See the simulation relationship for the required equation review.,Use a defined service-coverage or dose measure and a calibrated per-year response. Do not multiply counselor FTE or appointment counts directly by an unexplained index coefficient.,Guide paragraph 142: Psychosocial_Support_Capacity * Support_Effectiveness * Community_Psychosocial_Stress * 0.15,Not a stock definition,,units/year,138; 142,Community_Psychosocial_Stress [guide equation reference]; Psychosocial_Support_Capacity [guide equation reference]; Support_Effectiveness [guide equation reference],Community_Psychosocial_Stress [stock outflow],Explicit guide relationship or category link; not verified in an executable model,Guide/source-assessment interpretation; derivation and repairs are documented proposals unless a retained transformation is identified,S33 S40 S21 S43,S33: Rice Greater Houston Community Panel (GHCP); S40: WHO-5 Well-Being Index; S21: HCD public-records access route; S43: SAMHSA National Substance Use and Mental Health Services Survey,https://www.kinderudp.org/#/datasetCatalog/oxwq5xg0ewkj,"Required records: Household/person ID, explicit group definitions, joint vulnerability flags, eligible need, assistance components, repeated outcomes, survey weights, item coding and follow-up completeness.","Household/person ID, explicit group definitions, joint vulnerability flags, eligible need, assistance components, repeated outcomes, survey weights, item coding and follow-up completeness.",No exact usable input file certified; see source assessment,No exact model transformation certified,,,,,S33: Catalog and 248-page codebook read; codebook downloaded. Public-use data require a request form; no request submitted. Public files omit geocodes. | S40: Official instrument page read; no local survey administered. | S21: Official request route verified. No request submitted; responsive fields and release are unconfirmed. | S43: Official datafiles page read; extract not acquired.,"S33: Greater Houston adult respondents; Harris subset/weights must be established | S40: Individual survey instrument | S21: HCD cases, staff and program finances | S43: Treatment facilities and available published geographies","S33: 2023–2024 public-use waves; release listed January 9, 2026 | S40: 2024 publication; two-week recall | S21: Request 2010–2024, with later completion dates for censoring | S43: Annual; 2024 files listed",,Original 215-entry dictionary,2026-09-10,2026-09-15
Equity_in_Compensation,Equity,Auxiliary or delayed quantity,Comparison of assistance adequacy between owner and renter households.,need-adjusted gap/ratio,"Calculate group-specific assistance relative to eligible losses or rehousing need, then compare those adequacy ratios. Retain the guide's raw-dollar similarity only as a separately labeled descriptive measure.",Evaluates distribution of compensation without treating equal purchase and rental payments as equivalent outcomes.,Requires operational definition or validated proxy,"Follow a documented instrument, ratio or rubric; range is not established by the variable name",Equal dollar payments do not imply equity: asset purchase and tenant relocation aid compensate different things. See the simulation relationship for the required equation review.,The guide formula measures similarity of dollar amounts. For an equity outcome compare assistance-to-need ratios by group; handle a zero combined denominator explicitly.,Guide paragraph 144: 1 - ABS(Homeowner_Compensation_Avg - Renter_Compensation_Avg) / (Homeowner_Compensation_Avg + Renter_Compensation_Avg),Not a stock definition,,dimensionless (0-1),144,Homeowner_Compensation_Avg [guide equation reference]; Renter_Compensation_Avg [guide equation reference],No downstream equation specified in the guide,Proposed input or output; downstream connection is not fully specified,Guide/source-assessment interpretation; derivation and repairs are documented proposals unless a retained transformation is identified,S21 S22 S19,S21: HCD public-records access route; S22: HCFCD public-information access route; S19: Harris County HCD buyout guidelines and performance reports,https://hcd.harriscountytx.gov/About-Us/Public-Records-Request,"Required records: Household/person ID, explicit group definitions, joint vulnerability flags, eligible need, assistance components, repeated outcomes, survey weights, item coding and follow-up completeness.","Household/person ID, explicit group definitions, joint vulnerability flags, eligible need, assistance components, repeated outcomes, survey weights, item coding and follow-up completeness.",No exact usable input file certified; see source assessment,No exact model transformation certified,,,,,S21: Official request route verified. No request submitted; responsive fields and release are unconfirmed. | S22: Official public-information request page read; no request submitted. | S19: Official program pages and linked June 2025 guidelines read; earlier quarterly reports retained.,"S21: HCD cases, staff and program finances | S22: HCFCD program, acquisition, land and infrastructure records | S19: HCD programs and project areas","S21: Request 2010–2024, with later completion dates for censoring | S22: Request historical cohorts and 2024 opening balances | S19: Program-specific; 2024 Q3 and 2025 Q2 reports retained",,Original 215-entry dictionary,2026-09-10,2026-09-15
Vulnerable_Population_Share,Equity,Auxiliary or delayed quantity,Share of households meeting at least one stated vulnerability criterion.,proportion,"In joint household data flag each condition, take the logical OR across conditions, and divide the weighted qualifying count by all eligible households. Do not sum overlapping marginals.",Quantifies the affected support-need population without double counting households.,Requires operational definition or validated proxy,0 to 1 after explicit normalization; retain original measurement scale,"Adding low-income, older, disabled and racialized household counts double counts overlapping households. See the simulation relationship for the required equation review.","Calculate the household-level union of vulnerability flags with consistent weights, or present separate marginal indicators. Adding marginals can exceed one.",Guide paragraph 145: (Low_Income_Households + Elderly_Households + Disabled_Households + Racialized_Households) / Total_Households,Not a stock definition,,dimensionless (0-1),145,Disabled_Households [guide equation reference]; Elderly_Households [guide equation reference]; Low_Income_Households [guide equation reference]; Racialized_Households [guide equation reference]; Total_Households [guide equation reference],No downstream equation specified in the guide,Proposed input or output; downstream connection is not fully specified,Guide/source-assessment interpretation; derivation and repairs are documented proposals unless a retained transformation is identified,S03 S01 S17,"S03: Census ACS Public Use Microdata Sample; S01: Census American Community Survey, detailed tables; S17: HUD Comprehensive Housing Affordability Strategy data",https://www.census.gov/programs-surveys/acs/microdata.html,"Required records: Household/person ID, explicit group definitions, joint vulnerability flags, eligible need, assistance components, repeated outcomes, survey weights, item coding and follow-up completeness.","Household/person ID, explicit group definitions, joint vulnerability flags, eligible need, assistance components, repeated outcomes, survey weights, item coding and follow-up completeness.",No exact usable input file certified; see source assessment,No exact model transformation certified,,,,,S03: Official access page read; microdata not acquired. | S01: Official metadata read. Many 2024 tables and a harmonized historical panel already retained; additional tables require retrieval. | S17: Official download/documentation read; bulk files available; API requires a token.,"S03: PUMA; derive county only where boundaries support it | S01: County, tract; some block-group tables | S17: County, place, tract and other published areas",S03: Annual 1-year and 5-year releases | S01: Annual 5-year releases; target 2010–2024 | S17: ACS-based multi-year releases,,Original 215-entry dictionary,2026-09-10,2026-09-15
Historical_Inequity_Factor,Equity,Auxiliary or delayed quantity,Representation of documented historical disadvantage relevant to retreat decisions.,documented indicators,"Build context-specific indicators of exposure, investment, access and treatment. Do not assign a multiplier solely because a race or Indigenous category is present.",Adds historical context to equity assessment; the guide does not specify a downstream equation.,Requires operational definition or validated proxy,"Follow a documented instrument, ratio or rubric; range is not established by the variable name",Do not assign a fixed penalty or multiplier solely from racial/Indigenous identity. See the simulation relationship for the required equation review.,Replace identity-conditioned multipliers with explicit context-specific evidence or transparent policy scenarios. Retain group labels for disparity comparisons.,"Guide paragraph 146: IF THEN ELSE(Racialized_Community = 1 OR First_Nations_Community = 1, 1.5 + Historical_Discrimination_Index, 1.0)",Not a stock definition,,dimensionless (1-3),146,First_Nations_Community [guide equation reference]; Historical_Discrimination_Index [guide equation reference]; Racialized_Community [guide equation reference],No downstream equation specified in the guide,Proposed input or output; downstream connection is not fully specified,Guide/source-assessment interpretation; derivation and repairs are documented proposals unless a retained transformation is identified,S36 S28 S45 S46 S60,"S36: Texas A&M / Texas Appleseed Harris County Home Buyout Study, Phase 1; S28: Harris County Commissioners Court agendas, minutes and votes; S45: Texas Historical Commission Historic Sites Atlas; S46: HUD Tribal Directory Assessment Tool; S60: University of Richmond Mapping Inequality, Houston",https://oaktrust.library.tamu.edu/server/api/core/bitstreams/d5d8eede-8885-4ebd-ae00-044e424fbb6f/content,"Required records: Household/person ID, explicit group definitions, joint vulnerability flags, eligible need, assistance components, repeated outcomes, survey weights, item coding and follow-up completeness.","Household/person ID, explicit group definitions, joint vulnerability flags, eligible need, assistance components, repeated outcomes, survey weights, item coding and follow-up completeness.",No exact usable input file certified; see source assessment,No exact model transformation certified,,,,,S36: 72-page primary report read via web; local PDF download returned 403; underlying interview data access unverified. | S28: Official calendar/archive pages read; additional document coding candidate. | S45: Official data download and access explanations read; GIS not acquired. | S46: Official tool and manual read; no consultation initiated. | S60: Houston catalog and download metadata identified in primary-site search; interactive page did not return readable content. Exports not acquired.,"S36: Mandatory-buyout residents in Harris County | S28: County policy decisions | S45: Historic sites/markers and geographic features | S46: County-linked tribal interests and contacts | S60: Historically graded Houston areas, not all Harris County",S36: December 2025 report | S28: Dated meetings; current and archived systems | S45: Current inventory with designation dates | S46: Current tool; historical interest not a numeric time series | S60: Historical HOLC-era maps and area descriptions,,Original 215-entry dictionary,2026-09-10,2026-09-15
Cultural_Heritage_Impact,Equity,Auxiliary or delayed quantity,"Effect of retreat on valued cultural places, access and practices.",co-designed impact indicators,"Overlay verified heritage resources with retreat footprints, document actual effects and combine with community-defined significance and protection outcomes. Normalize site counts if a 0 to 1 score is required.",Reports cultural consequences that physical damage and financial costs omit.,Requires operational definition or validated proxy,"Follow a documented instrument, ratio or rubric; range is not established by the variable name",Site counts cannot measure living heritage or place meaning; keep sensitive location data controlled. See the simulation relationship for the required equation review.,"If output must lie between zero and one, normalize the affected-site measure and all component scores. Preserve cultural outcomes that are not meaningfully represented by one scalar.",Guide paragraph 147: Heritage_Sites_Affected * Cultural_Significance * (1 - Heritage_Protection_Measures),Not a stock definition,,dimensionless (0-1),147,Cultural_Significance [guide equation reference]; Heritage_Protection_Measures [guide equation reference]; Heritage_Sites_Affected [guide equation reference],No downstream equation specified in the guide,Proposed input or output; downstream connection is not fully specified,Guide/source-assessment interpretation; derivation and repairs are documented proposals unless a retained transformation is identified,S45 S46 S47 S36,"S45: Texas Historical Commission Historic Sites Atlas; S46: HUD Tribal Directory Assessment Tool; S47: HCFCD Watershed Environmental Baseline (WEB); S36: Texas A&M / Texas Appleseed Harris County Home Buyout Study, Phase 1",https://atlas.thc.texas.gov/Data/DataDownload,"Required records: Household/person ID, explicit group definitions, joint vulnerability flags, eligible need, assistance components, repeated outcomes, survey weights, item coding and follow-up completeness.","Household/person ID, explicit group definitions, joint vulnerability flags, eligible need, assistance components, repeated outcomes, survey weights, item coding and follow-up completeness.",No exact usable input file certified; see source assessment,No exact model transformation certified,,,,,S45: Official data download and access explanations read; GIS not acquired. | S46: Official tool and manual read; no consultation initiated. | S47: Official program description read; underlying GIS/monitoring availability needs confirmation/request. | S36: 72-page primary report read via web; local PDF download returned 403; underlying interview data access unverified.,S45: Historic sites/markers and geographic features | S46: County-linked tribal interests and contacts | S47: Harris County watersheds | S36: Mandatory-buyout residents in Harris County,S45: Current inventory with designation dates | S46: Current tool; historical interest not a numeric time series | S47: Survey/inventory-specific | S36: December 2025 report,,Original 215-entry dictionary,2026-09-10,2026-09-15
Displacement_Impact,Equity,Parameter,Change in the chosen wellbeing scale associated with displacement exposure.,wellbeing change per exposure,"Estimate within-person wellbeing change against an appropriate comparison, with cohort, follow-up and exposure definitions. Convert household-level effects to the aggregate index using population weights.",Translates Displacement_Rate into one component of Wellbeing_Decline.,Retained parameter: assumed,"Follow a documented instrument, ratio or rubric; range is not established by the variable name",Guide wellbeing-points/household coefficient depends on whether the stock is total points or mean wellbeing.,No complete standalone equation is supplied. Use the stated data derivation as a proposed input method and specify any dynamic response separately.,No standalone equation captured; see stock balance where applicable,Not a stock definition,,wellbeing_points/household,141; 151,No direct guide input identified,Wellbeing_Decline [guide equation reference],Explicit guide relationship or category link; not verified in an executable model,Guide/source-assessment interpretation; derivation and repairs are documented proposals unless a retained transformation is identified,S33 S37 S36 S40,"S33: Rice Greater Houston Community Panel (GHCP); S37: Rice Texas Flood Registry; S36: Texas A&M / Texas Appleseed Harris County Home Buyout Study, Phase 1; S40: WHO-5 Well-Being Index",https://www.kinderudp.org/#/datasetCatalog/oxwq5xg0ewkj,"Required records: Household/person ID, explicit group definitions, joint vulnerability flags, eligible need, assistance components, repeated outcomes, survey weights, item coding and follow-up completeness.","Household/person ID, explicit group definitions, joint vulnerability flags, eligible need, assistance components, repeated outcomes, survey weights, item coding and follow-up completeness.",data/Parameters.csv (assumption/input record; measurement status shown separately),Midpoint of guide range except explicitly defined single-hazard convention,0.3,wellbeing_points/household,assumed,Guide prior; aggregate index requires population scaling.,S33: Catalog and 248-page codebook read; codebook downloaded. Public-use data require a request form; no request submitted. Public files omit geocodes. | S37: Institutional page and catalog descriptions read; underlying records/precise access need confirmation. | S36: 72-page primary report read via web; local PDF download returned 403; underlying interview data access unverified. | S40: Official instrument page read; no local survey administered.,S33: Greater Houston adult respondents; Harris subset/weights must be established | S37: Participating Houston-area residents; public aggregated products | S36: Mandatory-buyout residents in Harris County | S40: Individual survey instrument,"S33: 2023–2024 public-use waves; release listed January 9, 2026 | S37: Post-Harvey waves; product-specific | S36: December 2025 report | S40: 2024 publication; two-week recall",,Original 215-entry dictionary,2026-09-10,2026-09-15
Psychosocial_Support_Capacity,Equity,Parameter,Capacity to provide appropriate psychosocial support to the affected cohort.,available visits/year or FTE,"Measure available counselor FTE, appointment slots or service hours and their eligibility coverage. Normalize capacity before using the guide's dimensionless stress-relief formulation.",Limits the potential for Stress_Relief.,Retained parameter: assumed,Nonnegative under the declared stock/flow convention; estimates and rates may be fractional,Guide index-point units need replacement or a defined conversion from service capacity to stress change.,No complete standalone equation is supplied. Use the stated data derivation as a proposed input method and specify any dynamic response separately.,No standalone equation captured; see stock balance where applicable,Not a stock definition,,index_points,142; 149,No direct guide input identified,Stress_Relief [guide equation reference],Explicit guide relationship or category link; not verified in an executable model,Guide/source-assessment interpretation; derivation and repairs are documented proposals unless a retained transformation is identified,S21 S22 S29 S43,"S21: HCD public-records access route; S22: HCFCD public-information access route; S29: Harris County purchasing, contracts and procurement records; S43: SAMHSA National Substance Use and Mental Health Services Survey",https://hcd.harriscountytx.gov/About-Us/Public-Records-Request,"Required records: Household/person ID, explicit group definitions, joint vulnerability flags, eligible need, assistance components, repeated outcomes, survey weights, item coding and follow-up completeness.","Household/person ID, explicit group definitions, joint vulnerability flags, eligible need, assistance components, repeated outcomes, survey weights, item coding and follow-up completeness.",data/Parameters.csv (assumption/input record; measurement status shown separately),Midpoint of guide range except explicitly defined single-hazard convention,50,index_points,assumed,Guide scale is not FTE; requires normalization in stress-relief equation.,S21: Official request route verified. No request submitted; responsive fields and release are unconfirmed. | S22: Official public-information request page read; no request submitted. | S29: Official portal and linked Bonfire/GovQA routes verified; detailed invoice/effort exports not acquired. | S43: Official datafiles page read; extract not acquired.,"S21: HCD cases, staff and program finances | S22: HCFCD program, acquisition, land and infrastructure records | S29: Contract/project and vendor | S43: Treatment facilities and available published geographies","S21: Request 2010–2024, with later completion dates for censoring | S22: Request historical cohorts and 2024 opening balances | S29: Award- and invoice-specific | S43: Annual; 2024 files listed",,Original 215-entry dictionary,2026-09-10,2026-09-15
Support_Effectiveness,Equity,Parameter,Effect of a defined support service dose on the selected outcome.,effect per service dose,"Estimate longitudinal outcome change relative to a defensible comparison, specifying service type, dose and follow-up. Rescale only with a documented unit conversion.",Determines how much available support reduces modeled distress.,Retained parameter: assumed,"Follow a documented instrument, ratio or rubric; range is not established by the variable name",Do not interpret cross-sectional service-user differences as treatment effects.,No complete standalone equation is supplied. Use the stated data derivation as a proposed input method and specify any dynamic response separately.,No standalone equation captured; see stock balance where applicable,Not a stock definition,,dimensionless,142; 150,No direct guide input identified,Stress_Relief [guide equation reference],Explicit guide relationship or category link; not verified in an executable model,Guide/source-assessment interpretation; derivation and repairs are documented proposals unless a retained transformation is identified,S33 S40 S21 S36,"S33: Rice Greater Houston Community Panel (GHCP); S40: WHO-5 Well-Being Index; S21: HCD public-records access route; S36: Texas A&M / Texas Appleseed Harris County Home Buyout Study, Phase 1",https://www.kinderudp.org/#/datasetCatalog/oxwq5xg0ewkj,"Required records: Household/person ID, explicit group definitions, joint vulnerability flags, eligible need, assistance components, repeated outcomes, survey weights, item coding and follow-up completeness.","Household/person ID, explicit group definitions, joint vulnerability flags, eligible need, assistance components, repeated outcomes, survey weights, item coding and follow-up completeness.",data/Parameters.csv (assumption/input record; measurement status shown separately),Midpoint of guide range except explicitly defined single-hazard convention,0.65,dimensionless,assumed,Guide prior; no observed outcome study.,S33: Catalog and 248-page codebook read; codebook downloaded. Public-use data require a request form; no request submitted. Public files omit geocodes. | S40: Official instrument page read; no local survey administered. | S21: Official request route verified. No request submitted; responsive fields and release are unconfirmed. | S36: 72-page primary report read via web; local PDF download returned 403; underlying interview data access unverified.,"S33: Greater Houston adult respondents; Harris subset/weights must be established | S40: Individual survey instrument | S21: HCD cases, staff and program finances | S36: Mandatory-buyout residents in Harris County","S33: 2023–2024 public-use waves; release listed January 9, 2026 | S40: 2024 publication; two-week recall | S21: Request 2010–2024, with later completion dates for censoring | S36: December 2025 report",,Original 215-entry dictionary,2026-09-10,2026-09-15
Ancestral_Land_Significance,Equity,Proposed auxiliary or input,Community-defined significance of ancestral land and associated practices.,community-defined scale,Develop consented indicators or qualitative evidence with the relevant community. Preserve distinct meanings instead of assigning significance from demographic identity.,Supplies the guide's optional cultural attachment and policy-adjustment relationships after local review.,Requires operational definition or validated proxy,"Follow a documented instrument, ratio or rubric; range is not established by the variable name",Public ancestry counts or heritage markers do not measure ancestral significance.,No complete standalone equation is supplied. Use the stated data derivation as a proposed input method and specify any dynamic response separately.,No standalone equation captured; see stock balance where applicable,Not a stock definition,,unresolved,70; 185,No direct guide input identified,Place_Attachment_Index [guide equation reference]; First_Nations_Adjustment_Factor [guide equation reference],Explicit guide relationship or category link; not verified in an executable model,Guide/source-assessment interpretation; derivation and repairs are documented proposals unless a retained transformation is identified,S46 S45 S38,"S46: HUD Tribal Directory Assessment Tool; S45: Texas Historical Commission Historic Sites Atlas; S38: Williams and Vaske place-attachment measurement study, USFS repository",https://egis.hud.gov/TDAT/,"Required records: Household/person ID, explicit group definitions, joint vulnerability flags, eligible need, assistance components, repeated outcomes, survey weights, item coding and follow-up completeness.","Household/person ID, explicit group definitions, joint vulnerability flags, eligible need, assistance components, repeated outcomes, survey weights, item coding and follow-up completeness.",No exact usable input file certified; see source assessment,No exact model transformation certified,,,,,S46: Official tool and manual read; no consultation initiated. | S45: Official data download and access explanations read; GIS not acquired. | S38: Primary research repository and PDF identified/read.,S46: County-linked tribal interests and contacts | S45: Historic sites/markers and geographic features | S38: Measurement instrument; no Harris County observations,S46: Current tool; historical interest not a numeric time series | S45: Current inventory with designation dates | S38: 2003 study,,Original 215-entry dictionary,2026-09-10,2026-09-15
Cultural_Heritage_Loss,Equity,Proposed auxiliary or input,"Loss of valued places, access, practices or ties associated with displacement.",documented loss indicators,"Compare baseline and follow-up community-reported access and practices, with site and process evidence. Estimate a wellbeing response separately if this enters an index-point flow.",Contributes to Wellbeing_Decline after conversion to compatible units.,Requires operational definition or validated proxy,"Follow a documented instrument, ratio or rubric; range is not established by the variable name",A demolished-building count does not capture cultural loss; distinguish material and living heritage.,No complete standalone equation is supplied. Use the stated data derivation as a proposed input method and specify any dynamic response separately.,No standalone equation captured; see stock balance where applicable,Not a stock definition,,unresolved,141,No direct guide input identified,Wellbeing_Decline [guide equation reference],Explicit guide relationship or category link; not verified in an executable model,Guide/source-assessment interpretation; derivation and repairs are documented proposals unless a retained transformation is identified,S45 S46 S36 S38,"S45: Texas Historical Commission Historic Sites Atlas; S46: HUD Tribal Directory Assessment Tool; S36: Texas A&M / Texas Appleseed Harris County Home Buyout Study, Phase 1; S38: Williams and Vaske place-attachment measurement study, USFS repository",https://atlas.thc.texas.gov/Data/DataDownload,"Required records: Household/person ID, explicit group definitions, joint vulnerability flags, eligible need, assistance components, repeated outcomes, survey weights, item coding and follow-up completeness.","Household/person ID, explicit group definitions, joint vulnerability flags, eligible need, assistance components, repeated outcomes, survey weights, item coding and follow-up completeness.",No exact usable input file certified; see source assessment,No exact model transformation certified,,,,,S45: Official data download and access explanations read; GIS not acquired. | S46: Official tool and manual read; no consultation initiated. | S36: 72-page primary report read via web; local PDF download returned 403; underlying interview data access unverified. | S38: Primary research repository and PDF identified/read.,S45: Historic sites/markers and geographic features | S46: County-linked tribal interests and contacts | S36: Mandatory-buyout residents in Harris County | S38: Measurement instrument; no Harris County observations,S45: Current inventory with designation dates | S46: Current tool; historical interest not a numeric time series | S36: December 2025 report | S38: 2003 study,,Original 215-entry dictionary,2026-09-10,2026-09-15
Cultural_Significance,Equity,Proposed auxiliary or input,Importance assigned to a cultural resource by the relevant community.,co-designed significance scale,Use community-defined assessment and historical evidence to score or describe each resource. Retain criteria and disagreement rather than assigning an unexplained universal value.,Weights resources in Cultural_Heritage_Impact.,Requires operational definition or validated proxy,"Follow a documented instrument, ratio or rubric; range is not established by the variable name",Registry designation and market price are incomplete proxies for significance.,No complete standalone equation is supplied. Use the stated data derivation as a proposed input method and specify any dynamic response separately.,No standalone equation captured; see stock balance where applicable,Not a stock definition,,unresolved,147,No direct guide input identified,Cultural_Heritage_Impact [guide equation reference],Explicit guide relationship or category link; not verified in an executable model,Guide/source-assessment interpretation; derivation and repairs are documented proposals unless a retained transformation is identified,S45 S46 S38,"S45: Texas Historical Commission Historic Sites Atlas; S46: HUD Tribal Directory Assessment Tool; S38: Williams and Vaske place-attachment measurement study, USFS repository",https://atlas.thc.texas.gov/Data/DataDownload,"Required records: Household/person ID, explicit group definitions, joint vulnerability flags, eligible need, assistance components, repeated outcomes, survey weights, item coding and follow-up completeness.","Household/person ID, explicit group definitions, joint vulnerability flags, eligible need, assistance components, repeated outcomes, survey weights, item coding and follow-up completeness.",No exact usable input file certified; see source assessment,No exact model transformation certified,,,,,S45: Official data download and access explanations read; GIS not acquired. | S46: Official tool and manual read; no consultation initiated. | S38: Primary research repository and PDF identified/read.,S45: Historic sites/markers and geographic features | S46: County-linked tribal interests and contacts | S38: Measurement instrument; no Harris County observations,S45: Current inventory with designation dates | S46: Current tool; historical interest not a numeric time series | S38: 2003 study,,Original 215-entry dictionary,2026-09-10,2026-09-15
Disabled_Households,Equity,Proposed auxiliary or input,Households containing at least one person with a disability under the chosen definition.,households,Sum ACS B22010_003E and B22010_006E for the matching household universe. Use household microdata to identify overlaps with age and income conditions.,Supplies one vulnerability component and identifies accessibility needs.,Measurement route identified; exact model input not certified,Nonnegative under the declared stock/flow convention; estimates and rates may be fractional,"B18101 counts people, not households; disability type and accessibility needs remain heterogeneous.",No complete standalone equation is supplied. Use the stated data derivation as a proposed input method and specify any dynamic response separately.,No standalone equation captured; see stock balance where applicable,Not a stock definition,,unresolved,145,No direct guide input identified,Vulnerable_Population_Share [guide equation reference],Explicit guide relationship or category link; not verified in an executable model,Guide/source-assessment interpretation; derivation and repairs are documented proposals unless a retained transformation is identified,S01 S03,"S01: Census American Community Survey, detailed tables; S03: Census ACS Public Use Microdata Sample",https://api.census.gov/data/2024/acs/acs5/groups.html,Candidate ACS fields B22010_003E + B22010_006E; household microdata needed for overlaps.,"Household/person ID, explicit group definitions, joint vulnerability flags, eligible need, assistance components, repeated outcomes, survey weights, item coding and follow-up completeness.",No exact usable input file certified; see source assessment,No exact model transformation certified,,,,,S01: Official metadata read. Many 2024 tables and a harmonized historical panel already retained; additional tables require retrieval. | S03: Official access page read; microdata not acquired.,"S01: County, tract; some block-group tables | S03: PUMA; derive county only where boundaries support it",S01: Annual 5-year releases; target 2010–2024 | S03: Annual 1-year and 5-year releases,,Original 215-entry dictionary,2026-09-10,2026-09-15
Displacement_Rate,Equity,Proposed auxiliary or input,Households experiencing defined displacement per year.,households/year,"Count unique displaced households by cause and start date, distinguishing temporary evacuation, permanent involuntary moves and supported retreat. Divide by elapsed years.",Supplies displacement exposure to Wellbeing_Decline.,Measurement route identified; exact model input not certified,Nonnegative under the declared stock/flow convention; estimates and rates may be fractional,The wellbeing equation must use the same person/household exposure basis as its effect parameter.,No complete standalone equation is supplied. Use the stated data derivation as a proposed input method and specify any dynamic response separately.,No standalone equation captured; see stock balance where applicable,Not a stock definition,,unresolved,141,No direct guide input identified,Wellbeing_Decline [guide equation reference],Explicit guide relationship or category link; not verified in an executable model,Guide/source-assessment interpretation; derivation and repairs are documented proposals unless a retained transformation is identified,S21 S22 S37,S21: HCD public-records access route; S22: HCFCD public-information access route; S37: Rice Texas Flood Registry,https://hcd.harriscountytx.gov/About-Us/Public-Records-Request,"Required records: Household/person ID, explicit group definitions, joint vulnerability flags, eligible need, assistance components, repeated outcomes, survey weights, item coding and follow-up completeness.","Household/person ID, explicit group definitions, joint vulnerability flags, eligible need, assistance components, repeated outcomes, survey weights, item coding and follow-up completeness.",No exact usable input file certified; see source assessment,No exact model transformation certified,,,,,S21: Official request route verified. No request submitted; responsive fields and release are unconfirmed. | S22: Official public-information request page read; no request submitted. | S37: Institutional page and catalog descriptions read; underlying records/precise access need confirmation.,"S21: HCD cases, staff and program finances | S22: HCFCD program, acquisition, land and infrastructure records | S37: Participating Houston-area residents; public aggregated products","S21: Request 2010–2024, with later completion dates for censoring | S22: Request historical cohorts and 2024 opening balances | S37: Post-Harvey waves; product-specific",,Original 215-entry dictionary,2026-09-10,2026-09-15
Elderly_Households,Equity,Proposed auxiliary or input,Households with at least one person aged 65 or older under the selected definition.,households,"Use ACS B11007_002E, or consistently apply another stated age rule. Preserve overlap with disability and income groups.",Supplies a vulnerability component and informs age-related support needs.,Measurement route identified; exact model input not certified,Nonnegative under the declared stock/flow convention; estimates and rates may be fractional,Older-person counts are not older-household counts; do not add to other vulnerability groups without overlap handling.,No complete standalone equation is supplied. Use the stated data derivation as a proposed input method and specify any dynamic response separately.,No standalone equation captured; see stock balance where applicable,Not a stock definition,,unresolved,145,No direct guide input identified,Vulnerable_Population_Share [guide equation reference],Explicit guide relationship or category link; not verified in an executable model,Guide/source-assessment interpretation; derivation and repairs are documented proposals unless a retained transformation is identified,S01 S03,"S01: Census American Community Survey, detailed tables; S03: Census ACS Public Use Microdata Sample",https://api.census.gov/data/2024/acs/acs5/groups.html,Candidate ACS field B11007_002E; retain corresponding MOE.,"Household/person ID, explicit group definitions, joint vulnerability flags, eligible need, assistance components, repeated outcomes, survey weights, item coding and follow-up completeness.",No exact usable input file certified; see source assessment,No exact model transformation certified,,,,,S01: Official metadata read. Many 2024 tables and a harmonized historical panel already retained; additional tables require retrieval. | S03: Official access page read; microdata not acquired.,"S01: County, tract; some block-group tables | S03: PUMA; derive county only where boundaries support it",S01: Annual 5-year releases; target 2010–2024 | S03: Annual 1-year and 5-year releases,,Original 215-entry dictionary,2026-09-10,2026-09-15
Equity_Degradation,Equity,Flow referenced by a stock,Annual worsening of the selected equity score.,equity points/year,"Measure deteriorating access, adequacy, waiting-time or outcome gaps over time and transform them using the same weights and direction as Equity_Index.",Drains Equity_Index.,Requires calibration or longitudinal evidence,Nonnegative under the declared stock/flow convention; estimates and rates may be fractional,Must use the same indicators/scaling as Equity_Index and avoid duplicate subtraction of wellbeing loss.,"This flow is named by a stock, but the guide provides no complete equation. Estimate it from the described records or specify a dimensioned response before simulation.",No standalone equation captured; see stock balance where applicable,Not a stock definition,,unresolved,136,No direct guide input identified,Equity_Index [stock outflow],Explicit guide relationship or category link; not verified in an executable model,Guide/source-assessment interpretation; derivation and repairs are documented proposals unless a retained transformation is identified,S21 S22 S36,"S21: HCD public-records access route; S22: HCFCD public-information access route; S36: Texas A&M / Texas Appleseed Harris County Home Buyout Study, Phase 1",https://hcd.harriscountytx.gov/About-Us/Public-Records-Request,"Required records: Household/person ID, explicit group definitions, joint vulnerability flags, eligible need, assistance components, repeated outcomes, survey weights, item coding and follow-up completeness.","Household/person ID, explicit group definitions, joint vulnerability flags, eligible need, assistance components, repeated outcomes, survey weights, item coding and follow-up completeness.",No exact usable input file certified; see source assessment,No exact model transformation certified,,,,,S21: Official request route verified. No request submitted; responsive fields and release are unconfirmed. | S22: Official public-information request page read; no request submitted. | S36: 72-page primary report read via web; local PDF download returned 403; underlying interview data access unverified.,"S21: HCD cases, staff and program finances | S22: HCFCD program, acquisition, land and infrastructure records | S36: Mandatory-buyout residents in Harris County","S21: Request 2010–2024, with later completion dates for censoring | S22: Request historical cohorts and 2024 opening balances | S36: December 2025 report",,Original 215-entry dictionary,2026-09-10,2026-09-15
Equity_Policies_Implemented,Equity,Proposed auxiliary or input,Coverage or implementation status of defined equity measures.,coded milestones/coverage,"Code adoption dates and actual application of tenant, accessibility, eligibility and need-based support measures. Separate formal adoption from delivered coverage.",Modifies Equity_Improvements.,Measurement route identified; exact model input not certified,"Follow a documented instrument, ratio or rubric; range is not established by the variable name",Policy text presence does not prove implementation or its effect size.,No complete standalone equation is supplied. Use the stated data derivation as a proposed input method and specify any dynamic response separately.,No standalone equation captured; see stock balance where applicable,Not a stock definition,,unresolved,140,No direct guide input identified,Equity_Improvements [guide equation reference],Explicit guide relationship or category link; not verified in an executable model,Guide/source-assessment interpretation; derivation and repairs are documented proposals unless a retained transformation is identified,S19 S20 S28 S21,"S19: Harris County HCD buyout guidelines and performance reports; S20: HCFCD voluntary home buyout program; S28: Harris County Commissioners Court agendas, minutes and votes; S21: HCD public-records access route",https://hcd.harriscountytx.gov/Disaster-Recovery/Buyout-Relocation-Programs,"Required records: Household/person ID, explicit group definitions, joint vulnerability flags, eligible need, assistance components, repeated outcomes, survey weights, item coding and follow-up completeness.","Household/person ID, explicit group definitions, joint vulnerability flags, eligible need, assistance components, repeated outcomes, survey weights, item coding and follow-up completeness.",No exact usable input file certified; see source assessment,No exact model transformation certified,,,,,S19: Official program pages and linked June 2025 guidelines read; earlier quarterly reports retained. | S20: Official pages read. Detailed longitudinal property records still require a request. | S28: Official calendar/archive pages read; additional document coding candidate. | S21: Official request route verified. No request submitted; responsive fields and release are unconfirmed.,"S19: HCD programs and project areas | S20: HCFCD eligible areas and participating properties | S28: County policy decisions | S21: HCD cases, staff and program finances","S19: Program-specific; 2024 Q3 and 2025 Q2 reports retained | S20: Program history/current guidance | S28: Dated meetings; current and archived systems | S21: Request 2010–2024, with later completion dates for censoring",,Original 215-entry dictionary,2026-09-10,2026-09-15
First_Nations_Community,Equity,Policy or scenario input,Scope flag identifying a relevant Indigenous community under an explicit local definition.,locally defined group flag,Establish applicable community and geographic scope through appropriate engagement and documented criteria. Do not infer a behavioral coefficient from race or ancestry data.,Selects optional guide branches that require localization before a Harris County model uses them.,Policy/scenario definition; no fitted value certified,"Follow a documented instrument, ratio or rubric; range is not established by the variable name",Do not use ACS race counts as a substitute for tribal nation status or governance; localize terminology.,Set the documented policy/scenario input; map its effects to the relevant model equation explicitly.,No standalone equation captured; see stock balance where applicable,Not a stock definition,,unresolved,70; 146; 185,No direct guide input identified,Place_Attachment_Index [guide equation reference]; Historical_Inequity_Factor [guide equation reference]; First_Nations_Adjustment_Factor [guide equation reference],Explicit guide relationship or category link; not verified in an executable model,Guide/source-assessment interpretation; derivation and repairs are documented proposals unless a retained transformation is identified,S46 M01,S46: HUD Tribal Directory Assessment Tool; M01: Ali shared system-dynamics guide and mind map,https://egis.hud.gov/TDAT/,"Required records: Household/person ID, explicit group definitions, joint vulnerability flags, eligible need, assistance components, repeated outcomes, survey weights, item coding and follow-up completeness.","Household/person ID, explicit group definitions, joint vulnerability flags, eligible need, assistance components, repeated outcomes, survey weights, item coding and follow-up completeness.",No exact usable input file certified; see source assessment,No exact model transformation certified,,,,,S46: Official tool and manual read; no consultation initiated. | M01: Both original files inspected; 215-entry dictionary reconciled against full guide.,S46: County-linked tribal interests and contacts | M01: Generic model requiring Harris County localization,"S46: Current tool; historical interest not a numeric time series | M01: DOCX guide; mind map dated October 15, 2024",,Original 215-entry dictionary,2026-09-10,2026-09-15
Heritage_Protection_Measures,Equity,Proposed auxiliary or input,Extent of implemented measures protecting valued heritage resources and access.,documented coverage/score,"Verify preservation, access agreements, documentation or agreed commemoration by resource and date. Convert to a documented coverage fraction or score.",Reduces modeled Cultural_Heritage_Impact.,Measurement route identified; exact model input not certified,"Follow a documented instrument, ratio or rubric; range is not established by the variable name",A planned measure is not an implemented or effective protection.,No complete standalone equation is supplied. Use the stated data derivation as a proposed input method and specify any dynamic response separately.,No standalone equation captured; see stock balance where applicable,Not a stock definition,,unresolved,147,No direct guide input identified,Cultural_Heritage_Impact [guide equation reference],Explicit guide relationship or category link; not verified in an executable model,Guide/source-assessment interpretation; derivation and repairs are documented proposals unless a retained transformation is identified,S45 S46 S21 S22,S45: Texas Historical Commission Historic Sites Atlas; S46: HUD Tribal Directory Assessment Tool; S21: HCD public-records access route; S22: HCFCD public-information access route,https://atlas.thc.texas.gov/Data/DataDownload,"Required records: Household/person ID, explicit group definitions, joint vulnerability flags, eligible need, assistance components, repeated outcomes, survey weights, item coding and follow-up completeness.","Household/person ID, explicit group definitions, joint vulnerability flags, eligible need, assistance components, repeated outcomes, survey weights, item coding and follow-up completeness.",No exact usable input file certified; see source assessment,No exact model transformation certified,,,,,S45: Official data download and access explanations read; GIS not acquired. | S46: Official tool and manual read; no consultation initiated. | S21: Official request route verified. No request submitted; responsive fields and release are unconfirmed. | S22: Official public-information request page read; no request submitted.,"S45: Historic sites/markers and geographic features | S46: County-linked tribal interests and contacts | S21: HCD cases, staff and program finances | S22: HCFCD program, acquisition, land and infrastructure records","S45: Current inventory with designation dates | S46: Current tool; historical interest not a numeric time series | S21: Request 2010–2024, with later completion dates for censoring | S22: Request historical cohorts and 2024 opening balances",,Original 215-entry dictionary,2026-09-10,2026-09-15
Heritage_Sites_Affected,Equity,Proposed auxiliary or input,Number or share of verified heritage sites affected by the retreat footprint.,sites or affected share,"Overlay heritage inventories and actual acquisition or demolition polygons, then verify site-level effects. Use affected share rather than count if the output is bounded to one.",Supplies the extent component of Cultural_Heritage_Impact.,Measurement route identified; exact model input not certified,"Follow a documented instrument, ratio or rubric; range is not established by the variable name",Sensitive archaeological sites require appropriate access; absence from public inventories does not imply no heritage.,No complete standalone equation is supplied. Use the stated data derivation as a proposed input method and specify any dynamic response separately.,No standalone equation captured; see stock balance where applicable,Not a stock definition,,unresolved,147,No direct guide input identified,Cultural_Heritage_Impact [guide equation reference],Explicit guide relationship or category link; not verified in an executable model,Guide/source-assessment interpretation; derivation and repairs are documented proposals unless a retained transformation is identified,S45 S47 S05 S22,S45: Texas Historical Commission Historic Sites Atlas; S47: HCFCD Watershed Environmental Baseline (WEB); S05: Harris Central Appraisal District account and parcel downloads; S22: HCFCD public-information access route,https://atlas.thc.texas.gov/Data/DataDownload,"Required records: Household/person ID, explicit group definitions, joint vulnerability flags, eligible need, assistance components, repeated outcomes, survey weights, item coding and follow-up completeness.","Household/person ID, explicit group definitions, joint vulnerability flags, eligible need, assistance components, repeated outcomes, survey weights, item coding and follow-up completeness.",No exact usable input file certified; see source assessment,No exact model transformation certified,,,,,S45: Official data download and access explanations read; GIS not acquired. | S47: Official program description read; underlying GIS/monitoring availability needs confirmation/request. | S05: Official pages checked; 2024 raw archives already retained. | S22: Official public-information request page read; no request submitted.,"S45: Historic sites/markers and geographic features | S47: Harris County watersheds | S05: Parcel/account and taxing jurisdiction | S22: HCFCD program, acquisition, land and infrastructure records",S45: Current inventory with designation dates | S47: Survey/inventory-specific | S05: 2024 retained; inspect annual historical availability | S22: Request historical cohorts and 2024 opening balances,,Original 215-entry dictionary,2026-09-10,2026-09-15
Historical_Discrimination_Index,Equity,Proposed auxiliary or input,Explicitly defined evidence of historical unequal treatment affecting the modeled place.,transparent evidence rubric,"Code documented policies, unequal access and place-specific histories with a transparent rubric and dates. Keep indicators visible and distinguish place context from individual experience.",Informs the optional Historical_Inequity_Factor after its interpretation is revised.,Requires operational definition or validated proxy,"Follow a documented instrument, ratio or rubric; range is not established by the variable name",Current SVI or race composition does not directly measure historical discrimination.,No complete standalone equation is supplied. Use the stated data derivation as a proposed input method and specify any dynamic response separately.,No standalone equation captured; see stock balance where applicable,Not a stock definition,,unresolved,146,No direct guide input identified,Historical_Inequity_Factor [guide equation reference],Explicit guide relationship or category link; not verified in an executable model,Guide/source-assessment interpretation; derivation and repairs are documented proposals unless a retained transformation is identified,S36 S28 S42 S46 S60,"S36: Texas A&M / Texas Appleseed Harris County Home Buyout Study, Phase 1; S28: Harris County Commissioners Court agendas, minutes and votes; S42: CDC/ATSDR Social Vulnerability Index; S46: HUD Tribal Directory Assessment Tool; S60: University of Richmond Mapping Inequality, Houston",https://oaktrust.library.tamu.edu/server/api/core/bitstreams/d5d8eede-8885-4ebd-ae00-044e424fbb6f/content,"Required records: Household/person ID, explicit group definitions, joint vulnerability flags, eligible need, assistance components, repeated outcomes, survey weights, item coding and follow-up completeness.","Household/person ID, explicit group definitions, joint vulnerability flags, eligible need, assistance components, repeated outcomes, survey weights, item coding and follow-up completeness.",No exact usable input file certified; see source assessment,No exact model transformation certified,,,,,S36: 72-page primary report read via web; local PDF download returned 403; underlying interview data access unverified. | S28: Official calendar/archive pages read; additional document coding candidate. | S42: Official data/documentation read; optional comparator not newly acquired. | S46: Official tool and manual read; no consultation initiated. | S60: Houston catalog and download metadata identified in primary-site search; interactive page did not return readable content. Exports not acquired.,"S36: Mandatory-buyout residents in Harris County | S28: County policy decisions | S42: Census tract/county | S46: County-linked tribal interests and contacts | S60: Historically graded Houston areas, not all Harris County",S36: December 2025 report | S28: Dated meetings; current and archived systems | S42: 2022 edition and historical editions | S46: Current tool; historical interest not a numeric time series | S60: Historical HOLC-era maps and area descriptions,,Original 215-entry dictionary,2026-09-10,2026-09-15
Initial_Wellbeing,Equity,Initial value,Baseline initializer of Vulnerable_Population_Wellbeing retained under the guide's original name.,chosen wellbeing scale,"Derive Vulnerable_Population_Wellbeing for the chosen opening date, then hold that starting value fixed as the stock initializer. GHCP g2404_satlife is coded 1 to 7. Verify score direction, then a proposed 0-to-100 transform is 100*(x-1)/6. Calculate the weighted mean within the defined vulnerable group, retain missing responses and validate the choice of a single-item wellbeing proxy.",Initializes Vulnerable_Population_Wellbeing; it is not a second independently changing stock.,Derived from/reconciled to Vulnerable_Population_Wellbeing,"Follow a documented instrument, ratio or rubric; range is not established by the variable name","Retain the original spelling in the audit, but do not create a second independently calibrated variable.",Initializes Vulnerable_Population_Wellbeing; it is not a second independently changing stock. Select one canonical name or input mapping before implementation.,No standalone equation captured; see stock balance where applicable,Not a stock definition,,unresolved,137,No direct guide input identified,Vulnerable_Population_Wellbeing [stock initializer],Explicit guide relationship or category link; not verified in an executable model,Guide/source-assessment interpretation; derivation and repairs are documented proposals unless a retained transformation is identified,S33 S40,S33: Rice Greater Houston Community Panel (GHCP); S40: WHO-5 Well-Being Index,https://www.kinderudp.org/#/datasetCatalog/oxwq5xg0ewkj,Candidate field: g2404_satlife and g2404_rweight. Codebook only; microdata not acquired.,"Household/person ID, explicit group definitions, joint vulnerability flags, eligible need, assistance components, repeated outcomes, survey weights, item coding and follow-up completeness.",reports/2026-09-10_Variable_Source_Assessment/research/GHCP_2023_2024_User_Guide.pdf,No exact model transformation certified,,,,,S33: Catalog and 248-page codebook read; codebook downloaded. Public-use data require a request form; no request submitted. Public files omit geocodes. | S40: Official instrument page read; no local survey administered.,S33: Greater Houston adult respondents; Harris subset/weights must be established | S40: Individual survey instrument,"S33: 2023–2024 public-use waves; release listed January 9, 2026 | S40: 2024 publication; two-week recall",Vulnerable_Population_Wellbeing,Original 215-entry dictionary,2026-09-10,2026-09-15
Low_Income_Households,Equity,Proposed auxiliary or input,Households below a declared income threshold adjusted for the analysis purpose.,households,Use HUD CHAS income categories or weighted household microdata with a stated household-size adjustment. Do not substitute people below poverty for households below the threshold.,Supplies a vulnerability component and support-eligibility context.,Measurement route identified; exact model input not certified,Nonnegative under the declared stock/flow convention; estimates and rates may be fractional,B17001 poverty counts people; a fixed B19001 income cutoff differs from HUD income eligibility.,No complete standalone equation is supplied. Use the stated data derivation as a proposed input method and specify any dynamic response separately.,No standalone equation captured; see stock balance where applicable,Not a stock definition,,unresolved,145,No direct guide input identified,Vulnerable_Population_Share [guide equation reference],Explicit guide relationship or category link; not verified in an executable model,Guide/source-assessment interpretation; derivation and repairs are documented proposals unless a retained transformation is identified,S17 S03 S01,"S17: HUD Comprehensive Housing Affordability Strategy data; S03: Census ACS Public Use Microdata Sample; S01: Census American Community Survey, detailed tables",https://www.huduser.gov/portal/datasets/cp.html,"Required records: Household/person ID, explicit group definitions, joint vulnerability flags, eligible need, assistance components, repeated outcomes, survey weights, item coding and follow-up completeness.","Household/person ID, explicit group definitions, joint vulnerability flags, eligible need, assistance components, repeated outcomes, survey weights, item coding and follow-up completeness.",No exact usable input file certified; see source assessment,No exact model transformation certified,,,,,S17: Official download/documentation read; bulk files available; API requires a token. | S03: Official access page read; microdata not acquired. | S01: Official metadata read. Many 2024 tables and a harmonized historical panel already retained; additional tables require retrieval.,"S17: County, place, tract and other published areas | S03: PUMA; derive county only where boundaries support it | S01: County, tract; some block-group tables",S17: ACS-based multi-year releases | S03: Annual 1-year and 5-year releases | S01: Annual 5-year releases; target 2010–2024,,Original 215-entry dictionary,2026-09-10,2026-09-15
Perceived_Inequity,Equity,Proposed auxiliary or input,"Residents' perception that access, process, compensation or outcomes are unfair.",survey scale,"Ask dimension-specific fairness questions, document scale direction, and aggregate with relevant survey weights.",Contributes to Trust_Erosion and the Community_Opposition lookup.,Requires operational definition or validated proxy,"Follow a documented instrument, ratio or rubric; range is not established by the variable name",Administrative disparity and perceived unfairness are related but different constructs.,No complete standalone equation is supplied. Use the stated data derivation as a proposed input method and specify any dynamic response separately.,No standalone equation captured; see stock balance where applicable,Not a stock definition,,unresolved,103; 178,No direct guide input identified,Trust_Erosion [guide equation reference]; Community_Opposition [guide equation reference],Explicit guide relationship or category link; not verified in an executable model,Guide/source-assessment interpretation; derivation and repairs are documented proposals unless a retained transformation is identified,S36 S21 S39,"S36: Texas A&M / Texas Appleseed Harris County Home Buyout Study, Phase 1; S21: HCD public-records access route; S39: OECD Guidelines on Measuring Trust",https://oaktrust.library.tamu.edu/server/api/core/bitstreams/d5d8eede-8885-4ebd-ae00-044e424fbb6f/content,"Required records: Household/person ID, explicit group definitions, joint vulnerability flags, eligible need, assistance components, repeated outcomes, survey weights, item coding and follow-up completeness.","Household/person ID, explicit group definitions, joint vulnerability flags, eligible need, assistance components, repeated outcomes, survey weights, item coding and follow-up completeness.",No exact usable input file certified; see source assessment,No exact model transformation certified,,,,,S36: 72-page primary report read via web; local PDF download returned 403; underlying interview data access unverified. | S21: Official request route verified. No request submitted; responsive fields and release are unconfirmed. | S39: Official publication page read; method source.,"S36: Mandatory-buyout residents in Harris County | S21: HCD cases, staff and program finances | S39: Survey instrument/method","S36: December 2025 report | S21: Request 2010–2024, with later completion dates for censoring | S39: 2017 guidelines",,Original 215-entry dictionary,2026-09-10,2026-09-15
Racialized_Community,Equity,Policy or scenario input,Explicit grouping used to assess racial or ethnic disparities in the modeled context.,explicit grouping definition,"Define the analytic grouping and geographic unit transparently using appropriate categories and local context. Use it for comparisons, not an automatic behavioral multiplier.",Identifies groups for disparity assessment and flags guide equations that require revision.,Policy/scenario definition; no fitted value certified,"Follow a documented instrument, ratio or rubric; range is not established by the variable name",Do not automatically assign behavioral or inequity coefficients from a binary group flag.,Set the documented policy/scenario input; map its effects to the relevant model equation explicitly.,No standalone equation captured; see stock balance where applicable,Not a stock definition,,unresolved,146,No direct guide input identified,Historical_Inequity_Factor [guide equation reference],Explicit guide relationship or category link; not verified in an executable model,Guide/source-assessment interpretation; derivation and repairs are documented proposals unless a retained transformation is identified,S01 S03 S36,"S01: Census American Community Survey, detailed tables; S03: Census ACS Public Use Microdata Sample; S36: Texas A&M / Texas Appleseed Harris County Home Buyout Study, Phase 1",https://api.census.gov/data/2024/acs/acs5/groups.html,"Required records: Household/person ID, explicit group definitions, joint vulnerability flags, eligible need, assistance components, repeated outcomes, survey weights, item coding and follow-up completeness.","Household/person ID, explicit group definitions, joint vulnerability flags, eligible need, assistance components, repeated outcomes, survey weights, item coding and follow-up completeness.",No exact usable input file certified; see source assessment,No exact model transformation certified,,,,,S01: Official metadata read. Many 2024 tables and a harmonized historical panel already retained; additional tables require retrieval. | S03: Official access page read; microdata not acquired. | S36: 72-page primary report read via web; local PDF download returned 403; underlying interview data access unverified.,"S01: County, tract; some block-group tables | S03: PUMA; derive county only where boundaries support it | S36: Mandatory-buyout residents in Harris County",S01: Annual 5-year releases; target 2010–2024 | S03: Annual 1-year and 5-year releases | S36: December 2025 report,,Original 215-entry dictionary,2026-09-10,2026-09-15
Racialized_Households,Equity,Proposed auxiliary or input,Households assigned to a stated race or ethnicity grouping rule.,households,Use household-weighted microdata and specify whether grouping follows the householder or another rule. Reconcile mutually exclusive ethnicity categories and overlap with other vulnerability conditions.,Supplies a distributional comparison group and potential vulnerability component under an explicit definition.,Measurement route identified; exact model input not certified,Nonnegative under the declared stock/flow convention; estimates and rates may be fractional,B03002 counts persons; overlapping ethnicity/race and multiracial categories need explicit treatment.,No complete standalone equation is supplied. Use the stated data derivation as a proposed input method and specify any dynamic response separately.,No standalone equation captured; see stock balance where applicable,Not a stock definition,,unresolved,145,No direct guide input identified,Vulnerable_Population_Share [guide equation reference],Explicit guide relationship or category link; not verified in an executable model,Guide/source-assessment interpretation; derivation and repairs are documented proposals unless a retained transformation is identified,S03 S01,"S03: Census ACS Public Use Microdata Sample; S01: Census American Community Survey, detailed tables",https://www.census.gov/programs-surveys/acs/microdata.html,"Required records: Household/person ID, explicit group definitions, joint vulnerability flags, eligible need, assistance components, repeated outcomes, survey weights, item coding and follow-up completeness.","Household/person ID, explicit group definitions, joint vulnerability flags, eligible need, assistance components, repeated outcomes, survey weights, item coding and follow-up completeness.",No exact usable input file certified; see source assessment,No exact model transformation certified,,,,,S03: Official access page read; microdata not acquired. | S01: Official metadata read. Many 2024 tables and a harmonized historical panel already retained; additional tables require retrieval.,"S03: PUMA; derive county only where boundaries support it | S01: County, tract; some block-group tables",S03: Annual 1-year and 5-year releases | S01: Annual 5-year releases; target 2010–2024,,Original 215-entry dictionary,2026-09-10,2026-09-15
Service_Access_Loss,Equity,Proposed auxiliary or input,Reduction in access to essential services following a move or disruption.,travel/access change,"Compare origin and destination travel time, cost, eligibility and continuity for the same household. Estimate any conversion to wellbeing-point change separately.",Contributes to Wellbeing_Decline and identifies receiving-area needs.,Requires operational definition or validated proxy,"Follow a documented instrument, ratio or rubric; range is not established by the variable name",Provider proximity is not usable access; public destination data may be aggregated or unavailable.,No complete standalone equation is supplied. Use the stated data derivation as a proposed input method and specify any dynamic response separately.,No standalone equation captured; see stock balance where applicable,Not a stock definition,,unresolved,141,No direct guide input identified,Wellbeing_Decline [guide equation reference],Explicit guide relationship or category link; not verified in an executable model,Guide/source-assessment interpretation; derivation and repairs are documented proposals unless a retained transformation is identified,S21 S33 S43 S44 S35 S59,S21: HCD public-records access route; S33: Rice Greater Houston Community Panel (GHCP); S43: SAMHSA National Substance Use and Mental Health Services Survey; S44: Harris County Public Health reports and dashboards; S35: Texas A&M IDRT / OneGulf buyout fiscal and social implications project; S59: Census LEHD Origin-Destination Employment Statistics,https://hcd.harriscountytx.gov/About-Us/Public-Records-Request,"Required records: Household/person ID, explicit group definitions, joint vulnerability flags, eligible need, assistance components, repeated outcomes, survey weights, item coding and follow-up completeness.","Household/person ID, explicit group definitions, joint vulnerability flags, eligible need, assistance components, repeated outcomes, survey weights, item coding and follow-up completeness.",No exact usable input file certified; see source assessment,No exact model transformation certified,,,,,"S21: Official request route verified. No request submitted; responsive fields and release are unconfirmed. | S33: Catalog and 248-page codebook read; codebook downloaded. Public-use data require a request form; no request submitted. Public files omit geocodes. | S43: Official datafiles page read; extract not acquired. | S44: Official reports page read; candidate reports identified. | S35: Institutional project description verified; dashboard exists but underlying exports, completeness and reuse terms are unverified. | S59: Official data page and technical-document metadata read; no new download.","S21: HCD cases, staff and program finances | S33: Greater Houston adult respondents; Harris subset/weights must be established | S43: Treatment facilities and available published geographies | S44: Report-specific county/city/subcounty coverage | S35: Historical Harris County buyouts and destination block groups | S59: Census block home/workplace and origin-destination pairs","S21: Request 2010–2024, with later completion dates for censoring | S33: 2023–2024 public-use waves; release listed January 9, 2026 | S43: Annual; 2024 files listed | S44: Assessment/report-specific | S35: Coverage years not verified from underlying data | S59: Annual; coverage varies by state/year; LODES 8 uses 2020 blocks",,Original 215-entry dictionary,2026-09-10,2026-09-15
Stress_Accumulation,Equity,Flow referenced by a stock,Increase in the selected distress score per year.,stress points/year,"Estimate repeated score changes following hazards, waiting and displacement with consistent measurement and follow-up. Calibrate rates rather than adding event counts directly to a score.",Fills Community_Psychosocial_Stress.,Requires calibration or longitudinal evidence,Nonnegative under the declared stock/flow convention; estimates and rates may be fractional,Separate stock means from totals and model recovery as well as accumulation.,"This flow is named by a stock, but the guide provides no complete equation. Estimate it from the described records or specify a dimensioned response before simulation.",No standalone equation captured; see stock balance where applicable,Not a stock definition,,unresolved,138,No direct guide input identified,Community_Psychosocial_Stress [stock inflow],Explicit guide relationship or category link; not verified in an executable model,Guide/source-assessment interpretation; derivation and repairs are documented proposals unless a retained transformation is identified,S33 S37 S36,"S33: Rice Greater Houston Community Panel (GHCP); S37: Rice Texas Flood Registry; S36: Texas A&M / Texas Appleseed Harris County Home Buyout Study, Phase 1",https://www.kinderudp.org/#/datasetCatalog/oxwq5xg0ewkj,"Required records: Household/person ID, explicit group definitions, joint vulnerability flags, eligible need, assistance components, repeated outcomes, survey weights, item coding and follow-up completeness.","Household/person ID, explicit group definitions, joint vulnerability flags, eligible need, assistance components, repeated outcomes, survey weights, item coding and follow-up completeness.",No exact usable input file certified; see source assessment,No exact model transformation certified,,,,,S33: Catalog and 248-page codebook read; codebook downloaded. Public-use data require a request form; no request submitted. Public files omit geocodes. | S37: Institutional page and catalog descriptions read; underlying records/precise access need confirmation. | S36: 72-page primary report read via web; local PDF download returned 403; underlying interview data access unverified.,S33: Greater Houston adult respondents; Harris subset/weights must be established | S37: Participating Houston-area residents; public aggregated products | S36: Mandatory-buyout residents in Harris County,"S33: 2023–2024 public-use waves; release listed January 9, 2026 | S37: Post-Harvey waves; product-specific | S36: December 2025 report",,Original 215-entry dictionary,2026-09-10,2026-09-15
Vulnerable_Population_Support,Equity,Proposed auxiliary or input,Coverage and adequacy of support provided to households with defined needs.,service coverage/adequacy,Divide households receiving timely suitable support by eligible households and report adequacy relative to assessed need. Preserve dimensions if a single index is not validated.,Modifies Equity_Improvements.,Requires operational definition or validated proxy,"Follow a documented instrument, ratio or rubric; range is not established by the variable name",Service counts without the eligible denominator cannot establish support coverage or equity.,No complete standalone equation is supplied. Use the stated data derivation as a proposed input method and specify any dynamic response separately.,No standalone equation captured; see stock balance where applicable,Not a stock definition,,unresolved,140,No direct guide input identified,Equity_Improvements [guide equation reference],Explicit guide relationship or category link; not verified in an executable model,Guide/source-assessment interpretation; derivation and repairs are documented proposals unless a retained transformation is identified,S21 S22 S29 S36,"S21: HCD public-records access route; S22: HCFCD public-information access route; S29: Harris County purchasing, contracts and procurement records; S36: Texas A&M / Texas Appleseed Harris County Home Buyout Study, Phase 1",https://hcd.harriscountytx.gov/About-Us/Public-Records-Request,"Required records: Household/person ID, explicit group definitions, joint vulnerability flags, eligible need, assistance components, repeated outcomes, survey weights, item coding and follow-up completeness.","Household/person ID, explicit group definitions, joint vulnerability flags, eligible need, assistance components, repeated outcomes, survey weights, item coding and follow-up completeness.",No exact usable input file certified; see source assessment,No exact model transformation certified,,,,,S21: Official request route verified. No request submitted; responsive fields and release are unconfirmed. | S22: Official public-information request page read; no request submitted. | S29: Official portal and linked Bonfire/GovQA routes verified; detailed invoice/effort exports not acquired. | S36: 72-page primary report read via web; local PDF download returned 403; underlying interview data access unverified.,"S21: HCD cases, staff and program finances | S22: HCFCD program, acquisition, land and infrastructure records | S29: Contract/project and vendor | S36: Mandatory-buyout residents in Harris County","S21: Request 2010–2024, with later completion dates for censoring | S22: Request historical cohorts and 2024 opening balances | S29: Award- and invoice-specific | S36: December 2025 report",,Original 215-entry dictionary,2026-09-10,2026-09-15
Wellbeing_Improvements,Equity,Flow referenced by a stock,Annual increase in the selected wellbeing score.,wellbeing points/year,"Measure within-person improvements associated with stable housing, safety and support, with explicit follow-up and aggregation weights.",Fills Vulnerable_Population_Wellbeing.,Requires calibration or longitudinal evidence,Nonnegative under the declared stock/flow convention; estimates and rates may be fractional,Natural recovery and selection into support require comparison; use consistent score/time units.,"This flow is named by a stock, but the guide provides no complete equation. Estimate it from the described records or specify a dimensioned response before simulation.",No standalone equation captured; see stock balance where applicable,Not a stock definition,,unresolved,137,No direct guide input identified,Vulnerable_Population_Wellbeing [stock inflow],Explicit guide relationship or category link; not verified in an executable model,Guide/source-assessment interpretation; derivation and repairs are documented proposals unless a retained transformation is identified,S33 S40 S21,S33: Rice Greater Houston Community Panel (GHCP); S40: WHO-5 Well-Being Index; S21: HCD public-records access route,https://www.kinderudp.org/#/datasetCatalog/oxwq5xg0ewkj,"Required records: Household/person ID, explicit group definitions, joint vulnerability flags, eligible need, assistance components, repeated outcomes, survey weights, item coding and follow-up completeness.","Household/person ID, explicit group definitions, joint vulnerability flags, eligible need, assistance components, repeated outcomes, survey weights, item coding and follow-up completeness.",No exact usable input file certified; see source assessment,No exact model transformation certified,,,,,S33: Catalog and 248-page codebook read; codebook downloaded. Public-use data require a request form; no request submitted. Public files omit geocodes. | S40: Official instrument page read; no local survey administered. | S21: Official request route verified. No request submitted; responsive fields and release are unconfirmed.,"S33: Greater Houston adult respondents; Harris subset/weights must be established | S40: Individual survey instrument | S21: HCD cases, staff and program finances","S33: 2023–2024 public-use waves; release listed January 9, 2026 | S40: 2024 publication; two-week recall | S21: Request 2010–2024, with later completion dates for censoring",,Original 215-entry dictionary,2026-09-10,2026-09-15
First_Nations_Adjustment_Factor,Equity,Auxiliary or delayed quantity,Optional policy adjustment associated with community-agreed protections in the guide's Indigenous component.,explicit policy adjustment,Establish local relevance and replace fixed identity-conditioned coefficients with explicit agreed policy rules or named scenarios. No demographic field directly measures this multiplier.,Offers a place for cultural and rights-related policy protections; no downstream use is specified in the guide.,Policy/scenario definition; no fitted value certified,"Follow a documented instrument, ratio or rubric; range is not established by the variable name",The guide's trauma/ancestry coefficients lack local empirical support; do not treat identity as a deterministic behavior multiplier. See the simulation relationship for the required equation review.,Localize scope and obtain a defensible community-defined policy interpretation. Do not use the numeric identity-conditioned coefficients as empirical evidence.,"Guide paragraph 185: IF THEN ELSE(
First_Nations_Community = 1,
(1 + Non_Market_Values_Weight * 0.5) *
(1 + Ancestral_Land_Significance * 0.3) *
(1 - Historical_Forced_Relocation_Trauma * 0.4) *
Cultural_Protocol_Adherence,
1.0)",Not a stock definition,,,185,Ancestral_Land_Significance [guide equation reference]; Cultural_Protocol_Adherence [guide equation reference]; First_Nations_Community [guide equation reference]; Historical_Forced_Relocation_Trauma [guide equation reference]; Non_Market_Values_Weight [guide equation reference],No downstream equation specified in the guide,Proposed input or output; downstream connection is not fully specified,Guide/source-assessment interpretation; derivation and repairs are documented proposals unless a retained transformation is identified,S46 S38 S36 M01,"S46: HUD Tribal Directory Assessment Tool; S38: Williams and Vaske place-attachment measurement study, USFS repository; S36: Texas A&M / Texas Appleseed Harris County Home Buyout Study, Phase 1; M01: Ali shared system-dynamics guide and mind map",https://egis.hud.gov/TDAT/,"Required records: Household/person ID, explicit group definitions, joint vulnerability flags, eligible need, assistance components, repeated outcomes, survey weights, item coding and follow-up completeness.","Household/person ID, explicit group definitions, joint vulnerability flags, eligible need, assistance components, repeated outcomes, survey weights, item coding and follow-up completeness.",No exact usable input file certified; see source assessment,No exact model transformation certified,,,,,S46: Official tool and manual read; no consultation initiated. | S38: Primary research repository and PDF identified/read. | S36: 72-page primary report read via web; local PDF download returned 403; underlying interview data access unverified. | M01: Both original files inspected; 215-entry dictionary reconciled against full guide.,S46: County-linked tribal interests and contacts | S38: Measurement instrument; no Harris County observations | S36: Mandatory-buyout residents in Harris County | M01: Generic model requiring Harris County localization,"S46: Current tool; historical interest not a numeric time series | S38: 2003 study | S36: December 2025 report | M01: DOCX guide; mind map dated October 15, 2024",,Additional guide/configuration entry,2026-09-10,2026-09-15
Historical_Forced_Relocation_Trauma,Equity,Proposed auxiliary or input,Community-reported lasting effects of prior forced relocation where relevant.,community-defined qualitative/scale evidence,"Use community-authorized histories and appropriately designed self-report evidence. Define scope, interpretation and consent before any scale is constructed.",Enters an optional cultural-policy relationship in the guide; its coefficient remains unvalidated.,Requires operational definition or validated proxy,"Follow a documented instrument, ratio or rubric; range is not established by the variable name",Do not infer trauma from identity or transform histories into automatic numeric penalties.,No complete standalone equation is supplied. Use the stated data derivation as a proposed input method and specify any dynamic response separately.,No standalone equation captured; see stock balance where applicable,Not a stock definition,,,185,No direct guide input identified,First_Nations_Adjustment_Factor [guide equation reference],Explicit guide relationship or category link; not verified in an executable model,Guide/source-assessment interpretation; derivation and repairs are documented proposals unless a retained transformation is identified,S46 S36 S38,"S46: HUD Tribal Directory Assessment Tool; S36: Texas A&M / Texas Appleseed Harris County Home Buyout Study, Phase 1; S38: Williams and Vaske place-attachment measurement study, USFS repository",https://egis.hud.gov/TDAT/,"Required records: Household/person ID, explicit group definitions, joint vulnerability flags, eligible need, assistance components, repeated outcomes, survey weights, item coding and follow-up completeness.","Household/person ID, explicit group definitions, joint vulnerability flags, eligible need, assistance components, repeated outcomes, survey weights, item coding and follow-up completeness.",No exact usable input file certified; see source assessment,No exact model transformation certified,,,,,S46: Official tool and manual read; no consultation initiated. | S36: 72-page primary report read via web; local PDF download returned 403; underlying interview data access unverified. | S38: Primary research repository and PDF identified/read.,S46: County-linked tribal interests and contacts | S36: Mandatory-buyout residents in Harris County | S38: Measurement instrument; no Harris County observations,S46: Current tool; historical interest not a numeric time series | S36: December 2025 report | S38: 2003 study,,Additional guide/configuration entry,2026-09-10,2026-09-15
Non_Market_Values_Weight,Equity,Policy or scenario input,Policy preference weight placed on nonmarket social or cultural outcomes.,preference weight,"Elicit and record stakeholder weights or present separate outcomes without aggregation. Treat alternative weights as scenarios, not empirical facts.",Modifies the optional First_Nations_Adjustment_Factor.,Policy/scenario definition; no fitted value certified,"Follow a documented instrument, ratio or rubric; range is not established by the variable name",A normative preference weight is not a Census variable; report sensitivity and disagreement.,Set the documented policy/scenario input; map its effects to the relevant model equation explicitly.,No standalone equation captured; see stock balance where applicable,Not a stock definition,,,185,No direct guide input identified,First_Nations_Adjustment_Factor [guide equation reference],Explicit guide relationship or category link; not verified in an executable model,Guide/source-assessment interpretation; derivation and repairs are documented proposals unless a retained transformation is identified,S46 S38 S52 M01,"S46: HUD Tribal Directory Assessment Tool; S38: Williams and Vaske place-attachment measurement study, USFS repository; S52: Natural Capital Project InVEST methods and data; M01: Ali shared system-dynamics guide and mind map",https://egis.hud.gov/TDAT/,"Required records: Household/person ID, explicit group definitions, joint vulnerability flags, eligible need, assistance components, repeated outcomes, survey weights, item coding and follow-up completeness.","Household/person ID, explicit group definitions, joint vulnerability flags, eligible need, assistance components, repeated outcomes, survey weights, item coding and follow-up completeness.",No exact usable input file certified; see source assessment,No exact model transformation certified,,,,,"S46: Official tool and manual read; no consultation initiated. | S38: Primary research repository and PDF identified/read. | S52: Official data/method pages read; method source, not an acquired Harris valuation table. | M01: Both original files inspected; 215-entry dictionary reconciled against full guide.",S46: County-linked tribal interests and contacts | S38: Measurement instrument; no Harris County observations | S52: Model/project specific | M01: Generic model requiring Harris County localization,"S46: Current tool; historical interest not a numeric time series | S38: 2003 study | S52: Input-vintage and scenario specific | M01: DOCX guide; mind map dated October 15, 2024",,Additional guide/configuration entry,2026-09-10,2026-09-15
Social_Disruption_Costs,Equity,Proposed auxiliary or input,Incremental resource burden and valued social losses caused by disruption.,USD_2024 or separate nonmonetary outcomes,"Estimate additional moving time, service-access costs and other defined burdens relative to a counterfactual. Monetize only justified components and retain nonmonetary outcomes separately.",Adds social consequences to Total_Social_Cost without duplicating relocation payments or wellbeing scores.,Requires calibration or longitudinal evidence,Nonnegative under the declared stock/flow convention; estimates and rates may be fractional,"Do not force distress or heritage into dollars without defensible valuation, or duplicate relocation payments and lost home value.",No complete standalone equation is supplied. Use the stated data derivation as a proposed input method and specify any dynamic response separately.,No standalone equation captured; see stock balance where applicable,Not a stock definition,,,361,No direct guide input identified,Total_Social_Cost [guide equation reference],Explicit guide relationship or category link; not verified in an executable model,Guide/source-assessment interpretation; derivation and repairs are documented proposals unless a retained transformation is identified,S36 S33 S21 S52,"S36: Texas A&M / Texas Appleseed Harris County Home Buyout Study, Phase 1; S33: Rice Greater Houston Community Panel (GHCP); S21: HCD public-records access route; S52: Natural Capital Project InVEST methods and data",https://oaktrust.library.tamu.edu/server/api/core/bitstreams/d5d8eede-8885-4ebd-ae00-044e424fbb6f/content,"Required records: Household/person ID, explicit group definitions, joint vulnerability flags, eligible need, assistance components, repeated outcomes, survey weights, item coding and follow-up completeness.","Household/person ID, explicit group definitions, joint vulnerability flags, eligible need, assistance components, repeated outcomes, survey weights, item coding and follow-up completeness.",No exact usable input file certified; see source assessment,No exact model transformation certified,,,,,"S36: 72-page primary report read via web; local PDF download returned 403; underlying interview data access unverified. | S33: Catalog and 248-page codebook read; codebook downloaded. Public-use data require a request form; no request submitted. Public files omit geocodes. | S21: Official request route verified. No request submitted; responsive fields and release are unconfirmed. | S52: Official data/method pages read; method source, not an acquired Harris valuation table.","S36: Mandatory-buyout residents in Harris County | S33: Greater Houston adult respondents; Harris subset/weights must be established | S21: HCD cases, staff and program finances | S52: Model/project specific","S36: December 2025 report | S33: 2023–2024 public-use waves; release listed January 9, 2026 | S21: Request 2010–2024, with later completion dates for censoring | S52: Input-vintage and scenario specific",,Additional guide/configuration entry,2026-09-10,2026-09-15
Retreat_Lands_Area,Land,Stock,Unique land area held within the defined retreat portfolio.,hectares,"Union acquired parcel geometry up to the reference date, verify ownership and restrictions, and remove only changes that satisfy the stock's exit definition.",Sets the land inventory available for restoration.,Retained stock initial value: unavailable,Nonnegative under the declared stock/flow convention; estimates and rates may be fractional,Avoid overlapping parcels and distinguish acquisition from restored area or target-area centroids.,"Stock balance reconstructed from the guide INFLOWS, OUTFLOWS and INITIAL VALUE fields: INTEG(Land_Acquired_Through_Retreat - Retreat_Land_Redevelopment, 0). Check initial scope and stock bounds.",No standalone equation captured; see stock balance where applicable,"INTEG(Land_Acquired_Through_Retreat - Retreat_Land_Redevelopment, 0)",0,hectares,154; 159,Land_Acquired_Through_Retreat [stock inflow]; Retreat_Land_Redevelopment [stock outflow],Ecosystem_Restoration_Rate [guide equation reference],Explicit guide relationship or category link; not verified in an executable model,Guide/source-assessment interpretation; derivation and repairs are documented proposals unless a retained transformation is identified,S21 S22 S05 S55,S21: HCD public-records access route; S22: HCFCD public-information access route; S05: Harris Central Appraisal District account and parcel downloads; S55: Harris County Clerk real-property records,https://hcd.harriscountytx.gov/About-Us/Public-Records-Request,"Required records: Unique parcel/project geometry, ownership and restriction dates, treatment type, accepted completion, cost phase, monitoring dates and reference condition; spatial scenario results for benefits.","Unique parcel/project geometry, ownership and restriction dates, treatment type, accepted completion, cost phase, monitoring dates and reference condition; spatial scenario results for benefits.",data/Initial_Conditions.csv (opening-value record; missing values remain missing),No defensible countywide 2024 measurement. See Gap_Queue.csv.,,hectares,unavailable,No defensible countywide 2024 measurement. See Gap_Queue.csv.,S21: Official request route verified. No request submitted; responsive fields and release are unconfirmed. | S22: Official public-information request page read; no request submitted. | S05: Official pages checked; 2024 raw archives already retained. | S55: Official search pages read; no bulk instrument acquisition performed.,"S21: HCD cases, staff and program finances | S22: HCFCD program, acquisition, land and infrastructure records | S05: Parcel/account and taxing jurisdiction | S55: Recorded instrument/property","S21: Request 2010–2024, with later completion dates for censoring | S22: Request historical cohorts and 2024 opening balances | S05: 2024 retained; inspect annual historical availability | S55: Historical recording dates",,Original 215-entry dictionary,2026-09-10,2026-09-15
Restored_Ecosystem_Area,Land,Stock,Unique land area that has completed the defined restoration treatment and still qualifies.,hectares,"Union accepted as-built footprints by date, verify treatment completion and subtract subsequent degradation. Acquisition or vacancy alone is not restoration.","Determines ecological benefits, recovery and potential hazard buffering.",Retained stock initial value: unavailable,Nonnegative under the declared stock/flow convention; estimates and rates may be fractional,Cleared or mowed land is not necessarily ecologically restored; do not infer completion from contract award.,"Stock balance reconstructed from the guide INFLOWS, OUTFLOWS and INITIAL VALUE fields: INTEG(Ecosystem_Restoration_Rate - Ecosystem_Degradation, 0). Check initial scope and stock bounds.",No standalone equation captured; see stock balance where applicable,"INTEG(Ecosystem_Restoration_Rate - Ecosystem_Degradation, 0)",0,hectares,155; 159; 160; 163; 164; 174,Ecosystem_Restoration_Rate [stock inflow]; Ecosystem_Degradation [stock outflow],Ecosystem_Restoration_Rate [guide equation reference]; Ecosystem_Improvement [guide equation reference]; Ecosystem_Service_Benefits [guide equation reference]; Natural_Hazard_Buffer_Capacity [guide equation reference]; Mature_Ecosystem [guide equation reference],Explicit guide relationship or category link; not verified in an executable model,Guide/source-assessment interpretation; derivation and repairs are documented proposals unless a retained transformation is identified,S22 S29 S47 S48 S49,"S22: HCFCD public-information access route; S29: Harris County purchasing, contracts and procurement records; S47: HCFCD Watershed Environmental Baseline (WEB); S48: HCFCD wetland mitigation banks and monitoring records; S49: USGS Annual National Land Cover Database",https://www.hcfcd.org/Community/Contact-Us/Public-Information-Requests,"Required records: Unique parcel/project geometry, ownership and restriction dates, treatment type, accepted completion, cost phase, monitoring dates and reference condition; spatial scenario results for benefits.","Unique parcel/project geometry, ownership and restriction dates, treatment type, accepted completion, cost phase, monitoring dates and reference condition; spatial scenario results for benefits.",data/Initial_Conditions.csv (opening-value record; missing values remain missing),No defensible countywide 2024 measurement. See Gap_Queue.csv.,,hectares,unavailable,No defensible countywide 2024 measurement. See Gap_Queue.csv.,S22: Official public-information request page read; no request submitted. | S29: Official portal and linked Bonfire/GovQA routes verified; detailed invoice/effort exports not acquired. | S47: Official program description read; underlying GIS/monitoring availability needs confirmation/request. | S48: Official page read; detailed as-built costs/monitoring are request candidates. | S49: Official access pages read; raster not newly downloaded.,"S22: HCFCD program, acquisition, land and infrastructure records | S29: Contract/project and vendor | S47: Harris County watersheds | S48: Specific mitigation-bank sites | S49: 30-m raster",S22: Request historical cohorts and 2024 opening balances | S29: Award- and invoice-specific | S47: Survey/inventory-specific | S48: Construction and monitoring cohorts | S49: 1985–2024 in the inspected release,,Original 215-entry dictionary,2026-09-10,2026-09-15
Ecosystem_Health_Index,Land,Stock,Condition of the selected ecosystem relative to explicit reference criteria.,documented habitat-specific score,"Combine habitat, vegetation, hydrologic and water-quality measures using published normalization, direction and weights for each ecosystem type.",Tracks ecological quality separately from the quantity of restored land.,Retained stock initial value: unavailable,Nonnegative under the declared stock/flow convention; estimates and rates may be fractional,No universal public 0–100 ecosystem-health measure; scoring must be habitat- and scale-specific.,"Stock balance reconstructed from the guide INFLOWS, OUTFLOWS and INITIAL VALUE fields: INTEG(Ecosystem_Improvement - Ecosystem_Decline, Initial_Ecosystem_Health). Check initial scope and stock bounds.",No standalone equation captured; see stock balance where applicable,"INTEG(Ecosystem_Improvement - Ecosystem_Decline, Initial_Ecosystem_Health)",Initial_Ecosystem_Health,dimensionless (0-100),156,Ecosystem_Improvement [stock inflow]; Ecosystem_Decline [stock outflow]; Initial_Ecosystem_Health [stock initializer],No downstream equation specified in the guide,Stock balance specified; downstream use may be a reported outcome or conceptual link,Guide/source-assessment interpretation; derivation and repairs are documented proposals unless a retained transformation is identified,S47 S48 S50 S51 S53,S47: HCFCD Watershed Environmental Baseline (WEB); S48: HCFCD wetland mitigation banks and monitoring records; S50: US Fish and Wildlife Service National Wetlands Inventory; S51: TCEQ surface-water quality data (SWQMIS); S53: EPA EnviroAtlas,https://www.hcfcd.org/Activity/Additional-Programs/Watershed-Environmental-Baseline-WEB-Program,"Required records: Unique parcel/project geometry, ownership and restriction dates, treatment type, accepted completion, cost phase, monitoring dates and reference condition; spatial scenario results for benefits.","Unique parcel/project geometry, ownership and restriction dates, treatment type, accepted completion, cost phase, monitoring dates and reference condition; spatial scenario results for benefits.",data/Initial_Conditions.csv (opening-value record; missing values remain missing),No defensible countywide 2024 measurement. See Gap_Queue.csv.,,dimensionless (0-100),unavailable,No defensible countywide 2024 measurement. See Gap_Queue.csv.,S47: Official program description read; underlying GIS/monitoring availability needs confirmation/request. | S48: Official page read; detailed as-built costs/monitoring are request candidates. | S50: Official download/mapper pages read; candidate GIS. | S51: Official download/data-management pages read; sampling-query link identified. | S53: Official overview and ecosystem-service pages read; specific Harris layer coverage must be checked.,S47: Harris County watersheds | S48: Specific mitigation-bank sites | S50: Wetland polygons | S51: Monitoring stations/segments | S53: National and community-scale indicators,S47: Survey/inventory-specific | S48: Construction and monitoring cohorts | S50: Imagery/survey date varies spatially | S51: Historical sample dates; site-specific coverage | S53: Layer-specific,,Original 215-entry dictionary,2026-09-10,2026-09-15
Land_Acquired_Through_Retreat,Land,Flow,Newly acquired unique land area entering the retreat portfolio per year.,hectares/year,"Union newly acquired polygons by closing date, exclude prior acquisitions and duplicate transfers, and annualize hectares.",Fills Retreat_Lands_Area.,Measurement route identified; exact model input not certified,Nonnegative under the declared stock/flow convention; estimates and rates may be fractional,Prefer actual areas over a single average parcel size; document projected CRS and overlap removal.,"Guide relationship is preserved in the equation field. Reconcile units, bounds and input definitions before execution.",Guide paragraph 158: Properties_Retreated * Average_Property_Size,Not a stock definition,,hectares/year,154; 158,Average_Property_Size [guide equation reference]; Properties_Retreated [guide equation reference],Retreat_Lands_Area [stock inflow],Explicit guide relationship or category link; not verified in an executable model,Guide/source-assessment interpretation; derivation and repairs are documented proposals unless a retained transformation is identified,S22 S05 S55,S22: HCFCD public-information access route; S05: Harris Central Appraisal District account and parcel downloads; S55: Harris County Clerk real-property records,https://www.hcfcd.org/Community/Contact-Us/Public-Information-Requests,"Required records: Unique parcel/project geometry, ownership and restriction dates, treatment type, accepted completion, cost phase, monitoring dates and reference condition; spatial scenario results for benefits.","Unique parcel/project geometry, ownership and restriction dates, treatment type, accepted completion, cost phase, monitoring dates and reference condition; spatial scenario results for benefits.",No exact usable input file certified; see source assessment,No exact model transformation certified,,,,,S22: Official public-information request page read; no request submitted. | S05: Official pages checked; 2024 raw archives already retained. | S55: Official search pages read; no bulk instrument acquisition performed.,"S22: HCFCD program, acquisition, land and infrastructure records | S05: Parcel/account and taxing jurisdiction | S55: Recorded instrument/property",S22: Request historical cohorts and 2024 opening balances | S05: 2024 retained; inspect annual historical availability | S55: Historical recording dates,,Original 215-entry dictionary,2026-09-10,2026-09-15
Ecosystem_Restoration_Rate,Land,Flow,Area completing the defined restoration treatment per year.,hectares/year,"Sum accepted completed restoration polygons by completion date, remove overlap, and divide by period length. For projection constrain completions by eligible backlog, funding and delivery capacity.",Fills Restored_Ecosystem_Area.,Measurement route identified; exact model input not certified,Nonnegative under the declared stock/flow convention; estimates and rates may be fractional,Backlog hectares must be divided by a completion time to compare with hectares/year capacity. See the simulation relationship for the required equation review.,"Candidate rate: MIN(eligible_unrestored_hectares / restoration_delivery_time, annual_restoration_funding / cost_per_hectare, treatment_capacity). Restrict backlog to eligible land and guard overlapping treatment cohorts.","Guide paragraph 159: MIN(Retreat_Lands_Area - Restored_Ecosystem_Area,
Restoration_Funding / Cost_Per_Hectare,
Restoration_Capacity)",Not a stock definition,,hectares/year,155; 159,Cost_Per_Hectare [guide equation reference]; Restoration_Capacity [guide equation reference]; Restoration_Funding [guide equation reference]; Restored_Ecosystem_Area [guide equation reference]; Retreat_Lands_Area [guide equation reference],Restored_Ecosystem_Area [stock inflow],Explicit guide relationship or category link; not verified in an executable model,Guide/source-assessment interpretation; derivation and repairs are documented proposals unless a retained transformation is identified,S22 S29 S48,"S22: HCFCD public-information access route; S29: Harris County purchasing, contracts and procurement records; S48: HCFCD wetland mitigation banks and monitoring records",https://www.hcfcd.org/Community/Contact-Us/Public-Information-Requests,"Required records: Unique parcel/project geometry, ownership and restriction dates, treatment type, accepted completion, cost phase, monitoring dates and reference condition; spatial scenario results for benefits.","Unique parcel/project geometry, ownership and restriction dates, treatment type, accepted completion, cost phase, monitoring dates and reference condition; spatial scenario results for benefits.",No exact usable input file certified; see source assessment,No exact model transformation certified,,,,,S22: Official public-information request page read; no request submitted. | S29: Official portal and linked Bonfire/GovQA routes verified; detailed invoice/effort exports not acquired. | S48: Official page read; detailed as-built costs/monitoring are request candidates.,"S22: HCFCD program, acquisition, land and infrastructure records | S29: Contract/project and vendor | S48: Specific mitigation-bank sites",S22: Request historical cohorts and 2024 opening balances | S29: Award- and invoice-specific | S48: Construction and monitoring cohorts,,Original 215-entry dictionary,2026-09-10,2026-09-15
Ecosystem_Improvement,Land,Flow,Annual increase in the ecosystem-health score following recovery or treatment.,health points/year,"Estimate trajectories from repeated treated and reference-site observations, with years since treatment and habitat type.",Fills Ecosystem_Health_Index.,Requires calibration or longitudinal evidence,Nonnegative under the declared stock/flow convention; estimates and rates may be fractional,Area restored alone cannot determine ecological improvement; hydrologic and maintenance conditions matter. See the simulation relationship for the required equation review.,Use a recovery rate in health-points/year; the factor 10 is an uncalibrated multiplier. Define saturation and reference habitat conditions.,Guide paragraph 160: (Restored_Ecosystem_Area / Total_Ecosystem_Area) * Natural_Recovery_Rate * 10,Not a stock definition,,units/year,156; 160,Natural_Recovery_Rate [guide equation reference]; Restored_Ecosystem_Area [guide equation reference]; Total_Ecosystem_Area [guide equation reference],Ecosystem_Health_Index [stock inflow],Explicit guide relationship or category link; not verified in an executable model,Guide/source-assessment interpretation; derivation and repairs are documented proposals unless a retained transformation is identified,S47 S48 S51,S47: HCFCD Watershed Environmental Baseline (WEB); S48: HCFCD wetland mitigation banks and monitoring records; S51: TCEQ surface-water quality data (SWQMIS),https://www.hcfcd.org/Activity/Additional-Programs/Watershed-Environmental-Baseline-WEB-Program,"Required records: Unique parcel/project geometry, ownership and restriction dates, treatment type, accepted completion, cost phase, monitoring dates and reference condition; spatial scenario results for benefits.","Unique parcel/project geometry, ownership and restriction dates, treatment type, accepted completion, cost phase, monitoring dates and reference condition; spatial scenario results for benefits.",No exact usable input file certified; see source assessment,No exact model transformation certified,,,,,S47: Official program description read; underlying GIS/monitoring availability needs confirmation/request. | S48: Official page read; detailed as-built costs/monitoring are request candidates. | S51: Official download/data-management pages read; sampling-query link identified.,S47: Harris County watersheds | S48: Specific mitigation-bank sites | S51: Monitoring stations/segments,S47: Survey/inventory-specific | S48: Construction and monitoring cohorts | S51: Historical sample dates; site-specific coverage,,Original 215-entry dictionary,2026-09-10,2026-09-15
Retreat_Land_Use_Strategy,Land,Policy or scenario selector,Selected post-acquisition land treatment and permitted-use policy.,categorical,"Assign a strategy by parcel or cohort from documented decisions and restrictions. Define scenario alternatives through treatment, cost, timing and outcome parameters.",Organizes the land-management policy comparison; downstream rate effects need explicit links.,Policy/scenario definition; no fitted value certified,Explicit allowed category list; missing or unmapped categories remain unresolved,Generic redevelopment or rebuilding choices may conflict with acquisition deed/funding restrictions.,"Guide relationship is preserved in the equation field. Reconcile units, bounds and input definitions before execution.",Guide paragraph 162: Policy_Selection,Not a stock definition,,categorical,162,Policy_Selection [guide equation reference]; Full_Natural_Restoration [category option]; Multi_Purpose [category option]; Restricted_Rebuilding [category option]; Green_Infrastructure [category option],No downstream equation specified in the guide,Proposed input or output; downstream connection is not fully specified,Guide/source-assessment interpretation; derivation and repairs are documented proposals unless a retained transformation is identified,S19 S20 S54 S22,"S19: Harris County HCD buyout guidelines and performance reports; S20: HCFCD voluntary home buyout program; S54: 44 CFR Part 80, property acquisition and relocation for open space; S22: HCFCD public-information access route",https://hcd.harriscountytx.gov/Disaster-Recovery/Buyout-Relocation-Programs,"Required records: Unique parcel/project geometry, ownership and restriction dates, treatment type, accepted completion, cost phase, monitoring dates and reference condition; spatial scenario results for benefits.","Unique parcel/project geometry, ownership and restriction dates, treatment type, accepted completion, cost phase, monitoring dates and reference condition; spatial scenario results for benefits.",No exact usable input file certified; see source assessment,No exact model transformation certified,,,,,S19: Official program pages and linked June 2025 guidelines read; earlier quarterly reports retained. | S20: Official pages read. Detailed longitudinal property records still require a request. | S54: Official nine-page legal text read; use as a scenario-eligibility reference. | S22: Official public-information request page read; no request submitted.,"S19: HCD programs and project areas | S20: HCFCD eligible areas and participating properties | S54: Applicable FEMA-funded acquisitions | S22: HCFCD program, acquisition, land and infrastructure records",S19: Program-specific; 2024 Q3 and 2025 Q2 reports retained | S20: Program history/current guidance | S54: 2025 codification; confirm award-specific applicability | S22: Request historical cohorts and 2024 opening balances,,Original 215-entry dictionary,2026-09-10,2026-09-15
Ecosystem_Service_Benefits,Land,Auxiliary or delayed quantity,Incremental annual value of ecosystem services attributable to restored land.,USD_2024/year,"Estimate per-hectare annual marginal benefits for each service and multiply by qualifying area. Account for maturity, spatial effects and overlapping service valuations.",Reports ecological benefits and informs the optional social-cost objective.,Calculated once compatible inputs and definitions are supplied,Signed incremental values allowed; a negative benefit denotes harm or loss relative to the counterfactual,"Do not sum overlapping services, stock carbon values and annual flows or double count avoided disaster loss. See the simulation relationship for the required equation review.",Use compatible annual marginal values per hectare and avoid counting the same avoided flooding losses in both this total and disaster-loss benefits.,Guide paragraph 163: Restored_Ecosystem_Area * (Flood_Protection_Value + Water_Quality_Value + Recreation_Value + Carbon_Sequestration_Value + Biodiversity_Value),Not a stock definition,,dollars/year,163,Biodiversity_Value [guide equation reference]; Carbon_Sequestration_Value [guide equation reference]; Flood_Protection_Value [guide equation reference]; Recreation_Value [guide equation reference]; Restored_Ecosystem_Area [guide equation reference]; Water_Quality_Value [guide equation reference],No downstream equation specified in the guide,Proposed input or output; downstream connection is not fully specified,Guide/source-assessment interpretation; derivation and repairs are documented proposals unless a retained transformation is identified,S52 S53 S56 S51,S52: Natural Capital Project InVEST methods and data; S53: EPA EnviroAtlas; S56: FEMA Hazus Flood Model technical manual; S51: TCEQ surface-water quality data (SWQMIS),https://data.naturalcapitalproject.stanford.edu/,"Required records: Unique parcel/project geometry, ownership and restriction dates, treatment type, accepted completion, cost phase, monitoring dates and reference condition; spatial scenario results for benefits.","Unique parcel/project geometry, ownership and restriction dates, treatment type, accepted completion, cost phase, monitoring dates and reference condition; spatial scenario results for benefits.",No exact usable input file certified; see source assessment,No exact model transformation certified,,,,,"S52: Official data/method pages read; method source, not an acquired Harris valuation table. | S53: Official overview and ecosystem-service pages read; specific Harris layer coverage must be checked. | S56: Official manual located during research; local structure/depth inputs must be assembled. | S51: Official download/data-management pages read; sampling-query link identified.",S52: Model/project specific | S53: National and community-scale indicators | S56: Engineering loss-model methodology | S51: Monitoring stations/segments,"S52: Input-vintage and scenario specific | S53: Layer-specific | S56: Hazus 7, 2025 manual | S51: Historical sample dates; site-specific coverage",,Original 215-entry dictionary,2026-09-10,2026-09-15
Natural_Hazard_Buffer_Capacity,Land,Auxiliary or delayed quantity,Modeled physical or proportional hazard-buffering effect of restored ecosystems.,reduction ratio or physical capacity,"Estimate change in storage, stage or expected damage from spatial hydrologic scenarios. Fit the guide's area-share approximation only if it reproduces those effects.",Represents the hazard-reduction benefit of restored land; the feedback to hazard or damage needs an explicit equation.,Requires calibration or longitudinal evidence,"Follow a documented instrument, ratio or rubric; range is not established by the variable name",Area fraction alone is not protective performance; downstream location and event magnitude matter. See the simulation relationship for the required equation review.,Validate the area-share approximation against spatial hydraulic effects. Connect it to hazard or damage explicitly if it is intended to close the restoration feedback.,Guide paragraph 164: (Restored_Ecosystem_Area / Total_Hazard_Zone_Area) * Ecosystem_Type_Protection_Factor,Not a stock definition,,dimensionless (0-1),164,Ecosystem_Type_Protection_Factor [guide equation reference]; Restored_Ecosystem_Area [guide equation reference]; Total_Hazard_Zone_Area [guide equation reference],No downstream equation specified in the guide,Proposed input or output; downstream connection is not fully specified,Guide/source-assessment interpretation; derivation and repairs are documented proposals unless a retained transformation is identified,S09 S10 S11 S47 S52,S09: HCFCD flood reports and Harris County Flood Warning System; S10: USGS Water Data APIs; S11: Texas Water Development Board flood planning datasets; S47: HCFCD Watershed Environmental Baseline (WEB); S52: Natural Capital Project InVEST methods and data,https://www.hcfcd.org/About/Harris-Countys-Flooding-History/Countywide-Impacts,"Required records: Unique parcel/project geometry, ownership and restriction dates, treatment type, accepted completion, cost phase, monitoring dates and reference condition; spatial scenario results for benefits.","Unique parcel/project geometry, ownership and restriction dates, treatment type, accepted completion, cost phase, monitoring dates and reference condition; spatial scenario results for benefits.",No exact usable input file certified; see source assessment,No exact model transformation certified,,,,,"S09: Official report and gauge pages read; targeted raw series remain to acquire. | S10: Official API documentation and 2026 migration notice read; not downloaded for this report. | S11: Official download and floodplain documentation pages read; candidate additional GIS. | S47: Official program description read; underlying GIS/monitoring availability needs confirmation/request. | S52: Official data/method pages read; method source, not an acquired Harris valuation table.","S09: Watershed, gauge and event footprint | S10: Stream gauge/site | S11: Statewide; extract Harris County/watersheds | S47: Harris County watersheds | S52: Model/project specific",S09: Event reports and gauge-specific records | S10: Historical and current; varies by site | S11: Dataset-specific; 2021 floodplain compilation and planning updates | S47: Survey/inventory-specific | S52: Input-vintage and scenario specific,,Original 215-entry dictionary,2026-09-10,2026-09-15
Average_Property_Size,Land,Parameter,Mean land area per property in the relevant acquisition cohort.,hectares/property,Existing proxy is mean positive acreage for exposed A1 accounts multiplied by 0.40468564224. Prefer the unique acquired polygon area divided by acquired property count for actual retreat cohorts.,Converts property acquisition flow into Land_Acquired_Through_Retreat.,Retained parameter: derived_proxy,Nonnegative under the declared stock/flow convention; estimates and rates may be fractional,County residential mean can misrepresent target buyout parcels and assemblages.,No complete standalone equation is supplied. Use the stated data derivation as a proposed input method and specify any dynamic response separately.,No standalone equation captured; see stock balance where applicable,Not a stock definition,,hectare/property,158; 166,No direct guide input identified,Land_Acquired_Through_Retreat [guide equation reference],Explicit guide relationship or category link; not verified in an executable model,Guide/source-assessment interpretation; derivation and repairs are documented proposals unless a retained transformation is identified,S05 S22,S05: Harris Central Appraisal District account and parcel downloads; S22: HCFCD public-information access route,https://hcad.org/pdata/pdata-property-downloads.html/,acct; state_class; acreage; sfha_any_overlap_2026,"Unique parcel/project geometry, ownership and restriction dates, treatment type, accepted completion, cost phase, monitoring dates and reference condition; spatial scenario results for benefits.",data/Residential_Parcel_Inputs.csv.gz,mean(acreage > 0)*0.40468564224 in SFHA-overlap A1 accounts,0.11972704910826369,hectare/property,derived_proxy,Mean stated acreage of SFHA-overlap single-family accounts; excludes zero/missing acreage. Bounds are guide sensitivity assumptions. Not acquired land; multi-family/condo land needs separate treatment.,S05: Official pages checked; 2024 raw archives already retained. | S22: Official public-information request page read; no request submitted.,"S05: Parcel/account and taxing jurisdiction | S22: HCFCD program, acquisition, land and infrastructure records",S05: 2024 retained; inspect annual historical availability | S22: Request historical cohorts and 2024 opening balances,,Original 215-entry dictionary,2026-09-10,2026-09-15
Cost_Per_Hectare,Land,Parameter,Restoration treatment cost per accepted hectare.,USD_2024/hectare,"Divide paid treatment-specific cost by verified accepted area, separating acquisition, demolition, design, maintenance and restoration phases. Convert to 2024 dollars.",Converts annual Restoration_Funding into an affordable treatment rate.,Retained parameter: assumed,Nonnegative under the declared stock/flow convention; estimates and rates may be fractional,Credit prices and total contract awards are not comparable treatment unit costs.,No complete standalone equation is supplied. Use the stated data derivation as a proposed input method and specify any dynamic response separately.,No standalone equation captured; see stock balance where applicable,Not a stock definition,,USD_2024/hectare,159; 167,No direct guide input identified,Ecosystem_Restoration_Rate [guide equation reference],Explicit guide relationship or category link; not verified in an executable model,Guide/source-assessment interpretation; derivation and repairs are documented proposals unless a retained transformation is identified,S29 S22 S48 S31,"S29: Harris County purchasing, contracts and procurement records; S22: HCFCD public-information access route; S48: HCFCD wetland mitigation banks and monitoring records; S31: BLS Consumer Price Index",https://purchasing.harriscountytx.gov/,"Required records: Unique parcel/project geometry, ownership and restriction dates, treatment type, accepted completion, cost phase, monitoring dates and reference condition; spatial scenario results for benefits.","Unique parcel/project geometry, ownership and restriction dates, treatment type, accepted completion, cost phase, monitoring dates and reference condition; spatial scenario results for benefits.",data/Parameters.csv (assumption/input record; measurement status shown separately),Midpoint of guide range except explicitly defined single-hazard convention,55000,USD_2024/hectare,assumed,Guide prior; maintenance guidance provides no restoration cost estimate.,S29: Official portal and linked Bonfire/GovQA routes verified; detailed invoice/effort exports not acquired. | S22: Official public-information request page read; no request submitted. | S48: Official page read; detailed as-built costs/monitoring are request candidates. | S31: Official data and Houston release pages read; deflator not yet applied.,"S29: Contract/project and vendor | S22: HCFCD program, acquisition, land and infrastructure records | S48: Specific mitigation-bank sites | S31: Houston metropolitan area or national benchmark",S29: Award- and invoice-specific | S22: Request historical cohorts and 2024 opening balances | S48: Construction and monitoring cohorts | S31: Monthly/bimonthly or annual series depending geography,,Original 215-entry dictionary,2026-09-10,2026-09-15
Ecosystem_Restoration_Time,Land,Parameter,Delay from restoration treatment to a specified ecological maturity or condition.,years,"Follow restoration cohorts to habitat-specific criteria, include incomplete recovery observations and estimate a duration distribution.",Delays restored area into Mature_Ecosystem in the optional guide equation.,Retained parameter: assumed,Positive duration in years; zero requires a separately specified instantaneous process,Physical construction time and ecological maturation time must be separate.,No complete standalone equation is supplied. Use the stated data derivation as a proposed input method and specify any dynamic response separately.,No standalone equation captured; see stock balance where applicable,Not a stock definition,,year,173; 174,No direct guide input identified,Mature_Ecosystem [guide equation reference],Explicit guide relationship or category link; not verified in an executable model,Guide/source-assessment interpretation; derivation and repairs are documented proposals unless a retained transformation is identified,S22 S48 S47 S51,S22: HCFCD public-information access route; S48: HCFCD wetland mitigation banks and monitoring records; S47: HCFCD Watershed Environmental Baseline (WEB); S51: TCEQ surface-water quality data (SWQMIS),https://www.hcfcd.org/Community/Contact-Us/Public-Information-Requests,"Required records: Unique parcel/project geometry, ownership and restriction dates, treatment type, accepted completion, cost phase, monitoring dates and reference condition; spatial scenario results for benefits.","Unique parcel/project geometry, ownership and restriction dates, treatment type, accepted completion, cost phase, monitoring dates and reference condition; spatial scenario results for benefits.",data/Parameters.csv (assumption/input record; measurement status shown separately),Midpoint of guide range except explicitly defined single-hazard convention,12.5,year,assumed,Guide prior.,S22: Official public-information request page read; no request submitted. | S48: Official page read; detailed as-built costs/monitoring are request candidates. | S47: Official program description read; underlying GIS/monitoring availability needs confirmation/request. | S51: Official download/data-management pages read; sampling-query link identified.,"S22: HCFCD program, acquisition, land and infrastructure records | S48: Specific mitigation-bank sites | S47: Harris County watersheds | S51: Monitoring stations/segments",S22: Request historical cohorts and 2024 opening balances | S48: Construction and monitoring cohorts | S47: Survey/inventory-specific | S51: Historical sample dates; site-specific coverage,,Original 215-entry dictionary,2026-09-10,2026-09-15
Ecosystem_Type_Protection_Factor,Land,Parameter,Hazard reduction attributable to a specific ecosystem type and location.,event-specific reduction ratio,"Compare matched hydrologic or hydraulic scenarios with and without the treatment. Estimate reduction ratios by event, habitat and location.",Converts restored area share into Natural_Hazard_Buffer_Capacity.,Retained parameter: assumed,"Follow a documented instrument, ratio or rubric; range is not established by the variable name",Generic grassland/wetland factors in the guide are not transferable Harris County measurements.,No complete standalone equation is supplied. Use the stated data derivation as a proposed input method and specify any dynamic response separately.,No standalone equation captured; see stock balance where applicable,Not a stock definition,,dimensionless,164; 169,No direct guide input identified,Natural_Hazard_Buffer_Capacity [guide equation reference],Explicit guide relationship or category link; not verified in an executable model,Guide/source-assessment interpretation; derivation and repairs are documented proposals unless a retained transformation is identified,S47 S48 S09 S52,S47: HCFCD Watershed Environmental Baseline (WEB); S48: HCFCD wetland mitigation banks and monitoring records; S09: HCFCD flood reports and Harris County Flood Warning System; S52: Natural Capital Project InVEST methods and data,https://www.hcfcd.org/Activity/Additional-Programs/Watershed-Environmental-Baseline-WEB-Program,"Required records: Unique parcel/project geometry, ownership and restriction dates, treatment type, accepted completion, cost phase, monitoring dates and reference condition; spatial scenario results for benefits.","Unique parcel/project geometry, ownership and restriction dates, treatment type, accepted completion, cost phase, monitoring dates and reference condition; spatial scenario results for benefits.",data/Parameters.csv (assumption/input record; measurement status shown separately),Midpoint of guide range except explicitly defined single-hazard convention,0.5,dimensionless,assumed,Guide prior; not a calibrated wetland flood-reduction effect.,"S47: Official program description read; underlying GIS/monitoring availability needs confirmation/request. | S48: Official page read; detailed as-built costs/monitoring are request candidates. | S09: Official report and gauge pages read; targeted raw series remain to acquire. | S52: Official data/method pages read; method source, not an acquired Harris valuation table.","S47: Harris County watersheds | S48: Specific mitigation-bank sites | S09: Watershed, gauge and event footprint | S52: Model/project specific",S47: Survey/inventory-specific | S48: Construction and monitoring cohorts | S09: Event reports and gauge-specific records | S52: Input-vintage and scenario specific,,Original 215-entry dictionary,2026-09-10,2026-09-15
Infrastructure_Decommissioning_Time,Land,Parameter,"Elapsed time required to retire buildings, utilities or infrastructure after acquisition.",years,"Link acquisition, work-order and accepted completion dates; estimate durations separately for buildings, utilities and roads.",Provides a potential delay before land becomes available for restoration; the guide has no full connecting equation.,Retained parameter: assumed,Positive duration in years; zero requires a separately specified instantaneous process,Parcel clearance is not necessarily complete infrastructure retirement; record each asset class.,No complete standalone equation is supplied. Use the stated data derivation as a proposed input method and specify any dynamic response separately.,No standalone equation captured; see stock balance where applicable,Not a stock definition,,year,173,No direct guide input identified,No downstream equation specified in the guide,Proposed input or output; downstream connection is not fully specified,Guide/source-assessment interpretation; derivation and repairs are documented proposals unless a retained transformation is identified,S22 S29 S55,"S22: HCFCD public-information access route; S29: Harris County purchasing, contracts and procurement records; S55: Harris County Clerk real-property records",https://www.hcfcd.org/Community/Contact-Us/Public-Information-Requests,"Required records: Unique parcel/project geometry, ownership and restriction dates, treatment type, accepted completion, cost phase, monitoring dates and reference condition; spatial scenario results for benefits.","Unique parcel/project geometry, ownership and restriction dates, treatment type, accepted completion, cost phase, monitoring dates and reference condition; spatial scenario results for benefits.",data/Parameters.csv (assumption/input record; measurement status shown separately),Midpoint of guide range except explicitly defined single-hazard convention,2,year,assumed,Guide prior.,S22: Official public-information request page read; no request submitted. | S29: Official portal and linked Bonfire/GovQA routes verified; detailed invoice/effort exports not acquired. | S55: Official search pages read; no bulk instrument acquisition performed.,"S22: HCFCD program, acquisition, land and infrastructure records | S29: Contract/project and vendor | S55: Recorded instrument/property",S22: Request historical cohorts and 2024 opening balances | S29: Award- and invoice-specific | S55: Historical recording dates,,Original 215-entry dictionary,2026-09-10,2026-09-15
Restoration_Capacity,Land,Parameter,Maximum feasible annual delivery of the specified restoration treatment.,hectares/year,"Estimate accepted treated hectares divided by years for available crews and contracts, considering backlog and habitat type. Distinguish budget limits from physical capacity.",Caps Ecosystem_Restoration_Rate.,Retained parameter: assumed,Nonnegative under the declared stock/flow convention; estimates and rates may be fractional,"Observed output may be funding-constrained, not a physical capacity ceiling.",No complete standalone equation is supplied. Use the stated data derivation as a proposed input method and specify any dynamic response separately.,No standalone equation captured; see stock balance where applicable,Not a stock definition,,hectare/year,159; 168,No direct guide input identified,Ecosystem_Restoration_Rate [guide equation reference],Explicit guide relationship or category link; not verified in an executable model,Guide/source-assessment interpretation; derivation and repairs are documented proposals unless a retained transformation is identified,S22 S29 S48,"S22: HCFCD public-information access route; S29: Harris County purchasing, contracts and procurement records; S48: HCFCD wetland mitigation banks and monitoring records",https://www.hcfcd.org/Community/Contact-Us/Public-Information-Requests,"Required records: Unique parcel/project geometry, ownership and restriction dates, treatment type, accepted completion, cost phase, monitoring dates and reference condition; spatial scenario results for benefits.","Unique parcel/project geometry, ownership and restriction dates, treatment type, accepted completion, cost phase, monitoring dates and reference condition; spatial scenario results for benefits.",data/Parameters.csv (assumption/input record; measurement status shown separately),Midpoint of guide range except explicitly defined single-hazard convention,55,hectare/year,assumed,Guide prior; not measured HCFCD restoration capacity.,S22: Official public-information request page read; no request submitted. | S29: Official portal and linked Bonfire/GovQA routes verified; detailed invoice/effort exports not acquired. | S48: Official page read; detailed as-built costs/monitoring are request candidates.,"S22: HCFCD program, acquisition, land and infrastructure records | S29: Contract/project and vendor | S48: Specific mitigation-bank sites",S22: Request historical cohorts and 2024 opening balances | S29: Award- and invoice-specific | S48: Construction and monitoring cohorts,,Original 215-entry dictionary,2026-09-10,2026-09-15
Biodiversity_Value,Land,Proposed auxiliary or input,Incremental habitat or species benefit per restored hectare per year.,USD_2024/ha/year or physical metric,Estimate ecological change by habitat and treatment against a counterfactual. Apply justified local valuation only if available; otherwise report physical outcomes separately.,Supplies one component of Ecosystem_Service_Benefits.,Requires calibration or longitudinal evidence,Signed incremental values allowed; a negative benefit denotes harm or loss relative to the counterfactual,No ready local annual dollar value found; avoid double counting habitat and other ecosystem benefits.,No complete standalone equation is supplied. Use the stated data derivation as a proposed input method and specify any dynamic response separately.,No standalone equation captured; see stock balance where applicable,Not a stock definition,,unresolved,163,No direct guide input identified,Ecosystem_Service_Benefits [guide equation reference],Explicit guide relationship or category link; not verified in an executable model,Guide/source-assessment interpretation; derivation and repairs are documented proposals unless a retained transformation is identified,S47 S50 S52 S53,S47: HCFCD Watershed Environmental Baseline (WEB); S50: US Fish and Wildlife Service National Wetlands Inventory; S52: Natural Capital Project InVEST methods and data; S53: EPA EnviroAtlas,https://www.hcfcd.org/Activity/Additional-Programs/Watershed-Environmental-Baseline-WEB-Program,"Required records: Unique parcel/project geometry, ownership and restriction dates, treatment type, accepted completion, cost phase, monitoring dates and reference condition; spatial scenario results for benefits.","Unique parcel/project geometry, ownership and restriction dates, treatment type, accepted completion, cost phase, monitoring dates and reference condition; spatial scenario results for benefits.",No exact usable input file certified; see source assessment,No exact model transformation certified,,,,,"S47: Official program description read; underlying GIS/monitoring availability needs confirmation/request. | S50: Official download/mapper pages read; candidate GIS. | S52: Official data/method pages read; method source, not an acquired Harris valuation table. | S53: Official overview and ecosystem-service pages read; specific Harris layer coverage must be checked.",S47: Harris County watersheds | S50: Wetland polygons | S52: Model/project specific | S53: National and community-scale indicators,S47: Survey/inventory-specific | S50: Imagery/survey date varies spatially | S52: Input-vintage and scenario specific | S53: Layer-specific,,Original 215-entry dictionary,2026-09-10,2026-09-15
Carbon_Sequestration_Value,Land,Proposed auxiliary or input,Annual value of additional net carbon uptake per restored hectare.,USD_2024/ha/year,"Estimate additional annual carbon flux, convert carbon to CO2-equivalent consistently, and multiply by an explicit valuation scenario. Separate carbon stocks from annual sequestration.",Supplies the carbon component of Ecosystem_Service_Benefits.,Requires calibration or longitudinal evidence,Signed incremental values allowed; a negative benefit denotes harm or loss relative to the counterfactual,Separate carbon stock from annual sequestration and permanence; avoid claiming saleable credits without eligibility.,No complete standalone equation is supplied. Use the stated data derivation as a proposed input method and specify any dynamic response separately.,No standalone equation captured; see stock balance where applicable,Not a stock definition,,unresolved,163,No direct guide input identified,Ecosystem_Service_Benefits [guide equation reference],Explicit guide relationship or category link; not verified in an executable model,Guide/source-assessment interpretation; derivation and repairs are documented proposals unless a retained transformation is identified,S49 S50 S52,S49: USGS Annual National Land Cover Database; S50: US Fish and Wildlife Service National Wetlands Inventory; S52: Natural Capital Project InVEST methods and data,https://www.usgs.gov/centers/eros/how-can-i-access-and-download-annual-nlcd-data,"Required records: Unique parcel/project geometry, ownership and restriction dates, treatment type, accepted completion, cost phase, monitoring dates and reference condition; spatial scenario results for benefits.","Unique parcel/project geometry, ownership and restriction dates, treatment type, accepted completion, cost phase, monitoring dates and reference condition; spatial scenario results for benefits.",No exact usable input file certified; see source assessment,No exact model transformation certified,,,,,"S49: Official access pages read; raster not newly downloaded. | S50: Official download/mapper pages read; candidate GIS. | S52: Official data/method pages read; method source, not an acquired Harris valuation table.",S49: 30-m raster | S50: Wetland polygons | S52: Model/project specific,S49: 1985–2024 in the inspected release | S50: Imagery/survey date varies spatially | S52: Input-vintage and scenario specific,,Original 215-entry dictionary,2026-09-10,2026-09-15
Ecosystem_Decline,Land,Flow referenced by a stock,Annual decrease in the selected ecosystem-health score.,health points/year,"Compare repeated habitat-specific monitoring to baseline and reference conditions, with consistent sampling effort and scale.",Drains Ecosystem_Health_Index.,Requires calibration or longitudinal evidence,Nonnegative under the declared stock/flow convention; estimates and rates may be fractional,A reduction in vegetation cover is only one indicator and not a complete health decline measure.,"This flow is named by a stock, but the guide provides no complete equation. Estimate it from the described records or specify a dimensioned response before simulation.",No standalone equation captured; see stock balance where applicable,Not a stock definition,,unresolved,156,No direct guide input identified,Ecosystem_Health_Index [stock outflow],Explicit guide relationship or category link; not verified in an executable model,Guide/source-assessment interpretation; derivation and repairs are documented proposals unless a retained transformation is identified,S47 S48 S51 S49,S47: HCFCD Watershed Environmental Baseline (WEB); S48: HCFCD wetland mitigation banks and monitoring records; S51: TCEQ surface-water quality data (SWQMIS); S49: USGS Annual National Land Cover Database,https://www.hcfcd.org/Activity/Additional-Programs/Watershed-Environmental-Baseline-WEB-Program,"Required records: Unique parcel/project geometry, ownership and restriction dates, treatment type, accepted completion, cost phase, monitoring dates and reference condition; spatial scenario results for benefits.","Unique parcel/project geometry, ownership and restriction dates, treatment type, accepted completion, cost phase, monitoring dates and reference condition; spatial scenario results for benefits.",No exact usable input file certified; see source assessment,No exact model transformation certified,,,,,S47: Official program description read; underlying GIS/monitoring availability needs confirmation/request. | S48: Official page read; detailed as-built costs/monitoring are request candidates. | S51: Official download/data-management pages read; sampling-query link identified. | S49: Official access pages read; raster not newly downloaded.,S47: Harris County watersheds | S48: Specific mitigation-bank sites | S51: Monitoring stations/segments | S49: 30-m raster,S47: Survey/inventory-specific | S48: Construction and monitoring cohorts | S51: Historical sample dates; site-specific coverage | S49: 1985–2024 in the inspected release,,Original 215-entry dictionary,2026-09-10,2026-09-15
Ecosystem_Degradation,Land,Flow referenced by a stock,Area of previously qualifying restored habitat losing that status per year.,hectares/year,"Compare dated accepted footprints and inspections or land-cover evidence, identify unique degraded hectares and divide by elapsed years.",Drains Restored_Ecosystem_Area; it differs from a change in health score.,Measurement route identified; exact model input not certified,Nonnegative under the declared stock/flow convention; estimates and rates may be fractional,Keep loss of area distinct from declining health on habitat that remains present.,"This flow is named by a stock, but the guide provides no complete equation. Estimate it from the described records or specify a dimensioned response before simulation.",No standalone equation captured; see stock balance where applicable,Not a stock definition,,unresolved,155,No direct guide input identified,Restored_Ecosystem_Area [stock outflow],Explicit guide relationship or category link; not verified in an executable model,Guide/source-assessment interpretation; derivation and repairs are documented proposals unless a retained transformation is identified,S22 S49 S50 S47,S22: HCFCD public-information access route; S49: USGS Annual National Land Cover Database; S50: US Fish and Wildlife Service National Wetlands Inventory; S47: HCFCD Watershed Environmental Baseline (WEB),https://www.hcfcd.org/Community/Contact-Us/Public-Information-Requests,"Required records: Unique parcel/project geometry, ownership and restriction dates, treatment type, accepted completion, cost phase, monitoring dates and reference condition; spatial scenario results for benefits.","Unique parcel/project geometry, ownership and restriction dates, treatment type, accepted completion, cost phase, monitoring dates and reference condition; spatial scenario results for benefits.",No exact usable input file certified; see source assessment,No exact model transformation certified,,,,,S22: Official public-information request page read; no request submitted. | S49: Official access pages read; raster not newly downloaded. | S50: Official download/mapper pages read; candidate GIS. | S47: Official program description read; underlying GIS/monitoring availability needs confirmation/request.,"S22: HCFCD program, acquisition, land and infrastructure records | S49: 30-m raster | S50: Wetland polygons | S47: Harris County watersheds",S22: Request historical cohorts and 2024 opening balances | S49: 1985–2024 in the inspected release | S50: Imagery/survey date varies spatially | S47: Survey/inventory-specific,,Original 215-entry dictionary,2026-09-10,2026-09-15
Flood_Protection_Value,Land,Proposed auxiliary or input,Annual avoided flood loss attributable to one hectare of restoration.,USD_2024/ha/year,"Model losses under matched with-restoration and counterfactual hydraulic scenarios, integrate over event probabilities, and allocate marginal avoided loss to treated area.",Supplies the flood-protection component of Ecosystem_Service_Benefits.,Calculated once compatible inputs and definitions are supplied,Signed incremental values allowed; a negative benefit denotes harm or loss relative to the counterfactual,Avoid counting the same flood losses in both ecosystem benefits and the general avoided-loss term.,No complete standalone equation is supplied. Use the stated data derivation as a proposed input method and specify any dynamic response separately.,No standalone equation captured; see stock balance where applicable,Not a stock definition,,unresolved,163,No direct guide input identified,Ecosystem_Service_Benefits [guide equation reference],Explicit guide relationship or category link; not verified in an executable model,Guide/source-assessment interpretation; derivation and repairs are documented proposals unless a retained transformation is identified,S09 S10 S56 S52,S09: HCFCD flood reports and Harris County Flood Warning System; S10: USGS Water Data APIs; S56: FEMA Hazus Flood Model technical manual; S52: Natural Capital Project InVEST methods and data,https://www.hcfcd.org/About/Harris-Countys-Flooding-History/Countywide-Impacts,"Required records: Unique parcel/project geometry, ownership and restriction dates, treatment type, accepted completion, cost phase, monitoring dates and reference condition; spatial scenario results for benefits.","Unique parcel/project geometry, ownership and restriction dates, treatment type, accepted completion, cost phase, monitoring dates and reference condition; spatial scenario results for benefits.",No exact usable input file certified; see source assessment,No exact model transformation certified,,,,,"S09: Official report and gauge pages read; targeted raw series remain to acquire. | S10: Official API documentation and 2026 migration notice read; not downloaded for this report. | S56: Official manual located during research; local structure/depth inputs must be assembled. | S52: Official data/method pages read; method source, not an acquired Harris valuation table.","S09: Watershed, gauge and event footprint | S10: Stream gauge/site | S56: Engineering loss-model methodology | S52: Model/project specific","S09: Event reports and gauge-specific records | S10: Historical and current; varies by site | S56: Hazus 7, 2025 manual | S52: Input-vintage and scenario specific",,Original 215-entry dictionary,2026-09-10,2026-09-15
Full_Natural_Restoration,Land,Category,Land-use strategy emphasizing ecological restoration within permitted restrictions.,categorical,"Define eligible treatments, accepted condition, cost and timing for the parcel and funding program.",Selects a Retreat_Land_Use_Strategy alternative.,Category or notation; no independent measurement,Explicit allowed category list; missing or unmapped categories remain unresolved,"Category label, not a numeric observation or an extra downloadable dataset.","Category, unit or time-index entry; no separate dynamic equation. Selects a Retreat_Land_Use_Strategy alternative.",No standalone equation captured; see stock balance where applicable,Not a stock definition,,unresolved,162,No direct guide input identified,Retreat_Land_Use_Strategy [category option],Explicit guide relationship or category link; not verified in an executable model,Guide/source-assessment interpretation; derivation and repairs are documented proposals unless a retained transformation is identified,S54 S19 M01,"S54: 44 CFR Part 80, property acquisition and relocation for open space; S19: Harris County HCD buyout guidelines and performance reports; M01: Ali shared system-dynamics guide and mind map",https://www.govinfo.gov/content/pkg/CFR-2025-title44-vol1/pdf/CFR-2025-title44-vol1-part80.pdf,"Required records: Unique parcel/project geometry, ownership and restriction dates, treatment type, accepted completion, cost phase, monitoring dates and reference condition; spatial scenario results for benefits.","Unique parcel/project geometry, ownership and restriction dates, treatment type, accepted completion, cost phase, monitoring dates and reference condition; spatial scenario results for benefits.",No exact usable input file certified; see source assessment,No exact model transformation certified,,,,,S54: Official nine-page legal text read; use as a scenario-eligibility reference. | S19: Official program pages and linked June 2025 guidelines read; earlier quarterly reports retained. | M01: Both original files inspected; 215-entry dictionary reconciled against full guide.,S54: Applicable FEMA-funded acquisitions | S19: HCD programs and project areas | M01: Generic model requiring Harris County localization,"S54: 2025 codification; confirm award-specific applicability | S19: Program-specific; 2024 Q3 and 2025 Q2 reports retained | M01: DOCX guide; mind map dated October 15, 2024",,Original 215-entry dictionary,2026-09-10,2026-09-15
Green_Infrastructure,Land,Category,Land-use strategy incorporating permitted nature-based stormwater or related infrastructure.,categorical,"Specify the treatment, design, allowed use, cost and maintenance requirements by parcel.",Selects a Retreat_Land_Use_Strategy alternative with distinct capacity and benefits.,Category or notation; no independent measurement,Explicit allowed category list; missing or unmapped categories remain unresolved,"Category label, not a numeric observation or an extra downloadable dataset.","Category, unit or time-index entry; no separate dynamic equation. Selects a Retreat_Land_Use_Strategy alternative with distinct capacity and benefits.",No standalone equation captured; see stock balance where applicable,Not a stock definition,,unresolved,162,No direct guide input identified,Retreat_Land_Use_Strategy [category option],Explicit guide relationship or category link; not verified in an executable model,Guide/source-assessment interpretation; derivation and repairs are documented proposals unless a retained transformation is identified,S54 S19 M01,"S54: 44 CFR Part 80, property acquisition and relocation for open space; S19: Harris County HCD buyout guidelines and performance reports; M01: Ali shared system-dynamics guide and mind map",https://www.govinfo.gov/content/pkg/CFR-2025-title44-vol1/pdf/CFR-2025-title44-vol1-part80.pdf,"Required records: Unique parcel/project geometry, ownership and restriction dates, treatment type, accepted completion, cost phase, monitoring dates and reference condition; spatial scenario results for benefits.","Unique parcel/project geometry, ownership and restriction dates, treatment type, accepted completion, cost phase, monitoring dates and reference condition; spatial scenario results for benefits.",No exact usable input file certified; see source assessment,No exact model transformation certified,,,,,S54: Official nine-page legal text read; use as a scenario-eligibility reference. | S19: Official program pages and linked June 2025 guidelines read; earlier quarterly reports retained. | M01: Both original files inspected; 215-entry dictionary reconciled against full guide.,S54: Applicable FEMA-funded acquisitions | S19: HCD programs and project areas | M01: Generic model requiring Harris County localization,"S54: 2025 codification; confirm award-specific applicability | S19: Program-specific; 2024 Q3 and 2025 Q2 reports retained | M01: DOCX guide; mind map dated October 15, 2024",,Original 215-entry dictionary,2026-09-10,2026-09-15
Initial_Ecosystem_Health,Land,Initial value,Baseline initializer of Ecosystem_Health_Index retained under the guide's original name.,documented habitat-specific score,"Derive Ecosystem_Health_Index for the chosen opening date, then hold that starting value fixed as the stock initializer. Combine habitat, vegetation, hydrologic and water-quality measures using published normalization, direction and weights for each ecosystem type.",Initializes Ecosystem_Health_Index; it is not a second independently changing stock.,Derived from/reconciled to Ecosystem_Health_Index,"Follow a documented instrument, ratio or rubric; range is not established by the variable name","Retain the original spelling in the audit, but do not create a second independently calibrated variable.",Initializes Ecosystem_Health_Index; it is not a second independently changing stock. Select one canonical name or input mapping before implementation.,No standalone equation captured; see stock balance where applicable,Not a stock definition,,unresolved,156,No direct guide input identified,Ecosystem_Health_Index [stock initializer],Explicit guide relationship or category link; not verified in an executable model,Guide/source-assessment interpretation; derivation and repairs are documented proposals unless a retained transformation is identified,S47 S48 S51,S47: HCFCD Watershed Environmental Baseline (WEB); S48: HCFCD wetland mitigation banks and monitoring records; S51: TCEQ surface-water quality data (SWQMIS),https://www.hcfcd.org/Activity/Additional-Programs/Watershed-Environmental-Baseline-WEB-Program,"Required records: Unique parcel/project geometry, ownership and restriction dates, treatment type, accepted completion, cost phase, monitoring dates and reference condition; spatial scenario results for benefits.","Unique parcel/project geometry, ownership and restriction dates, treatment type, accepted completion, cost phase, monitoring dates and reference condition; spatial scenario results for benefits.",No exact usable input file certified; see source assessment,No exact model transformation certified,,,,,S47: Official program description read; underlying GIS/monitoring availability needs confirmation/request. | S48: Official page read; detailed as-built costs/monitoring are request candidates. | S51: Official download/data-management pages read; sampling-query link identified.,S47: Harris County watersheds | S48: Specific mitigation-bank sites | S51: Monitoring stations/segments,S47: Survey/inventory-specific | S48: Construction and monitoring cohorts | S51: Historical sample dates; site-specific coverage,Ecosystem_Health_Index,Original 215-entry dictionary,2026-09-10,2026-09-15
Multi_Purpose,Land,Category,"Land-use strategy combining compatible restoration, recreation or other permitted uses.",categorical,"Specify the allowed combination and allocate area, costs and benefits without counting shared land twice.",Selects a Retreat_Land_Use_Strategy alternative.,Category or notation; no independent measurement,Explicit allowed category list; missing or unmapped categories remain unresolved,"Category label, not a numeric observation or an extra downloadable dataset.","Category, unit or time-index entry; no separate dynamic equation. Selects a Retreat_Land_Use_Strategy alternative.",No standalone equation captured; see stock balance where applicable,Not a stock definition,,unresolved,162,No direct guide input identified,Retreat_Land_Use_Strategy [category option],Explicit guide relationship or category link; not verified in an executable model,Guide/source-assessment interpretation; derivation and repairs are documented proposals unless a retained transformation is identified,S54 S19 M01,"S54: 44 CFR Part 80, property acquisition and relocation for open space; S19: Harris County HCD buyout guidelines and performance reports; M01: Ali shared system-dynamics guide and mind map",https://www.govinfo.gov/content/pkg/CFR-2025-title44-vol1/pdf/CFR-2025-title44-vol1-part80.pdf,"Required records: Unique parcel/project geometry, ownership and restriction dates, treatment type, accepted completion, cost phase, monitoring dates and reference condition; spatial scenario results for benefits.","Unique parcel/project geometry, ownership and restriction dates, treatment type, accepted completion, cost phase, monitoring dates and reference condition; spatial scenario results for benefits.",No exact usable input file certified; see source assessment,No exact model transformation certified,,,,,S54: Official nine-page legal text read; use as a scenario-eligibility reference. | S19: Official program pages and linked June 2025 guidelines read; earlier quarterly reports retained. | M01: Both original files inspected; 215-entry dictionary reconciled against full guide.,S54: Applicable FEMA-funded acquisitions | S19: HCD programs and project areas | M01: Generic model requiring Harris County localization,"S54: 2025 codification; confirm award-specific applicability | S19: Program-specific; 2024 Q3 and 2025 Q2 reports retained | M01: DOCX guide; mind map dated October 15, 2024",,Original 215-entry dictionary,2026-09-10,2026-09-15
Natural_Recovery_Rate,Land,Proposed auxiliary or input,Rate of ecological condition recovery under a defined reference process.,ecosystem-health points/year,"Estimate annual health-score change from repeated untreated or reference-site monitoring, controlling habitat and hydrologic conditions.",Sets the recovery speed in Ecosystem_Improvement.,Requires calibration or longitudinal evidence,"Follow a documented instrument, ratio or rubric; range is not established by the variable name",Restoration project improvements cannot automatically identify natural recovery without a comparator. See the simulation relationship for the required equation review.,Recommended implementation unit is ecosystem-health points/year if the guide recovery equation is retained. Document the meaning of the additional factor 10.,No standalone equation captured; see stock balance where applicable,Not a stock definition,,unresolved,160,No direct guide input identified,Ecosystem_Improvement [guide equation reference],Explicit guide relationship or category link; not verified in an executable model,Guide/source-assessment interpretation; derivation and repairs are documented proposals unless a retained transformation is identified,S47 S48 S51,S47: HCFCD Watershed Environmental Baseline (WEB); S48: HCFCD wetland mitigation banks and monitoring records; S51: TCEQ surface-water quality data (SWQMIS),https://www.hcfcd.org/Activity/Additional-Programs/Watershed-Environmental-Baseline-WEB-Program,"Required records: Unique parcel/project geometry, ownership and restriction dates, treatment type, accepted completion, cost phase, monitoring dates and reference condition; spatial scenario results for benefits.","Unique parcel/project geometry, ownership and restriction dates, treatment type, accepted completion, cost phase, monitoring dates and reference condition; spatial scenario results for benefits.",No exact usable input file certified; see source assessment,No exact model transformation certified,,,,,S47: Official program description read; underlying GIS/monitoring availability needs confirmation/request. | S48: Official page read; detailed as-built costs/monitoring are request candidates. | S51: Official download/data-management pages read; sampling-query link identified.,S47: Harris County watersheds | S48: Specific mitigation-bank sites | S51: Monitoring stations/segments,S47: Survey/inventory-specific | S48: Construction and monitoring cohorts | S51: Historical sample dates; site-specific coverage,,Original 215-entry dictionary,2026-09-10,2026-09-15
Policy_Selection,Land,Policy selector,Policy selector of Retreat_Land_Use_Strategy retained under the guide's original name.,category,Store the selected category that defines Retreat_Land_Use_Strategy. Resolve this as the input selector rather than creating two variables that refer back to each other.,Sets the policy category used by Retreat_Land_Use_Strategy.,Derived from/reconciled to Retreat_Land_Use_Strategy,Explicit allowed category list; missing or unmapped categories remain unresolved,"Retain the original spelling in the audit, but do not create a second independently calibrated variable.",Sets the policy category used by Retreat_Land_Use_Strategy. Select one canonical name or input mapping before implementation.,No standalone equation captured; see stock balance where applicable,Not a stock definition,,unresolved,162,No direct guide input identified,Retreat_Land_Use_Strategy [guide equation reference],Explicit guide relationship or category link; not verified in an executable model,Guide/source-assessment interpretation; derivation and repairs are documented proposals unless a retained transformation is identified,S54 S19 M01,"S54: 44 CFR Part 80, property acquisition and relocation for open space; S19: Harris County HCD buyout guidelines and performance reports; M01: Ali shared system-dynamics guide and mind map",https://www.govinfo.gov/content/pkg/CFR-2025-title44-vol1/pdf/CFR-2025-title44-vol1-part80.pdf,"Required records: Unique parcel/project geometry, ownership and restriction dates, treatment type, accepted completion, cost phase, monitoring dates and reference condition; spatial scenario results for benefits.","Unique parcel/project geometry, ownership and restriction dates, treatment type, accepted completion, cost phase, monitoring dates and reference condition; spatial scenario results for benefits.",No exact usable input file certified; see source assessment,No exact model transformation certified,,,,,S54: Official nine-page legal text read; use as a scenario-eligibility reference. | S19: Official program pages and linked June 2025 guidelines read; earlier quarterly reports retained. | M01: Both original files inspected; 215-entry dictionary reconciled against full guide.,S54: Applicable FEMA-funded acquisitions | S19: HCD programs and project areas | M01: Generic model requiring Harris County localization,"S54: 2025 codification; confirm award-specific applicability | S19: Program-specific; 2024 Q3 and 2025 Q2 reports retained | M01: DOCX guide; mind map dated October 15, 2024",Retreat_Land_Use_Strategy,Original 215-entry dictionary,2026-09-10,2026-09-15
Recreation_Value,Land,Proposed auxiliary or input,Incremental recreation benefit per restored hectare per year.,USD_2024/ha/year or visits,"Measure changes in visits, access or use, then apply a justified local valuation if available. GHCP suppressed park willingness-to-pay fields cannot supply estimates.",Supplies the recreation component of Ecosystem_Service_Benefits.,Requires calibration or longitudinal evidence,Signed incremental values allowed; a negative benefit denotes harm or loss relative to the counterfactual,GHCP park willingness-to-pay fields are suppressed in the codebook; do not treat them as accessible public valuation data.,No complete standalone equation is supplied. Use the stated data derivation as a proposed input method and specify any dynamic response separately.,No standalone equation captured; see stock balance where applicable,Not a stock definition,,unresolved,163,No direct guide input identified,Ecosystem_Service_Benefits [guide equation reference],Explicit guide relationship or category link; not verified in an executable model,Guide/source-assessment interpretation; derivation and repairs are documented proposals unless a retained transformation is identified,S52 S53 S22,S52: Natural Capital Project InVEST methods and data; S53: EPA EnviroAtlas; S22: HCFCD public-information access route,https://data.naturalcapitalproject.stanford.edu/,"Required records: Unique parcel/project geometry, ownership and restriction dates, treatment type, accepted completion, cost phase, monitoring dates and reference condition; spatial scenario results for benefits.","Unique parcel/project geometry, ownership and restriction dates, treatment type, accepted completion, cost phase, monitoring dates and reference condition; spatial scenario results for benefits.",No exact usable input file certified; see source assessment,No exact model transformation certified,,,,,"S52: Official data/method pages read; method source, not an acquired Harris valuation table. | S53: Official overview and ecosystem-service pages read; specific Harris layer coverage must be checked. | S22: Official public-information request page read; no request submitted.","S52: Model/project specific | S53: National and community-scale indicators | S22: HCFCD program, acquisition, land and infrastructure records",S52: Input-vintage and scenario specific | S53: Layer-specific | S22: Request historical cohorts and 2024 opening balances,,Original 215-entry dictionary,2026-09-10,2026-09-15
Restoration_Funding,Land,Proposed auxiliary or input,Annual funding released or available for the restoration phase.,USD_2024/year,"Trace restoration-specific receipts, commitments and payments by year and funding restriction. Keep annual release distinct from the remaining cash balance.",Limits affordable restoration hectares through Cost_Per_Hectare.,Measurement route identified; exact model input not certified,Nonnegative under the declared stock/flow convention; estimates and rates may be fractional,Acquisition awards do not necessarily include ecological restoration; stock balance versus annual flow must be explicit.,No complete standalone equation is supplied. Use the stated data derivation as a proposed input method and specify any dynamic response separately.,No standalone equation captured; see stock balance where applicable,Not a stock definition,,unresolved,159,No direct guide input identified,Ecosystem_Restoration_Rate [guide equation reference],Explicit guide relationship or category link; not verified in an executable model,Guide/source-assessment interpretation; derivation and repairs are documented proposals unless a retained transformation is identified,S22 S29 S26 S23,"S22: HCFCD public-information access route; S29: Harris County purchasing, contracts and procurement records; S26: Harris County adopted budgets and budget volumes; S23: Texas GLO HUD DRGR quarterly performance reports",https://www.hcfcd.org/Community/Contact-Us/Public-Information-Requests,"Required records: Unique parcel/project geometry, ownership and restriction dates, treatment type, accepted completion, cost phase, monitoring dates and reference condition; spatial scenario results for benefits.","Unique parcel/project geometry, ownership and restriction dates, treatment type, accepted completion, cost phase, monitoring dates and reference condition; spatial scenario results for benefits.",No exact usable input file certified; see source assessment,No exact model transformation certified,,,,,S22: Official public-information request page read; no request submitted. | S29: Official portal and linked Bonfire/GovQA routes verified; detailed invoice/effort exports not acquired. | S26: Official budget portal read; two budget PDFs already retained. | S23: Official reporting pages read; local financial/accomplishment/narrative files retained.,"S22: HCFCD program, acquisition, land and infrastructure records | S29: Contract/project and vendor | S26: County departments, funds and programs | S23: Grant, activity, project and grantee",S22: Request historical cohorts and 2024 opening balances | S29: Award- and invoice-specific | S26: Annual; FY2025/FY2026 local documents | S23: Quarterly grant histories; local Harris buyout extracts retained,,Original 215-entry dictionary,2026-09-10,2026-09-15
Restricted_Rebuilding,Land,Category,Guide category permitting only specifically restricted post-retreat rebuilding or use.,categorical,"Verify feasibility for each parcel's funding and deed conditions, then define allowed uses and treatment rules. Exclude prohibited scenarios.",Selects a Retreat_Land_Use_Strategy alternative only where applicable.,Category or notation; no independent measurement,Explicit allowed category list; missing or unmapped categories remain unresolved,"Category label, not a numeric observation or an extra downloadable dataset.","Category, unit or time-index entry; no separate dynamic equation. Selects a Retreat_Land_Use_Strategy alternative only where applicable.",No standalone equation captured; see stock balance where applicable,Not a stock definition,,unresolved,162,No direct guide input identified,Retreat_Land_Use_Strategy [category option],Explicit guide relationship or category link; not verified in an executable model,Guide/source-assessment interpretation; derivation and repairs are documented proposals unless a retained transformation is identified,S54 S19 M01,"S54: 44 CFR Part 80, property acquisition and relocation for open space; S19: Harris County HCD buyout guidelines and performance reports; M01: Ali shared system-dynamics guide and mind map",https://www.govinfo.gov/content/pkg/CFR-2025-title44-vol1/pdf/CFR-2025-title44-vol1-part80.pdf,"Required records: Unique parcel/project geometry, ownership and restriction dates, treatment type, accepted completion, cost phase, monitoring dates and reference condition; spatial scenario results for benefits.","Unique parcel/project geometry, ownership and restriction dates, treatment type, accepted completion, cost phase, monitoring dates and reference condition; spatial scenario results for benefits.",No exact usable input file certified; see source assessment,No exact model transformation certified,,,,,S54: Official nine-page legal text read; use as a scenario-eligibility reference. | S19: Official program pages and linked June 2025 guidelines read; earlier quarterly reports retained. | M01: Both original files inspected; 215-entry dictionary reconciled against full guide.,S54: Applicable FEMA-funded acquisitions | S19: HCD programs and project areas | M01: Generic model requiring Harris County localization,"S54: 2025 codification; confirm award-specific applicability | S19: Program-specific; 2024 Q3 and 2025 Q2 reports retained | M01: DOCX guide; mind map dated October 15, 2024",,Original 215-entry dictionary,2026-09-10,2026-09-15
Retreat_Land_Redevelopment,Land,Flow referenced by a stock,Area leaving the defined retreat-land stock through a qualifying change of use per year.,hectares/year,"Record actual permitted changes and effective dates. If the stock means all publicly acquired land, a change of use may not remove ownership and needs another stock definition.",Drains Retreat_Lands_Area only under a consistent land-accounting rule.,Policy/scenario definition; no fitted value certified,Nonnegative under the declared stock/flow convention; estimates and rates may be fractional,Open-space deed restrictions may prohibit generic redevelopment; not every transfer removes land from retreat status.,"This flow is named by a stock, but the guide provides no complete equation. Estimate it from the described records or specify a dimensioned response before simulation.",No standalone equation captured; see stock balance where applicable,Not a stock definition,,unresolved,154,No direct guide input identified,Retreat_Lands_Area [stock outflow],Explicit guide relationship or category link; not verified in an executable model,Guide/source-assessment interpretation; derivation and repairs are documented proposals unless a retained transformation is identified,S54 S19 S22 S55,"S54: 44 CFR Part 80, property acquisition and relocation for open space; S19: Harris County HCD buyout guidelines and performance reports; S22: HCFCD public-information access route; S55: Harris County Clerk real-property records",https://www.govinfo.gov/content/pkg/CFR-2025-title44-vol1/pdf/CFR-2025-title44-vol1-part80.pdf,"Required records: Unique parcel/project geometry, ownership and restriction dates, treatment type, accepted completion, cost phase, monitoring dates and reference condition; spatial scenario results for benefits.","Unique parcel/project geometry, ownership and restriction dates, treatment type, accepted completion, cost phase, monitoring dates and reference condition; spatial scenario results for benefits.",No exact usable input file certified; see source assessment,No exact model transformation certified,,,,,S54: Official nine-page legal text read; use as a scenario-eligibility reference. | S19: Official program pages and linked June 2025 guidelines read; earlier quarterly reports retained. | S22: Official public-information request page read; no request submitted. | S55: Official search pages read; no bulk instrument acquisition performed.,"S54: Applicable FEMA-funded acquisitions | S19: HCD programs and project areas | S22: HCFCD program, acquisition, land and infrastructure records | S55: Recorded instrument/property",S54: 2025 codification; confirm award-specific applicability | S19: Program-specific; 2024 Q3 and 2025 Q2 reports retained | S22: Request historical cohorts and 2024 opening balances | S55: Historical recording dates,,Original 215-entry dictionary,2026-09-10,2026-09-15
Total_Ecosystem_Area,Land,Proposed auxiliary or input,Total area of the ecosystem classes represented by the health or recovery calculation.,hectares,"Select classes and a fixed boundary, dissolve overlaps and calculate hectares in an appropriate projected CRS. Match the ecosystem universe to restored area.",Provides the denominator in Ecosystem_Improvement.,Measurement route identified; exact model input not certified,Nonnegative under the declared stock/flow convention; estimates and rates may be fractional,Use the same habitat definition as health/restoration metrics; mosaics and source dates vary.,No complete standalone equation is supplied. Use the stated data derivation as a proposed input method and specify any dynamic response separately.,No standalone equation captured; see stock balance where applicable,Not a stock definition,,unresolved,160,No direct guide input identified,Ecosystem_Improvement [guide equation reference],Explicit guide relationship or category link; not verified in an executable model,Guide/source-assessment interpretation; derivation and repairs are documented proposals unless a retained transformation is identified,S47 S49 S50,S47: HCFCD Watershed Environmental Baseline (WEB); S49: USGS Annual National Land Cover Database; S50: US Fish and Wildlife Service National Wetlands Inventory,https://www.hcfcd.org/Activity/Additional-Programs/Watershed-Environmental-Baseline-WEB-Program,"Required records: Unique parcel/project geometry, ownership and restriction dates, treatment type, accepted completion, cost phase, monitoring dates and reference condition; spatial scenario results for benefits.","Unique parcel/project geometry, ownership and restriction dates, treatment type, accepted completion, cost phase, monitoring dates and reference condition; spatial scenario results for benefits.",No exact usable input file certified; see source assessment,No exact model transformation certified,,,,,S47: Official program description read; underlying GIS/monitoring availability needs confirmation/request. | S49: Official access pages read; raster not newly downloaded. | S50: Official download/mapper pages read; candidate GIS.,S47: Harris County watersheds | S49: 30-m raster | S50: Wetland polygons,S47: Survey/inventory-specific | S49: 1985–2024 in the inspected release | S50: Imagery/survey date varies spatially,,Original 215-entry dictionary,2026-09-10,2026-09-15
Water_Quality_Value,Land,Proposed auxiliary or input,Annual marginal water-quality benefit per restored hectare.,USD_2024/ha/year or physical load,Model and validate pollutant-load or condition change under restoration and counterfactual land use. Apply a compatible valuation only where justified.,Supplies the water-quality component of Ecosystem_Service_Benefits.,Requires calibration or longitudinal evidence,Signed incremental values allowed; a negative benefit denotes harm or loss relative to the counterfactual,Water-quality measurements do not directly supply economic value; avoid overlapping treatment-cost and welfare benefits.,No complete standalone equation is supplied. Use the stated data derivation as a proposed input method and specify any dynamic response separately.,No standalone equation captured; see stock balance where applicable,Not a stock definition,,unresolved,163,No direct guide input identified,Ecosystem_Service_Benefits [guide equation reference],Explicit guide relationship or category link; not verified in an executable model,Guide/source-assessment interpretation; derivation and repairs are documented proposals unless a retained transformation is identified,S51 S52 S53,S51: TCEQ surface-water quality data (SWQMIS); S52: Natural Capital Project InVEST methods and data; S53: EPA EnviroAtlas,https://www.tceq.texas.gov/agency/data/lookup-data/download-data.html,"Required records: Unique parcel/project geometry, ownership and restriction dates, treatment type, accepted completion, cost phase, monitoring dates and reference condition; spatial scenario results for benefits.","Unique parcel/project geometry, ownership and restriction dates, treatment type, accepted completion, cost phase, monitoring dates and reference condition; spatial scenario results for benefits.",No exact usable input file certified; see source assessment,No exact model transformation certified,,,,,"S51: Official download/data-management pages read; sampling-query link identified. | S52: Official data/method pages read; method source, not an acquired Harris valuation table. | S53: Official overview and ecosystem-service pages read; specific Harris layer coverage must be checked.",S51: Monitoring stations/segments | S52: Model/project specific | S53: National and community-scale indicators,S51: Historical sample dates; site-specific coverage | S52: Input-vintage and scenario specific | S53: Layer-specific,,Original 215-entry dictionary,2026-09-10,2026-09-15
Ecosystem_Benefits,Land,Derived mapping requiring reconciliation,Ecosystem benefit term in the guide's optimization objective.,USD_2024 present value,"Discount annual incremental Ecosystem_Service_Benefits over the common horizon, accounting for maturity and avoiding overlap with avoided-disaster benefits.",Reduces Total_Social_Cost through compatible ecological benefits.,Name or accounting scope requires reconciliation,Signed incremental values allowed; a negative benefit denotes harm or loss relative to the counterfactual,"Retain the original spelling in the audit, but do not create a second independently calibrated variable.",No complete standalone equation is supplied. Use the stated data derivation as a proposed input method and specify any dynamic response separately.,No standalone equation captured; see stock balance where applicable,Not a stock definition,,,361,No direct guide input identified,Total_Social_Cost [guide equation reference],Explicit guide relationship or category link; not verified in an executable model,Guide/source-assessment interpretation; derivation and repairs are documented proposals unless a retained transformation is identified,S52 S53,S52: Natural Capital Project InVEST methods and data; S53: EPA EnviroAtlas,https://data.naturalcapitalproject.stanford.edu/,"Required records: Unique parcel/project geometry, ownership and restriction dates, treatment type, accepted completion, cost phase, monitoring dates and reference condition; spatial scenario results for benefits.","Unique parcel/project geometry, ownership and restriction dates, treatment type, accepted completion, cost phase, monitoring dates and reference condition; spatial scenario results for benefits.",No exact usable input file certified; see source assessment,No exact model transformation certified,,,,,"S52: Official data/method pages read; method source, not an acquired Harris valuation table. | S53: Official overview and ecosystem-service pages read; specific Harris layer coverage must be checked.",S52: Model/project specific | S53: National and community-scale indicators,S52: Input-vintage and scenario specific | S53: Layer-specific,,Additional guide/configuration entry,2026-09-10,2026-09-15
Mature_Ecosystem,Land,Auxiliary or delayed quantity,Restored area that has reached defined ecological maturity.,hectares meeting maturity criteria,Track restoration cohorts and the share meeting reference criteria by age. A delay of area is an approximation requiring cohort and degradation checks.,Supports benefits that depend on maturity rather than immediate treatment completion.,Calculated once compatible inputs and definitions are supplied,Nonnegative under the declared stock/flow convention; estimates and rates may be fractional,"A fixed delay of total restored area ignores treatment failure, degradation and heterogeneous maturation. See the simulation relationship for the required equation review.",Track restoration age cohorts and survival to maturity. The guide delay of the area stock is an approximation that may overstate mature area after degradation.,"Guide paragraph 174: DELAY3(Restored_Ecosystem_Area, Ecosystem_Restoration_Time)",Not a stock definition,,,174,Ecosystem_Restoration_Time [guide equation reference]; Restored_Ecosystem_Area [guide equation reference],No downstream equation specified in the guide,Proposed input or output; downstream connection is not fully specified,Guide/source-assessment interpretation; derivation and repairs are documented proposals unless a retained transformation is identified,S47 S48 S51,S47: HCFCD Watershed Environmental Baseline (WEB); S48: HCFCD wetland mitigation banks and monitoring records; S51: TCEQ surface-water quality data (SWQMIS),https://www.hcfcd.org/Activity/Additional-Programs/Watershed-Environmental-Baseline-WEB-Program,"Required records: Unique parcel/project geometry, ownership and restriction dates, treatment type, accepted completion, cost phase, monitoring dates and reference condition; spatial scenario results for benefits.","Unique parcel/project geometry, ownership and restriction dates, treatment type, accepted completion, cost phase, monitoring dates and reference condition; spatial scenario results for benefits.",No exact usable input file certified; see source assessment,No exact model transformation certified,,,,,S47: Official program description read; underlying GIS/monitoring availability needs confirmation/request. | S48: Official page read; detailed as-built costs/monitoring are request candidates. | S51: Official download/data-management pages read; sampling-query link identified.,S47: Harris County watersheds | S48: Specific mitigation-bank sites | S51: Monitoring stations/segments,S47: Survey/inventory-specific | S48: Construction and monitoring cohorts | S51: Historical sample dates; site-specific coverage,,Additional guide/configuration entry,2026-09-10,2026-09-15
Upstream_Retreat_Area,Land,Proposed auxiliary or input,Retreat or restored area located upstream of a specified receiving reach.,hectares by drainage unit,"Assign unique acquired or restored polygons to drainage catchments, calculate hectares and retain which treatment stage is represented.",Supplies the spatial input to Watershed_Flooding_Benefit.,Measurement route identified; exact model input not certified,Nonnegative under the declared stock/flow convention; estimates and rates may be fractional,Administrative neighborhoods are not drainage units; restored and acquired area may differ.,No complete standalone equation is supplied. Use the stated data derivation as a proposed input method and specify any dynamic response separately.,No standalone equation captured; see stock balance where applicable,Not a stock definition,,,348,No direct guide input identified,Watershed_Flooding_Benefit [guide equation reference],Explicit guide relationship or category link; not verified in an executable model,Guide/source-assessment interpretation; derivation and repairs are documented proposals unless a retained transformation is identified,S22 S05 S09 S11,S22: HCFCD public-information access route; S05: Harris Central Appraisal District account and parcel downloads; S09: HCFCD flood reports and Harris County Flood Warning System; S11: Texas Water Development Board flood planning datasets,https://www.hcfcd.org/Community/Contact-Us/Public-Information-Requests,"Required records: Unique parcel/project geometry, ownership and restriction dates, treatment type, accepted completion, cost phase, monitoring dates and reference condition; spatial scenario results for benefits.","Unique parcel/project geometry, ownership and restriction dates, treatment type, accepted completion, cost phase, monitoring dates and reference condition; spatial scenario results for benefits.",No exact usable input file certified; see source assessment,No exact model transformation certified,,,,,S22: Official public-information request page read; no request submitted. | S05: Official pages checked; 2024 raw archives already retained. | S09: Official report and gauge pages read; targeted raw series remain to acquire. | S11: Official download and floodplain documentation pages read; candidate additional GIS.,"S22: HCFCD program, acquisition, land and infrastructure records | S05: Parcel/account and taxing jurisdiction | S09: Watershed, gauge and event footprint | S11: Statewide; extract Harris County/watersheds",S22: Request historical cohorts and 2024 opening balances | S05: 2024 retained; inspect annual historical availability | S09: Event reports and gauge-specific records | S11: Dataset-specific; 2021 floodplain compilation and planning updates,,Additional guide/configuration entry,2026-09-10,2026-09-15
Watershed_Flooding_Benefit,Land,Auxiliary or delayed quantity,Downstream flooding reduction attributable to upstream retreat or restoration.,stage/storage/loss reduction,"Run comparable watershed and hydraulic scenarios with and without the specified upstream treatment, then compare stage, storage or expected losses.",Captures cross-community benefits in the optional spatial extension.,Requires calibration or longitudinal evidence,Signed incremental values allowed; a negative benefit denotes harm or loss relative to the counterfactual,"A simple linear area coefficient misses location, connectivity and event-specific effects.",Guide relationship is preserved in the equation field. Its coefficients or scales require validation against the derivation described here.,Guide paragraph 348: f(Upstream_Retreat_Area[Neighborhood]); conceptual function,Not a stock definition,,,348,Neighborhood [guide equation reference]; Upstream_Retreat_Area [guide equation reference],No downstream equation specified in the guide,Proposed input or output; downstream connection is not fully specified,Guide/source-assessment interpretation; derivation and repairs are documented proposals unless a retained transformation is identified,S09 S10 S11 S52 S56,S09: HCFCD flood reports and Harris County Flood Warning System; S10: USGS Water Data APIs; S11: Texas Water Development Board flood planning datasets; S52: Natural Capital Project InVEST methods and data; S56: FEMA Hazus Flood Model technical manual,https://www.hcfcd.org/About/Harris-Countys-Flooding-History/Countywide-Impacts,"Required records: Unique parcel/project geometry, ownership and restriction dates, treatment type, accepted completion, cost phase, monitoring dates and reference condition; spatial scenario results for benefits.","Unique parcel/project geometry, ownership and restriction dates, treatment type, accepted completion, cost phase, monitoring dates and reference condition; spatial scenario results for benefits.",No exact usable input file certified; see source assessment,No exact model transformation certified,,,,,"S09: Official report and gauge pages read; targeted raw series remain to acquire. | S10: Official API documentation and 2026 migration notice read; not downloaded for this report. | S11: Official download and floodplain documentation pages read; candidate additional GIS. | S52: Official data/method pages read; method source, not an acquired Harris valuation table. | S56: Official manual located during research; local structure/depth inputs must be assembled.","S09: Watershed, gauge and event footprint | S10: Stream gauge/site | S11: Statewide; extract Harris County/watersheds | S52: Model/project specific | S56: Engineering loss-model methodology","S09: Event reports and gauge-specific records | S10: Historical and current; varies by site | S11: Dataset-specific; 2021 floodplain compilation and planning updates | S52: Input-vintage and scenario specific | S56: Hazus 7, 2025 manual",,Additional guide/configuration entry,2026-09-10,2026-09-15
Annual_Base_Funding,Scenario,Policy or scenario input,Scheduled yearly funding for the scenario's additional retreat program.,USD_2024/year,Read the scenario amount and effective years; convert it into an annual receipt schedule with stated restrictions. It is an assumed policy input.,Supplies the non-event-contingent funding scenario.,Illustrative scenario setting,Nonnegative under the declared stock/flow convention; estimates and rates may be fractional,Existing illustrative scenario setting; no executed or calibrated model is implied.,Set the documented policy/scenario input; map its effects to the relevant model equation explicitly.,No standalone equation captured; see stock balance where applicable,Not a stock definition,,,,No direct guide input identified,No downstream equation specified in the guide,Proposed input or output; downstream connection is not fully specified,Guide/source-assessment interpretation; derivation and repairs are documented proposals unless a retained transformation is identified,M01,M01: Ali shared system-dynamics guide and mind map,,scenario_id; variable; value; unit; start_time; end_time; trigger; evidence_status,"Scenario ID, exact setting name, category or numeric value, units, effective dates, trigger rule, geographic scope and reproducible run settings.",scenarios/Scenario_Parameters.csv,No exact model transformation certified,,,,,Existing local scenario table,Harris County and defined program footprint,2025 to 2050 scenario settings,,Existing scenario configuration beyond source inventory,2026-09-15,2026-09-15
Annual_Post_Disaster_Funding,Scenario,Policy or scenario input,Additional annual funding conditional on the scenario's disaster trigger.,USD_2024/year,"Read the scenario amount and define the qualifying event, release date and duration. Avoid repeating the amount indefinitely without an explicit duration rule.",Supplies the event-contingent funding scenario.,Illustrative scenario setting,Nonnegative under the declared stock/flow convention; estimates and rates may be fractional,Existing illustrative scenario setting; no executed or calibrated model is implied.,Set the documented policy/scenario input; map its effects to the relevant model equation explicitly.,No standalone equation captured; see stock balance where applicable,Not a stock definition,,,,No direct guide input identified,No downstream equation specified in the guide,Proposed input or output; downstream connection is not fully specified,Guide/source-assessment interpretation; derivation and repairs are documented proposals unless a retained transformation is identified,M01,M01: Ali shared system-dynamics guide and mind map,,scenario_id; variable; value; unit; start_time; end_time; trigger; evidence_status,"Scenario ID, exact setting name, category or numeric value, units, effective dates, trigger rule, geographic scope and reproducible run settings.",scenarios/Scenario_Parameters.csv,No exact model transformation certified,,,,,Existing local scenario table,Harris County and defined program footprint,2025 to 2050 scenario settings,,Existing scenario configuration beyond source inventory,2026-09-15,2026-09-15
CC_Scenario,Scenario,Policy or scenario selector,Selected climate projection family and trajectory.,categorical,"Store the source ensemble, scenario label, baseline, member and horizon. Retain RCP labels only with compatible projections; do not relabel SSP projections as RCPs.",Selects climate-impact rates and sea-level trajectories.,Policy/scenario definition; no fitted value certified,Explicit allowed category list; missing or unmapped categories remain unresolved,Guide RCP labels are not interchangeable with CMIP6 SSP labels; avoid unsupported one-to-one relabeling.,Set the documented policy/scenario input; map its effects to the relevant model equation explicitly.,No standalone equation captured; see stock balance where applicable,Not a stock definition,,,356; 357; 358,RCP2.6 [category option]; RCP4.5 [category option]; RCP8.5 [category option],Climate_Change_Impact_Index [guide equation reference]; Sea_Level_Rise [guide equation reference],Explicit guide relationship or category link; not verified in an executable model,Guide/source-assessment interpretation; derivation and repairs are documented proposals unless a retained transformation is identified,S12 S13 M01,S12: USGS CMIP6 LOCA2 and National Climate Change Viewer; S13: NOAA relative sea-level trends and 2022 scenarios; M01: Ali shared system-dynamics guide and mind map,https://www.usgs.gov/data/cmip6-loca2-spatial-summaries-counties-tiger-2023-1950-2100-contiguous-united-states,"Required records: Scenario ID, exact setting name, category or numeric value, units, effective dates, trigger rule, geographic scope and reproducible run settings.","Scenario ID, exact setting name, category or numeric value, units, effective dates, trigger rule, geographic scope and reproducible run settings.",No exact usable input file certified; see source assessment,No exact model transformation certified,,,,,"S12: Official dataset and viewer pages read; candidate download. | S13: Official pages read; scenario files not acquired. NOAA page announces a September 30, 2026 site transition. | M01: Both original files inspected; 215-entry dictionary reconciled against full guide.",S12: County summaries; underlying downscaled grids | S13: Galveston Pier 21 and coastal region | M01: Generic model requiring Harris County localization,"S12: 1950–2100; historical and SSP scenarios | S13: Observed station series; projected scenario horizons | M01: DOCX guide; mind map dated October 15, 2024",,Additional guide/configuration entry,2026-09-10,2026-09-15
Commercial,Scenario,Category,Land-user category representing specified commercial property interests.,categorical,"Define eligible businesses, property owners and units, retaining occupancy and ownership separately.",Partitions Land_User_Group where commercial retreat is included.,Category or notation; no independent measurement,Explicit allowed category list; missing or unmapped categories remain unresolved,"Category label, not a numeric observation or an extra downloadable dataset.","Category, unit or time-index entry; no separate dynamic equation. Partitions Land_User_Group where commercial retreat is included.",No standalone equation captured; see stock balance where applicable,Not a stock definition,,,259,No direct guide input identified,Land_User_Group [category option],Explicit guide relationship or category link; not verified in an executable model,Guide/source-assessment interpretation; derivation and repairs are documented proposals unless a retained transformation is identified,M01 S05 S21 S46,M01: Ali shared system-dynamics guide and mind map; S05: Harris Central Appraisal District account and parcel downloads; S21: HCD public-records access route; S46: HUD Tribal Directory Assessment Tool,,"Required records: Scenario ID, exact setting name, category or numeric value, units, effective dates, trigger rule, geographic scope and reproducible run settings.","Scenario ID, exact setting name, category or numeric value, units, effective dates, trigger rule, geographic scope and reproducible run settings.",No exact usable input file certified; see source assessment,No exact model transformation certified,,,,,M01: Both original files inspected; 215-entry dictionary reconciled against full guide. | S05: Official pages checked; 2024 raw archives already retained. | S21: Official request route verified. No request submitted; responsive fields and release are unconfirmed. | S46: Official tool and manual read; no consultation initiated.,"M01: Generic model requiring Harris County localization | S05: Parcel/account and taxing jurisdiction | S21: HCD cases, staff and program finances | S46: County-linked tribal interests and contacts","M01: DOCX guide; mind map dated October 15, 2024 | S05: 2024 retained; inspect annual historical availability | S21: Request 2010–2024, with later completion dates for censoring | S46: Current tool; historical interest not a numeric time series",,Additional guide/configuration entry,2026-09-10,2026-09-15
Community,Scenario,Category,Geographic category for an explicitly defined community boundary.,categorical,Assign stable boundary IDs and versioned geographic membership. Define overlaps with neighborhoods and watersheds.,Indexes Community_Retreat_Demand and geographic comparisons.,Category or notation; no independent measurement,Explicit allowed category list; missing or unmapped categories remain unresolved,"Category label, not a numeric observation or an extra downloadable dataset.","Category, unit or time-index entry; no separate dynamic equation. Indexes Community_Retreat_Demand and geographic comparisons.",No standalone equation captured; see stock balance where applicable,Not a stock definition,,,15; 25; 26; 28; 30; 39; 57; 178; 211; 292; 304; 346; 348; 380; 383; 407; 477,No direct guide input identified,Regional_Retreat_Pressure [guide equation reference]; Geographic_Scale [category option],Explicit guide relationship or category link; not verified in an executable model,Guide/source-assessment interpretation; derivation and repairs are documented proposals unless a retained transformation is identified,M01 S05 S01 S11,"M01: Ali shared system-dynamics guide and mind map; S05: Harris Central Appraisal District account and parcel downloads; S01: Census American Community Survey, detailed tables; S11: Texas Water Development Board flood planning datasets",,"Required records: Scenario ID, exact setting name, category or numeric value, units, effective dates, trigger rule, geographic scope and reproducible run settings.","Scenario ID, exact setting name, category or numeric value, units, effective dates, trigger rule, geographic scope and reproducible run settings.",No exact usable input file certified; see source assessment,No exact model transformation certified,,,,,M01: Both original files inspected; 215-entry dictionary reconciled against full guide. | S05: Official pages checked; 2024 raw archives already retained. | S01: Official metadata read. Many 2024 tables and a harmonized historical panel already retained; additional tables require retrieval. | S11: Official download and floodplain documentation pages read; candidate additional GIS.,"M01: Generic model requiring Harris County localization | S05: Parcel/account and taxing jurisdiction | S01: County, tract; some block-group tables | S11: Statewide; extract Harris County/watersheds","M01: DOCX guide; mind map dated October 15, 2024 | S05: 2024 retained; inspect annual historical availability | S01: Annual 5-year releases; target 2010–2024 | S11: Dataset-specific; 2021 floodplain compilation and planning updates",,Additional guide/configuration entry,2026-09-10,2026-09-15
Community_Request,Scenario,Category,Trigger category based on a qualifying community request.,categorical,Apply the chosen petition or request criterion and effective date.,Selects the petition branch of Retreat_Program_Active.,Category or notation; no independent measurement,Explicit allowed category list; missing or unmapped categories remain unresolved,"Category label, not a numeric observation or an extra downloadable dataset.","Category, unit or time-index entry; no separate dynamic equation. Selects the petition branch of Retreat_Program_Active.",No standalone equation captured; see stock balance where applicable,Not a stock definition,,,184,No direct guide input identified,Trigger_Type [category option],Explicit guide relationship or category link; not verified in an executable model,Guide/source-assessment interpretation; derivation and repairs are documented proposals unless a retained transformation is identified,M01 S19 S20,M01: Ali shared system-dynamics guide and mind map; S19: Harris County HCD buyout guidelines and performance reports; S20: HCFCD voluntary home buyout program,,"Required records: Scenario ID, exact setting name, category or numeric value, units, effective dates, trigger rule, geographic scope and reproducible run settings.","Scenario ID, exact setting name, category or numeric value, units, effective dates, trigger rule, geographic scope and reproducible run settings.",No exact usable input file certified; see source assessment,No exact model transformation certified,,,,,M01: Both original files inspected; 215-entry dictionary reconciled against full guide. | S19: Official program pages and linked June 2025 guidelines read; earlier quarterly reports retained. | S20: Official pages read. Detailed longitudinal property records still require a request.,M01: Generic model requiring Harris County localization | S19: HCD programs and project areas | S20: HCFCD eligible areas and participating properties,"M01: DOCX guide; mind map dated October 15, 2024 | S19: Program-specific; 2024 Q3 and 2025 Q2 reports retained | S20: Program history/current guidance",,Additional guide/configuration entry,2026-09-10,2026-09-15
FINAL TIME,Scenario,Simulation setting,Calendar year or elapsed model time at which a simulation ends.,year,"Set the proposed scenario end to 2050 if calendar time is used, or its matching elapsed-time value. Document the initial-time convention.",Determines the simulation and comparison horizon.,Policy/scenario definition; no fitted value certified,Consistent calendar year or elapsed-time coordinate,"Guide 50–100-year examples are generic; horizon is a study choice, not a measurement.",Set the documented policy/scenario input; map its effects to the relevant model equation explicitly.,No standalone equation captured; see stock balance where applicable,Not a stock definition,,,229,No direct guide input identified,No downstream equation specified in the guide,Proposed input or output; downstream connection is not fully specified,Guide/source-assessment interpretation; derivation and repairs are documented proposals unless a retained transformation is identified,M01,M01: Ali shared system-dynamics guide and mind map,,"Required records: Scenario ID, exact setting name, category or numeric value, units, effective dates, trigger rule, geographic scope and reproducible run settings.","Scenario ID, exact setting name, category or numeric value, units, effective dates, trigger rule, geographic scope and reproducible run settings.",No exact usable input file certified; see source assessment,No exact model transformation certified,,,,,M01: Both original files inspected; 215-entry dictionary reconciled against full guide.,M01: Generic model requiring Harris County localization,"M01: DOCX guide; mind map dated October 15, 2024",,Additional guide/configuration entry,2026-09-10,2026-09-15
First_Nations,Scenario,Category,Guide land-user category requiring a locally applicable Indigenous scope.,categorical,"Establish community relevance, property interests and representation with the appropriate communities. It is not automatically inferred from Census race categories.",Partitions the optional Land_User_Group array after localization.,Category or notation; no independent measurement,Explicit allowed category list; missing or unmapped categories remain unresolved,"Category label, not a numeric observation or an extra downloadable dataset.","Category, unit or time-index entry; no separate dynamic equation. Partitions the optional Land_User_Group array after localization.",No standalone equation captured; see stock balance where applicable,Not a stock definition,,,259,No direct guide input identified,Land_User_Group [category option],Explicit guide relationship or category link; not verified in an executable model,Guide/source-assessment interpretation; derivation and repairs are documented proposals unless a retained transformation is identified,M01 S05 S21 S46,M01: Ali shared system-dynamics guide and mind map; S05: Harris Central Appraisal District account and parcel downloads; S21: HCD public-records access route; S46: HUD Tribal Directory Assessment Tool,,"Required records: Scenario ID, exact setting name, category or numeric value, units, effective dates, trigger rule, geographic scope and reproducible run settings.","Scenario ID, exact setting name, category or numeric value, units, effective dates, trigger rule, geographic scope and reproducible run settings.",No exact usable input file certified; see source assessment,No exact model transformation certified,,,,,M01: Both original files inspected; 215-entry dictionary reconciled against full guide. | S05: Official pages checked; 2024 raw archives already retained. | S21: Official request route verified. No request submitted; responsive fields and release are unconfirmed. | S46: Official tool and manual read; no consultation initiated.,"M01: Generic model requiring Harris County localization | S05: Parcel/account and taxing jurisdiction | S21: HCD cases, staff and program finances | S46: County-linked tribal interests and contacts","M01: DOCX guide; mind map dated October 15, 2024 | S05: 2024 retained; inspect annual historical availability | S21: Request 2010–2024, with later completion dates for censoring | S46: Current tool; historical interest not a numeric time series",,Additional guide/configuration entry,2026-09-10,2026-09-15
Flooding,Scenario,Category,Hazard category for the chosen flood mechanisms and event definition.,categorical,"Specify riverine, rainfall or coastal flooding and the required physical footprints and thresholds.",Selects the baseline hazard inputs and exposure records.,Category or notation; no independent measurement,Explicit allowed category list; missing or unmapped categories remain unresolved,"Category label, not a numeric observation or an extra downloadable dataset.","Category, unit or time-index entry; no separate dynamic equation. Selects the baseline hazard inputs and exposure records.",No standalone equation captured; see stock balance where applicable,Not a stock definition,,,351,No direct guide input identified,Hazard_Type [category option],Explicit guide relationship or category link; not verified in an executable model,Guide/source-assessment interpretation; derivation and repairs are documented proposals unless a retained transformation is identified,M01 S09 S14,M01: Ali shared system-dynamics guide and mind map; S09: HCFCD flood reports and Harris County Flood Warning System; S14: US Forest Service Wildfire Risk to Communities,,"Required records: Scenario ID, exact setting name, category or numeric value, units, effective dates, trigger rule, geographic scope and reproducible run settings.","Scenario ID, exact setting name, category or numeric value, units, effective dates, trigger rule, geographic scope and reproducible run settings.",No exact usable input file certified; see source assessment,No exact model transformation certified,,,,,M01: Both original files inspected; 215-entry dictionary reconciled against full guide. | S09: Official report and gauge pages read; targeted raw series remain to acquire. | S14: Official project methods/download pages read; optional source only.,"M01: Generic model requiring Harris County localization | S09: Watershed, gauge and event footprint | S14: National raster and community summaries","M01: DOCX guide; mind map dated October 15, 2024 | S09: Event reports and gauge-specific records | S14: Release-specific",,Additional guide/configuration entry,2026-09-10,2026-09-15
Geographic_Scale,Scenario,Subscript definition,"Spatial indexing scheme used for property, neighborhood, community and watershed analysis.",spatial index,"Define stable geographic units, dated crosswalks and aggregation rules. Nested levels must not be added as if they were disjoint observations.",Organizes spatial heterogeneity and inter-community effects.,Policy/scenario definition; no fitted value certified,Explicit allowed category list; missing or unmapped categories remain unresolved,Nested units cannot be summed together; fiscal and hydrologic boundaries need distinct mappings.,Set the documented policy/scenario input; map its effects to the relevant model equation explicitly.,No standalone equation captured; see stock balance where applicable,Not a stock definition,,,346; 347,Individual_Properties [category option]; Neighborhood [category option]; Community [category option]; Watershed [category option],No downstream equation specified in the guide,Proposed input or output; downstream connection is not fully specified,Guide/source-assessment interpretation; derivation and repairs are documented proposals unless a retained transformation is identified,S01 S05 S11 S15 M01,"S01: Census American Community Survey, detailed tables; S05: Harris Central Appraisal District account and parcel downloads; S11: Texas Water Development Board flood planning datasets; S15: Houston-Galveston Area Council forecasts and land cover; M01: Ali shared system-dynamics guide and mind map",https://api.census.gov/data/2024/acs/acs5/groups.html,"Required records: Scenario ID, exact setting name, category or numeric value, units, effective dates, trigger rule, geographic scope and reproducible run settings.","Scenario ID, exact setting name, category or numeric value, units, effective dates, trigger rule, geographic scope and reproducible run settings.",No exact usable input file certified; see source assessment,No exact model transformation certified,,,,,S01: Official metadata read. Many 2024 tables and a harmonized historical panel already retained; additional tables require retrieval. | S05: Official pages checked; 2024 raw archives already retained. | S11: Official download and floodplain documentation pages read; candidate additional GIS. | S15: Official pages checked; local forecast and changed-parcel extracts retained; some GIS uses a request form. | M01: Both original files inspected; 215-entry dictionary reconciled against full guide.,"S01: County, tract; some block-group tables | S05: Parcel/account and taxing jurisdiction | S11: Statewide; extract Harris County/watersheds | S15: Region, tract/forecast zones and parcels | M01: Generic model requiring Harris County localization","S01: Annual 5-year releases; target 2010–2024 | S05: 2024 retained; inspect annual historical availability | S11: Dataset-specific; 2021 floodplain compilation and planning updates | S15: Existing forecast/land-change files; horizon varies by edition | M01: DOCX guide; mind map dated October 15, 2024",,Additional guide/configuration entry,2026-09-10,2026-09-15
Government,Scenario,Category,Land-user category for public property interests or facilities.,categorical,"Identify public ownership and facility type using dated records, distinguishing the owner from the regulator or funding agency.",Partitions Land_User_Group where public property is in scope.,Category or notation; no independent measurement,Explicit allowed category list; missing or unmapped categories remain unresolved,"Category label, not a numeric observation or an extra downloadable dataset.","Category, unit or time-index entry; no separate dynamic equation. Partitions Land_User_Group where public property is in scope.",No standalone equation captured; see stock balance where applicable,Not a stock definition,,,259,No direct guide input identified,Land_User_Group [category option],Explicit guide relationship or category link; not verified in an executable model,Guide/source-assessment interpretation; derivation and repairs are documented proposals unless a retained transformation is identified,M01 S05 S21 S46,M01: Ali shared system-dynamics guide and mind map; S05: Harris Central Appraisal District account and parcel downloads; S21: HCD public-records access route; S46: HUD Tribal Directory Assessment Tool,,"Required records: Scenario ID, exact setting name, category or numeric value, units, effective dates, trigger rule, geographic scope and reproducible run settings.","Scenario ID, exact setting name, category or numeric value, units, effective dates, trigger rule, geographic scope and reproducible run settings.",No exact usable input file certified; see source assessment,No exact model transformation certified,,,,,M01: Both original files inspected; 215-entry dictionary reconciled against full guide. | S05: Official pages checked; 2024 raw archives already retained. | S21: Official request route verified. No request submitted; responsive fields and release are unconfirmed. | S46: Official tool and manual read; no consultation initiated.,"M01: Generic model requiring Harris County localization | S05: Parcel/account and taxing jurisdiction | S21: HCD cases, staff and program finances | S46: County-linked tribal interests and contacts","M01: DOCX guide; mind map dated October 15, 2024 | S05: 2024 retained; inspect annual historical availability | S21: Request 2010–2024, with later completion dates for censoring | S46: Current tool; historical interest not a numeric time series",,Additional guide/configuration entry,2026-09-10,2026-09-15
Hazard_Type,Scenario,Subscript definition,Set of enabled hazards and their distinct physical input definitions.,hazard subscript,"Define a subscript with the included hazard labels and a separate intensity, frequency and exposure record for each.",Organizes optional multi-hazard calculations.,Policy/scenario definition; no fitted value certified,Explicit allowed category list; missing or unmapped categories remain unresolved,Sea-level rise can be a driver of coastal flooding rather than an independent loss event.,Set the documented policy/scenario input; map its effects to the relevant model equation explicitly.,No standalone equation captured; see stock balance where applicable,Not a stock definition,,,351; 352,Flooding [category option]; Coastal_Erosion [category option]; Wildfire [category option]; Sea_Level_Rise [category option],Total_Hazard_Exposure [guide equation reference],Explicit guide relationship or category link; not verified in an executable model,Guide/source-assessment interpretation; derivation and repairs are documented proposals unless a retained transformation is identified,S09 S11 S13 S14 S57 M01,S09: HCFCD flood reports and Harris County Flood Warning System; S11: Texas Water Development Board flood planning datasets; S13: NOAA relative sea-level trends and 2022 scenarios; S14: US Forest Service Wildfire Risk to Communities; S57: UT Austin Bureau of Economic Geology bay shoreline change; M01: Ali shared system-dynamics guide and mind map,https://www.hcfcd.org/About/Harris-Countys-Flooding-History/Countywide-Impacts,"Required records: Scenario ID, exact setting name, category or numeric value, units, effective dates, trigger rule, geographic scope and reproducible run settings.","Scenario ID, exact setting name, category or numeric value, units, effective dates, trigger rule, geographic scope and reproducible run settings.",No exact usable input file certified; see source assessment,No exact model transformation certified,,,,,"S09: Official report and gauge pages read; targeted raw series remain to acquire. | S11: Official download and floodplain documentation pages read; candidate additional GIS. | S13: Official pages read; scenario files not acquired. NOAA page announces a September 30, 2026 site transition. | S14: Official project methods/download pages read; optional source only. | S57: Official project page and GIS service metadata read; no GIS export acquired. | M01: Both original files inspected; 215-entry dictionary reconciled against full guide.","S09: Watershed, gauge and event footprint | S11: Statewide; extract Harris County/watersheds | S13: Galveston Pier 21 and coastal region | S14: National raster and community summaries | S57: Galveston/Trinity/East/West Bay shorelines, including relevant Harris frontage | M01: Generic model requiring Harris County localization","S09: Event reports and gauge-specific records | S11: Dataset-specific; 2021 floodplain compilation and planning updates | S13: Observed station series; projected scenario horizons | S14: Release-specific | S57: Historical shoreline intervals; Galveston system update through 2022 | M01: DOCX guide; mind map dated October 15, 2024",,Additional guide/configuration entry,2026-09-10,2026-09-15
Hazard_Types,Scenario,Subscript alias,Subscript alias of Hazard_Type retained under the guide's original name.,hazard subscript,"Use the same definition, units and measurement as Hazard_Type. Define a subscript with the included hazard labels and a separate intensity, frequency and exposure record for each.",Connects guide references to Hazard_Type without creating a duplicate input or stock.,Derived from/reconciled to Hazard_Type,Explicit allowed category list; missing or unmapped categories remain unresolved,"Retain the original spelling in the audit, but do not create a second independently calibrated variable.",Connects guide references to Hazard_Type without creating a duplicate input or stock. Select one canonical name or input mapping before implementation.,No standalone equation captured; see stock balance where applicable,Not a stock definition,,,492,No direct guide input identified,No downstream equation specified in the guide,Alias/derived mapping requires reconciliation,Guide/source-assessment interpretation; derivation and repairs are documented proposals unless a retained transformation is identified,M01 S09 S14 S57,M01: Ali shared system-dynamics guide and mind map; S09: HCFCD flood reports and Harris County Flood Warning System; S14: US Forest Service Wildfire Risk to Communities; S57: UT Austin Bureau of Economic Geology bay shoreline change,,"Required records: Scenario ID, exact setting name, category or numeric value, units, effective dates, trigger rule, geographic scope and reproducible run settings.","Scenario ID, exact setting name, category or numeric value, units, effective dates, trigger rule, geographic scope and reproducible run settings.",No exact usable input file certified; see source assessment,No exact model transformation certified,,,,,M01: Both original files inspected; 215-entry dictionary reconciled against full guide. | S09: Official report and gauge pages read; targeted raw series remain to acquire. | S14: Official project methods/download pages read; optional source only. | S57: Official project page and GIS service metadata read; no GIS export acquired.,"M01: Generic model requiring Harris County localization | S09: Watershed, gauge and event footprint | S14: National raster and community summaries | S57: Galveston/Trinity/East/West Bay shorelines, including relevant Harris frontage","M01: DOCX guide; mind map dated October 15, 2024 | S09: Event reports and gauge-specific records | S14: Release-specific | S57: Historical shoreline intervals; Galveston system update through 2022",Hazard_Type,Additional guide/configuration entry,2026-09-10,2026-09-15
INITIAL TIME,Scenario,Simulation setting,Starting calendar time or elapsed origin for a simulation.,year,"Match opening stocks to a precise reference date and map the 2024 baseline to subsequent 2025 to 2050 scenarios. If elapsed time starts at zero, retain its calendar mapping.","Aligns initial conditions, lookups and historical validation.",Policy/scenario definition; no fitted value certified,Consistent calendar year or elapsed-time coordinate,Guide generic zero does not specify the Harris County 2024 reference date.,Set the documented policy/scenario input; map its effects to the relevant model equation explicitly.,No standalone equation captured; see stock balance where applicable,Not a stock definition,,,229,No direct guide input identified,No downstream equation specified in the guide,Proposed input or output; downstream connection is not fully specified,Guide/source-assessment interpretation; derivation and repairs are documented proposals unless a retained transformation is identified,M01,M01: Ali shared system-dynamics guide and mind map,,"Required records: Scenario ID, exact setting name, category or numeric value, units, effective dates, trigger rule, geographic scope and reproducible run settings.","Scenario ID, exact setting name, category or numeric value, units, effective dates, trigger rule, geographic scope and reproducible run settings.",No exact usable input file certified; see source assessment,No exact model transformation certified,,,,,M01: Both original files inspected; 215-entry dictionary reconciled against full guide.,M01: Generic model requiring Harris County localization,"M01: DOCX guide; mind map dated October 15, 2024",,Additional guide/configuration entry,2026-09-10,2026-09-15
INTEGRATION METHOD,Scenario,Simulation setting,Numerical method used to integrate stock-and-flow equations.,solver choice,Select a supported solver and compare trajectories across smaller time steps. Record the chosen algorithm and settings with each run.,Controls numerical approximation; it does not resolve data or structural uncertainty.,Policy/scenario definition; no fitted value certified,Named supported solver; document settings,No executable Vensim model is present to verify a solver setting now.,Set the documented policy/scenario input; map its effects to the relevant model equation explicitly.,No standalone equation captured; see stock balance where applicable,Not a stock definition,,,230,No direct guide input identified,No downstream equation specified in the guide,Proposed input or output; downstream connection is not fully specified,Guide/source-assessment interpretation; derivation and repairs are documented proposals unless a retained transformation is identified,M01,M01: Ali shared system-dynamics guide and mind map,,"Required records: Scenario ID, exact setting name, category or numeric value, units, effective dates, trigger rule, geographic scope and reproducible run settings.","Scenario ID, exact setting name, category or numeric value, units, effective dates, trigger rule, geographic scope and reproducible run settings.",No exact usable input file certified; see source assessment,No exact model transformation certified,,,,,M01: Both original files inspected; 215-entry dictionary reconciled against full guide.,M01: Generic model requiring Harris County localization,"M01: DOCX guide; mind map dated October 15, 2024",,Additional guide/configuration entry,2026-09-10,2026-09-15
Individual_Properties,Scenario,Category,Geographic category representing individual property records.,categorical,"Use stable account, parcel or structure IDs and explicitly relate multiple structures or households to each property.",Provides the finest exposure and acquisition accounting level.,Category or notation; no independent measurement,Explicit allowed category list; missing or unmapped categories remain unresolved,"Category label, not a numeric observation or an extra downloadable dataset.","Category, unit or time-index entry; no separate dynamic equation. Provides the finest exposure and acquisition accounting level.",No standalone equation captured; see stock balance where applicable,Not a stock definition,,,346,No direct guide input identified,Geographic_Scale [category option],Explicit guide relationship or category link; not verified in an executable model,Guide/source-assessment interpretation; derivation and repairs are documented proposals unless a retained transformation is identified,M01 S05 S01 S11,"M01: Ali shared system-dynamics guide and mind map; S05: Harris Central Appraisal District account and parcel downloads; S01: Census American Community Survey, detailed tables; S11: Texas Water Development Board flood planning datasets",,"Required records: Scenario ID, exact setting name, category or numeric value, units, effective dates, trigger rule, geographic scope and reproducible run settings.","Scenario ID, exact setting name, category or numeric value, units, effective dates, trigger rule, geographic scope and reproducible run settings.",No exact usable input file certified; see source assessment,No exact model transformation certified,,,,,M01: Both original files inspected; 215-entry dictionary reconciled against full guide. | S05: Official pages checked; 2024 raw archives already retained. | S01: Official metadata read. Many 2024 tables and a harmonized historical panel already retained; additional tables require retrieval. | S11: Official download and floodplain documentation pages read; candidate additional GIS.,"M01: Generic model requiring Harris County localization | S05: Parcel/account and taxing jurisdiction | S01: County, tract; some block-group tables | S11: Statewide; extract Harris County/watersheds","M01: DOCX guide; mind map dated October 15, 2024 | S05: 2024 retained; inspect annual historical availability | S01: Annual 5-year releases; target 2010–2024 | S11: Dataset-specific; 2021 floodplain compilation and planning updates",,Additional guide/configuration entry,2026-09-10,2026-09-15
Land_User_Group,Scenario,Subscript definition,Set of land-user or tenure categories used to distinguish outcomes.,group subscript,"Define categories and their membership rules. Homeowners and Renters are also stock names in the guide, so resolve category-versus-variable naming before implementation.","Allows group-specific compensation, exposure and equity reporting.",Policy/scenario definition; no fitted value certified,Explicit allowed category list; missing or unmapped categories remain unresolved,These categories can overlap; landlord ownership and resident tenure are different axes.,Set the documented policy/scenario input; map its effects to the relevant model equation explicitly.,No standalone equation captured; see stock balance where applicable,Not a stock definition,,,259; 260; 261; 543,Homeowners [category option]; Renters [category option]; Commercial [category option]; First_Nations [category option]; Government [category option],Compensation_Rate [guide equation reference]; Properties_at_Risk [guide equation reference],Explicit guide relationship or category link; not verified in an executable model,Guide/source-assessment interpretation; derivation and repairs are documented proposals unless a retained transformation is identified,S01 S03 S05 S21 S46 M01,"S01: Census American Community Survey, detailed tables; S03: Census ACS Public Use Microdata Sample; S05: Harris Central Appraisal District account and parcel downloads; S21: HCD public-records access route; S46: HUD Tribal Directory Assessment Tool; M01: Ali shared system-dynamics guide and mind map",https://api.census.gov/data/2024/acs/acs5/groups.html,"Required records: Scenario ID, exact setting name, category or numeric value, units, effective dates, trigger rule, geographic scope and reproducible run settings.","Scenario ID, exact setting name, category or numeric value, units, effective dates, trigger rule, geographic scope and reproducible run settings.",No exact usable input file certified; see source assessment,No exact model transformation certified,,,,,S01: Official metadata read. Many 2024 tables and a harmonized historical panel already retained; additional tables require retrieval. | S03: Official access page read; microdata not acquired. | S05: Official pages checked; 2024 raw archives already retained. | S21: Official request route verified. No request submitted; responsive fields and release are unconfirmed. | S46: Official tool and manual read; no consultation initiated. | M01: Both original files inspected; 215-entry dictionary reconciled against full guide.,"S01: County, tract; some block-group tables | S03: PUMA; derive county only where boundaries support it | S05: Parcel/account and taxing jurisdiction | S21: HCD cases, staff and program finances | S46: County-linked tribal interests and contacts | M01: Generic model requiring Harris County localization","S01: Annual 5-year releases; target 2010–2024 | S03: Annual 1-year and 5-year releases | S05: 2024 retained; inspect annual historical availability | S21: Request 2010–2024, with later completion dates for censoring | S46: Current tool; historical interest not a numeric time series | M01: DOCX guide; mind map dated October 15, 2024",,Additional guide/configuration entry,2026-09-10,2026-09-15
Land_User_Groups,Scenario,Subscript alias,Subscript alias of Land_User_Group retained under the guide's original name.,group subscript,"Use the same definition, units and measurement as Land_User_Group. Define categories and their membership rules. Homeowners and Renters are also stock names in the guide, so resolve category-versus-variable naming before implementation.",Connects guide references to Land_User_Group without creating a duplicate input or stock.,Derived from/reconciled to Land_User_Group,Explicit allowed category list; missing or unmapped categories remain unresolved,"Retain the original spelling in the audit, but do not create a second independently calibrated variable.",Connects guide references to Land_User_Group without creating a duplicate input or stock. Select one canonical name or input mapping before implementation.,No standalone equation captured; see stock balance where applicable,Not a stock definition,,,492,No direct guide input identified,No downstream equation specified in the guide,Alias/derived mapping requires reconciliation,Guide/source-assessment interpretation; derivation and repairs are documented proposals unless a retained transformation is identified,M01 S01 S21 S46,"M01: Ali shared system-dynamics guide and mind map; S01: Census American Community Survey, detailed tables; S21: HCD public-records access route; S46: HUD Tribal Directory Assessment Tool",,"Required records: Scenario ID, exact setting name, category or numeric value, units, effective dates, trigger rule, geographic scope and reproducible run settings.","Scenario ID, exact setting name, category or numeric value, units, effective dates, trigger rule, geographic scope and reproducible run settings.",No exact usable input file certified; see source assessment,No exact model transformation certified,,,,,M01: Both original files inspected; 215-entry dictionary reconciled against full guide. | S01: Official metadata read. Many 2024 tables and a harmonized historical panel already retained; additional tables require retrieval. | S21: Official request route verified. No request submitted; responsive fields and release are unconfirmed. | S46: Official tool and manual read; no consultation initiated.,"M01: Generic model requiring Harris County localization | S01: County, tract; some block-group tables | S21: HCD cases, staff and program finances | S46: County-linked tribal interests and contacts","M01: DOCX guide; mind map dated October 15, 2024 | S01: Annual 5-year releases; target 2010–2024 | S21: Request 2010–2024, with later completion dates for censoring | S46: Current tool; historical interest not a numeric time series",Land_User_Group,Additional guide/configuration entry,2026-09-10,2026-09-15
Neighborhood,Scenario,Category,Geographic category representing a fixed neighborhood boundary.,categorical,Assign versioned neighborhood IDs and parcel membership. Document overlapping community and drainage units.,"Supports spatially differentiated exposure, demand and upstream treatment.",Category or notation; no independent measurement,Explicit allowed category list; missing or unmapped categories remain unresolved,"Category label, not a numeric observation or an extra downloadable dataset.","Category, unit or time-index entry; no separate dynamic equation. Supports spatially differentiated exposure, demand and upstream treatment.",No standalone equation captured; see stock balance where applicable,Not a stock definition,,,346; 348,No direct guide input identified,Watershed_Flooding_Benefit [guide equation reference]; Geographic_Scale [category option],Explicit guide relationship or category link; not verified in an executable model,Guide/source-assessment interpretation; derivation and repairs are documented proposals unless a retained transformation is identified,M01 S05 S01 S11,"M01: Ali shared system-dynamics guide and mind map; S05: Harris Central Appraisal District account and parcel downloads; S01: Census American Community Survey, detailed tables; S11: Texas Water Development Board flood planning datasets",,"Required records: Scenario ID, exact setting name, category or numeric value, units, effective dates, trigger rule, geographic scope and reproducible run settings.","Scenario ID, exact setting name, category or numeric value, units, effective dates, trigger rule, geographic scope and reproducible run settings.",No exact usable input file certified; see source assessment,No exact model transformation certified,,,,,M01: Both original files inspected; 215-entry dictionary reconciled against full guide. | S05: Official pages checked; 2024 raw archives already retained. | S01: Official metadata read. Many 2024 tables and a harmonized historical panel already retained; additional tables require retrieval. | S11: Official download and floodplain documentation pages read; candidate additional GIS.,"M01: Generic model requiring Harris County localization | S05: Parcel/account and taxing jurisdiction | S01: County, tract; some block-group tables | S11: Statewide; extract Harris County/watersheds","M01: DOCX guide; mind map dated October 15, 2024 | S05: 2024 retained; inspect annual historical availability | S01: Annual 5-year releases; target 2010–2024 | S11: Dataset-specific; 2021 floodplain compilation and planning updates",,Additional guide/configuration entry,2026-09-10,2026-09-15
New_Retreat_Program_Enabled,Scenario,Policy or scenario input,Scenario switch for the additional retreat program being compared.,0 or 1,Read the explicit 0 or 1 setting by scenario and effective years from Scenario_Parameters.csv. Preserve any shared legacy-program baseline separately.,Enables or disables new retreat activity when mapped to Retreat_Program_Active.,Illustrative scenario setting,0 or 1; missing status is not zero,Existing illustrative scenario setting; no executed or calibrated model is implied.,Set the documented policy/scenario input; map its effects to the relevant model equation explicitly.,No standalone equation captured; see stock balance where applicable,Not a stock definition,,,,No direct guide input identified,No downstream equation specified in the guide,Proposed input or output; downstream connection is not fully specified,Guide/source-assessment interpretation; derivation and repairs are documented proposals unless a retained transformation is identified,M01,M01: Ali shared system-dynamics guide and mind map,,scenario_id; variable; value; unit; start_time; end_time; trigger; evidence_status,"Scenario ID, exact setting name, category or numeric value, units, effective dates, trigger rule, geographic scope and reproducible run settings.",scenarios/Scenario_Parameters.csv,No exact model transformation certified,,,,,Existing local scenario table,Harris County and defined program footprint,2025 to 2050 scenario settings,,Existing scenario configuration beyond source inventory,2026-09-15,2026-09-15
Planned_Caseworker_Capacity,Scenario,Policy or scenario input,Target caseworker FTE for the scenario's program.,caseworker FTE,Read the planned staffing setting and specify hiring and attrition timing to reach the target. Planned FTE is distinct from observed filled FTE.,Provides the staffing target for Support_Services_Capacity.,Illustrative scenario setting,Nonnegative under the declared stock/flow convention; estimates and rates may be fractional,Existing illustrative scenario setting; no executed or calibrated model is implied.,Set the documented policy/scenario input; map its effects to the relevant model equation explicitly.,No standalone equation captured; see stock balance where applicable,Not a stock definition,,,,No direct guide input identified,No downstream equation specified in the guide,Proposed input or output; downstream connection is not fully specified,Guide/source-assessment interpretation; derivation and repairs are documented proposals unless a retained transformation is identified,M01,M01: Ali shared system-dynamics guide and mind map,,scenario_id; variable; value; unit; start_time; end_time; trigger; evidence_status,"Scenario ID, exact setting name, category or numeric value, units, effective dates, trigger rule, geographic scope and reproducible run settings.",scenarios/Scenario_Parameters.csv,No exact model transformation certified,,,,,Existing local scenario table,Harris County and defined program footprint,2025 to 2050 scenario settings,,Existing scenario configuration beyond source inventory,2026-09-15,2026-09-15
Proactive_Policy,Scenario,Category,Trigger category based on policy stimulus and sufficient funding.,categorical,Evaluate the dated policy-stimulus rule and the declared funding threshold.,Selects the proactive branch of Retreat_Program_Active.,Category or notation; no independent measurement,Explicit allowed category list; missing or unmapped categories remain unresolved,"Category label, not a numeric observation or an extra downloadable dataset.","Category, unit or time-index entry; no separate dynamic equation. Selects the proactive branch of Retreat_Program_Active.",No standalone equation captured; see stock balance where applicable,Not a stock definition,,,184,No direct guide input identified,Trigger_Type [category option],Explicit guide relationship or category link; not verified in an executable model,Guide/source-assessment interpretation; derivation and repairs are documented proposals unless a retained transformation is identified,M01 S19 S20,M01: Ali shared system-dynamics guide and mind map; S19: Harris County HCD buyout guidelines and performance reports; S20: HCFCD voluntary home buyout program,,"Required records: Scenario ID, exact setting name, category or numeric value, units, effective dates, trigger rule, geographic scope and reproducible run settings.","Scenario ID, exact setting name, category or numeric value, units, effective dates, trigger rule, geographic scope and reproducible run settings.",No exact usable input file certified; see source assessment,No exact model transformation certified,,,,,M01: Both original files inspected; 215-entry dictionary reconciled against full guide. | S19: Official program pages and linked June 2025 guidelines read; earlier quarterly reports retained. | S20: Official pages read. Detailed longitudinal property records still require a request.,M01: Generic model requiring Harris County localization | S19: HCD programs and project areas | S20: HCFCD eligible areas and participating properties,"M01: DOCX guide; mind map dated October 15, 2024 | S19: Program-specific; 2024 Q3 and 2025 Q2 reports retained | S20: Program history/current guidance",,Additional guide/configuration entry,2026-09-10,2026-09-15
RCP2.6,Scenario,Category,Legacy low-forcing climate-scenario label included in the guide.,categorical,Select projections explicitly produced for RCP2.6 or revise the scenario taxonomy to match acquired data.,Chooses a climate trajectory within CC_Scenario.,Category or notation; no independent measurement,Explicit allowed category list; missing or unmapped categories remain unresolved,"Category label, not a numeric observation or an extra downloadable dataset.","Category, unit or time-index entry; no separate dynamic equation. Chooses a climate trajectory within CC_Scenario.",No standalone equation captured; see stock balance where applicable,Not a stock definition,,,356,No direct guide input identified,CC_Scenario [category option],Explicit guide relationship or category link; not verified in an executable model,Guide/source-assessment interpretation; derivation and repairs are documented proposals unless a retained transformation is identified,M01 S12 S13,M01: Ali shared system-dynamics guide and mind map; S12: USGS CMIP6 LOCA2 and National Climate Change Viewer; S13: NOAA relative sea-level trends and 2022 scenarios,,"Required records: Scenario ID, exact setting name, category or numeric value, units, effective dates, trigger rule, geographic scope and reproducible run settings.","Scenario ID, exact setting name, category or numeric value, units, effective dates, trigger rule, geographic scope and reproducible run settings.",No exact usable input file certified; see source assessment,No exact model transformation certified,,,,,"M01: Both original files inspected; 215-entry dictionary reconciled against full guide. | S12: Official dataset and viewer pages read; candidate download. | S13: Official pages read; scenario files not acquired. NOAA page announces a September 30, 2026 site transition.",M01: Generic model requiring Harris County localization | S12: County summaries; underlying downscaled grids | S13: Galveston Pier 21 and coastal region,"M01: DOCX guide; mind map dated October 15, 2024 | S12: 1950–2100; historical and SSP scenarios | S13: Observed station series; projected scenario horizons",,Additional guide/configuration entry,2026-09-10,2026-09-15
RCP4.5,Scenario,Category,Legacy intermediate-forcing climate-scenario label included in the guide.,categorical,Select projections explicitly produced for RCP4.5 or revise the scenario taxonomy to match acquired data.,Chooses a climate trajectory within CC_Scenario.,Category or notation; no independent measurement,Explicit allowed category list; missing or unmapped categories remain unresolved,"Category label, not a numeric observation or an extra downloadable dataset.","Category, unit or time-index entry; no separate dynamic equation. Chooses a climate trajectory within CC_Scenario.",No standalone equation captured; see stock balance where applicable,Not a stock definition,,,356,No direct guide input identified,CC_Scenario [category option],Explicit guide relationship or category link; not verified in an executable model,Guide/source-assessment interpretation; derivation and repairs are documented proposals unless a retained transformation is identified,M01 S12 S13,M01: Ali shared system-dynamics guide and mind map; S12: USGS CMIP6 LOCA2 and National Climate Change Viewer; S13: NOAA relative sea-level trends and 2022 scenarios,,"Required records: Scenario ID, exact setting name, category or numeric value, units, effective dates, trigger rule, geographic scope and reproducible run settings.","Scenario ID, exact setting name, category or numeric value, units, effective dates, trigger rule, geographic scope and reproducible run settings.",No exact usable input file certified; see source assessment,No exact model transformation certified,,,,,"M01: Both original files inspected; 215-entry dictionary reconciled against full guide. | S12: Official dataset and viewer pages read; candidate download. | S13: Official pages read; scenario files not acquired. NOAA page announces a September 30, 2026 site transition.",M01: Generic model requiring Harris County localization | S12: County summaries; underlying downscaled grids | S13: Galveston Pier 21 and coastal region,"M01: DOCX guide; mind map dated October 15, 2024 | S12: 1950–2100; historical and SSP scenarios | S13: Observed station series; projected scenario horizons",,Additional guide/configuration entry,2026-09-10,2026-09-15
RCP8.5,Scenario,Category,Legacy high-forcing climate-scenario label included in the guide.,categorical,Select projections explicitly produced for RCP8.5 or revise the scenario taxonomy to match acquired data.,Chooses a climate trajectory within CC_Scenario.,Category or notation; no independent measurement,Explicit allowed category list; missing or unmapped categories remain unresolved,"Category label, not a numeric observation or an extra downloadable dataset.","Category, unit or time-index entry; no separate dynamic equation. Chooses a climate trajectory within CC_Scenario.",No standalone equation captured; see stock balance where applicable,Not a stock definition,,,356,No direct guide input identified,CC_Scenario [category option],Explicit guide relationship or category link; not verified in an executable model,Guide/source-assessment interpretation; derivation and repairs are documented proposals unless a retained transformation is identified,M01 S12 S13,M01: Ali shared system-dynamics guide and mind map; S12: USGS CMIP6 LOCA2 and National Climate Change Viewer; S13: NOAA relative sea-level trends and 2022 scenarios,,"Required records: Scenario ID, exact setting name, category or numeric value, units, effective dates, trigger rule, geographic scope and reproducible run settings.","Scenario ID, exact setting name, category or numeric value, units, effective dates, trigger rule, geographic scope and reproducible run settings.",No exact usable input file certified; see source assessment,No exact model transformation certified,,,,,"M01: Both original files inspected; 215-entry dictionary reconciled against full guide. | S12: Official dataset and viewer pages read; candidate download. | S13: Official pages read; scenario files not acquired. NOAA page announces a September 30, 2026 site transition.",M01: Generic model requiring Harris County localization | S12: County summaries; underlying downscaled grids | S13: Galveston Pier 21 and coastal region,"M01: DOCX guide; mind map dated October 15, 2024 | S12: 1950–2100; historical and SSP scenarios | S13: Observed station series; projected scenario horizons",,Additional guide/configuration entry,2026-09-10,2026-09-15
Reactive_Disaster,Scenario,Category,Trigger category based on a recent qualifying major disaster.,categorical,Apply the severity and recency rules for Recent_Major_Disaster.,Selects the reactive branch of Retreat_Program_Active.,Category or notation; no independent measurement,Explicit allowed category list; missing or unmapped categories remain unresolved,"Category label, not a numeric observation or an extra downloadable dataset.","Category, unit or time-index entry; no separate dynamic equation. Selects the reactive branch of Retreat_Program_Active.",No standalone equation captured; see stock balance where applicable,Not a stock definition,,,184,No direct guide input identified,Trigger_Type [category option],Explicit guide relationship or category link; not verified in an executable model,Guide/source-assessment interpretation; derivation and repairs are documented proposals unless a retained transformation is identified,M01 S19 S20,M01: Ali shared system-dynamics guide and mind map; S19: Harris County HCD buyout guidelines and performance reports; S20: HCFCD voluntary home buyout program,,"Required records: Scenario ID, exact setting name, category or numeric value, units, effective dates, trigger rule, geographic scope and reproducible run settings.","Scenario ID, exact setting name, category or numeric value, units, effective dates, trigger rule, geographic scope and reproducible run settings.",No exact usable input file certified; see source assessment,No exact model transformation certified,,,,,M01: Both original files inspected; 215-entry dictionary reconciled against full guide. | S19: Official program pages and linked June 2025 guidelines read; earlier quarterly reports retained. | S20: Official pages read. Detailed longitudinal property records still require a request.,M01: Generic model requiring Harris County localization | S19: HCD programs and project areas | S20: HCFCD eligible areas and participating properties,"M01: DOCX guide; mind map dated October 15, 2024 | S19: Program-specific; 2024 Q3 and 2025 Q2 reports retained | S20: Program history/current guidance",,Additional guide/configuration entry,2026-09-10,2026-09-15
Retreat_Strategy,Scenario,Policy or scenario selector,Overall retreat policy package for a place or scenario.,categorical by place,"Specify no-retreat, reactive, proactive or hybrid rules with activation, funding, assistance, staffing and land-use settings.",Defines the policy comparisons to be simulated.,Policy/scenario definition; no fitted value certified,Explicit allowed category list; missing or unmapped categories remain unresolved,Scenario names alone do not specify operational mechanisms or legal feasibility.,Set the documented policy/scenario input; map its effects to the relevant model equation explicitly.,No standalone equation captured; see stock balance where applicable,Not a stock definition,,,347,No direct guide input identified,No downstream equation specified in the guide,Proposed input or output; downstream connection is not fully specified,Guide/source-assessment interpretation; derivation and repairs are documented proposals unless a retained transformation is identified,S19 S20 S54 M01,"S19: Harris County HCD buyout guidelines and performance reports; S20: HCFCD voluntary home buyout program; S54: 44 CFR Part 80, property acquisition and relocation for open space; M01: Ali shared system-dynamics guide and mind map",https://hcd.harriscountytx.gov/Disaster-Recovery/Buyout-Relocation-Programs,"Required records: Scenario ID, exact setting name, category or numeric value, units, effective dates, trigger rule, geographic scope and reproducible run settings.","Scenario ID, exact setting name, category or numeric value, units, effective dates, trigger rule, geographic scope and reproducible run settings.",No exact usable input file certified; see source assessment,No exact model transformation certified,,,,,S19: Official program pages and linked June 2025 guidelines read; earlier quarterly reports retained. | S20: Official pages read. Detailed longitudinal property records still require a request. | S54: Official nine-page legal text read; use as a scenario-eligibility reference. | M01: Both original files inspected; 215-entry dictionary reconciled against full guide.,S19: HCD programs and project areas | S20: HCFCD eligible areas and participating properties | S54: Applicable FEMA-funded acquisitions | M01: Generic model requiring Harris County localization,"S19: Program-specific; 2024 Q3 and 2025 Q2 reports retained | S20: Program history/current guidance | S54: 2025 codification; confirm award-specific applicability | M01: DOCX guide; mind map dated October 15, 2024",,Additional guide/configuration entry,2026-09-10,2026-09-15
TIME STEP,Scenario,Simulation setting,Time interval between numerical updates in the simulation.,years,Select an interval in years and test progressively smaller values. The guide's 0.125 years is one eighth of a year; a quarter-year is 0.25.,Controls numerical resolution and helps define feasible stock-depletion limits.,Policy/scenario definition; no fitted value certified,Positive duration in years; zero requires a separately specified instantaneous process,Guide labels 0.125 years quarterly; quarterly is 0.25 years. Do not inherit that inconsistency. See the simulation relationship for the required equation review.,Correct the guide annotation: 0.125 years is not quarterly. Select and test a numerical time step rather than infer a reporting frequency from that text.,No standalone equation captured; see stock balance where applicable,Not a stock definition,,,226,No direct guide input identified,No downstream equation specified in the guide,Proposed input or output; downstream connection is not fully specified,Guide/source-assessment interpretation; derivation and repairs are documented proposals unless a retained transformation is identified,M01,M01: Ali shared system-dynamics guide and mind map,,"Required records: Scenario ID, exact setting name, category or numeric value, units, effective dates, trigger rule, geographic scope and reproducible run settings.","Scenario ID, exact setting name, category or numeric value, units, effective dates, trigger rule, geographic scope and reproducible run settings.",No exact usable input file certified; see source assessment,No exact model transformation certified,,,,,M01: Both original files inspected; 215-entry dictionary reconciled against full guide.,M01: Generic model requiring Harris County localization,"M01: DOCX guide; mind map dated October 15, 2024",,Additional guide/configuration entry,2026-09-10,2026-09-15
Threshold,Scenario,Policy or scenario input,Minimum funding amount required by the proactive activation rule.,USD_2024,Select and document the funding balance threshold in the same unit and accounting scope as Funding_Available.,Determines whether funding is sufficient to activate proactive retreat.,Policy/scenario definition; no fitted value certified,Nonnegative under the declared stock/flow convention; estimates and rates may be fractional,"This guide token is a policy threshold, not a separately observed data series.",Set the documented policy/scenario input; map its effects to the relevant model equation explicitly.,No standalone equation captured; see stock balance where applicable,Not a stock definition,,,184,No direct guide input identified,Retreat_Program_Active [guide equation reference],Explicit guide relationship or category link; not verified in an executable model,Guide/source-assessment interpretation; derivation and repairs are documented proposals unless a retained transformation is identified,S26 S23 M01,S26: Harris County adopted budgets and budget volumes; S23: Texas GLO HUD DRGR quarterly performance reports; M01: Ali shared system-dynamics guide and mind map,https://budget.harriscountytx.gov/budget.aspx,"Required records: Scenario ID, exact setting name, category or numeric value, units, effective dates, trigger rule, geographic scope and reproducible run settings.","Scenario ID, exact setting name, category or numeric value, units, effective dates, trigger rule, geographic scope and reproducible run settings.",No exact usable input file certified; see source assessment,No exact model transformation certified,,,,,S26: Official budget portal read; two budget PDFs already retained. | S23: Official reporting pages read; local financial/accomplishment/narrative files retained. | M01: Both original files inspected; 215-entry dictionary reconciled against full guide.,"S26: County departments, funds and programs | S23: Grant, activity, project and grantee | M01: Generic model requiring Harris County localization","S26: Annual; FY2025/FY2026 local documents | S23: Quarterly grant histories; local Harris buyout extracts retained | M01: DOCX guide; mind map dated October 15, 2024",,Additional guide/configuration entry,2026-09-10,2026-09-15
Trigger_Type,Scenario,Policy or scenario selector,Selected rule for starting or activating retreat.,categorical,"Store one of the explicitly defined trigger categories and its required threshold, event or petition settings.",Chooses the conditional branch in Retreat_Program_Active.,Policy/scenario definition; no fitted value certified,Explicit allowed category list; missing or unmapped categories remain unresolved,Historical programs need observed triggers; hypothetical triggers must remain labeled as scenarios.,Set the documented policy/scenario input; map its effects to the relevant model equation explicitly.,No standalone equation captured; see stock balance where applicable,Not a stock definition,,,184,Reactive_Disaster [category option]; Proactive_Policy [category option]; Community_Request [category option],Retreat_Program_Active [guide equation reference],Explicit guide relationship or category link; not verified in an executable model,Guide/source-assessment interpretation; derivation and repairs are documented proposals unless a retained transformation is identified,S19 S20 S28 M01,"S19: Harris County HCD buyout guidelines and performance reports; S20: HCFCD voluntary home buyout program; S28: Harris County Commissioners Court agendas, minutes and votes; M01: Ali shared system-dynamics guide and mind map",https://hcd.harriscountytx.gov/Disaster-Recovery/Buyout-Relocation-Programs,"Required records: Scenario ID, exact setting name, category or numeric value, units, effective dates, trigger rule, geographic scope and reproducible run settings.","Scenario ID, exact setting name, category or numeric value, units, effective dates, trigger rule, geographic scope and reproducible run settings.",No exact usable input file certified; see source assessment,No exact model transformation certified,,,,,S19: Official program pages and linked June 2025 guidelines read; earlier quarterly reports retained. | S20: Official pages read. Detailed longitudinal property records still require a request. | S28: Official calendar/archive pages read; additional document coding candidate. | M01: Both original files inspected; 215-entry dictionary reconciled against full guide.,S19: HCD programs and project areas | S20: HCFCD eligible areas and participating properties | S28: County policy decisions | M01: Generic model requiring Harris County localization,"S19: Program-specific; 2024 Q3 and 2025 Q2 reports retained | S20: Program history/current guidance | S28: Dated meetings; current and archived systems | M01: DOCX guide; mind map dated October 15, 2024",,Additional guide/configuration entry,2026-09-10,2026-09-15
Watershed,Scenario,Category,Geographic category defined by drainage boundaries.,categorical,"Use versioned catchment IDs and upstream-downstream connectivity, with explicit property and treatment crosswalks.",Supports hydrologic spillovers and watershed benefit calculations.,Category or notation; no independent measurement,Explicit allowed category list; missing or unmapped categories remain unresolved,"Category label, not a numeric observation or an extra downloadable dataset.","Category, unit or time-index entry; no separate dynamic equation. Supports hydrologic spillovers and watershed benefit calculations.",No standalone equation captured; see stock balance where applicable,Not a stock definition,,,346,No direct guide input identified,Geographic_Scale [category option],Explicit guide relationship or category link; not verified in an executable model,Guide/source-assessment interpretation; derivation and repairs are documented proposals unless a retained transformation is identified,M01 S05 S01 S11,"M01: Ali shared system-dynamics guide and mind map; S05: Harris Central Appraisal District account and parcel downloads; S01: Census American Community Survey, detailed tables; S11: Texas Water Development Board flood planning datasets",,"Required records: Scenario ID, exact setting name, category or numeric value, units, effective dates, trigger rule, geographic scope and reproducible run settings.","Scenario ID, exact setting name, category or numeric value, units, effective dates, trigger rule, geographic scope and reproducible run settings.",No exact usable input file certified; see source assessment,No exact model transformation certified,,,,,M01: Both original files inspected; 215-entry dictionary reconciled against full guide. | S05: Official pages checked; 2024 raw archives already retained. | S01: Official metadata read. Many 2024 tables and a harmonized historical panel already retained; additional tables require retrieval. | S11: Official download and floodplain documentation pages read; candidate additional GIS.,"M01: Generic model requiring Harris County localization | S05: Parcel/account and taxing jurisdiction | S01: County, tract; some block-group tables | S11: Statewide; extract Harris County/watersheds","M01: DOCX guide; mind map dated October 15, 2024 | S05: 2024 retained; inspect annual historical availability | S01: Annual 5-year releases; target 2010–2024 | S11: Dataset-specific; 2021 floodplain compilation and planning updates",,Additional guide/configuration entry,2026-09-10,2026-09-15
Wildfire,Scenario,Category,Optional hazard category representing the defined wildfire mechanism.,categorical,Specify hazard probability or intensity and exposure using compatible spatial and temporal units before inclusion.,Adds an optional hazard to Hazard_Type.,Category or notation; no independent measurement,Explicit allowed category list; missing or unmapped categories remain unresolved,"Category label, not a numeric observation or an extra downloadable dataset.","Category, unit or time-index entry; no separate dynamic equation. Adds an optional hazard to Hazard_Type.",No standalone equation captured; see stock balance where applicable,Not a stock definition,,,351,No direct guide input identified,Hazard_Type [category option],Explicit guide relationship or category link; not verified in an executable model,Guide/source-assessment interpretation; derivation and repairs are documented proposals unless a retained transformation is identified,M01 S09 S14,M01: Ali shared system-dynamics guide and mind map; S09: HCFCD flood reports and Harris County Flood Warning System; S14: US Forest Service Wildfire Risk to Communities,,"Required records: Scenario ID, exact setting name, category or numeric value, units, effective dates, trigger rule, geographic scope and reproducible run settings.","Scenario ID, exact setting name, category or numeric value, units, effective dates, trigger rule, geographic scope and reproducible run settings.",No exact usable input file certified; see source assessment,No exact model transformation certified,,,,,M01: Both original files inspected; 215-entry dictionary reconciled against full guide. | S09: Official report and gauge pages read; targeted raw series remain to acquire. | S14: Official project methods/download pages read; optional source only.,"M01: Generic model requiring Harris County localization | S09: Watershed, gauge and event footprint | S14: National raster and community summaries","M01: DOCX guide; mind map dated October 15, 2024 | S09: Event reports and gauge-specific records | S14: Release-specific",,Additional guide/configuration entry,2026-09-10,2026-09-15
Year,Scenario,Time index,Time index used to select calendar-based observations or projection values.,calendar year,Map model time to a calendar year and use a consistent interpolation rule between observations.,Aligns Sea_Level_Rise and other time-varying lookup inputs.,Category or notation; no independent measurement,Consistent calendar year or elapsed-time coordinate,The guide uses relative time elsewhere; map relative and calendar years explicitly.,"Category, unit or time-index entry; no separate dynamic equation. Aligns Sea_Level_Rise and other time-varying lookup inputs.",No standalone equation captured; see stock balance where applicable,Not a stock definition,,,358,No direct guide input identified,Sea_Level_Rise [guide equation reference],Explicit guide relationship or category link; not verified in an executable model,Guide/source-assessment interpretation; derivation and repairs are documented proposals unless a retained transformation is identified,M01,M01: Ali shared system-dynamics guide and mind map,,"Required records: Scenario ID, exact setting name, category or numeric value, units, effective dates, trigger rule, geographic scope and reproducible run settings.","Scenario ID, exact setting name, category or numeric value, units, effective dates, trigger rule, geographic scope and reproducible run settings.",No exact usable input file certified; see source assessment,No exact model transformation certified,,,,,M01: Both original files inspected; 215-entry dictionary reconciled against full guide.,M01: Generic model requiring Harris County localization,"M01: DOCX guide; mind map dated October 15, 2024",,Additional guide/configuration entry,2026-09-10,2026-09-15
